afrol	B-ORGANIZATION
News	I-ORGANIZATION
,	O
5	B-DATE
February	I-DATE
-	O
Central	B-AFFILIATION
African	I-AFFILIATION
President	O
FranÃ§ois	B-GIVEN_NAME
BozizÃ©	B-FAMILY_NAME
officially	O
has	O
been	O
re	O
-	O
elected	O
with	O
66	O
percent	O
of	O
the	O
vote	O
.	O

But	O
the	O
opposition	O
candidates	O
are	O
now	O
joining	O
forces	O
to	O
file	O
a	O
complaint	O
over	O
election	O
fraud	O
.	O

The	O
electoral	O
commission	O
of	O
the	O
Central	B-LOCATION|B-AFFILIATION
African	I-LOCATION|I-AFFILIATION
Republic	I-LOCATION
already	O
on	O
Wednesday	B-DATE
announced	O
that	O
incumbent	O
President	O
BozizÃ©	B-GIVEN_NAME
had	O
won	O
the	O
presidential	O
elections	O
outright	O
in	O
23	B-DATE
January	I-DATE
first	O
round	O
.	O

Mr	O
BozizÃ©	B-GIVEN_NAME
had	O
gained	O
66.06	O
percent	O
,	O
or	O
a	O
total	O
of	O
607,184	O
votes	O
in	O
the	O
poll	O
,	O
it	O
was	O
officially	O
stated	O
.	O

Despite	O
a	O
very	O
poor	O
voter	O
turnout	O
-	O
only	O
at	O
54	O
percent	O
-	O
President	O
BozizÃ©	B-GIVEN_NAME
therefore	O
would	O
not	O
have	O
to	O
face	O
a	O
candidate	O
in	O
a	O
run	O
-	O
off	O
election	O
,	O
it	O
was	O
concluded	O
.	O

The	O
opposition	O
had	O
polled	O
poorly	O
at	O
the	O
presidential	O
election	O
.	O

Ex	O
-	O
President	O
Ange	B-GIVEN_NAME
-	B-FAMILY_NAME
FÃ©lix	I-FAMILY_NAME
PatassÃ©	I-FAMILY_NAME
,	O
who	O
was	O
toppled	O
by	O
general	O
BozizÃ©	B-GIVEN_NAME
in	O
a	O
2003	B-DATE
coup	O
,	O
had	O
only	O
achieved	O
20.10	O
percent	O
of	O
the	O
votes	O
,	O
according	O
to	O
the	O
electoral	O
commission	O
.	O

Mr	O
PatassÃ©'s	B-GIVEN_NAME
former	O
Prime	O
Minister	O
Martin	B-GIVEN_NAME
ZiguÃ©lÃ©	B-FAMILY_NAME
came	O
third	O
,	O
with	O
a	O
modest	O
6.46	O
percent	O
of	O
the	O
vote	O
.	O

Soon	O
after	O
the	O
announcement	O
,	O
ex	O
-	O
President	O
PatassÃ©	B-GIVEN_NAME
told	O
the	O
press	O
that	O
he	O
believed	O
the	O
results	O
to	O
be	O
manipulated	O
by	O
the	O
electoral	O
commission	O
,	O
which	O
,	O
according	O
to	O
him	O
,	O
always	O
was	O
favouring	O
President	O
BozizÃ©	B-GIVEN_NAME
.	O

The	O
result	O
,	O
the	O
ex	O
-	O
President	O
claimed	O
,	O
were	O
suspiciously	O
close	O
to	O
the	O
2005	B-DATE
presidential	O
elections	O
,	O
in	O
which	O
General	O
BozizÃ©	B-GIVEN_NAME
had	O
legitimised	O
his	O
military	O
coup	O
by	O
being	O
elected	O
in	O
a	O
poll	O
generally	O
described	O
as	O
imperfect	O
.	O

With	O
the	O
Central	B-AFFILIATION
African	I-AFFILIATION
opposition	O
hopelessly	O
split	O
before	O
the	O
elections	O
,	O
the	O
"	O
suspicious	O
"	O
re	O
-	O
election	O
of	O
President	O
BozizÃ©	B-GIVEN_NAME
has	O
served	O
to	O
unite	O
it	O
.	O

Ex	O
-	O
Prime	O
Minister	O
ZiguÃ©lÃ©	B-GIVEN_NAME
yesterday	O
announced	O
he	O
had	O
"	O
reached	O
reconciliation	O
"	O
with	O
Mr	O
PatassÃ©	B-GIVEN_NAME
and	O
that	O
the	O
two	O
opposition	O
leaders	O
would	O
unite	O
to	O
fight	O
the	O
official	O
election	O
result	O
.	O

The	O
two	O
men	O
now	O
plan	O
to	O
file	O
an	O
official	O
complaint	O
with	O
the	O
Constitutional	B-ORGANIZATION
Court	I-ORGANIZATION
in	I-ORGANIZATION
Bangui	I-ORGANIZATION|B-LOCATION
,	O
hoping	O
to	O
document	O
that	O
the	O
poll	O
results	O
were	O
manipulated	O
by	O
the	O
electoral	O
commission	O
.	O

The	O
Court	O
within	O
two	O
weeks	O
must	O
state	O
whether	O
it	O
confirms	O
or	O
declines	O
the	O
results	O
presented	O
by	O
the	O
electoral	O
commission	O
.	O

The	O
Central	B-AFFILIATION
African	I-AFFILIATION
government	O
has	O
reacted	O
sourly	O
to	O
the	O
complaints	O
filed	O
by	O
the	O
two	O
opposition	O
leaders	O
,	O
calling	O
them	O
"	O
bad	O
losers	O
"	O
and	O
holding	O
they	O
were	O
promoting	O
"	O
selfish	O
interests	O
"	O
instead	O
of	O
the	O
interests	O
of	O
the	O
nation	O
.	O

Observers	O
give	O
the	O
complaint	O
little	O
chances	O
.	O

There	O
were	O
few	O
observers	O
out	O
to	O
document	O
possible	O
fraud	O
during	O
the	O
electoral	O
process	O
,	O
and	O
there	O
have	O
so	O
far	O
been	O
very	O
few	O
credible	O
reports	O
of	O
serious	O
irregularities	O
,	O
despite	O
most	O
people	O
believing	O
they	O
have	O
happened	O
.	O

The	O
opposition	O
's	O
poor	O
election	O
results	O
indeed	O
could	O
be	O
a	O
reflection	O
of	O
the	O
popular	O
will	O
.	O

While	O
President	O
BozizÃ©	B-GIVEN_NAME
is	O
neither	O
popular	O
nor	O
able	O
to	O
bring	O
the	O
nation	O
forward	O
,	O
the	O
alternative	O
could	O
have	O
appeared	O
even	O
worse	O
for	O
Central	B-AFFILIATION
African	I-AFFILIATION
voters	O
.	O

Under	O
the	O
relatively	O
democratic	O
rule	O
of	O
President	O
PatassÃ©	B-GIVEN_NAME
and	O
PM	O
ZiguÃ©lÃ©	B-GIVEN_NAME
,	O
economic	O
stability	O
and	O
the	O
security	O
situation	O
was	O
even	O
worse	O
than	O
under	O
the	O
current	O
authoritarian	O
leader	O
.	O

Most	O
Central	B-AFFILIATION
Africans	I-AFFILIATION
will	O
remember	O
the	O
PatassÃ©	B-GIVEN_NAME
era	O
as	O
times	O
of	O
warfare	O
,	O
strikes	O
and	O
chaos	O
,	O
which	O
inevitably	O
led	O
to	O
a	O
military	O
coup	O
.	O

