Senegal	B-LOCATION
's	O
Sadio	B-GIVEN_NAME
Mane	B-FAMILY_NAME
was	O
crowned	O
the	O
African	B-AFFILIATION
Footballer	O
of	O
the	O
Year	O
for	O
the	O
second	O
time	O
running	O
at	O
a	O
Confederation	B-ORGANIZATION
of	I-ORGANIZATION
African	I-ORGANIZATION
Football	I-ORGANIZATION
(	O
CAF	B-ORGANIZATION
)	O
awards	O
ceremony	O
in	O
the	O
Moroccan	B-AFFILIATION
capital	O
Rabat	B-LOCATION
.	O

Mane	B-GIVEN_NAME
scored	O
the	O
winning	O
penalty	O
as	O
Senegal	B-LOCATION
beat	O
Egypt	B-LOCATION
in	O
a	O
shootout	O
in	O
this	O
year	O
's	O
Africa	B-LOCATION|B-LOCATION
Cup	B-MISC
of	I-MISC
Nations	I-MISC
final	O
to	O
lift	O
the	O
trophy	O
for	O
the	O
first	O
time	O
.	O

Mane	B-GIVEN_NAME
beat	O
compatriot	O
and	O
Chelsea	B-ORGANIZATION
goalkeeper	O
Edouard	B-GIVEN_NAME
Mendy	B-FAMILY_NAME
as	O
well	O
as	O
former	O
Liverpool	B-ORGANIZATION
team	O
-	O
mate	O
Salah	B-GIVEN_NAME
,	O
whose	O
Egypt	B-LOCATION
side	O
lost	O
February	B-DATE
's	O
final	O
.	O

Mane	B-GIVEN_NAME
's	O
prize	O
was	O
one	O
of	O
five	O
picked	O
up	O
by	O
Senegal	B-GIVEN_NAME
in	O
a	O
total	O
of	O
seven	O
men	O
's	O
categories	O
in	O
a	O
night	O
to	O
remember	O
for	O
the	O
West	B-AFFILIATION
African	I-AFFILIATION
nation	O
.	O

Nigeria	B-LOCATION
and	O
Barcelona	B-LOCATION
forward	O
Asisat	B-GIVEN_NAME
Oshoala	B-FAMILY_NAME
retained	O
the	O
African	B-AFFILIATION
women	O
's	O
Footballer	O
of	O
the	O
Year	O
title	O
.	O

The	O
27	O
-	O
year	O
-	O
old	O
picked	O
up	O
the	O
award	O
ahead	O
of	O
Ajara	B-GIVEN_NAME
Nchout	B-FAMILY_NAME
Njoya	I-FAMILY_NAME
(	O
Cameroon	B-LOCATION
and	O
Inter	B-ORGANIZATION
Milan	I-ORGANIZATION
)	O
and	O
Zambia	B-LOCATION
international	O
Grace	B-GIVEN_NAME
Chanda	B-FAMILY_NAME
(	O
Zambia	B-LOCATION
and	O
BIIK	B-ORGANIZATION
Kazygurt	I-ORGANIZATION
)	O
.	O

With	O
this	O
,	O
she	O
becomes	O
the	O
first	O
African	B-AFFILIATION
to	O
win	O
this	O
prestigious	O
title	O
for	O
a	O
record	O
five	O
times	O
,	O
overtaking	O
Perpetua	B-GIVEN_NAME
Nkwocha	B-FAMILY_NAME
who	O
claimed	O
the	O
accolade	O
on	O
four	O
occasions	O
.	O

South	B-LOCATION
Africa	I-LOCATION
's	O
national	O
women	O
's	O
head	O
coach	O
Desiree	B-GIVEN_NAME
Ellis	B-FAMILY_NAME
,	O
who	O
led	O
Banyana	B-ORGANIZATION
Banyana	I-ORGANIZATION
into	O
Saturday	B-DATE
's	O
final	O
of	O
the	O
2022	B-DATE
TotalEnergies	B-BRANDS|B-ORGANIZATION
Women	B-MISC
's	I-MISC
Africa	I-MISC|B-LOCATION
Cup	I-MISC
of	I-MISC
Nations	I-MISC
against	O
hosts	O
Morocco	B-LOCATION
,	O
was	O
named	O
Africa	B-LOCATION
's	O
Coach	O
of	O
the	O
Year	O
in	O
the	O
women	O
's	O
football	O
category	O
.	O

A	O
host	O
of	O
African	B-AFFILIATION
football	O
legends	O
such	O
as	O
Daniel	B-GIVEN_NAME
Amokachi	B-FAMILY_NAME
,	O
Lucas	B-GIVEN_NAME
Radebe	B-FAMILY_NAME
,	O
Austin	B-GIVEN_NAME
Jay	B-FAMILY_NAME
-	I-FAMILY_NAME
Jay	I-FAMILY_NAME
Okocha	I-FAMILY_NAME
,	O
Geremi	B-GIVEN_NAME
Njitap	B-FAMILY_NAME
and	O
Senegalese	B-AFFILIATION
duo	O
El	B-GIVEN_NAME
Hadji	B-FAMILY_NAME
Diouf	I-FAMILY_NAME
and	O
Khalilou	B-GIVEN_NAME
Fadiga	B-FAMILY_NAME
-	O
who	O
celebrated	O
on	O
stage	O
with	O
Mane	B-GIVEN_NAME
-	O
were	O
in	O
attendance	O
for	O
the	O
awards	O
at	O
the	O
Mohamed	B-LOCATION|B-GIVEN_NAME
VI	I-LOCATION
complex	I-LOCATION
.	O

