afrol	B-ORGANIZATION
News	I-ORGANIZATION
,	O
26	B-DATE
March	I-DATE
-	O

The	O
UN	B-ORGANIZATION
's	O
humanitarian	O
agencies	O
now	O
warn	O
about	O
a	O
devastating	O
famine	O
in	O
Sudan	B-LOCATION
and	O
especially	O
in	O
South	B-LOCATION
Sudan	I-LOCATION
,	O
where	O
the	O
situation	O
is	O
said	O
to	O
be	O
"	O
imploding	O
"	O
.	O

Relief	O
officials	O
are	O
appealing	O
to	O
donors	O
to	O
urgently	O
fund	O
life	O
-	O
saving	O
activities	O
in	O
the	O
two	O
countries	O
.	O

John	B-GIVEN_NAME
Ging	B-FAMILY_NAME
,	O
Operations	O
Director	O
of	O
the	O
UN	B-ORGANIZATION
Office	I-ORGANIZATION
for	I-ORGANIZATION
the	I-ORGANIZATION
Coordination	I-ORGANIZATION
of	I-ORGANIZATION
Humanitarian	I-ORGANIZATION
Affairs	I-ORGANIZATION
(	O
OCHA	B-ORGANIZATION
)	O
,	O
today	O
cited	O
an	O
urgent	O
need	O
to	O
mobilise	O
funding	O
for	O
the	O
crisis	O
in	O
Sudan	B-LOCATION
,	O
where	O
some	O
6.1	O
million	O
people	O
currently	O
need	O
assistance	O
.	O

This	O
represents	O
a	O
40	O
percent	O
increase	O
over	O
this	O
time	O
last	O
year	O
.	O

Malnutrition	O
and	O
food	O
insecurity	O
were	O
said	O
to	O
be	O
escalating	O
at	O
an	O
"	O
alarming	O
"	O
rate	O
,	O
with	O
some	O
500,000	O
children	O
affected	O
,	O
Mr	O
Ging	B-GIVEN_NAME
told	O
a	O
news	O
conference	O
in	O
New	B-LOCATION
York	I-LOCATION
.	O

The	O
situation	O
was	O
particularly	O
dire	O
in	O
Darfur	B-LOCATION
,	O
where	O
renewed	O
violence	O
was	O
displacing	O
larger	O
and	O
larger	O
numbers	O
of	O
civilians	O
.	O

Almost	O
400,000	O
persons	O
were	O
displaced	O
only	O
in	O
2013	B-DATE
,	O
and	O
almost	O
200,000	O
more	O
so	O
far	O
this	O
year	O
,	O
according	O
to	O
the	O
UN	B-ORGANIZATION
.	O

"	O
This	O
dire	O
humanitarian	O
situation	O
is	O
compounded	O
by	O
the	O
fact	O
that	O
,	O
with	O
so	O
many	O
crises	O
around	O
the	O
world	O
currently	O
,	O
Darfur	B-LOCATION
not	O
getting	O
the	O
attention	O
or	O
global	O
funding	O
that	O
it	O
deserves	O
,	O
"	O
stated	O
Mr	O
Ging	B-GIVEN_NAME
,	O
who	O
recently	O
visited	O
both	O
Sudan	B-LOCATION
and	O
South	B-LOCATION
Sudan	I-LOCATION
on	O
a	O
mission	O
with	O
other	O
humanitarian	O
colleagues	O
.	O

He	O
added	O
that	O
the	O
situation	O
in	O
Sudan	B-LOCATION
required	O
an	O
end	O
to	O
conflict	O
and	O
"	O
a	O
more	O
generous	O
response	O
"	O
from	O
the	O
international	O
community	O
.	O

So	O
far	O
this	O
year	O
,	O
the	O
UN	B-ORGANIZATION
and	O
partners	O
have	O
only	O
received	O
3	O
percent	O
of	O
the	O
US	B-MONEY|B-LOCATION
$	I-MONEY
995	I-MONEY
million	I-MONEY
requested	O
for	O
humanitarian	O
activities	O
in	O
Sudan	B-LOCATION
,	O
an	O
oil	O
producing	O
country	O
with	O
severed	O
links	O
to	O
the	O
West	O
.	O

Mr	O
Ging	B-GIVEN_NAME
described	O
as	O
"	O
very	O
tragic	O
"	O
what	O
has	O
happened	O
in	O
neighbouring	O
South	B-LOCATION
Sudan	I-LOCATION
,	O
where	O
fighting	O
between	O
government	O
and	O
opposition	O
forces	O
that	O
began	O
in	O
mid	O
-	O
December	B-DATE
has	O
left	O
nearly	O
5	O
million	O
people	O
in	O
need	O
of	O
humanitarian	O
assistance	O
,	O
including	O
3.7	O
million	O
at	O
high	O
risk	O
of	O
food	O
insecurity	O
.	O

"	O
You	O
have	O
the	O
newest	O
country	O
in	O
the	O
world	O
now	O
imploding	O
,	O
"	O
the	O
UN	B-ORGANIZATION
director	O
stated	O
,	O
noting	O
that	O
the	O
conflict	O
was	O
setting	O
back	O
the	O
very	O
fragile	O
development	O
that	O
was	O
occurring	O
since	O
the	O
country	O
gained	O
independence	O
from	O
Sudan	B-LOCATION
in	O
July	B-DATE
2011	I-DATE
.	O

Amid	O
the	O
"	O
senseless	O
brutality	O
"	O
,	O
some	O
700,000	O
people	O
have	O
been	O
displaced	O
internally	O
,	O
including	O
67,000	O
who	O
are	O
sheltering	O
at	O
UN	B-ORGANIZATION
bases	O
around	O
the	O
country	O
,	O
while	O
almost	O
a	O
quarter	O
of	O
a	O
million	O
people	O
have	O
sought	O
refuge	O
in	O
neighbouring	O
countries	O
.	O

One	O
of	O
the	O
major	O
challenges	O
in	O
South	B-LOCATION
Sudan	I-LOCATION
,	O
Mr	O
Ging	B-GIVEN_NAME
said	O
,	O
was	O
the	O
lack	O
of	O
respect	O
on	O
the	O
ground	O
for	O
humanitarian	O
staff	O
,	O
convoys	O
,	O
facilities	O
and	O
supplies	O
,	O
and	O
this	O
included	O
delays	O
and	O
checkpoints	O
for	O
convoys	O
.	O

"	O
You	O
have	O
an	O
urgent	O
situation	O
on	O
the	O
ground	O
in	O
South	B-LOCATION
Sudan	I-LOCATION
,	O
and	O
we	O
need	O
the	O
freedom	O
to	O
do	O
the	O
job	O
that	O
we	O
must	O
do	O
,	O
and	O
can	O
do	O
,	O
if	O
we	O
are	O
allowed	O
to	O
do	O
it	O
,	O
"	O
he	O
stated	O
.	O

Another	O
major	O
challenge	O
was	O
funding	O
,	O
particularly	O
as	O
the	O
onset	O
of	O
the	O
rainy	O
season	O
draws	O
near	O
.	O

"	O
We	O
are	O
in	O
a	O
race	O
against	O
time	O
with	O
the	O
rainy	O
season	O
fast	O
approaching	O
that	O
we	O
have	O
to	O
pre	O
-	O
position	O
stocks	O
.	O
We	O
really	O
do	O
appeal	O
to	O
our	O
donor	O
community	O
to	O
give	O
us	O
the	O
funding	O
that	O
we	O
need	O
to	O
do	O
the	O
things	O
that	O
we	O
most	O
urgently	O
need	O
to	O
do	O
,	O
in	O
the	O
quickest	O
way	O
possible	O
.	O
"	O

"	O
Hope	O
for	O
South	B-LOCATION
Sudan	I-LOCATION
fading	O
away	O

Yasmin	B-GIVEN_NAME
Haque	B-FAMILY_NAME
from	O
the	O
UN	B-ORGANIZATION
Children	I-ORGANIZATION
's	I-ORGANIZATION
Fund	I-ORGANIZATION
(	O
UNICEF	B-ORGANIZATION
)	O
,	O
who	O
until	O
recently	O
served	O
as	O
country	O
representative	O
in	O
South	B-LOCATION
Sudan	I-LOCATION
,	O
today	O
said	O
the	O
events	O
in	O
that	O
country	O
were	O
"	O
tragic	O
"	O
.	O

She	O
noted	O
that	O
the	O
conflict	O
has	O
"	O
severely	O
disrupted	O
the	O
hope	O
"	O
that	O
the	O
children	O
of	O
SouthSudan	B-LOCATION
had	O
in	O
their	O
country	O
.	O

It	O
was	O
now	O
"	O
really	O
urgent	O
"	O
to	O
have	O
funding	O
and	O
services	O
in	O
place	O
to	O
meet	O
their	O
needs	O
,	O
Ms	O
Haque	B-GIVEN_NAME
underlined	O
.	O
The	O
conflict	O
had	O
also	O
meant	O
that	O
children	O
were	O
facing	O
grave	O
violations	O
,	O
whether	O
their	O
schools	O
were	O
being	O
occupied	O
,	O
health	O
centres	O
were	O
being	O
destroyed	O
or	O
children	O
themselves	O
were	O
being	O
recruited	O
by	O
the	O
armed	O
groups	O
.	O

Amid	O
the	O
worsening	O
crisis	O
in	O
South	B-LOCATION
Sudan	I-LOCATION
,	O
the	O
UN	B-ORGANIZATION
High	I-ORGANIZATION
Commissioner	I-ORGANIZATION
for	I-ORGANIZATION
Refugees	I-ORGANIZATION
(	O
UNHCR	B-ORGANIZATION
)	O
and	O
the	O
World	B-ORGANIZATION
Food	I-ORGANIZATION
Programme	I-ORGANIZATION
(	O
WFP	B-ORGANIZATION
)	O
this	O
week	O
appealed	O
for	O
US	B-MONEY|B-LOCATION
$	I-MONEY
371	I-MONEY
million	I-MONEY
in	O
"	O
urgently	O
needed	O
support	O
"	O
for	O
the	O
thousands	O
of	O
South	B-AFFILIATION
Sudanese	I-AFFILIATION
refugees	O
arriving	O
in	O
neighbouring	O
countries	O
.	O

Since	O
fighting	O
erupted	O
in	O
mid	O
-	O
December	B-DATE
,	O
204,000	O
people	O
have	O
fled	O
to	O
Sudan	B-LOCATION
,	O
Uganda	B-LOCATION
,	O
Ethiopia	B-LOCATION
and	O
Kenya	B-LOCATION
,	O
according	O
to	O
UNHCR	B-ORGANIZATION
.	O
With	O
continuing	O
insecurity	O
and	O
growing	O
food	O
shortages	O
inside	O
South	B-LOCATION
Sudan	I-LOCATION
,	O
the	O
agency	O
expects	O
the	O
number	O
of	O
South	B-AFFILIATION
Sudanese	I-AFFILIATION
refugees	O
across	O
the	O
region	O
to	O
reach	O
340,000	O
by	O
the	O
end	O
of	O
the	O
year	O
.	O

UNHCR	B-ORGANIZATION
spokesman	O
Adrian	B-GIVEN_NAME
Edwards	B-FAMILY_NAME
told	O
reporters	O
in	O
Geneva	B-LOCATION
that	O
South	B-AFFILIATION
Sudanese	I-AFFILIATION
have	O
recently	O
been	O
fleeing	O
into	O
neighbouring	O
countries	O
at	O
a	O
rate	O
of	O
nearly	O
2,000	O
per	O
day	O
,	O
with	O
most	O
heading	O
to	O
Ethiopia	B-LOCATION
and	O
Uganda	B-LOCATION
.	O
Many	O
of	O
the	O
refugees	O
had	O
been	O
arriving	O
exhausted	O
,	O
nutritionally	O
weak	O
and	O
in	O
poor	O
health	O
,	O
having	O
coming	O
from	O
areas	O
of	O
South	B-LOCATION
Sudan	I-LOCATION
experiencing	O
severe	O
food	O
shortages	O
.	O

The	O
majority	O
were	O
women	O
,	O
children	O
and	O
older	O
people	O
.	O
With	O
some	O
700,000	O
people	O
displaced	O
inside	O
South	B-LOCATION
Sudan	I-LOCATION
and	O
3.7	O
million	O
at	O
high	O
risk	O
of	O
food	O
insecurity	O
,	O
the	O
potential	O
for	O
further	O
cross	O
-	O
border	O
movement	O
was	O
said	O
to	O
be	O
high	O
.	O

