When	O
Mr.	O
Benoni	B-GIVEN_NAME
W.	B-FAMILY_NAME
Urey	I-FAMILY_NAME
took	O
the	O
hands	O
of	O
Madam	O
Mai	B-GIVEN_NAME
Bright	B-FAMILY_NAME
,	O
to	O
be	O
his	O
lovely	O
wife	O
until	O
death	O
does	O
them	O
apart	O
,	O
little	O
did	O
he	O
know	O
that	O
one	B-DURATION
day	I-DURATION
,	O
the	O
honeymoon	O
could	O
lead	O
to	O
a	O
rough	O
road	O
saddled	O
with	O
a	O
grave	O
hangover	O
.	O

In	O
May	B-DATE
1986	I-DATE
,	O
the	O
social	O
journey	O
commenced	O
.	O

So	O
,	O
with	O
over	O
thirty	O
-	O
six	B-DURATION
years	I-DURATION
of	O
marriage	O
,	O
it	O
seems	O
the	O
honeymoon	O
has	O
come	O
to	O
the	O
end	O
of	O
the	O
rainbow	O
with	O
Mrs.	O
Mai	B-GIVEN_NAME
Urey	B-FAMILY_NAME
,	O
wife	O
of	O
Mr.	O
Benoni	B-GIVEN_NAME
W.	B-FAMILY_NAME
Urey	I-FAMILY_NAME
saying	O
she	O
no	O
longer	O
wants	O
him	O
as	O
her	O
husband	O
.	O

Mr.	O
Urey	B-GIVEN_NAME
is	O
the	O
political	O
leader	O
of	O
the	O
All	B-ORGANIZATION
Liberian	I-ORGANIZATION
Party	I-ORGANIZATION
(	O
ALP	B-ORGANIZATION
)	O
.	O

Mrs.	O
Urey	B-GIVEN_NAME
,	O
the	O
well	O
smart	O
and	O
educated	O
lady	O
,	O
took	O
the	O
bold	O
step	O
last	O
week	O
when	O
she	O
went	O
to	O
the	O
civil	O
law	O
court	O
to	O
make	O
it	O
legitimate	O
.	O

The	O
legal	O
team	O
of	O
the	O
action	O
taken	O
by	O
the	O
soon	O
-	O
to	O
-	O
be	O
former	O
wife	O
of	O
Mr.	O
Urey	B-GIVEN_NAME
is	O
called	O
"	O
Incompatibility	O
"	O
.	O

According	O
to	O
her	O
,	O
they	O
were	O
no	O
longer	O
compatible	O
.	O

The	O
news	O
of	O
about	O
the	O
divorce	O
case	O
has	O
been	O
circulating	O
as	O
top	O
gossip	O
over	O
the	O
past	O
years	O
.	O

At	O
that	O
time	O
of	O
their	O
marriage	O
,	O
Mr.	O
Urey	B-GIVEN_NAME
was	O
handsome	O
and	O
looked	O
promising	O
.	O

So	O
,	O
too	O
,	O
was	O
Madam	O
Mai	B-GIVEN_NAME
Bright	B-FAMILY_NAME
Urey	I-FAMILY_NAME
's	O
elegant	O
and	O
smart	O
-	O
looking	O
appearance	O
was	O
catchy	O
and	O
perhaps	O
served	O
as	O
a	O
social	O
magnet	O
to	O
bring	O
boy	O
Wilfred	B-GIVEN_NAME
closer	O
.	O

But	O
all	O
of	O
these	O
have	O
become	O
history	O
.	O

Sources	O
close	O
to	O
the	O
family	O
said	O
one	O
of	O
the	O
reasons	O
for	O
such	O
action	O
to	O
quit	O
the	O
relationship	O
has	O
to	O
do	O
with	O
Mr.	O
Urey	B-GIVEN_NAME
's	O
temper	O
.	O

Also	O
of	O
late	O
,	O
Mr.	O
Urey	B-GIVEN_NAME
's	O
decision	O
to	O
take	O
Mr.	O
Alexander	B-GIVEN_NAME
Cummings	B-FAMILY_NAME
,	O
political	O
leader	O
of	O
the	O
Alternative	B-ORGANIZATION
National	I-ORGANIZATION
Congress	I-ORGANIZATION
ANC	B-ORGANIZATION
to	O
court	O
,	O
could	O
be	O
one	O
reason	O
too	O
.	O

Another	O
source	O
said	O
Mr.	O
Urey	B-GIVEN_NAME
was	O
unhappy	O
to	O
see	O
Mr.	O
Cummings	B-GIVEN_NAME
visit	O
his	O
house	O
.	O

Both	O
news	O
has	O
not	O
been	O
confirmed	O
as	O
the	O
search	O
for	O
the	O
real	O
fact	O
is	O
ongoing	O
.	O

But	O
what	O
remains	O
unclear	O
is	O
whether	O
such	O
action	O
will	O
be	O
honored	O
by	O
the	O
Catholic	B-ORGANIZATION|B-AFFILIATION
Church	I-ORGANIZATION
,	O
of	O
which	O
Mrs.	O
Urey	B-GIVEN_NAME
is	O
a	O
staunch	O
member	O
.	O

"	O
I	O
think	O
in	O
some	O
circumstances	O
,	O
the	O
Church	O
may	O
grant	O
a	O
divorce	O
,	O
"	O
one	O
staunch	O
member	O
of	O
St	B-ORGANIZATION|B-GIVEN_NAME
.	I-ORGANIZATION|B-FAMILY_NAME
KIZITO	I-ORGANIZATION|I-FAMILY_NAME
Catholic	I-ORGANIZATION|B-AFFILIATION
Church	I-ORGANIZATION
,	O
where	O
Mrs.	O
Urey	B-GIVEN_NAME
is	O
a	O
member	O
told	O
this	O
paper	O
.	O

When	O
this	O
paper	O
contacted	O
Mr.	O
Urey	B-GIVEN_NAME
for	O
comment	O
prior	O
to	O
the	O
publication	O
of	O
the	O
hard	O
copy	O
of	O
this	O
paper	O
,	O
he	O
did	O
not	O
comment	O
immediately	O
,	O
but	O
later	O
,	O
he	O
wrote	O
these	O
responses	O
:	O
"	O
When	O
has	O
divorce	O
become	O
news	O
?	O

Please	O
cover	O
all	O
in	O
the	O
courts	O
.	O
"	O

Then	O
this	O
paper	O
responded	O
:	O
"	O
Ok	O
"	O
.	O

He	O
replied	O
:	O
"	O
Apparently	O
you	O
are	O
not	O
understanding	O
me	O
.	O

I	O
mean	O
I	O
wish	O
you	O
cover	O
every	O
divorce	O
in	O
the	O
court	O
since	O
you	O
are	O
making	O
one	O
an	O
issue	O
.	O

Why	O
are	O
you	O
sending	O
me	O
a	O
copy	O
of	O
your	O
paper	O
as	O
it	O
's	O
no	O
news	O
to	O
me	O
,	O
instead	O
send	O
it	O
to	O
whoever	O
put	O
you	O
up	O
to	O
it	O
,	O
or	O
who	O
you	O
are	O
pleasing	O
.	O
"	O

