afrol	B-ORGANIZATION
News	I-ORGANIZATION
,	O
20	B-DATE
June	I-DATE
-	O
Despite	O
massive	O
pressure	O
to	O
stop	O
the	O
prosecution	O
of	O
Kenya	B-LOCATION
's	O
recently	O
elected	O
President	O
,	O
Uhuru	B-GIVEN_NAME
Kenyatta	B-FAMILY_NAME
,	O
the	O
International	B-ORGANIZATION
Criminal	I-ORGANIZATION
Court	I-ORGANIZATION
(	O
ICC	B-ORGANIZATION
)	O
today	O
set	O
a	O
new	O
date	O
for	O
the	O
trial	O
against	O
the	O
state	O
leader	O
.	O

Mr	O
Kenyatta	B-GIVEN_NAME
is	O
accused	O
of	O
crimes	O
against	O
humanity	O
.	O

Today	O
,	O
the	O
ICC	B-ORGANIZATION
set	O
the	O
new	O
date	O
of	O
for	O
the	O
start	O
-	O
up	O
of	O
the	O
trial	O
of	O
President	O
Kenyatta	B-GIVEN_NAME
.	O

The	O
trial	O
is	O
now	O
scheduled	O
to	O
commence	O
on	O
12	B-DATE
November	I-DATE
this	O
year	O
.	O

Originally	O
,	O
the	O
international	O
court	O
had	O
planned	O
to	O
start	O
the	O
criminal	O
proceedings	O
against	O
the	O
Kenyan	B-AFFILIATION
President	O
already	O
in	O
three	O
weeks	O
,	O
on	O
9	B-DATE
July	I-DATE
.	O

But	O
the	O
defence	O
lawyers	O
of	O
Mr	O
Kenyatta	B-GIVEN_NAME
had	O
requested	O
more	O
time	O
to	O
prepare	O
the	O
trial	O
and	O
search	O
for	O
evidence	O
.	O

Mr	O
Kenyatta	B-GIVEN_NAME
is	O
charged	O
with	O
five	O
counts	O
of	O
crimes	O
against	O
humanity	O
,	O
"	O
consisting	O
of	O
murder	O
,	O
deportation	O
or	O
forcible	O
transfer	O
,	O
rape	O
,	O
persecution	O
and	O
other	O
inhumane	O
acts	O
allegedly	O
committed	O
during	O
the	O
post	O
-	O
election	O
violence	O
in	O
Kenya	B-LOCATION
in	O
2007-2008	B-DATE
,	O
"	O
according	O
to	O
the	O
court	O
,	O
based	O
in	O
The	B-LOCATION
Hague	I-LOCATION
.	O

More	O
than	O
1.000	O
persons	O
died	O
during	O
the	O
violent	O
clashes	O
.	O

The	O
continued	O
efforts	O
to	O
charge	O
the	O
Kenyan	B-AFFILIATION
leader	O
by	O
the	O
ICC	B-ORGANIZATION
are	O
however	O
causing	O
enhanced	O
frustration	O
in	O
Kenya	B-LOCATION
and	O
other	O
African	B-AFFILIATION
countries	O
.	O

The	O
ICC	B-ORGANIZATION
is	O
increasingly	O
seen	O
as	O
a	O
court	O
only	O
targeting	O
Africans	B-AFFILIATION
,	O
and	O
by	O
going	O
after	O
Mr	O
Kenyatta	B-GIVEN_NAME
,	O
the	O
court	O
even	O
is	O
seen	O
as	O
destabilising	O
the	O
Kenyan	B-AFFILIATION
democracy	O
.	O

While	O
the	O
Kenyan	B-AFFILIATION
parliament	O
originally	O
had	O
welcomed	O
an	O
ICC	B-ORGANIZATION
engagement	O
in	O
looking	O
into	O
the	O
organisation	O
of	O
the	O
election	O
violence	O
,	O
this	O
year	O
's	O
successful	O
holding	O
of	O
a	O
peaceful	O
election	O
have	O
massively	O
turned	O
the	O
public	O
opinion	O
.	O

The	O
ICC	B-ORGANIZATION
is	O
seen	O
as	O
undermining	O
the	O
democratic	O
choice	O
made	O
by	O
the	O
majority	O
of	O
Kenyans	B-AFFILIATION
and	O
the	O
trial	O
is	O
increasingly	O
seen	O
as	O
illegitimate	O
.	O

The	O
Kenyan	B-AFFILIATION
diplomacy	O
has	O
also	O
been	O
successful	O
in	O
convincing	O
several	O
other	O
African	B-AFFILIATION
countries	O
that	O
the	O
proceedings	O
against	O
Mr	O
Kenyatta	B-GIVEN_NAME
should	O
be	O
dropped	O
.	O

While	O
the	O
Kenyan	B-AFFILIATION
diplomatic	O
campaign	O
has	O
some	O
success	O
in	O
fellow	O
African	B-AFFILIATION
countries	O
,	O
the	O
ICC	B-ORGANIZATION
war	O
crimes	O
charges	O
are	O
causing	O
problems	O
for	O
Mr	O
Kenyatta	B-GIVEN_NAME
's	O
relations	O
with	O
other	O
world	O
leaders	O
.	O

European	B-AFFILIATION
and	O
American	B-AFFILIATION
leaders	O
are	O
still	O
shying	O
away	O
from	O
high	O
-	O
profiled	O
meetings	O
with	O
the	O
new	O
Kenyan	B-AFFILIATION
leader	O
as	O
long	O
as	O
the	O
charges	O
against	O
him	O
are	O
held	O
onto	O
.	O

This	O
is	O
because	O
the	O
accusations	O
against	O
President	O
Kenyatta	B-GIVEN_NAME
indeed	O
are	O
grave	O
and	O
are	O
not	O
followed	O
up	O
upon	O
by	O
Kenyan	B-AFFILIATION
courts	O
.	O

Together	O
with	O
three	O
other	O
Kenyans	B-AFFILIATION
,	O
including	O
current	O
Vice	O
-	O
President	O
William	B-GIVEN_NAME
Ruto	B-FAMILY_NAME
,	O
Mr	O
Kenyatta	B-GIVEN_NAME
is	O
supposed	O
to	O
have	O
orchestrated	O
the	O
ethnic	O
violence	O
that	O
followed	O
the	O
2007	B-DATE
election	O
.	O

The	O
ICC	B-ORGANIZATION
prosecution	O
holds	O
they	O
contributed	O
to	O
plan	O
and	O
ignite	O
the	O
violence	O
.	O

So	O
far	O
,	O
Mr	O
Kenyatta	B-GIVEN_NAME
has	O
maintained	O
his	O
innocence	O
and	O
promised	O
to	O
cooperate	O
fully	O
with	O
the	O
ICC	B-ORGANIZATION
,	O
where	O
he	O
also	O
plans	O
to	O
make	O
an	O
appearance	O
if	O
requested	O
.	O

This	O
puts	O
him	O
in	O
contrast	O
to	O
Sudanese	B-AFFILIATION
President	O
Omar	B-GIVEN_NAME
al	B-FAMILY_NAME
-	I-FAMILY_NAME
Bashir	I-FAMILY_NAME
,	O
who	O
refuses	O
any	O
cooperation	O
and	O
as	O
thus	O
is	O
considered	O
a	O
fugitive	O
by	O
the	O
world	O
community	O
,	O
which	O
strongly	O
restricts	O
his	O
travelling	O
.	O

Mr	O
Kenyatta	B-GIVEN_NAME
,	O
on	O
the	O
other	O
hand	O
,	O
faces	O
no	O
sanctions	O
or	O
travel	O
restrictions	O
.	O

