BULAWAYO	B-LOCATION
,	I-LOCATION
Zimbabwe	I-LOCATION
,	O
Jun	B-DATE
21	I-DATE
2022	I-DATE
(	O
IPS	B-ORGANIZATION
)	O
-	O
Cigarette	O
smuggling	O
has	O
emerged	O
as	O
one	O
of	O
the	O
most	O
lucrative	O
enterprises	O
between	O
Zimbabwe	B-LOCATION
and	O
South	B-LOCATION
Africa	I-LOCATION
,	O
with	O
border	O
authorities	O
seizing	O
contraband	O
worth	O
millions	B-MONEY
of	I-MONEY
dollars	I-MONEY
in	O
recent	O
years	O
.	O

Last	O
month	O
,	O
South	B-AFFILIATION
African	I-AFFILIATION
police	O
confiscated	O
cigarettes	O
worth	O
ZAR	B-MONEY
1,7	I-MONEY
million	I-MONEY
(	O
about	O
USD	B-MONEY
105,000	I-MONEY
)	O
from	O
Zimbabwean	B-AFFILIATION
smugglers	O
who	O
have	O
taken	O
advantage	O
of	O
porous	O
border	O
controls	O
between	O
the	O
two	O
southern	B-AFFILIATION
African	I-AFFILIATION
countries	O
for	O
years	O
.	O

In	O
November	B-DATE
last	O
year	O
,	O
another	O
Zimbabwean	B-AFFILIATION
was	O
nabbed	O
as	O
he	O
attempted	O
to	O
smuggle	O
cigarettes	O
worth	O
ZAR	B-MONEY
30	I-MONEY
million	I-MONEY
(	O
about	O
USD	B-MONEY
1,850,000	I-MONEY
)	O
into	O
South	B-LOCATION
Africa	I-LOCATION
,	O
where	O
there	O
is	O
a	O
ready	O
and	O
expanding	O
market	O
for	O
cigarettes	O
.	O

The	O
following	O
month	O
,	O
another	O
Zimbabwean	B-AFFILIATION
was	O
caught	O
attempting	O
to	O
smuggle	O
cigarettes	O
worth	O
ZAR	B-MONEY
2,6	I-MONEY
million	I-MONEY
(	O
USD	B-MONEY
160,300	I-MONEY
)	O
into	O
South	B-LOCATION
Africa	I-LOCATION
.	O

The	O
escalation	O
of	O
the	O
movement	O
of	O
contraband	O
highlights	O
the	O
complexity	O
of	O
not	O
just	O
border	O
controls	O
but	O
how	O
cigarettes	O
and	O
tobacco	O
are	O
proving	O
to	O
be	O
the	O
new	O
gold	O
for	O
criminal	O
syndicates	O
.	O

As	O
a	O
global	O
anti	O
-	O
tobacco	O
lobby	O
grows	O
amid	O
concerns	O
of	O
unabated	O
tobacco	O
-	O
related	O
deaths	O
,	O
researchers	O
are	O
training	O
the	O
spotlight	O
on	O
tobacco	O
consumption	O
and	O
its	O
toll	O
on	O
public	O
health	O
and	O
national	O
economies	O
.	O

In	O
a	O
new	O
report	O
by	O
the	O
University	B-ORGANIZATION
of	I-ORGANIZATION
Chicago	I-ORGANIZATION|B-LOCATION
,	O
researchers	O
who	O
have	O
created	O
a	O
Tobacco	B-BRANDS
Atlas	B-MISC
after	O
surveying	O
63	O
countries	O
say	O
global	O
smokers	O
now	O
exceed	O
1.1	O
billion	O
people	O
.	O

While	O
,	O
according	O
to	O
researchers	O
,	O
global	O
smoking	O
prevalence	O
is	O
dropping	O
,	O
from	O
22.6	O
percent	O
in	O
2007	B-DATE
to	O
19.6	O
in	O
2019	B-DATE
,	O
Africa	B-LOCATION
and	O
other	O
developing	O
parts	O
of	O
the	O
world	O
are	O
recording	O
an	O
increase	O
in	O
tobacco	O
consumption	O
,	O
the	O
report	O
says	O
.	O

The	O
findings	O
will	O
likely	O
concern	O
African	B-AFFILIATION
governments	O
where	O
public	O
health	O
services	O
are	O
already	O
struggling	O
.	O

The	O
Tobacco	B-BRANDS
Atlas	B-MISC
researchers	O
raise	O
concerns	O
about	O
tobacco	O
-	O
related	O
diseases	O
and	O
deaths	O
in	O
developing	O
countries	O
.	O

Tobacco	O
-	O
related	O
diseases	O
are	O
expected	O
to	O
increase	O
in	O
future	O
years	O
in	O
countries	O
with	O
low	O
Human	B-BRANDS
Development	B-MISC
Index	I-MISC
scores	O
,	O
the	O
Tobacco	B-BRANDS
Atlas	B-MISC
researchers	O
predict	O
.	O

â	O
Some	O
African	B-AFFILIATION
countries	O
are	O
seeing	O
an	O
increase	O
in	O
adult	O
and	O
youth	O
smoking	O
.	O

What	O
we	O
âve	O
seen	O
in	O
Africa	B-LOCATION
is	O
the	O
slowest	O
decline	O
in	O
smoking	O
prevalence	O
of	O
any	O
region	O
,	O
â	O
said	O
Professor	O
Jeffrey	B-GIVEN_NAME
Dope	B-FAMILY_NAME
,	O
lead	O
author	O
of	O
the	O
Tobacco	B-BRANDS
Atlas	B-MISC
and	O
a	O
professor	O
of	O
public	O
health	O
at	O
the	O
University	B-ORGANIZATION
of	I-ORGANIZATION
Illinois	I-ORGANIZATION|B-LOCATION
.	O

â	O
The	O
tobacco	O
industry	O
is	O
aware	O
of	O
this	O
.	O

They	O
are	O
working	O
very	O
hard	O
to	O
convince	O
governments	O
that	O
tobacco	O
is	O
very	O
important	O
for	O
the	O
economy	O
.	O

Unfortunately	O
,	O
they	O
âre	O
having	O
some	O
success	O
,	O
â	O
Dope	B-GIVEN_NAME
said	O
during	O
a	O
Zoom	B-ORGANIZATION
report	O
launch	O
early	O
this	O
month	O
.	O

Further	O
findings	O
noted	O
that	O
more	O
young	O
girls	O
than	O
boys	O
are	O
taking	O
a	O
puff	O
,	O
with	O
the	O
ubiquity	O
of	O
social	O
media	O
â	O
influencers	O
â	O
being	O
a	O
driver	O
of	O
the	O
trend	O
.	O

â	O
Global	O
progress	O
is	O
threatened	O
by	O
growing	O
smoking	O
rates	O
among	O
children	O
aged	O
13	O
to	O
15	O
in	O
many	O
countries	O
and	O
by	O
tobacco	O
industry	O
tactics	O
such	O
as	O
targeting	O
poor	O
countries	O
with	O
weak	O
regulatory	O
environments	O
,	O
â	O
the	O
researchers	O
said	O
.	O

â	O
We	O
have	O
countries	O
where	O
female	O
teens	O
smoke	O
more	O
than	O
male	O
teens	O
and	O
adult	O
females	O
,	O
which	O
is	O
happening	O
in	O
different	O
parts	O
of	O
the	O
world	O
,	O
â	O
said	O
Violeta	B-GIVEN_NAME
Vulovic	B-FAMILY_NAME
,	O
senior	O
economist	O
at	O
the	O
Institute	B-ORGANIZATION
for	I-ORGANIZATION
Health	I-ORGANIZATION
Research	I-ORGANIZATION
and	I-ORGANIZATION
Policy	I-ORGANIZATION
at	O
the	O
University	B-ORGANIZATION
of	I-ORGANIZATION
Chicago	I-ORGANIZATION|B-LOCATION
.	O

â	O
The	O
tobacco	O
industry	O
aggressively	O
markets	O
to	O
children	O
,	O
especially	O
through	O
flavour	O
products	O
.	O

And	O
through	O
social	O
media	O
,	O
especially	O
influencers	O
,	O
the	O
industry	O
clear	O
understanding	O
that	O
the	O
peer	O
-	O
to	O
-	O
peer	O
effect	O
is	O
perhaps	O
the	O
most	O
effective	O
way	O
to	O
get	O
kids	O
to	O
try	O
smoking	O
,	O
â	O
Vulovic	B-GIVEN_NAME
said	O
.	O

The	O
World	B-ORGANIZATION
Health	I-ORGANIZATION
Organisation	I-ORGANIZATION
(	O
WHO	B-ORGANIZATION
)	O
says	O
tobacco	O
causes	O
more	O
than	O
8	O
million	O
global	O
deaths	O
annually	O
.	O

More	O
than	O
â	O
7	O
million	O
of	O
those	O
deaths	O
resulting	O
from	O
direct	O
tobacco	O
use	O
,	O
while	O
around	O
1.2	O
million	O
are	O
the	O
result	O
of	O
non	O
-	O
smokers	O
being	O
exposed	O
to	O
second	O
-	O
hand	O
smoke	O
.	O
â	O

Covid	B-BRANDS
-	B-MISC
19	I-MISC
has	O
only	O
added	O
to	O
global	O
health	O
challenges	O
that	O
have	O
pushed	O
the	O
tobacco	O
agenda	O
to	O
the	O
periphery	O
,	O
researchers	O
say	O
.	O

â	O
In	O
the	O
wake	O
of	O
Covid	B-BRANDS
-	B-MISC
19	I-MISC
,	O
countries	O
are	O
prioritising	O
public	O
health	O
and	O
investing	O
in	O
strategies	O
to	O
support	O
health	O
and	O
economic	O
growth	O
,	O
â	O
said	O
Nandita	O
Murukutla	O
,	O
one	O
of	O
the	O
contributors	O
to	O
the	O
Tobacco	B-BRANDS
Atlas	B-MISC
research	O
.	O

â	O
For	O
countries	O
that	O
want	O
to	O
recover	O
,	O
tobacco	O
control	O
should	O
be	O
high	O
on	O
their	O
agenda	O
,	O
â	O
Murukutla	B-GIVEN_NAME
said	O
.	O

However	O
,	O
with	O
African	B-AFFILIATION
countries	O
continuing	O
to	O
rely	O
on	O
tobacco	O
for	O
forex	O
earnings	O
,	O
findings	O
contained	O
in	O
the	O
Tobacco	B-BRANDS
Atlas	B-MISC
are	O
not	O
likely	O
to	O
persuade	O
governments	O
to	O
slow	O
down	O
the	O
production	O
of	O
what	O
across	O
the	O
continent	O
has	O
been	O
called	O
â	O
green	O
gold	O
.	O
â	O

One	O
way	O
to	O
deal	O
with	O
the	O
increase	O
in	O
smoking	O
,	O
the	O
University	B-ORGANIZATION
of	I-ORGANIZATION
Chicago	I-ORGANIZATION|B-LOCATION
researchers	O
say	O
,	O
is	O
to	O
â	O
raise	O
taxes	O
on	O
tobacco	O
.	O
â	O

â	O
This	O
is	O
so	O
that	O
kids	O
cannot	O
afford	O
to	O
smoke	O
.	O

We	O
know	O
from	O
decades	O
of	O
research	O
that	O
young	O
people	O
are	O
extra	O
sensitive	O
to	O
price	O
,	O
â	O
Vulovic	B-GIVEN_NAME
said	O
.	O

The	O
researchers	O
say	O
this	O
has	O
worked	O
in	O
other	O
African	B-AFFILIATION
countries	O
to	O
stem	O
the	O
illicit	O
cigarette	O
trade	O
.	O

â	O
Countries	O
should	O
look	O
to	O
Kenya	B-LOCATION
as	O
an	O
example	O
of	O
a	O
country	O
that	O
is	O
keeping	O
its	O
tobacco	O
taxes	O
high	O
and	O
controlling	O
its	O
supply	O
chain	O
â	O
little	O
illicit	O
trade	O
â	O
successfully	O
,	O
â	O
Dope	B-GIVEN_NAME
told	O
IPS	B-ORGANIZATION
.	O

â	O
These	O
modest	O
investments	O
in	O
tax	O
administration	O
in	O
Kenya	B-LOCATION
have	O
reaped	O
huge	O
rewards	O
in	O
terms	O
of	O
increased	O
tax	O
revenues	O
,	O
which	O
they	O
then	O
reallocate	O
to	O
social	O
programmes	O
such	O
as	O
health	O
and	O
education	O
,	O
among	O
others	O
.	O
â	O

