DAKAR	B-LOCATION
,	I-LOCATION
Senegal	I-LOCATION
,	O
Jul	B-DATE
25	I-DATE
2022	I-DATE
(	O
IPS	B-ORGANIZATION
)	O
-	O

The	O
current	O
Ukraine	B-LOCATION
-	O
Russia	B-LOCATION
conflict	O
is	O
dominating	O
the	O
global	O
media	O
to	O
the	O
point	O
of	O
overshadowing	O
longer	O
protracted	O
crisis	O
that	O
no	O
longer	O
make	O
headlines	O
,	O
but	O
are	O
still	O
rife	O
.	O

Such	O
is	O
the	O
case	O
with	O
the	O
on	O
-	O
going	O
Sahel	B-LOCATION
crisis	O
,	O
one	O
of	O
the	O
world	O
âs	O
most	O
neglected	O
ones	O
,	O
where	O
acute	O
poverty	O
,	O
the	O
dramatic	O
effects	O
of	O
climate	O
change	O
and	O
rising	O
armed	O
conflicts	O
have	O
become	O
the	O
norm	O
for	O
more	O
than	O
a	O
decade	O
.	O

A	O
situation	O
further	O
exacerbated	O
by	O
the	O
on	O
-	O
going	O
COVID	B-BRANDS
-	B-MISC
19	I-MISC
pandemic	O
.	O

The	O
Sahel	B-LOCATION
region	O
,	O
known	O
for	O
its	O
nomadic	O
herders	O
and	O
resilient	O
agriculture	O
systems	O
,	O
spans	O
6000	O
km	O
across	O
a	O
dozen	O
of	O
countries	O
south	O
of	O
the	O
Sahara	B-LOCATION
desert	I-LOCATION
,	O
which	O
include	O
Mauritania	B-LOCATION
,	O
Burkina	B-LOCATION
Faso	I-LOCATION
,	O
Mali	B-LOCATION
,	O
Niger	B-LOCATION
and	O
Chad	B-LOCATION
for	O
a	O
population	O
of	O
approximately	O
150	O
million	O
.	O

They	O
share	O
a	O
common	O
geography	O
,	O
a	O
similar	O
climate	O
and	O
way	O
of	O
life	O
,	O
but	O
they	O
are	O
also	O
among	O
the	O
poorest	O
countries	O
in	O
the	O
world	O
,	O
ranking	O
last	O
in	O
the	O
Human	B-BRANDS
Development	B-MISC
Index	I-MISC
.	O

According	O
to	O
the	O
UN	B-ORGANIZATION
Refugee	I-ORGANIZATION
Agency	I-ORGANIZATION
,	O
the	O
region	O
counts	O
more	O
than	O
4.6	O
million	O
people	O
who	O
have	O
lost	O
their	O
home	O
today	O
,	O
including	O
2.7	O
million	O
people	O
who	O
are	O
internally	O
displaced	O
and	O
running	O
away	O
from	O
conflict	O
and	O
drought	O
.	O

They	O
no	O
longer	O
have	O
a	O
livelihood	O
and	O
need	O
to	O
rely	O
on	O
humanitarian	O
aid	O
for	O
their	O
survival	O
.	O

However	O
,	O
as	O
vital	O
as	O
it	O
is	O
,	O
humanitarian	O
aid	O
cannot	O
provide	O
a	O
long	O
-	O
term	O
solution	O
.	O

More	O
coordinated	O
responses	O
that	O
address	O
the	O
underlying	O
causes	O
of	O
the	O
crisis	O
are	O
required	O
.	O

For	O
this	O
reason	O
,	O
the	O
three	O
UN	B-ORGANIZATION
agencies	O
specialised	O
in	O
food	O
and	O
agriculture	O
,	O
namely	O
the	O
International	B-ORGANIZATION
Fund	I-ORGANIZATION
for	I-ORGANIZATION
Agricultural	I-ORGANIZATION
Development	I-ORGANIZATION
(	O
IFAD	B-ORGANIZATION
)	O
,	O
the	O
Food	B-ORGANIZATION
and	I-ORGANIZATION
Agriculture	I-ORGANIZATION
Organisation	I-ORGANIZATION
(	O
FAO	B-ORGANIZATION
)	O
and	O
the	O
World	B-ORGANIZATION
Food	I-ORGANIZATION
Programme	I-ORGANIZATION
(	O
WFP	B-ORGANIZATION
)	O
,	O
have	O
joined	O
forces	O
with	O
the	O
G	B-ORGANIZATION
5	I-ORGANIZATION
Sahel	I-ORGANIZATION|B-LOCATION
,	O
the	O
regional	O
organisation	O
established	O
in	O
2014	B-DATE
by	O
the	O
five	O
most	O
affected	O
Sahel	B-LOCATION
countries	O
.	O

Together	O
and	O
with	O
the	O
participation	O
of	O
Senegal	B-LOCATION
,	O
they	O
have	O
launched	O
a	O
US	B-LOCATION
$	B-MONEY
180	I-MONEY
million	I-MONEY
programme	O
to	O
improve	O
the	O
livelihoods	O
and	O
economic	O
means	O
of	O
rural	O
producers	O
in	O
the	O
region	O
and	O
scale	O
up	O
successful	O
pilot	O
activities	O
.	O

Through	O
it	O
,	O
a	O
common	O
approach	O
is	O
implemented	O
,	O
capitalizing	O
on	O
rural	O
development	O
work	O
of	O
past	O
decades	O
,	O
particularly	O
in	O
supporting	O
farmers	O
and	O
herders	O
â	O
associations	O
.	O

At	O
IFAD	B-ORGANIZATION
we	O
have	O
a	O
long	O
experience	O
working	O
with	O
rural	O
producers	O
in	O
the	O
region	O
,	O
however	O
,	O
until	O
now	O
,	O
we	O
tended	O
to	O
implement	O
programmes	O
nationally	O
,	O
in	O
agreement	O
with	O
national	O
governments	O
.	O

Currently	O
,	O
IFAD	B-ORGANIZATION
is	O
financing	O
20	O
programmes	O
and	O
projects	O
in	O
G	B-ORGANIZATION
5	I-ORGANIZATION
Sahel	I-ORGANIZATION|B-LOCATION
countries	O
plus	O
Senegal	B-LOCATION
for	O
a	O
total	O
of	O
US	B-LOCATION
$	B-MONEY
1	I-MONEY
billion	I-MONEY
.	O

With	O
the	O
existence	O
of	O
regional	O
Sahel	B-LOCATION
organisations	O
,	O
we	O
can	O
now	O
focus	O
our	O
efforts	O
at	O
regional	O
level	O
,	O
knowing	O
that	O
many	O
of	O
the	O
issues	O
cut	O
across	O
national	O
borders	O
,	O
and	O
work	O
in	O
partnership	O
with	O
all	O
the	O
governments	O
and	O
international	O
agencies	O
concerned	O
.	O

This	O
is	O
for	O
the	O
benefit	O
of	O
the	O
poorest	O
,	O
which	O
is	O
the	O
purpose	O
of	O
the	O
joint	O
Sahel	B-LOCATION
programme	O
,	O
known	O
as	O
the	O
Regional	B-BRANDS
Joint	B-MISC
Programme	I-MISC
Sahel	I-MISC|B-LOCATION
in	O
Response	O
to	O
the	O
Challenges	O
of	O
COVID	B-BRANDS
-	B-MISC
19	I-MISC
,	I-MISC
Conflict	B-BRANDS
and	B-MISC
Climate	I-MISC
Change	I-MISC
(	O
SD	B-BRANDS
3	B-MISC
C	I-MISC
)	O
.	O
In	O
addition	O
to	O
financing	O
,	O
IFAD	B-ORGANIZATION
is	O
contributing	O
its	O
long	O
experience	O
in	O
implementing	O
agricultural	O
projects	O
at	O
local	O
level	O
,	O
FAO	B-ORGANIZATION
is	O
bringing	O
its	O
in	O
-	O
depth	O
knowledge	O
and	O
research	O
in	O
agriculture	O
,	O
and	O
WFP	B-ORGANIZATION
its	O
expertise	O
working	O
in	O
conflict	O
areas	O
.	O

An	O
estimated	O
25	O
million	O
people	O
in	O
the	O
Sahel	B-LOCATION
are	O
nomadic	O
pastoralists	O
who	O
are	O
increasingly	O
more	O
desperate	O
to	O
find	O
grazing	O
areas	O
for	O
their	O
cattle	O
herds	O
because	O
of	O
the	O
effect	O
of	O
climate	O
change	O
.	O
As	O
they	O
expand	O
grazing	O
areas	O
into	O
farming	O
land	O
,	O
conflicts	O
with	O
sedentary	O
farmers	O
are	O
on	O
the	O
rise	O
leading	O
to	O
a	O
decline	O
in	O
food	O
production	O
,	O
when	O
at	O
the	O
same	O
time	O
the	O
population	O
is	O
increasing	O
.	O
According	O
to	O
UN	B-ORGANIZATION
forecast	O
,	O
population	O
in	O
the	O
Sahel	B-LOCATION
should	O
more	O
than	O
double	O
to	O
330	O
million	O
people	O
by	O
2050	B-DATE
.	O
How	O
will	O
they	O
eat	O
if	O
the	O
issue	O
of	O
food	O
production	O
and	O
productivity	O
is	O
not	O
addressed	O
today	O
through	O
agriculture	O
investment	O
and	O
adequate	O
planning	O
?	O

The	O
programme	O
looks	O
to	O
increase	O
food	O
production	O
and	O
yields	O
through	O
climate	O
-	O
resilient	O
agricultural	O
practices	O
,	O
a	O
key	O
aspect	O
in	O
a	O
region	O
where	O
80	O
percent	O
of	O
agriculture	O
is	O
estimated	O
to	O
be	O
affected	O
by	O
climate	O
change	O
.	O
With	O
climate	O
experts	O
forecasting	O
temperatures	O
in	O
the	O
region	O
,	O
currently	O
averaging	O
35	O
degrees	O
Celsius	O
,	O
to	O
rise	O
by	O
at	O
least	O
3	O
degrees	O
by	O
2050	B-DATE
,	O
there	O
is	O
even	O
more	O
urgency	O
to	O
implement	O
climate	O
resilient	O
measures	O
today	O
.	O

Beyond	O
the	O
key	O
issue	O
of	O
agriculture	O
,	O
the	O
programme	O
is	O
also	O
focussing	O
on	O
promoting	O
cross	O
-	O
border	O
trade	O
and	O
transactions	O
and	O
peace	O
building	O
at	O
community	O
level	O
.	O
Women	O
,	O
who	O
typically	O
have	O
limited	O
access	O
to	O
land	O
and	O
finance	O
,	O
are	O
making	O
up	O
to	O
50	O
per	O
cent	O
of	O
the	O
programme	O
âs	O
participants	O
.	O
About	O
40	O
per	O
cent	O
are	O
young	O
people	O
,	O
who	O
face	O
high	O
rates	O
of	O
unemployment	O
and	O
receive	O
help	O
in	O
launching	O
productive	O
activities	O
to	O
create	O
jobs	O
and	O
generate	O
decent	O
incomes	O
.	O
Landless	O
people	O
and	O
transhumant	O
pastoralists	O
also	O
benefit	O
.	O
The	O
overall	O
strategy	O
is	O
designed	O
to	O
meet	O
the	O
challenges	O
of	O
emergency	O
,	O
development	O
and	O
peace	O
following	O
a	O
rapid	O
intervention	O
approach	O
based	O
on	O
the	O
scaling	O
up	O
of	O
existing	O
and	O
efficient	O
responses	O
and	O
approaches	O
.	O
Under	O
implementation	O
since	O
2021	B-DATE
,	O
the	O
program	O
will	O
continue	O
up	O
to	O
2027	B-DATE
and	O
expand	O
to	O
other	O
countries	O
in	O
the	O
Sahel	B-LOCATION
region	O
.	O

