YAOUNDÃ	B-LOCATION
,	O
May	B-DATE
13	I-DATE
2022	I-DATE
(	O
IPS	B-ORGANIZATION
)	O
-	O
Growing	O
up	O
amid	O
under	O
the	O
leafy	O
canopy	O
of	O
the	O
Congo	B-LOCATION
Basin	I-LOCATION
rainforest	O
,	O
the	O
woodland	O
was	O
more	O
than	O
our	O
home	O
.	O

It	O
was	O
our	O
playground	O
,	O
our	O
medicine	O
cabinet	O
,	O
our	O
teacher	O
,	O
our	O
therapist	O
.	O

And	O
it	O
was	O
a	O
source	O
of	O
livelihood	O
with	O
its	O
rich	O
biodiversity	O
and	O
helped	O
shield	O
us	O
from	O
the	O
effects	O
of	O
climate	O
change	O
.	O

The	O
mounting	O
tension	O
between	O
economic	O
growth	O
and	O
healthy	O
forest	O
life	O
over	O
years	O
has	O
led	O
to	O
the	O
destruction	O
of	O
some	O
of	O
the	O
world	O
âs	O
oldest	O
forests	O
and	O
the	O
resulting	O
poverty	O
of	O
its	O
communities	O
.	O

This	O
massive	O
deforestation	O
has	O
led	O
to	O
the	O
expropriation	O
of	O
indigenous	O
and	O
local	O
communities	O
from	O
their	O
ancestral	O
land	O
without	O
their	O
consent	O
,	O
increased	O
carbon	O
emissions	O
,	O
migration	O
and	O
the	O
disappearance	O
of	O
Indigenous	O
communities	O
â	O
culture	O
and	O
languages	O
.	O

Rather	O
than	O
developing	O
our	O
country	O
,	O
the	O
changes	O
are	O
impoverishing	O
forest	O
communities	O
and	O
leaving	O
the	O
entire	O
region	O
more	O
vulnerable	O
to	O
climate	O
change	O
and	O
diseases	O
.	O

The	O
Congo	B-LOCATION
Basin	I-LOCATION
rainforest	O
,	O
larger	O
than	O
the	O
US	B-LOCATION
state	O
of	O
Alaska	B-LOCATION
,	O
refers	O
to	O
six	O
Central	B-AFFILIATION
African	I-AFFILIATION
countries	O
(	O
Democratic	B-LOCATION
Republic	I-LOCATION
of	I-LOCATION
Congo	I-LOCATION
,	O
Republic	B-LOCATION
of	I-LOCATION
Congo	I-LOCATION
,	O
Cameroon	B-LOCATION
,	O
Equatorial	B-LOCATION
Guinea	I-LOCATION
,	O
Gabon	B-LOCATION
and	O
Central	B-LOCATION|B-AFFILIATION
African	I-LOCATION|I-AFFILIATION
Republic	I-LOCATION
)	O
and	O
is	O
the	O
world	O
âs	O
second	O
largest	O
tropical	O
rainforest	O
after	O
the	O
Amazon	B-LOCATION
.	O

Recently	O
,	O
just	O
weeks	O
after	O
International	B-BRANDS
Forest	B-MISC
Day	I-MISC
on	O
21st	B-DATE
of	I-DATE
March	I-DATE
,	O
the	O
third	O
part	O
of	O
the	O
Intergovernmental	B-ORGANIZATION
Panel	I-ORGANIZATION
on	I-ORGANIZATION
Climate	I-ORGANIZATION
Change	I-ORGANIZATION
(	O
IPCC	B-ORGANIZATION
)	O
report	O
was	O
released	O
showing	O
us	O
that	O
there	O
is	O
still	O
a	O
lot	O
to	O
do	O
on	O
the	O
ground	O
to	O
limit	O
the	O
effect	O
of	O
climate	O
change	O
.	O

And	O
the	O
Congo	B-LOCATION
Basin	I-LOCATION
forest	O
is	O
one	O
of	O
the	O
frontlines	O
in	O
the	O
fight	O
.	O

This	O
report	O
once	O
again	O
rang	O
the	O
alarm	O
that	O
,	O
if	O
nothing	O
is	O
done	O
,	O
then	O
the	O
world	O
may	O
find	O
itself	O
on	O
a	O
pathway	O
to	O
climate	O
breakdown	O
and	O
extreme	O
poverty	O
.	O

Later	O
this	O
year	O
,	O
the	O
annual	O
UN	B-ORGANIZATION
climate	O
conferences	O
(	O
COP	B-BRANDS
27	B-MISC
)	O
will	O
take	O
place	O
in	O
Egypt	B-LOCATION
where	O
the	O
world	O
âs	O
leaders	O
will	O
meet	O
to	O
agree	O
on	O
the	O
2030	B-BRANDS
Agenda	B-MISC
for	I-MISC
Sustainable	I-MISC
Development	I-MISC
,	O
including	O
its	O
SDG	B-BRANDS
15	B-MISC
which	O
aims	O
to	O
â	O
protect	O
,	O
restore	O
and	O
promote	O
sustainable	O
use	O
of	O
terrestrial	O
ecosystems	O
,	O
sustainably	O
manage	O
forests	O
,	O
combat	O
desertification	O
,	O
and	O
halt	O
and	O
reverse	O
land	O
degradation	O
and	O
halt	O
biodiversity	O
loss	O
â	O
.	O

We	O
are	O
expecting	O
more	O
action	O
and	O
fewer	O
false	O
promises	O
from	O
Africa	B-LOCATION
âs	O
leaders	O
and	O
for	O
its	O
youth	O
to	O
take	O
the	O
lead	O
scene	O
in	O
holding	O
their	O
leaders	O
accountable	O
.	O

As	O
we	O
prepare	O
for	O
this	O
event	O
,	O
it	O
is	O
important	O
to	O
think	O
through	O
how	O
we	O
can	O
use	O
that	O
international	O
platform	O
to	O
drive	O
national	O
governments	O
,	O
especially	O
those	O
from	O
Congo	B-LOCATION
Basin	I-LOCATION
,	O
to	O
act	O
with	O
the	O
same	O
speed	O
they	O
took	O
their	O
pledges	O
to	O
address	O
the	O
climate	O
change	O
crisis	O
.	O

The	O
current	O
economic	O
development	O
model	O
in	O
Congo	B-LOCATION
Basin	I-LOCATION
is	O
rooted	O
in	O
massive	O
deforestation	O
:	O
more	O
and	O
more	O
concessions	O
are	O
being	O
granted	O
with	O
large	O
scale	O
land	O
set	O
aside	O
for	O
industrial	O
agriculture	O
such	O
as	O
palm	O
oil	O
and	O
rubber	O
.	O

The	O
loss	O
of	O
the	O
forest	O
ecosystem	O
â	O
and	O
therefore	O
the	O
spiritual	O
and	O
cultural	O
heritage	O
of	O
the	O
community	O
â	O
is	O
irreversible	O
.	O

The	O
tropical	O
rainforests	O
of	O
the	O
Congo	B-LOCATION
Basin	I-LOCATION
are	O
being	O
eliminated	O
.	O

The	O
impact	O
is	O
not	O
just	O
economic	O
:	O

When	O
forests	O
are	O
cleared	O
,	O
the	O
carbon	O
they	O
store	O
is	O
released	O
back	O
into	O
the	O
atmosphere	O
as	O
carbon	O
dioxide	O
.	O

According	O
to	O
the	O
recent	O
Global	B-BRANDS
Forest	B-MISC
Watch	I-MISC
data	O
,	O
in	O
2021	B-DATE
,	O
3.75	O
million	O
hectares	O
of	O
pristine	O
rainforest	O
(	O
an	O
area	O
critical	O
to	O
carbon	O
storage	O
and	O
biodiversity	O
)	O
was	O
lost	O
at	O
a	O
rate	O
of	O
10	O
football	O
fields	O
per	O
minute	O
.	O

Cameroon	B-LOCATION
,	O
for	O
instance	O
,	O
has	O
lost	O
more	O
than	O
80	O
thousand	O
hectares	O
of	O
its	O
primary	O
forests	O
in	O
2021	B-DATE
,	O
almost	O
twice	O
area	O
of	O
the	O
primary	O
forest	O
destroyed	O
in	O
2019	B-DATE
.	O

The	O
Democratic	B-LOCATION
Republic	I-LOCATION
of	I-LOCATION
Congo	I-LOCATION
has	O
lost	O
nearly	O
half	O
a	O
million	O
hectares	O
of	O
primary	O
forest	O
in	O
2021	B-DATE
(	O
Increase	O
of	O
almost	O
29	O
%	O
compared	O
to	O
2020	B-DATE
)	O
.	O

Only	O
to	O
enrich	O
a	O
small	O
portion	O
of	O
selfish	O
elites	O
.	O

At	O
this	O
rate	O
,	O
there	O
is	O
no	O
way	O
to	O
reverse	O
forest	O
loss	O
by	O
2030	B-DATE
,	O
as	O
pledged	O
by	O
leaders	O
from	O
141	O
countries	O
at	O
last	O
year	O
âs	O
COP	B-BRANDS
26	B-MISC
climate	O
summit	O
in	O
Glasgow	B-LOCATION
.	O

Despite	O
that	O
,	O
Cameroon	B-LOCATION
is	O
still	O
granting	O
a	O
company	O
,	O
like	O
Camvert	B-ORGANIZATION
SA	I-ORGANIZATION
,	O
tax	O
exemptions	O
to	O
implement	O
an	O
almost	O
60,000	O
hectares	O
palm	O
plantation	O
project	O
.	O

This	O
will	O
result	O
not	O
only	O
in	O
deforestation	O
but	O
also	O
in	O
biodiversity	O
destruction	O
alongside	O
the	O
loss	O
of	O
communities	O
â	O
livelihoods	O
but	O
also	O
lead	O
communities	O
in	O
the	O
areas	O
in	O
extreme	O
poverty	O
.	O

One	O
forest	O
community	O
member	O
told	O
me	O
:	O
â	O
Before	O
this	O
company	O
,	O
I	O
was	O
able	O
to	O
collect	O
non	O
timber	O
forest	O
products	O
and	O
sell	O
them	O
.	O

I	O
was	O
also	O
able	O
to	O
find	O
my	O
treatment	O
there	O
when	O
I	O
was	O
ill	O
.	O

Now	O
,	O
there	O
will	O
be	O
no	O
more	O
forest	O
and	O
we	O
are	O
left	O
to	O
ourselves	O
.	O
â	O

The	O
benefits	O
of	O
these	O
deals	O
,	O
however	O
,	O
do	O
not	O
reach	O
local	O
residents	O
.	O

They	O
are	O
seldom	O
hired	O
when	O
these	O
concessions	O
are	O
developed	O
.	O

My	O
research	O
shows	O
experienced	O
workers	O
in	O
these	O
concessions	O
tend	O
to	O
come	O
from	O
other	O
areas	O
of	O
the	O
country	O
and	O
â	O
even	O
when	O
local	O
community	O
members	O
are	O
hired	O
â	O
they	O
are	O
paid	O
a	O
pittance	O
.	O

While	O
companies	O
often	O
brag	O
that	O
they	O
are	O
promoting	O
development	O
by	O
opening	O
up	O
roads	O
,	O
it	O
âs	O
important	O
to	O
note	O
that	O
these	O
roads	O
are	O
used	O
mainly	O
to	O
deliver	O
timber	O
to	O
the	O
market	O
and	O
are	O
not	O
open	O
for	O
communities	O
.	O

The	O
Congo	B-LOCATION
Basin	I-LOCATION
countries	O
are	O
not	O
immune	O
:	O
The	O
2022	B-DATE
World	B-ORGANIZATION
Bank	I-ORGANIZATION
report	O
show	O
the	O
country	O
is	O
a	O
long	O
way	O
away	O
from	O
achieving	O
substantial	O
poverty	O
reduction	O
,	O
with	O
the	O
COVID	B-BRANDS
-	B-MISC
19	I-MISC
pandemic	O
keeping	O
people	O
below	O
the	O
poverty	O
line	O
and	O
remaining	O
stubbornly	O
constant	O
.	O

In	O
DRC	B-LOCATION
,	O
a	O
recent	O
IGF	B-ORGANIZATION
report	O
showed	O
that	O
more	O
than	O
USD	B-MONEY
10	I-MONEY
million	I-MONEY
in	O
forest	O
royalties	O
were	O
not	O
paid	O
to	O
the	O
public	O
treasury	O
between	O
2014	B-DATE
and	O
2020	B-DATE
.	O

What	O
âs	O
worse	O
,	O
the	O
climate	O
change	O
that	O
this	O
deforestation	O
is	O
making	O
worse	O
will	O
only	O
deepen	O
poverty	O
.	O

The	O
latest	O
IPCC	B-ORGANIZATION
report	O
estimates	O
that	O
in	O
the	O
next	O
decade	O
alone	O
,	O
climate	O
change	O
will	O
drive	O
32-132	O
million	O
more	O
people	O
into	O
extreme	O
poverty	O
.	O

Yes	O
,	O
we	O
need	O
development	O
.	O

But	O
at	O
what	O
cost	O
?	O

And	O
who	O
should	O
that	O
development	O
benefit	O
?	O

Protecting	O
forests	O
is	O
a	O
matter	O
of	O
preserving	O
the	O
livelihoods	O
of	O
the	O
local	O
community	O
and	O
reducing	O
poverty	O
.	O

Granting	O
more	O
forest	O
concessions	O
will	O
not	O
make	O
us	O
richer	O
than	O
we	O
are	O
now	O
.	O

We	O
need	O
alternative	O
development	O
models	O
that	O
embrace	O
indigenous	O
communities	O
â	O
wellbeing	O
and	O
promote	O
healthy	O
forests	O
.	O

By	O
taking	O
advantage	O
of	O
the	O
indigenous	O
people	O
âs	O
wisdom	O
and	O
knowledge	O
,	O
in	O
forest	O
management	O
there	O
is	O
a	O
possibility	O
to	O
develop	O
while	O
securing	O
communities	O
â	O
land	O
and	O
contribute	O
in	O
bringing	O
back	O
global	O
warming	O
below	O
the	O
critical	O
level	O
(	O
2	O
Â°	O
C	O
)	O
.	O

Achieving	O
sustainable	O
development	O
and	O
eradicating	O
poverty	O
in	O
the	O
Congo	B-LOCATION
Basin	I-LOCATION
would	O
involve	O
effectively	O
stopping	O
deforestation	O
and	O
implementing	O
climate	O
policies	O
which	O
ensure	O
social	O
justice	O
and	O
meaningful	O
participation	O
of	O
communities	O
in	O
decision	O
-	O
making	O
.	O

It	O
is	O
time	O
for	O
the	O
various	O
policy	O
working	O
groups	O
on	O
forest	O
issues	O
in	O
Congo	B-LOCATION
Basin	I-LOCATION
to	O
consider	O
more	O
than	O
their	O
personal	O
economic	O
interests	O
but	O
to	O
take	O
more	O
into	O
consideration	O
the	O
long	O
term	O
need	O
to	O
have	O
healthy	O
forests	O
for	O
healthy	O
life	O
.	O

