KINSHASA	B-LOCATION
,	O
Jul	B-DATE
26	I-DATE
2022	I-DATE
(	O
IPS	B-ORGANIZATION
)	O
-	O
From	O
the	O
fall	O
-	O
out	O
of	O
the	O
pandemic	O
to	O
the	O
interlocking	O
cost	O
of	O
living	O
and	O
energy	O
security	O
crises	O
currently	O
gripping	O
the	O
world	O
,	O
it	O
has	O
been	O
fascinating	O
to	O
see	O
the	O
world	O
âs	O
richest	O
governments	O
bending	O
over	O
backwards	O
to	O
help	O
fossil	O
fuel	O
companies	O
.	O

Meanwhile	O
households	O
are	O
battling	O
a	O
cost	O
of	O
living	O
crisis	O
while	O
the	O
climate	O
crisis	O
is	O
raging	O
on	O
,	O
threatening	O
lives	O
and	O
livelihoods	O
everywhere	O
â	O
from	O
north	O
to	O
south	O
.	O

After	O
oil	O
demand	O
and	O
prices	O
briefly	O
fell	O
during	O
the	O
lockdowns	O
of	O
2020	B-DATE
,	O
we	O
âre	O
seeing	O
Big	B-ORGANIZATION
Oil	I-ORGANIZATION
enjoying	O
unprecedented	O
war	O
-	O
time	O
profits	O
,	O
as	O
Russia	B-LOCATION
âs	O
invasion	O
of	O
Ukraine	B-LOCATION
drives	O
up	O
prices	O
.	O

Recall	O
BP	B-ORGANIZATION
âs	O
boss	O
Bernard	B-GIVEN_NAME
Looney	B-FAMILY_NAME
crassly	O
comparing	O
his	O
company	O
to	O
a	O
â	O
cash	O
machine	O
â	O
.	O

This	O
latest	O
boon	O
for	O
fossil	O
fuel	O
companies	O
makes	O
the	O
pledges	O
from	O
last	O
year	O
âs	O
COP	B-BRANDS
26	B-MISC
climate	O
talks	O
in	O
Glasgow	B-LOCATION
seem	O
like	O
a	O
distant	O
memory	O
.	O

Indeed	O
,	O
a	O
Â£	B-MONEY
420	I-MONEY
m	I-MONEY
(	O
$	B-MONEY
500	I-MONEY
m	I-MONEY
)	O
deal	O
for	O
the	O
Democratic	B-LOCATION|B-AFFILIATION
Republic	I-LOCATION
of	I-LOCATION
Congo	I-LOCATION
[	O
DRC	B-LOCATION
]	O
has	O
become	O
increasingly	O
useless	O
in	O
protecting	O
its	O
forests	O
,	O
with	O
oil	O
companies	O
set	O
to	O
cash	O
in	O
and	O
eventually	O
paved	O
the	O
way	O
for	O
more	O
forest	O
destruction	O
.	O

The	O
DRC	B-LOCATION
,	O
home	O
to	O
most	O
territory	O
of	O
the	O
world	O
âs	O
second	O
largest	O
rainforest	O
,	O
prides	O
itself	O
in	O
being	O
a	O
â	O
solution	O
country	O
â	O
for	O
the	O
climate	O
crisis	O
.	O

However	O
,	O
the	O
country	O
,	O
which	O
already	O
sees	O
deforestation	O
rates	O
second	O
only	O
to	O
Brazil	B-LOCATION
,	O
has	O
already	O
stated	O
last	O
year	O
its	O
intention	O
to	O
lift	O
a	O
20	B-DURATION
year	I-DURATION
ban	O
on	O
new	O
logging	O
concessions	O
.	O

As	O
of	O
April	B-DATE
this	O
year	O
,	O
the	O
DRC	B-LOCATION
is	O
set	O
on	O
trashing	O
huge	O
areas	O
of	O
the	O
rainforest	O
and	O
peatland	O
and	O
â	O
as	O
of	O
this	O
week	O
â	O
it	O
âs	O
set	O
to	O
auction	O
no	O
less	O
than	O
27	O
oil	O
and	O
three	O
gas	O
blocks	O
.	O

Oil	O
exploration	O
and	O
extraction	O
would	O
not	O
only	O
have	O
devastating	O
impacts	O
on	O
the	O
health	O
and	O
livelihoods	O
of	O
local	O
communities	O
,	O
but	O
the	O
oil	O
driven	O
â	O
resource	O
curse	O
â	O
raises	O
the	O
risk	O
of	O
corruption	O
and	O
conflict	O
.	O

This	O
auction	O
also	O
is	O
sacrificing	O
at	O
least	O
four	O
parts	O
of	O
a	O
mega	O
-	O
peatland	O
complex	O
,	O
often	O
labelled	O
a	O
carbon	O
bomb	O
,	O
along	O
with	O
at	O
least	O
nine	O
Protected	O
Areas	O
(	O
contrary	O
to	O
denials	O
by	O
the	O
Congolese	B-ORGANIZATION|B-AFFILIATION
Oil	I-ORGANIZATION
Ministry	I-ORGANIZATION
)	O
.	O

Following	O
the	O
enlargement	O
of	O
the	O
auction	O
this	O
week	O
,	O
it	O
also	O
poses	O
a	O
direct	O
threat	O
(	O
https://www.ft.com/content/5ea6f899-bb55-478f-a14a-a6dd37aae724	O
)	O
to	O
the	O
Virunga	B-LOCATION
National	I-LOCATION
Park	I-LOCATION
,	O
a	O
UNESCO	B-ORGANIZATION|B-ORGANIZATION
World	B-MISC
Heritage	I-MISC
Site	I-MISC
made	O
famous	O
thanks	O
to	O
a	O
Netflix	B-ORGANIZATION
documentary	O
on	O
a	O
previous	O
campaign	O
to	O
keep	O
the	O
oil	O
industry	O
out	O
of	O
it	O
.	O

Instead	O
of	O
steering	O
us	O
into	O
a	O
climate	O
catastrophe	O
,	O
the	O
international	O
community	O
must	O
stop	O
serving	O
as	O
the	O
handmaiden	O
of	O
Big	B-ORGANIZATION
Oil	I-ORGANIZATION
.	O

Instead	O
,	O
let	O
âs	O
see	O
them	O
focus	O
on	O
ending	O
energy	O
poverty	O
by	O
supporting	O
clean	O
,	O
decentralised	O
renewable	O
energies	O
.	O

Whether	O
it	O
âs	O
the	O
cost	O
of	O
living	O
crisis	O
unfolding	O
on	O
our	O
doorsteps	O
or	O
climate	O
destruction	O
sweeping	O
the	O
globe	O
â	O
the	O
solutions	O
are	O
the	O
same	O
.	O

Congolese	B-AFFILIATION
President	O
Felix	B-GIVEN_NAME
Tshisekedi	B-FAMILY_NAME
must	O
abandon	O
the	O
colonial	O
notion	O
of	O
development	O
through	O
extractivism	O
and	O
look	O
at	O
its	O
legacy	O
in	O
Africa	B-LOCATION
,	O
which	O
has	O
only	O
deepened	O
poverty	O
and	O
hardship	O
for	O
Africans	B-AFFILIATION
.	O

It	O
has	O
only	O
served	O
to	O
enrich	O
a	O
small	O
and	O
closed	O
circle	O
of	O
local	O
beneficiaries	O
and	O
foreign	O
nations	O
.	O

It	O
is	O
telling	O
that	O
Africa	B-LOCATION
âs	O
largest	O
oil	O
producer	O
,	O
Nigeria	B-LOCATION
,	O
is	O
also	O
the	O
one	O
with	O
the	O
highest	O
number	O
of	O
people	O
suffering	O
extreme	O
poverty	O
(	O
just	O
behind	O
India	B-LOCATION
)	O
and	O
with	O
the	O
highest	O
number	O
of	O
people	O
without	O
access	O
to	O
electricity	O
.	O

Instead	O
of	O
following	O
an	O
economic	O
model	O
that	O
hurts	O
both	O
people	O
and	O
nature	O
,	O
the	O
DRC	B-LOCATION
should	O
resist	O
pressures	O
from	O
greedy	O
multinationals	O
and	O
prioritise	O
connecting	O
72	O
million	O
of	O
its	O
people	O
to	O
the	O
grid	O
.	O

You	O
can	O
bet	O
Big	B-ORGANIZATION
Oil	I-ORGANIZATION
is	O
salivating	O
at	O
the	O
chance	O
to	O
seize	O
yet	O
more	O
profits	O
from	O
climate	O
destruction	O
.	O

Yet	O
shamefully	O
,	O
none	O
of	O
the	O
eight	O
members	O
who	O
are	O
part	O
of	O
the	O
Central	B-ORGANIZATION|B-AFFILIATION
African	I-ORGANIZATION|I-AFFILIATION
Forest	I-ORGANIZATION
Initiative	I-ORGANIZATION
that	O
is	O
paying	O
Â£	B-MONEY
420	I-MONEY
m	I-MONEY
of	O
taxpayers	O
â	O
money	O
to	O
protect	O
DRC	B-LOCATION
âs	O
forests	O
â	O
the	O
UK	B-LOCATION
,	O
the	O
EU	B-ORGANIZATION
,	O
Belgium	B-LOCATION
,	O
France	B-LOCATION
,	O
Germany	B-LOCATION
,	O
the	O
Netherlands	B-LOCATION
,	O
Norway	B-LOCATION
,	O
South	B-LOCATION
Korea	I-LOCATION
â	O
have	O
uttered	O
one	O
word	O
against	O
this	O
prospective	O
oil	O
auction	O
.	O

That	O
âs	O
not	O
surprising	O
,	O
given	O
the	O
â	O
forest	O
protection	O
â	O
deal	O
does	O
nothing	O
to	O
prevent	O
oil	O
activity	O
in	O
peatlands	O
or	O
anywhere	O
else	O
.	O

As	O
Boris	B-GIVEN_NAME
Johnson	B-FAMILY_NAME
approaches	O
his	O
final	O
weeks	O
in	O
office	O
,	O
his	O
own	O
environmental	O
legacy	O
and	O
that	O
of	O
the	O
COP	B-BRANDS
26	B-MISC
risk	O
being	O
all	O
targets	O
,	O
no	O
action	O
.	O

Speeches	O
are	O
made	O
and	O
press	O
releases	O
are	O
disseminated	O
,	O
while	O
the	O
rights	O
of	O
vulnerable	O
people	O
everywhere	O
are	O
being	O
run	O
over	O
by	O
short	O
-	O
sighted	O
extractive	O
industries	O
.	O

Instead	O
,	O
I	O
would	O
like	O
to	O
see	O
donor	O
countries	O
like	O
the	O
UK	B-LOCATION
government	O
,	O
as	O
host	O
of	O
the	O
COP	B-BRANDS
26	B-MISC
and	O
one	O
of	O
the	O
chief	O
architects	O
behind	O
the	O
DRC	B-LOCATION
forest	O
protection	O
deal	O
,	O
to	O
work	O
with	O
my	O
country	O
to	O
move	O
beyond	O
the	O
model	O
of	O
destructive	O
extractivism	O
and	O
leapfrog	O
towards	O
a	O
future	O
of	O
renewable	O
and	O
clean	O
energy	O
for	O
all	O
.	O

