Durban	B-LOCATION
,	O
May	B-DATE
17	I-DATE
2022	I-DATE
(	O
IPS	B-ORGANIZATION
)	O
-	O
Global	O
goals	O
to	O
eradicate	O
child	O
labour	O
will	O
not	O
be	O
achieved	O
without	O
a	O
breakthrough	O
in	O
Africa	B-LOCATION
,	O
where	O
most	O
of	O
the	O
world	O
âs	O
160	O
million	O
children	O
entrapped	O
in	O
child	O
labour	O
work	O
in	O
rural	O
regions	O
,	O
mostly	O
in	O
agriculture	O
with	O
their	O
families	O
.	O

This	O
is	O
why	O
the	O
â	O
Durban	B-BRANDS|B-LOCATION
Call	B-MISC
to	I-MISC
Action	I-MISC
â	O
to	O
eradicate	O
child	O
labour	O
,	O
spearheaded	O
by	O
the	O
African	B-ORGANIZATION|B-AFFILIATION
Union	I-ORGANIZATION
(	O
AU	B-ORGANIZATION
)	O
,	O
the	O
International	B-ORGANIZATION
Labour	I-ORGANIZATION
Organization	I-ORGANIZATION
(	O
ILO	B-ORGANIZATION
)	O
,	O
civil	O
society	O
organisations	O
and	O
other	O
world	O
leaders	O
,	O
is	O
crucial	O
and	O
must	O
be	O
implemented	O
by	O
the	O
countries	O
on	O
the	O
continent	O
.	O

Assistant	O
Director	O
-	O
General	O
and	O
Regional	O
Director	O
for	O
Africa	B-LOCATION
of	O
ILO	B-ORGANIZATION
Cynthia	B-GIVEN_NAME
Samuel	B-FAMILY_NAME
-	I-FAMILY_NAME
Olonjuwon	I-FAMILY_NAME
told	O
delegates	O
that	O
the	O
draft	O
â	O
Durban	B-BRANDS|B-LOCATION
Call	B-MISC
to	I-MISC
Action	I-MISC
â	O
,	O
expected	O
to	O
be	O
finalised	O
and	O
formally	O
adopted	O
in	O
the	O
city	O
on	O
Friday	B-DATE
,	O
recognised	O
the	O
need	O
to	O
drive	O
change	O
in	O
the	O
world	O
.	O

She	O
was	O
speaking	O
during	O
a	O
high	O
-	O
level	O
panel	O
discussion	O
at	O
the	O
5th	O
Global	B-BRANDS
Conference	B-MISC
on	I-MISC
the	I-MISC
Elimination	I-MISC
of	I-MISC
Child	I-MISC
Labour	I-MISC
in	O
Durban	B-LOCATION
.	O

Samuel	B-GIVEN_NAME
-	B-FAMILY_NAME
Olonjuwon	I-FAMILY_NAME
concentrated	O
on	O
continental	O
-	O
specific	O
challenges	O
,	O
policy	O
priorities	O
and	O
strategic	O
partnerships	O
to	O
end	O
child	O
labour	O
in	O
Africa	B-LOCATION
.	O

Samuel	B-GIVEN_NAME
-	B-FAMILY_NAME
Olonjuwon	I-FAMILY_NAME
said	O
the	O
ILO	B-ORGANIZATION
had	O
already	O
supported	O
the	O
adoption	O
and	O
implementation	O
of	O
the	O
African	B-AFFILIATION|B-ORGANIZATION|B-AFFILIATION
Union	B-MISC|I-ORGANIZATION
Ten	B-DURATION
Year	I-DURATION
Action	B-MISC
Plan	I-MISC
on	I-MISC
Eradication	I-MISC
of	I-MISC
Child	I-MISC
Labour	I-MISC
,	I-MISC
Forced	I-MISC
Labour	I-MISC
,	I-MISC
Human	I-MISC
Trafficking	I-MISC
and	I-MISC
Modern	I-MISC
Slavery	I-MISC
in	I-MISC
Africa	I-MISC|B-LOCATION
(	O
2020-2030	B-DATE
)	O
,	O
which	O
was	O
the	O
first	O
plan	O
of	O
its	O
kind	O
in	O
the	O
world	O
.	O

She	O
said	O
stakeholders	O
engaged	O
in	O
the	O
drive	O
to	O
eliminate	O
child	O
labour	O
had	O
developed	O
the	O
foundation	O
of	O
the	O
draft	O
â	O
Durban	B-BRANDS|B-LOCATION
Call	B-MISC
to	I-MISC
Action	I-MISC
â	O
when	O
they	O
met	O
in	O
Johannesburg	B-LOCATION
to	O
prepare	O
for	O
the	O
conference	O
in	O
November	B-DATE
2021	I-DATE
.	O

â	O
The	O
ILO	B-ORGANIZATION
will	O
support	O
the	O
implementation	O
of	O
the	O
Durban	B-BRANDS|B-LOCATION
Call	B-MISC
to	I-MISC
Action	I-MISC
in	O
line	O
with	O
ILO	B-ORGANIZATION
conventions	O
and	O
the	O
AU	B-ORGANIZATION
action	O
plan	O
on	O
child	O
labour	O
,	O
â	O
Samuel	B-GIVEN_NAME
-	B-FAMILY_NAME
Olonjuwon	I-FAMILY_NAME
said	O
.	O

She	O
said	O
efforts	O
needed	O
to	O
be	O
coordinated	O
across	O
regions	O
to	O
be	O
effective	O
.	O

â	O
Africa	B-LOCATION
has	O
shown	O
that	O
it	O
is	O
ready	O
to	O
drive	O
the	O
change	O
to	O
accelerate	O
action	O
to	O
end	O
child	O
labour	O
.	O

We	O
recognise	O
there	O
is	O
still	O
a	O
long	O
way	O
to	O
go	O
,	O
but	O
we	O
also	O
know	O
the	O
commitment	O
,	O
understanding	O
and	O
the	O
resolve	O
to	O
take	O
action	O
now	O
,	O
is	O
widely	O
shared	O
.	O

The	O
need	O
to	O
act	O
with	O
urgency	O
,	O
especially	O
for	O
making	O
progress	O
on	O
an	O
annual	O
basis	O
,	O
is	O
also	O
widely	O
shared	O
.	O

We	O
must	O
coordinate	O
our	O
efforts	O
,	O
especially	O
with	O
those	O
of	O
us	O
who	O
are	O
development	O
partners	O
,	O
in	O
close	O
collaboration	O
with	O
the	O
private	O
sector	O
,	O
civil	O
society	O
and	O
we	O
as	O
social	O
partners	O
and	O
agencies	O
,	O
â	O
she	O
said	O
.	O

African	B-ORGANIZATION|B-AFFILIATION
Union	I-ORGANIZATION
Commission	I-ORGANIZATION
Department	I-ORGANIZATION
of	I-ORGANIZATION
Trade	I-ORGANIZATION
and	I-ORGANIZATION
Industry	I-ORGANIZATION
,	O
head	O
of	O
industry	O
Houssein	B-GIVEN_NAME
Guedi	B-FAMILY_NAME
,	O
highlighted	O
the	O
current	O
status	O
quo	O
of	O
child	O
labour	O
on	O
the	O
continent	O
and	O
the	O
foundational	O
points	O
of	O
the	O
draft	O
Durban	B-BRANDS|B-LOCATION
Call	B-MISC
to	I-MISC
Action	I-MISC
plan	O
.	O

He	O
said	O
92,2	O
million	O
of	O
the	O
world	O
âs	O
160	O
million	O
children	O
entrapped	O
in	O
child	O
labour	O
live	O
in	O
Africa	B-LOCATION
.	O

This	O
equates	O
to	O
21,6	O
%	O
of	O
the	O
continent	O
âs	O
400	O
million	O
child	O
population	O
.	O

Most	O
of	O
the	O
children	O
in	O
child	O
labour	O
live	O
in	O
Eastern	B-LOCATION
Africa	I-LOCATION
(	O
29,8	O
%	O
)	O
,	O
Western	B-LOCATION
Africa	I-LOCATION
(	O
22,8	O
%	O
)	O
,	O
Central	B-LOCATION
Africa	I-LOCATION
(	O
19,3	O
%	O
)	O
,	O
Southern	B-LOCATION
Africa	I-LOCATION
(	O
16,7	O
%	O
)	O
and	O
Northern	B-LOCATION
Africa	I-LOCATION
(	O
6,1	O
%	O
)	O
.	O

â	O
Most	O
child	O
labourers	O
are	O
very	O
young	O
â	O
almost	O
60	O
%	O
are	O
less	O
than	O
12	B-DURATION
years	I-DURATION
of	O
age	O
.	O

Child	O
labour	O
is	O
more	O
prevalent	O
among	O
boys	O
than	O
girls	O
.	O

Child	O
labour	O
is	O
predominantly	O
a	O
rural	O
and	O
agricultural	O
phenomenon	O
(	O
81	O
%	O
of	O
children	O
in	O
child	O
labour	O
)	O
,	O
â	O
Guedi	B-GIVEN_NAME
said	O
.	O

Some	O
45	O
%	O
of	O
children	O
in	O
child	O
labour	O
are	O
engaged	O
in	O
hazardous	O
work	O
.	O

About	O
72	O
%	O
of	O
children	O
were	O
combining	O
school	O
with	O
work	O
,	O
although	O
32,2	O
million	O
children	O
of	O
primary	O
school	O
-	O
going	O
age	O
are	O
not	O
in	O
school	O
,	O
despite	O
a	O
substantial	O
improvement	O
in	O
access	O
to	O
education	O
between	O
1990	B-DATE
and	O
2019	B-DATE
.	O

Guedi	B-GIVEN_NAME
said	O
child	O
labour	O
often	O
occurred	O
in	O
correlation	O
with	O
broader	O
development	O
challenges	O
,	O
such	O
as	O
in	O
countries	O
with	O
high	O
levels	O
of	O
informal	O
employment	O
,	O
where	O
populations	O
received	O
at	O
least	O
one	O
social	O
benefit	O
,	O
and	O
a	O
large	O
percentage	O
of	O
the	O
population	O
is	O
living	O
below	O
the	O
poverty	O
line	O
.	O

He	O
said	O
there	O
was	O
now	O
â	O
unprecedented	O
awareness	O
,	O
commitment	O
and	O
political	O
will	O
â	O
,	O
shown	O
by	O
a	O
high	O
level	O
of	O
ratifications	O
on	O
the	O
continent	O
and	O
the	O
implementation	O
of	O
policies	O
and	O
legislation	O
to	O
end	O
child	O
labour	O
in	O
recent	O
years	O
.	O

â	O
We	O
âve	O
seen	O
some	O
good	O
practices	O
emerging	O
which	O
could	O
inspire	O
Africa	B-LOCATION
and	O
the	O
rest	O
of	O
the	O
world	O
,	O
â	O
Guedi	B-GIVEN_NAME
said	O
.	O

However	O
,	O
he	O
added	O
that	O
there	O
were	O
still	O
gaps	O
in	O
legislation	O
,	O
a	O
lack	O
of	O
data	O
for	O
planning	O
and	O
weak	O
enforcement	O
,	O
particularly	O
in	O
the	O
agricultural	O
sector	O
and	O
informal	O
economy	O
where	O
child	O
labour	O
prevails	O
.	O

â	O
In	O
Johannesburg	B-LOCATION
,	O
we	O
discussed	O
the	O
importance	O
of	O
taking	O
into	O
account	O
the	O
salient	O
features	O
of	O
child	O
labour	O
on	O
the	O
continent	O
â	O
young	O
,	O
rural	O
,	O
agriculture	O
,	O
family	O
work	O
,	O
hazardous	O
work	O
,	O
out	O
of	O
school	O
/	O
combining	O
school	O
and	O
work	O
â	O
and	O
key	O
development	O
challenges	O
underlying	O
child	O
labour	O
,	O
â	O
Guedi	B-GIVEN_NAME
said	O
.	O

He	O
said	O
stakeholders	O
had	O
agreed	O
to	O
actions	O
which	O
would	O
form	O
the	O
basis	O
of	O
the	O
Durban	B-BRANDS|B-LOCATION
Call	B-MISC
to	I-MISC
Action	I-MISC
.	O

These	O
included	O
the	O
need	O
to	O
:	O

Focus	O
on	O
prevention	O
and	O
the	O
root	O
causes	O

Achieve	O
impact	O
at	O
scale	O
through	O
adequately	O
financing	O
public	O
policies	O
and	O
programmes	O

Focus	O
on	O
the	O
most	O
immediate	O
major	O
challenges	O
and	O
most	O
actionable	O
in	O
terms	O
of	O
time	O
frames	O
for	O
achieving	O
results	O

Accelerate	O
action	O
to	O
ensure	O
quality	O
universal	O
education	O
for	O
all	O
boys	O
and	O
girls	O

Expand	O
social	O
protection	O
for	O
workers	O
in	O
the	O
informal	O
economy	O
and	O
the	O
agricultural	O
sector	O

Secure	O
decent	O
work	O
for	O
adults	O

Focus	O
on	O
the	O
school	O
to	O
work	O
transition	O

Fill	O
gaps	O
in	O
legislation	O
for	O
effective	O
action	O
against	O
child	O
labour	O
,	O
especially	O
the	O
worst	O
forms	O

Take	O
large	O
scale	O
action	O
in	O
agriculture	O
and	O
rural	O
development	O

Develop	O
measures	O
to	O
deal	O
with	O
child	O
labour	O
in	O
conflict	O
and	O
crises	O

Increase	O
financing	O
for	O
child	O
labour	O
activities	O

Mobilise	O
political	O
and	O
social	O
support	O
to	O
build	O
momentum	O
for	O
accelerated	O
action	O

Improve	O
the	O
availability	O
of	O
quality	O
child	O
labour	O
data	O
and	O
research	O

Food	B-ORGANIZATION
and	I-ORGANIZATION
Agricultural	I-ORGANIZATION
Organisation	I-ORGANIZATION
(	O
FAO	B-ORGANIZATION
)	O
assistant	O
director	O
-	O
general	O
and	O
Africa	B-LOCATION
representative	O
Abebe	B-GIVEN_NAME
Haile	B-FAMILY_NAME
Gabriel	I-FAMILY_NAME
said	O
the	O
continent	O
needed	O
to	O
mitigate	O
the	O
impact	O
of	O
the	O
COVID	B-BRANDS
-	B-MISC
19	I-MISC
pandemic	O
on	O
food	O
security	O
,	O
which	O
had	O
affected	O
the	O
most	O
vulnerable	O
families	O
.	O

He	O
said	O
the	O
continent	O
needed	O
to	O
promote	O
mechanised	O
agriculture	O
to	O
reduce	O
reliance	O
on	O
children	O
,	O
expand	O
social	O
security	O
to	O
improve	O
farmers	O
â	O
resilience	O
and	O
provide	O
free	O
access	O
to	O
relevant	O
education	O
.	O

Ugandan	B-AFFILIATION
Minister	O
for	O
Gender	O
,	O
Labour	O
,	O
and	O
Social	O
Development	O
,	O
Amongi	B-GIVEN_NAME
Betty	B-FAMILY_NAME
Ongom	I-FAMILY_NAME
,	O
said	O
the	O
pandemic	O
had	O
led	O
to	O
parents	O
losing	O
their	O
jobs	O
when	O
economic	O
sectors	O
went	O
into	O
lockdown	O
,	O
many	O
children	O
had	O
lost	O
two	B-DURATION
years	I-DURATION
of	O
schooling	O
,	O
and	O
some	O
had	O
not	O
returned	O
due	O
to	O
a	O
lack	O
of	O
affordability	O
when	O
schools	O
eventually	O
reopened	O
.	O

African	B-ORGANIZATION|B-AFFILIATION
Union	I-ORGANIZATION
Commissioner	O
for	O
Economic	O
Development	O
,	O
Trade	O
,	O
Industry	O
and	O
Mining	O
,	O
Albert	B-GIVEN_NAME
Mudenda	B-FAMILY_NAME
Muchangam	I-FAMILY_NAME
,	O
said	O
child	O
labour	O
â	O
destroyed	O
the	O
future	O
of	O
our	O
children	O
â	O
.	O

â	O
You	O
find	O
child	O
labour	O
in	O
mining	O
and	O
in	O
households	O
â	O
some	O
are	O
paid	O
,	O
but	O
lowly	O
paid	O
,	O
and	O
others	O
are	O
completely	O
unpaid	O
,	O
which	O
is	O
modern	O
-	O
day	O
slavery	O
.	O

We	O
have	O
a	O
test	O
,	O
each	O
one	O
of	O
us	O
,	O
to	O
ensure	O
we	O
end	O
the	O
scourge	O
of	O
child	O
labour	O
,	O
â	O
Muchangam	B-GIVEN_NAME
said	O
.	O

â	O
We	O
have	O
an	O
obligation	O
to	O
eradicate	O
child	O
labour	O
and	O
to	O
bring	O
them	O
up	O
and	O
give	O
them	O
the	O
opportunity	O
to	O
learn	O
and	O
to	O
play	O
with	O
their	O
friends	O
so	O
they	O
should	O
grow	O
up	O
as	O
decent	O
human	O
beings	O
.	O

The	O
persistence	O
of	O
child	O
labour	O
undermines	O
that	O
,	O
and	O
it	O
also	O
contributes	O
to	O
destroying	O
their	O
lives	O
.	O

Let	O
us	O
join	O
forces	O
together	O
to	O
fight	O
the	O
scourge	O
of	O
child	O
labour	O
wherever	O
we	O
see	O
it	O
,	O
â	O
Muchangam	B-GIVEN_NAME
said	O
.	O

This	O
is	O
one	O
of	O
a	O
series	O
of	O
stories	O
that	O
IPS	B-ORGANIZATION
will	O
publish	O
during	O
the	O
5th	O
Global	B-BRANDS
Conference	B-MISC
on	I-MISC
the	I-MISC
Elimination	I-MISC
of	I-MISC
Child	I-MISC
Labour	I-MISC
in	O
Durban	B-LOCATION
,	I-LOCATION
South	I-LOCATION
Africa	I-LOCATION
.	O

