DURBAN	B-LOCATION
,	O
May	B-DATE
20	I-DATE
2022	I-DATE
(	O
IPS	B-ORGANIZATION
)	O
-	O
Governments	O
of	O
the	O
world	O
must	O
focus	O
on	O
providing	O
quality	O
free	O
education	O
and	O
prosecuting	O
corrupt	O
officials	O
and	O
people	O
who	O
siphon	O
state	O
and	O
donor	O
funds	O
as	O
crucial	O
steps	O
towards	O
taking	O
decisive	O
action	O
to	O
fight	O
child	O
labour	O
across	O
the	O
globe	O
.	O

These	O
were	O
among	O
the	O
diverse	O
opinions	O
of	O
child	O
labour	O
survivors	O
and	O
young	O
activists	O
in	O
reaction	O
to	O
the	O
Durban	B-BRANDS|B-LOCATION
Call	B-MISC
to	I-MISC
Action	I-MISC
to	O
eradicate	O
the	O
practice	O
at	O
the	O
5th	O
Global	B-BRANDS
Conference	B-MISC
on	I-MISC
the	I-MISC
Elimination	I-MISC
of	I-MISC
Child	I-MISC
Labour	I-MISC
in	O
Durban	B-LOCATION
.	O

Hundreds	O
of	O
delegates	O
,	O
including	O
world	O
leaders	O
in	O
business	O
,	O
trade	O
unions	O
and	O
civil	O
society	O
organisations	O
,	O
attended	O
the	O
conference	O
,	O
which	O
ran	O
in	O
the	O
city	O
from	O
May	B-DATE
15	I-DATE
to	I-DATE
20	I-DATE
,	I-DATE
2022	I-DATE
.	O

Sessions	O
and	O
panel	O
discussions	O
highlighted	O
topics	O
from	O
agriculture	O
,	O
climate	O
change	O
and	O
global	O
supply	O
chains	O
and	O
how	O
these	O
sectors	O
and	O
issues	O
contribute	O
to	O
child	O
labour	O
.	O

Speaking	O
during	O
the	O
closing	O
ceremony	O
on	O
Friday	B-DATE
,	O
International	B-LOCATION
Organisation	I-LOCATION
of	I-LOCATION
Employers	I-LOCATION
vice	O
president	O
for	O
Africa	B-LOCATION
,	O
Jacqueline	B-GIVEN_NAME
Mugo	B-FAMILY_NAME
,	O
highlighted	O
the	O
salient	O
points	O
of	O
the	O
11	O
-	O
page	O
Durban	B-BRANDS|B-LOCATION
Call	B-MISC
to	I-MISC
Action	I-MISC
.	O

â	O
The	O
Durban	B-BRANDS|B-LOCATION
Call	B-MISC
to	I-MISC
Action	I-MISC
is	O
a	O
comprehensive	O
action	O
plan	O
.	O

Employers	O
fully	O
support	O
this	O
plan	O
,	O
â	O
Mugo	B-GIVEN_NAME
said	O
.	O

The	O
Durban	B-BRANDS|B-LOCATION
Call	B-MISC
to	I-MISC
Action	I-MISC
aims	O
to	O
:	O

Ensure	O
decent	O
work	O
for	O
adults	O
and	O
youth	O
above	O
the	O
minimum	O
age	O
for	O
work	O

End	O
child	O
labour	O
in	O
agriculture	O

Prevent	O
and	O
eliminate	O
child	O
and	O
forced	O
labour	O
through	O
data	O
-	O
driven	O
policy	O
and	O
programmatic	O
responses	O

Realise	O
children	O
âs	O
right	O
to	O
education	O

Achieve	O
universal	O
access	O
to	O
social	O
protection	O

Increase	O
financing	O
and	O
international	O
cooperation	O
.	O

â	O
It	O
is	O
in	O
our	O
hearts	O
to	O
make	O
this	O
crucial	O
turning	O
point	O
happen	O
.	O

We	O
must	O
not	O
fail	O
the	O
children	O
of	O
the	O
world	O
.	O

This	O
implementation	O
of	O
the	O
Durban	B-LOCATION
call	O
will	O
largely	O
be	O
the	O
work	O
of	O
an	O
African	B-AFFILIATION
who	O
will	O
take	O
up	O
leadership	O
ILO	B-ORGANIZATION
later	O
this	O
year	O
,	O
so	O
we	O
have	O
no	O
reason	O
to	O
fail	O
.	O

We	O
are	O
deeply	O
committed	O
to	O
work	O
for	O
its	O
full	O
implementation	O
,	O
â	O
Mugo	B-GIVEN_NAME
said	O
.	O

Togolese	B-AFFILIATION
diplomat	O
Gilbert	B-GIVEN_NAME
Houngbo	B-FAMILY_NAME
ILO	B-ORGANIZATION
Director	O
-	O
General	O
(	O
elected	O
)	O
takes	O
up	O
his	O
new	O
position	O
on	O
October	B-DATE
1	I-DATE
,	I-DATE
2022	I-DATE
,	O
strategically	O
positioning	O
him	O
to	O
lead	O
the	O
fight	O
against	O
child	O
labour	O
globally	O
.	O

â	O
This	O
conference	O
is	O
breaking	O
new	O
ground	O
.	O

Let	O
us	O
recall	O
that	O
160	O
million	O
children	O
are	O
in	O
child	O
labour	O
,	O
half	O
of	O
which	O
are	O
involved	O
in	O
hazardous	O
work	O
that	O
puts	O
their	O
physical	O
and	O
mental	O
health	O
at	O
risk	O
.	O

We	O
must	O
not	O
forget	O
that	O
behind	O
every	O
number	O
there	O
is	O
a	O
girl	O
,	O
there	O
is	O
a	O
boy	O
like	O
any	O
other	O
who	O
wants	O
to	O
learn	O
,	O
who	O
wants	O
to	O
play	O
,	O
who	O
wants	O
to	O
be	O
cared	O
for	O
and	O
to	O
grow	O
up	O
and	O
be	O
able	O
to	O
get	O
a	O
good	O
job	O
as	O
adults	O
.	O

They	O
are	O
denied	O
the	O
most	O
basic	O
rights	O
to	O
protection	O
.	O

It	O
is	O
intolerable	O
and	O
,	O
quite	O
frankly	O
,	O
morally	O
unacceptable	O
,	O
â	O
Houngbo	B-GIVEN_NAME
said	O
.	O

According	O
to	O
the	O
International	B-ORGANIZATION
Labour	I-ORGANIZATION
Organisation	I-ORGANIZATION
âs	O
(	O
ILO	B-ORGANIZATION
)	O
and	O
UNICEF	B-ORGANIZATION
âs	O
latest	O
statistics	O
released	O
in	O
2020	B-DATE
,	O
highlighted	O
at	O
the	O
conference	O
,	O
at	O
least	O
160	O
million	O
children	O
are	O
now	O
involved	O
in	O
child	O
labour	O
,	O
a	O
surge	O
of	O
8.4	O
million	O
in	O
just	O
four	B-DURATION
years	I-DURATION
.	O

Sierra	B-ORGANIZATION|B-LOCATION
Leone	I-ORGANIZATION|I-LOCATION
Labour	I-ORGANIZATION
Congress	I-ORGANIZATION
secretary	O
-	O
general	O
Max	B-GIVEN_NAME
Conteh	B-FAMILY_NAME
blamed	O
the	O
Covid	B-BRANDS
-	B-MISC
19	I-MISC
pandemic	O
for	O
eroding	O
the	O
progress	O
made	O
in	O
the	O
fight	O
against	O
child	O
labour	O
.	O

â	O
Statistics	O
point	O
to	O
past	O
achievements	O
being	O
fast	O
eroded	O
and	O
child	O
labour	O
being	O
exacerbated	O
,	O
no	O
thanks	O
to	O
the	O
Covid	B-BRANDS
-	B-MISC
19	I-MISC
pandemic	O
.	O

This	O
has	O
resulted	O
in	O
large	O
numbers	O
of	O
children	O
dropping	O
out	O
of	O
school	O
and	O
falling	O
into	O
the	O
labour	O
market	O
,	O
â	O
Conteh	B-GIVEN_NAME
said	O
.	O

South	B-LOCATION
Africa	I-LOCATION
âs	O
Minister	O
of	O
Employment	O
and	O
Labour	O
,	O
Thulas	B-GIVEN_NAME
Nxesi	B-FAMILY_NAME
,	O
called	O
on	O
countries	O
to	O
implement	O
action	O
plans	O
to	O
fulfil	O
the	O
Durban	B-BRANDS|B-LOCATION
Call	B-MISC
to	I-MISC
Action	I-MISC
.	O

â	O
The	O
message	O
was	O
very	O
clear	O
,	O
governments	O
must	O
pass	O
the	O
necessary	O
legislation	O
,	O
governments	O
and	O
business	O
(	O
must	O
)	O
accept	O
that	O
we	O
need	O
a	O
structural	O
change	O
of	O
the	O
economy	O
,	O
it	O
must	O
not	O
just	O
be	O
about	O
profits	O
,	O
it	O
must	O
also	O
be	O
about	O
people	O
.	O

That	O
message	O
was	O
very	O
clear	O
.	O

It	O
would	O
be	O
a	O
serious	O
oversight	O
not	O
to	O
earlier	O
in	O
the	O
conference	O
,	O
children	O
delivered	O
the	O
Children	B-BRANDS
âs	B-MISC
Call	I-MISC
to	I-MISC
Action	I-MISC
,	O
which	O
highlighted	O
the	O
need	O
for	O
free	O
access	O
to	O
education	O
,	O
social	O
protection	O
,	O
the	O
provision	O
of	O
safe	O
spaces	O
during	O
crises	O
such	O
as	O
pandemics	O
and	O
climate	O
change	O
disasters	O
and	O
the	O
importance	O
of	O
evoking	O
the	O
spirit	O
of	O
â	O
nothing	O
about	O
us	O
without	O
us	O
â	O
to	O
democratically	O
include	O
children	O
in	O
policies	O
and	O
decisions	O
that	O
affect	O
their	O
lives	O
.	O

Several	O
child	O
labour	O
survivors	O
and	O
activists	O
who	O
commented	O
on	O
the	O
conference	O
and	O
the	O
Durban	B-BRANDS|B-LOCATION
Call	B-MISC
to	I-MISC
Action	I-MISC
said	O
the	O
focus	O
on	O
fighting	O
child	O
labour	O
should	O
be	O
on	O
education	O
,	O
eliminating	O
corruption	O
and	O
listening	O
to	O
children	O
âs	O
voices	O
.	O

Esther	B-GIVEN_NAME
Gomani	B-FAMILY_NAME
,	O
a	O
student	O
from	O
Malawi	B-LOCATION
,	O
was	O
satisfied	O
that	O
the	O
voice	O
of	O
some	O
60	O
children	O
,	O
who	O
represented	O
ten	O
countries	O
,	O
were	O
heard	O
during	O
special	O
children	O
âs	O
sessions	O
,	O
for	O
the	O
first	O
time	O
,	O
at	O
the	O
global	O
conference	O
.	O

â	O
Before	O
now	O
,	O
they	O
did	O
things	O
without	O
including	O
people	O
(	O
children	O
)	O
.	O
People	O
come	O
to	O
conferences	O
,	O
and	O
there	O
is	O
no	O
commitment	O
.	O
They	O
come	O
to	O
enjoy	O
the	O
benefits	O
.	O
Now	O
children	O
âs	O
voices	O
have	O
been	O
amplified	O
(	O
so	O
they	O
will	O
be	O
heard	O
)	O
â	O
nothing	O
about	O
us	O
,	O
without	O
us	O
.	O
We	O
need	O
to	O
be	O
involved	O
in	O
the	O
solutions	O
,	O
â	O
Gomani	B-GIVEN_NAME
said	O
.	O

Rajesh	B-GIVEN_NAME
Jatav	B-FAMILY_NAME
,	O
a	O
child	O
labour	O
survivor	O
from	O
India	B-LOCATION
,	O
who	O
was	O
rescued	O
by	O
the	O
Kailash	B-ORGANIZATION|B-GIVEN_NAME
Satyarthi	I-ORGANIZATION|B-FAMILY_NAME
Foundation	I-ORGANIZATION
,	O
said	O
governments	O
should	O
focus	O
on	O
providing	O
quality	O
education	O
.	O

â	O
Education	O
is	O
the	O
key	O
.	O
This	O
is	O
the	O
only	O
message	O
.	O
Look	O
after	O
quality	O
basic	O
education	O
.	O
Governments	O
have	O
lots	O
of	O
money	O
for	O
quality	O
education	O
.	O
But	O
there	O
is	O
corruption	O
.	O
They	O
should	O
use	O
this	O
money	O
on	O
stopping	O
illicit	O
flows	O
,	O
â	O
Jatav	B-GIVEN_NAME
said	O
.	O

Badaku	B-GIVEN_NAME
Marandi	B-FAMILY_NAME
,	O
a	O
survivor	O
from	O
India	B-LOCATION
agreed	O
vehemently	O
.	O

â	O
We	O
are	O
child	O
survivors	O
and	O
are	O
educated	O
,	O
we	O
challenge	O
the	O
government	O
and	O
private	O
sector	O
to	O
provide	O
quality	O
education	O
,	O
â	O
Marandi	B-GIVEN_NAME
said	O
.	O

Rebekka	B-GIVEN_NAME
Nghilalulwa	B-FAMILY_NAME
,	O
a	O
child	O
activist	O
,	O
and	O
representative	O
of	O
100	B-ORGANIZATION
million	I-ORGANIZATION
March	I-ORGANIZATION
(	O
Namibia	B-LOCATION
)	O
said	O
the	O
plan	O
needed	O
to	O
be	O
put	O
into	O
action	O
to	O
achieve	O
results	O
.	O

â	O
I	O
want	O
to	O
see	O
each	O
and	O
everyone	O
âs	O
responsibilities	O
and	O
roles	O
described	O
.	O
The	O
Durban	B-LOCATION
declaration	O
should	O
properly	O
outline	O
implementation	O
.	O
That	O
way	O
next	O
time	O
we	O
will	O
be	O
celebrating	O
and	O
not	O
deliberating	O
on	O
issues	O
.	O
It	O
would	O
be	O
disappointing	O
to	O
include	O
voices	O
just	O
for	O
show	O
.	O
As	O
much	O
as	O
we	O
are	O
young	O
,	O
we	O
have	O
the	O
experience	O
(	O
of	O
child	O
labour	O
)	O
,	O
â	O
Nghilalulwa	B-GIVEN_NAME
said	O
.	O

