A	O
prosecutor	O
in	O
Algiers	B-LOCATION
on	O
Thursday	B-DATE
demanded	O
18	O
months	O
in	O
prison	O
for	O
former	O
Algerian	B-AFFILIATION
national	O
team	O
coach	O
and	O
FC	B-ORGANIZATION
Porto	I-ORGANIZATION
star	O
Rabah	B-GIVEN_NAME
Madjer	B-FAMILY_NAME
,	O
notably	O
for	O
"	O
fraud	O
"	O
.	O

According	O
to	O
the	O
local	O
press	O
,	O
the	O
former	O
football	O
star	O
is	O
being	O
prosecuted	O
for	O
"	O
forgery	O
and	O
use	O
of	O
forgeries	O
"	O
,	O
"	O
false	O
declaration	O
"	O
and	O
"	O
swindling	O
"	O
.	O

Rabah	B-GIVEN_NAME
Madjer	B-FAMILY_NAME
,	O
63	O
,	O
owned	O
two	O
newspapers	O
"	O
Al	B-ORGANIZATION
Balagh	I-ORGANIZATION
"	O
and	O
"	O
Al	B-ORGANIZATION
Balagh	I-ORGANIZATION
Erriadhi	I-ORGANIZATION
"	O
and	O
allegedly	O
continued	O
to	O
cash	O
publicity	O
cheques	O
a	O
year	O
after	O
their	O
closure	O
.	O

The	O
plaintiff	O
,	O
the	O
National	B-ORGANIZATION
Publishing	I-ORGANIZATION
and	I-ORGANIZATION
Advertising	I-ORGANIZATION
Agency	I-ORGANIZATION
(	O
ANEP	B-ORGANIZATION
)	O
,	O
has	O
asked	O
for	O
the	O
sum	O
to	O
be	O
returned	O
and	O
for	O
damages	O
to	O
be	O
paid	O
.	O

The	O
verdict	O
will	O
be	O
delivered	O
on	O
9	B-DATE
June	I-DATE
.	O

Rabah	B-GIVEN_NAME
Madjer	B-FAMILY_NAME
is	O
known	O
for	O
a	O
back	O
-	O
heel	O
kick	O
he	O
made	O
during	O
the	O
1987	B-BRANDS|B-DATE
Champions	B-MISC
Cup	I-MISC
with	O
FC	B-ORGANIZATION
Porto	I-ORGANIZATION
against	O
Bayern	B-ORGANIZATION
Munich	I-ORGANIZATION
.	O

The	O
back	O
-	O
heel	O
now	O
bears	O
the	O
name	O
Madjer	B-GIVEN_NAME
.	O

He	O
was	O
the	O
Fennecs	B-ORGANIZATION
'	O
coach	O
for	O
eight	O
months	O
before	O
being	O
sacked	O
at	O
the	O
end	O
of	O
June	B-DATE
2018	I-DATE
after	O
a	O
series	O
of	O
poor	O
results	O
.	O

