The	O
prosecutor	O
's	O
office	O
on	O
Tuesday	B-DATE
demanded	O
20	B-DURATION
years	I-DURATION
jail	O
term	O
over	O
a	O
case	O
of	O
corruption	O
against	O
former	O
Algerian	B-AFFILIATION
energy	O
minister	O
Chakib	B-GIVEN_NAME
Khelil	B-FAMILY_NAME
,	O
who	O
served	O
for	O
10	B-DURATION
years	I-DURATION
under	O
President	O
Abdelaziz	B-GIVEN_NAME
Bouteflika	B-FAMILY_NAME
.	O

"	O
The	O
prosecutor	O
of	O
the	O
Sidi	B-LOCATION|B-LOCATION
M'hamed	I-LOCATION|I-LOCATION
court	I-LOCATION
in	O
Algiers	B-LOCATION
has	O
requested	O
20	B-DURATION
years	I-DURATION
in	O
prison	O
for	O
Chakib	B-GIVEN_NAME
Khelil	B-FAMILY_NAME
and	O
10	B-DURATION
years	I-DURATION
for	O
the	O
former	O
head	O
of	O
the	O
state	O
-	O
owned	O
hydrocarbon	O
giant	O
Sonatrach	B-ORGANIZATION
,	O
Mohamed	B-GIVEN_NAME
Meziane	B-FAMILY_NAME
,	O
who	O
is	O
on	O
trial	O
in	O
the	O
same	O
case	O
,	O
"	O
the	O
APS	B-ORGANIZATION
agency	O
reported	O
.	O

The	O
former	O
strongman	O
of	O
the	O
hydrocarbons	O
sector	O
in	O
Algeria	B-LOCATION
is	O
being	O
tried	O
in	O
absentia	O
while	O
Mr	O
Meziane	B-GIVEN_NAME
is	O
serving	O
a	O
prison	O
sentence	O
in	O
Algeria	B-LOCATION
in	O
another	O
case	O
.	O

The	O
prison	O
sentences	O
come	O
with	O
heavy	O
fines	O
and	O
the	O
confiscation	O
of	O
all	O
of	O
Khelil	B-GIVEN_NAME
's	O
assets	O
as	O
well	O
as	O
those	O
of	O
his	O
family	O
.	O

The	O
prosecutor	O
's	O
office	O
also	O
asked	O
for	O
the	O
confirmation	O
of	O
the	O
international	O
arrest	O
warrant	O
issued	O
in	O
2019	B-DATE
against	O
Khelil	B-GIVEN_NAME
,	O
who	O
is	O
reported	O
to	O
be	O
on	O
the	O
run	O
abroad	O
.	O

The	O
two	O
former	O
senior	O
officials	O
are	O
being	O
prosecuted	O
along	O
with	O
other	O
co	O
-	O
defendants	O
for	O
"	O
corruption	O
in	O
the	O
Arzew	B-LOCATION
(	I-LOCATION
Oran	I-LOCATION
,	I-LOCATION
west	I-LOCATION
)	O
gas	O
complex	O
affair	O
"	O
,	O
"	O
granting	O
undue	O
privileges	O
"	O
,	O
"	O
abuse	O
of	O
office	O
"	O
and	O
"	O
concluding	O
contracts	O
in	O
violation	O
of	O
laws	O
and	O
regulations	O
"	O
.	O

During	O
the	O
trial	O
,	O
several	O
foreign	O
companies	O
active	O
in	O
the	O
energy	O
sector	O
were	O
also	O
being	O
prosecuted	O
.	O

Khelil	B-GIVEN_NAME
,	O
82	O
,	O
left	O
the	O
government	O
in	O
2010	B-DATE
after	O
being	O
accused	O
of	O
financial	O
malpractice	O
against	O
the	O
CEO	O
and	O
senior	O
executives	O
of	O
the	O
then	O
Sonatrach	B-ORGANIZATION
group	O
,	O
who	O
were	O
eventually	O
convicted	O
.	O

In	O
2013	B-DATE
,	O
the	O
Algerian	B-AFFILIATION
judiciary	O
,	O
then	O
headed	O
by	O
Belkacem	B-GIVEN_NAME
Zeghmati	B-FAMILY_NAME
,	O
issued	O
an	O
international	O
arrest	O
warrant	O
against	O
him	O
as	O
part	O
of	O
an	O
investigation	O
into	O
the	O
payment	O
of	O
commissions	O
by	O
a	O
subsidiary	O
of	O
the	O
Italian	B-AFFILIATION
giant	O
ENI	B-ORGANIZATION
to	O
obtain	O
contracts	O
in	O
Algeria	B-LOCATION
,	O
a	O
scandal	O
that	O
has	O
been	O
the	O
subject	O
of	O
several	O
trials	O
in	O
Italy	B-LOCATION
and	O
Algeria	B-LOCATION
.	O

He	O
returned	O
to	O
Algeria	B-LOCATION
in	O
2016	B-DATE
after	O
the	O
proceedings	O
against	O
him	O
were	O
dropped	O
,	O
before	O
going	O
back	O
abroad	O
when	O
the	O
case	O
was	O
relaunched	O
.	O

During	O
his	O
management	O
of	O
the	O
Energy	O
sector	O
,	O
he	O
was	O
accused	O
by	O
many	O
of	O
sabotaging	O
the	O
gas	O
field	O
of	O
Hassi	B-LOCATION
RÃ¢	I-LOCATION
â¬	I-LOCATION
â¢	I-LOCATION
mel	I-LOCATION
,	O
the	O
largest	O
in	O
the	O
country	O
.	O

In	O
2005	B-DATE
,	O
he	O
also	O
tried	O
to	O
introduce	O
a	O
reform	O
of	O
the	O
law	O
on	O
hydrocarbons	O
which	O
had	O
been	O
deemed	O
too	O
favourable	O
to	O
foreign	O
companies	O
.	O

