Some	O
200	O
people	O
,	O
mostly	O
tourists	O
and	O
truckers	O
,	O
were	O
stranded	O
Sunday	B-DATE
by	O
a	O
fierce	O
snowstorm	O
in	O
the	O
Andes	B-LOCATION
mountains	O
near	O
the	O
Argentina	B-LOCATION
-	O
Chile	B-LOCATION
border	O
,	O
with	O
temperatures	O
plunging	O
well	O
below	O
freezing	O
,	O
local	O
officials	O
said	O
.	O

Another	O
120	O
people	O
were	O
rescued	O
early	O
in	O
the	O
day	O
by	O
police	O
and	O
military	O
personnel	O
in	O
and	O
around	O
the	O
towns	O
of	O
Las	B-LOCATION
Cuevas	I-LOCATION
and	O
Los	B-LOCATION
Penitentes	I-LOCATION
at	O
an	O
altitude	O
of	O
more	O
than	O
3,000	O
metres	O
(	O
9,842	O
feet	O
)	O
.	O

"	O
There	O
are	O
temperatures	O
of	O
minus	O
10	O
degrees	O
Celsius	O
[	O
14	O
degrees	O
Fahrenheit	O
]	O
,	O
with	O
more	O
than	O
one	O
metre	O
of	O
snow	O
accumulated	O
on	O
the	O
roads	O
,	O
"	O
Hector	B-GIVEN_NAME
Tello	B-FAMILY_NAME
,	O
an	O
official	O
from	O
the	O
village	O
of	O
Las	B-LOCATION
Heras	I-LOCATION
,	O
told	O
channel	O
C	B-ORGANIZATION
5	I-ORGANIZATION
N	I-ORGANIZATION
.	O

The	O
powerful	O
winter	O
storm	O
hit	O
Saturday	B-DATE
,	O
hammering	O
the	O
mountain	O
road	O
connecting	O
the	O
two	O
countries	O
and	O
stranding	O
more	O
than	O
300	O
vehicles	O
along	O
the	O
route	O
.	O
The	O
Los	B-LOCATION
Libertadores	I-LOCATION
border	O
crossing	O
was	O
shut	O
down	O
by	O
authorities	O
.	O

The	O
region	O
,	O
some	O
1,200	O
kilometres	O
west	O
of	O
Buenos	B-LOCATION
Aires	I-LOCATION
,	O
has	O
been	O
hit	O
by	O
a	O
polar	O
cold	O
snap	O
.	O

Evacuees	O
were	O
moved	O
to	O
shelters	O
in	O
nearby	O
towns	O
,	O
and	O
Tello	B-GIVEN_NAME
said	O
officials	O
were	O
aiming	O
to	O
complete	O
the	O
remaining	O
rescues	O
by	O
Monday	B-DATE
.	O

Weather	O
conditions	O
,	O
however	O
,	O
"	O
continue	O
to	O
be	O
bad	O
,	O
"	O
he	O
added	O
.	O

