For	O
the	O
first	O
time	O
in	O
quite	O
a	O
while	O
,	O
the	O
rest	O
of	O
the	O
world	O
seems	O
headed	O
down	O
a	O
similar	O
path	O
as	O
Argentina	B-LOCATION
,	O
with	O
inflation	O
looking	O
increasingly	O
uncontrollable	O
and	O
a	O
looming	O
recession	O
that	O
will	O
hit	O
both	O
rich	O
and	O
poor	O
nations	O
alike	O
.	O

Global	O
poverty	O
has	O
been	O
on	O
the	O
rise	O
,	O
just	O
like	O
in	O
our	O
country	O
,	O
and	O
there	O
âs	O
a	O
very	O
real	O
risk	O
of	O
a	O
cascading	O
global	O
debt	O
crisis	O
given	O
rising	O
interest	O
rates	O
and	O
slowing	O
or	O
even	O
negative	O
growth	O
.	O

Social	O
unrest	O
has	O
been	O
on	O
the	O
rise	O
,	O
recently	O
claiming	O
Sri	B-LOCATION
Lanka	I-LOCATION
as	O
one	O
of	O
its	O
latest	O
victims	O
as	O
president	O
Gotabaya	B-GIVEN_NAME
Rajapaksa	B-FAMILY_NAME
was	O
forced	O
out	O
of	O
office	O
and	O
fled	O
the	O
nation	O
given	O
energy	O
and	O
food	O
shortages	O
,	O
a	O
situation	O
that	O
could	O
quickly	O
spread	O
to	O
other	O
countries	O
on	O
the	O
brink	O
.	O

And	O
then	O
there	O
âs	O
the	O
war	O
,	O
with	O
Russia	B-LOCATION
âs	O
invasion	O
of	O
Ukraine	B-LOCATION
hardening	O
NATO	B-ORGANIZATION
âs	O
stance	O
as	O
it	O
also	O
eyes	O
conflicts	O
with	O
China	B-LOCATION
.	O

In	O
this	O
world	O
in	O
distress	O
,	O
Argentina	B-LOCATION
continues	O
to	O
drown	O
in	O
the	O
proverbial	O
glass	O
of	O
water	O
,	O
but	O
actually	O
has	O
an	O
opportunity	O
to	O
finally	O
organise	O
its	O
internal	O
political	O
mess	O
and	O
maybe	O
come	O
out	O
of	O
this	O
global	O
crisis	O
quicker	O
and	O
stronger	O
than	O
the	O
others	O
.	O

Unfortunately	O
,	O
that	O
depends	O
on	O
our	O
political	O
class	O
.	O

Most	O
informed	O
Argentines	B-AFFILIATION
are	O
nât	O
too	O
interested	O
in	O
international	O
affairs	O
,	O
even	O
if	O
they	O
may	O
be	O
able	O
to	O
name	O
the	O
starting	O
line	O
-	O
up	O
of	O
several	O
major	O
European	B-AFFILIATION
football	O
teams	O
and	O
even	O
the	O
relatively	O
obscure	O
names	O
of	O
their	O
stadiums	O
.	O

The	O
global	O
situation	O
is	O
indeed	O
troubling	O
.	O

The	O
Covid	B-BRANDS
-	B-MISC
19	I-MISC
pandemic	O
created	O
a	O
series	O
of	O
distortions	O
that	O
exacerbated	O
underlying	O
asymptomatic	O
trends	O
.	O

Governments	O
around	O
the	O
globe	O
relied	O
on	O
fiscal	O
injections	O
in	O
order	O
to	O
counteract	O
the	O
economic	O
standstill	O
caused	O
by	O
lockdown	O
orders	O
,	O
giving	O
rich	O
nations	O
an	O
advantage	O
over	O
their	O
poor	O
and	O
developing	O
peers	O
.	O

At	O
the	O
same	O
time	O
,	O
global	O
supply	O
chains	O
broke	O
down	O
in	O
an	O
important	O
part	O
as	O
a	O
consequence	O
of	O
China	B-LOCATION
âs	O
strict	O
zero	O
-	O
Covid	B-BRANDS
policy	O
,	O
unmasking	O
the	O
fragilities	O
of	O
the	O
globalised	O
model	O
of	O
production	O
and	O
consumption	O
that	O
had	O
progressively	O
consolidated	O
after	O
the	O
fall	O
of	O
the	O
Soviet	B-LOCATION
Union	I-LOCATION
.	O

With	O
inflationary	O
pressures	O
mounting	O
from	O
the	O
supply	O
side	O
,	O
along	O
with	O
decades	O
of	O
easy	O
money	O
policies	O
from	O
the	O
United	B-LOCATION
States	I-LOCATION
and	O
the	O
European	B-AFFILIATION|B-AFFILIATION
Union	B-ORGANIZATION
,	O
Russian	B-AFFILIATION
Premier	O
Vladimir	B-GIVEN_NAME
Putin	B-FAMILY_NAME
decided	O
to	O
invade	O
Ukraine	B-LOCATION
,	O
causing	O
severe	O
disruptions	O
to	O
global	O
food	O
and	O
energy	O
markets	O
,	O
pushing	O
price	O
increases	O
across	O
the	O
globe	O
to	O
multi	O
-	O
decade	O
highs	O
.	O
This	O
sets	O
the	O
stage	O
for	O
an	O
aggressive	O
rise	O
in	O
interest	O
rates	O
,	O
particularly	O
in	O
the	O
United	B-LOCATION
States	I-LOCATION
where	O
the	O
Federal	B-ORGANIZATION
Reserve	I-ORGANIZATION
is	O
facing	O
the	O
highest	O
inflation	O
rates	O
since	O
the	O
early	O
1980s	B-DATE
,	O
prompting	O
central	O
banker	O
Jerome	B-GIVEN_NAME
Powell	B-FAMILY_NAME
to	O
promise	O
a	O
heavy	O
hand	O
in	O
the	O
fight	O
against	O
inflation	O
,	O
meaning	O
that	O
most	O
probably	O
he	O
will	O
end	O
up	O
tipping	O
the	O
economy	O
into	O
a	O
recession	O
,	O
which	O
in	O
turn	O
will	O
drag	O
on	O
global	O
output	O
as	O
a	O
whole	O
.	O

According	O
to	O
a	O
report	O
cited	O
by	O
The	B-ORGANIZATION
Guardian	I-ORGANIZATION
,	O
authored	O
by	O
the	O
United	B-ORGANIZATION
Nations	I-ORGANIZATION
â	I-ORGANIZATION
trade	I-ORGANIZATION
and	I-ORGANIZATION
development	I-ORGANIZATION
arm	O
(	O
UNCTAD	B-ORGANIZATION
)	O
,	O
at	O
least	O
107	O
nations	O
were	O
facing	O
at	O
least	O
one	O
of	O
the	O
three	O
shocks	O
threatening	O
the	O
world	O
today	O
â	O
rising	O
food	O
prices	O
,	O
rising	O
energy	O
prices	O
,	O
and	O
tighter	O
financial	O
conditions	O
â	O
while	O
69	O
countries	O
were	O
being	O
thrashed	O
by	O
all	O
three	O
(	O
25	O
in	O
Africa	B-LOCATION
,	O
another	O
25	O
in	O
Asia	B-LOCATION
and	O
the	O
Pacific	B-LOCATION
,	O
19	O
in	O
Latin	B-LOCATION
America	I-LOCATION
)	O
.	O
According	O
to	O
figures	O
cited	O
by	O
the	O
Financial	B-ORGANIZATION
Times	I-ORGANIZATION
â	O
Gillian	B-GIVEN_NAME
Tett	B-FAMILY_NAME
,	O
total	O
global	O
debt	O
has	O
tripled	O
since	O
2000	B-DATE
and	O
doubled	O
since	O
2006	B-DATE
,	O
reaching	O
352	O
percent	O
of	O
global	O
GDP	B-BRANDS
in	O
the	O
first	O
quarter	O
of	O
2022	B-DATE
(	O
slightly	O
below	O
the	O
2021	B-DATE
peak	O
)	O
.	O
Tett	B-GIVEN_NAME
suggests	O
plenty	O
of	O
mini	O
debt	O
shocks	O
are	O
in	O
the	O
works	O
over	O
the	O
coming	O
years	O
,	O
from	O
sovereigns	O
to	O
corporate	O
,	O
both	O
in	O
advanced	O
and	O
emerging	O
economies	O
.	O
An	O
over	O
-	O
leveraged	O
economy	O
facing	O
a	O
marked	O
increase	O
in	O
inflation	O
will	O
have	O
to	O
deal	O
with	O
large	O
rate	O
hikes	O
by	O
the	O
Fed	B-ORGANIZATION
and	O
other	O
major	O
central	O
banks	O
,	O
which	O
will	O
raise	O
borrowing	O
costs	O
across	O
the	O
globe	O
and	O
put	O
pressure	O
on	O
emerging	O
markets	O
â	O
financial	O
stability	O
,	O
with	O
60	O
percent	O
of	O
low	O
-	O
income	O
countries	O
in	O
high	O
-	O
risk	O
of	O
debt	O
distress	O
or	O
directly	O
in	O
it	O
before	O
the	O
war	O
in	O
Ukraine	B-LOCATION
,	O
World	B-ORGANIZATION
Bank	I-ORGANIZATION
data	O
indicated	O
.	O

â	O
Can	O
a	O
thrice	O
-	O
leveraged	O
system	O
ever	O
really	O
deleverage	O
,	O
without	O
suffering	O
a	O
full	O
-	O
blown	O
crisis	O
(	O
that	O
is	O
,	O
mass	O
default	O
)	O
,	O
â	O
asks	O
Tett	B-GIVEN_NAME
.	O
â	O
After	O
all	O
,	O
growth	O
is	O
unlikely	O
to	O
provide	O
an	O
exit	O
-	O
route	O
.	O
And	O
while	O
inflation	O
is	O
â	O
a	O
potential	O
route	O
for	O
reducing	O
debt	O
relative	O
to	O
GDP	B-BRANDS
,	O
â	O
as	O
the	O
JPMorgan	B-ORGANIZATION
report	O
notes	O
,	O
that	O
only	O
works	O
if	O
inflation	O
is	O
â	O
unanticipated	O
and	O
does	O
not	O
drive	O
up	O
interest	O
rates	O
.	O
â	O
Therein	O
lies	O
the	O
challenge	O
for	O
central	O
bankers	O
â	O
and	O
the	O
huge	O
philosophical	O
question	O
hanging	O
over	O
our	O
21st	O
-	O
century	O
global	O
economic	O
system	O
,	O
â	O
she	O
concludes	O
.	O

Argentina	B-LOCATION
,	O
eternally	O
in	O
crisis	O
and	O
trained	O
in	O
resilience	O
,	O
clearly	O
has	O
an	O
opportunity	O
,	O
and	O
the	O
worsening	O
of	O
the	O
situation	O
may	O
be	O
pushing	O
the	O
country	O
toward	O
a	O
resolution	O
,	O
even	O
if	O
certain	O
politicians	O
do	O
all	O
they	O
can	O
to	O
resist	O
it	O
.	O
After	O
a	O
scorched	O
earth	O
campaign	O
against	O
former	O
economy	O
minister	O
MartÃ­n	B-GIVEN_NAME
GuzmÃ¡n	B-FAMILY_NAME
,	O
the	O
former	O
Columbia	B-ORGANIZATION|B-LOCATION
University	I-ORGANIZATION
academic	O
stepped	O
down	O
in	O
bombastic	O
fashion	O
,	O
only	O
to	O
be	O
accused	O
by	O
Cristina	B-GIVEN_NAME
FernÃ¡ndez	B-FAMILY_NAME
de	I-FAMILY_NAME
Kirchner	I-FAMILY_NAME
,	O
son	O
MÃ¡ximo	B-GIVEN_NAME
and	O
de	O
facto	O
spokesman	O
AndrÃ©s	B-GIVEN_NAME
â	B-FAMILY_NAME
Cuervo	I-FAMILY_NAME
â	I-FAMILY_NAME
Larroque	I-FAMILY_NAME
of	O
irresponsibility	O
for	O
leading	O
to	O
increased	O
financial	O
stress	O
as	O
the	O
informal	O
peso	B-MONEY
-	O
dollar	B-MONEY
exchange	O
rate	O
(	O
â	O
dÃ³lar	O
blue	O
â	O
)	O
surged	O
near	O
300	B-MONEY
pesos	I-MONEY
per	O
greenback	B-MONEY
and	O
the	O
ruling	O
coalition	O
was	O
reportedly	O
on	O
the	O
verge	O
of	O
collapse	O
,	O
with	O
serious	O
rumours	O
spreading	O
of	O
President	O
Alberto	B-GIVEN_NAME
FernÃ¡ndez	B-FAMILY_NAME
âs	O
impending	O
resignation	O
circulating	O
over	O
recent	O
weeks	O
.	O

With	O
Silvina	B-GIVEN_NAME
Batakis	B-FAMILY_NAME
taking	O
over	O
from	O
GuzmÃ¡n	B-GIVEN_NAME
,	O
the	O
ruling	O
coalition	O
âs	O
main	O
shareholders	O
have	O
held	O
a	O
series	O
of	O
meetings	O
that	O
had	O
nât	O
been	O
occurring	O
given	O
egos	O
and	O
political	O
differences	O
.	O

Mrs.	O
FernÃ¡ndez	B-GIVEN_NAME
de	B-FAMILY_NAME
Kirchner	I-FAMILY_NAME
,	O
President	O
Alberto	B-GIVEN_NAME
,	O
and	O
Frente	B-ORGANIZATION
Renovador	I-ORGANIZATION
leader	O
Sergio	B-GIVEN_NAME
Massa	B-FAMILY_NAME
â	O
who	O
unsuccessfully	O
sought	O
to	O
take	O
the	O
reins	O
of	O
the	O
economic	O
cabinet	O
â	O
appear	O
to	O
have	O
reached	O
an	O
armistice	O
,	O
allowing	O
Batakis	B-GIVEN_NAME
to	O
apparently	O
push	O
forth	O
with	O
GuzmÃ¡n	B-GIVEN_NAME
âs	O
plan	O
,	O
the	O
one	O
he	O
agreed	O
to	O
with	O
the	O
International	B-ORGANIZATION
Monetary	I-ORGANIZATION
Fund	I-ORGANIZATION
(	O
let	O
âs	O
wait	O
and	O
see	O
if	O
it	O
pans	O
out	O
)	O
.	O
Indeed	O
,	O
whether	O
or	O
not	O
GuzmÃ¡n	B-GIVEN_NAME
âs	O
restructurings	O
were	O
well	O
negotiated	O
,	O
they	O
âve	O
cleared	O
an	O
impossible	O
debt	O
calendar	O
with	O
private	O
creditors	O
and	O
the	O
IMF	B-ORGANIZATION
at	O
a	O
time	O
when	O
the	O
multilateral	O
institution	O
is	O
seeing	O
a	O
flare	O
up	O
of	O
activity	O
across	O
the	O
board	O
.	O
Argentina	B-LOCATION
may	O
very	O
well	O
become	O
a	O
second	O
-	O
level	O
priority	O
in	O
the	O
short	O
-	O
to	O
-	O
medium	O
-	O
term	O
.	O

The	O
question	O
for	O
Argentina	B-LOCATION
is	O
whether	O
or	O
not	O
this	O
administration	O
can	O
shore	O
up	O
trust	O
in	O
Batakis	B-GIVEN_NAME
and	O
the	O
rest	O
of	O
the	O
economic	O
team	O
to	O
avert	O
a	O
hyperinflation	O
or	O
an	O
institutional	O
crisis	O
that	O
pushes	O
the	O
government	O
over	O
the	O
edge	O
.	O
Cristina	B-GIVEN_NAME
,	O
who	O
did	O
not	O
veto	O
Batakis	B-GIVEN_NAME
â	O
or	O
Daniel	B-GIVEN_NAME
Scioli	B-FAMILY_NAME
leading	O
the	O
Productive	B-ORGANIZATION
Development	I-ORGANIZATION
Ministry	I-ORGANIZATION
â	O
will	O
not	O
be	O
able	O
to	O
decouple	O
herself	O
from	O
this	O
government	O
âs	O
economic	O
plan	O
any	O
longer	O
.	O
She	O
also	O
has	O
to	O
be	O
careful	O
not	O
to	O
push	O
Alberto	B-GIVEN_NAME
too	O
hard	O
,	O
or	O
she	O
âll	O
have	O
to	O
take	O
over	O
the	O
Executive	O
as	O
well	O
.	O
Awash	O
with	O
natural	O
reserves	O
and	O
great	O
human	O
talent	O
,	O
Argentina	B-LOCATION
âs	O
opportunity	O
manifests	O
itself	O
once	O
again	O
,	O
even	O
against	O
our	O
will	O
.	O
We	O
âll	O
see	O
if	O
we	O
can	O
take	O
it	O
this	O
time	O
.	O

