lia	O
Cecilia	B-GIVEN_NAME
Giovanola	B-FAMILY_NAME
,	O
a	O
founding	O
member	O
of	O
the	O
Grandmothers	B-ORGANIZATION
of	I-ORGANIZATION
the	I-ORGANIZATION
Plaza	I-ORGANIZATION|B-LOCATION
del	I-ORGANIZATION|I-LOCATION
Mayo	I-ORGANIZATION|I-LOCATION
,	O
died	O
last	O
Monday	B-DATE
at	O
the	O
age	O
of	O
96	O
,	O
seven	B-DURATION
years	I-DURATION
after	O
she	O
was	O
reunited	O
with	O
her	O
grandson	O
,	O
snatched	O
after	O
being	O
born	O
in	O
captivity	O
during	O
the	O
1976-83	B-DATE
military	O
dictatorship	O
.	O

â	O
A	O
courageous	O
woman	O
has	O
gone	O
,	O
an	O
activist	O
for	O
memory	O
,	O
truth	O
,	O
justice	O
and	O
joy	O
,	O
â	O
wrote	O
the	O
organisation	O
founded	O
in	O
1977	B-DATE
.	O

On	O
5	B-DATE
November	I-DATE
2015	I-DATE
,	O
after	O
39	B-DURATION
years	I-DURATION
of	O
searching	O
,	O
Giovanola	B-GIVEN_NAME
managed	O
to	O
reunite	O
with	O
MartÃ­n	B-GIVEN_NAME
Ogando	B-FAMILY_NAME
Montesano	I-FAMILY_NAME
,	O
her	O
grandson	O
,	O
who	O
months	O
before	O
had	O
agreed	O
to	O
take	O
a	O
DNA	B-BRANDS
test	O
at	O
the	O
Argentine	B-AFFILIATION
consulate	O
of	O
the	O
country	O
where	O
he	O
was	O
living	O
(	O
which	O
was	O
never	O
disclosed	O
)	O
which	O
was	O
able	O
to	O
â	O
confirm	O
his	O
identity	O
to	O
99.99	O
percent	O
accuracy	O
.	O
â	O

He	O
was	O
the	O
118th	O
grandchild	O
recovered	O
for	O
the	O
Grandmothers	B-ORGANIZATION
,	O
who	O
estimate	O
that	O
400	O
children	O
were	O
stolen	O
during	O
the	O
dictatorship	O
.	O

Since	O
then	O
12	O
others	O
have	O
appeared	O
and	O
Giovanola	B-GIVEN_NAME
,	O
like	O
the	O
other	O
grandmothers	O
,	O
followed	O
each	O
reunion	O
.	O

MartÃ­n	B-GIVEN_NAME
is	O
the	O
son	O
of	O
Jorge	B-GIVEN_NAME
Oscar	B-FAMILY_NAME
Orgando	I-FAMILY_NAME
and	O
Stella	B-GIVEN_NAME
Maris	B-FAMILY_NAME
Montesano	I-FAMILY_NAME
,	O
both	O
leftist	O
activists	O
who	O
were	O
kidnapped	O
in	O
1976	B-DATE
from	O
their	O
house	O
in	O
the	O
Buenos	B-LOCATION
Aires	I-LOCATION
provincial	O
capital	O
of	O
La	B-LOCATION
Plata	I-LOCATION
when	O
she	O
was	O
eight	O
months	O
pregnant	O
.	O

The	O
couple	O
also	O
had	O
a	O
three	O
-	O
year	O
-	O
old	O
daughter	O
,	O
Virginia	B-GIVEN_NAME
.	O

â	O
Little	O
Virginia	B-GIVEN_NAME
was	O
left	O
in	O
her	O
crib	O
.	O

Carefully	O
,	O
Delia	B-GIVEN_NAME
went	O
to	O
find	O
her	O
and	O
took	O
care	O
of	O
her	O
,	O
all	O
the	O
while	O
desperately	O
searching	O
for	O
Jorge	B-GIVEN_NAME
and	O
Stella	B-GIVEN_NAME
Maris	B-FAMILY_NAME
,	O
â	O
wrote	O
the	O
organisation	O
in	O
its	O
farewell	O
statement	O
to	O
her	O
.	O

When	O
she	O
turned	O
18	O
,	O
Virginia	B-GIVEN_NAME
helped	O
her	O
grandmother	O
in	O
the	O
search	O
,	O
but	O
fell	O
into	O
a	O
deep	O
depression	O
and	O
took	O
her	O
own	O
life	O
,	O
aged	O
39	O
,	O
only	O
four	B-DURATION
years	I-DURATION
before	O
the	O
reappearance	O
of	O
her	O
brother	O
.	O

It	O
was	O
learned	O
from	O
testimonies	O
of	O
survivors	O
that	O
the	O
couple	O
were	O
taken	O
to	O
a	O
secret	O
detention	O
centre	O
named	O
â	O
Pozo	B-LOCATION
de	I-LOCATION
Banfield	I-LOCATION
,	O
â	O
on	O
the	O
outskirts	O
of	O
Buenos	B-LOCATION
Aires	I-LOCATION
,	O
where	O
the	O
young	O
woman	O
gave	O
birth	O
on	O
5	B-DATE
December	I-DATE
,	I-DATE
1976	I-DATE
,	O
â	O
handcuffed	O
and	O
blindfolded	O
,	O
on	O
top	O
of	O
a	O
metal	O
sheet	O
,	O
â	O
continued	O
the	O
statement	O
.	O

â	O
Two	B-DURATION
days	I-DURATION
later	O
,	O
her	O
baby	O
was	O
taken	O
from	O
her	O
and	O
sold	O
to	O
a	O
couple	O
,	O
and	O
she	O
was	O
taken	O
to	O
Pozo	B-LOCATION
de	I-LOCATION
Quilmes	I-LOCATION
,	O
another	O
secret	O
prison	O
,	O
â	O
the	O
Abuelas	B-ORGANIZATION
wrote	O
.	O

The	O
couple	O
are	O
still	O
missing	O
.	O

In	O
October	B-DATE
1977	I-DATE
,	O
Delia	B-GIVEN_NAME
formed	O
part	O
of	O
the	O
group	O
of	O
women	O
who	O
founded	O
the	O
Grandmothers	B-ORGANIZATION
of	I-ORGANIZATION
the	I-ORGANIZATION
Plaza	I-ORGANIZATION|B-LOCATION
del	I-ORGANIZATION|I-LOCATION
Mayo	I-ORGANIZATION|I-LOCATION
.	O

As	O
well	O
as	O
looking	O
for	O
the	O
kidnapped	O
and	O
missing	O
children	O
,	O
as	O
the	O
Mothers	B-ORGANIZATION
of	I-ORGANIZATION
the	I-ORGANIZATION
Plaza	I-ORGANIZATION|B-LOCATION
del	I-ORGANIZATION|I-LOCATION
Mayo	I-ORGANIZATION|I-LOCATION
did	O
,	O
they	O
dedicated	O
themselves	O
to	O
finding	O
the	O
babies	O
born	O
in	O
captivity	O
and	O
illegally	O
given	O
to	O
families	O
,	O
who	O
were	O
usually	O
accomplices	O
of	O
the	O
regime	O
.	O

There	O
is	O
a	O
famous	O
photograph	O
of	O
Giovanola	B-GIVEN_NAME
in	O
the	O
Plaza	B-LOCATION
del	I-LOCATION
Mayo	I-LOCATION
with	O
a	O
card	O
that	O
reads	O
,	O
â	O
The	O
Malvinas	B-AFFILIATION
are	O
Argentine	B-AFFILIATION
,	O
and	O
so	O
are	O
the	O
disappeared	O
,	O
â	O
which	O
was	O
shown	O
in	O
1982	B-DATE
in	O
the	O
middle	O
of	O
the	O
war	O
with	O
Britain	B-LOCATION
during	O
the	O
dictatorship	O
.	O

In	O
this	O
period	O
30,000	O
â	O
disappeared	O
â	O
people	O
went	O
missing	O
,	O
according	O
to	O
human	O
rights	O
â	O
organisations	O
.	O

