Argentina	B-LOCATION
's	O
main	O
farming	O
organisations	O
staged	O
a	O
24	O
-	O
hour	O
strike	O
on	O
Wednesday	B-DATE
,	O
suspending	O
the	O
sale	O
of	O
grain	O
and	O
cattle	O
and	O
taking	O
to	O
the	O
streets	O
to	O
demand	O
changes	O
in	O
the	O
economic	O
policy	O
of	O
President	O
Alberto	B-GIVEN_NAME
Fernandez	B-FAMILY_NAME
's	O
government	O
.	O

Grouped	O
together	O
by	O
the	O
Mesa	B-ORGANIZATION
de	I-ORGANIZATION
Enlace	I-ORGANIZATION
industry	O
group	O
,	O
rural	O
producers	O
protested	O
in	O
demand	O
of	O
tax	O
relief	O
and	O
a	O
normalised	O
supply	O
of	O
fuel	O
,	O
after	O
suffering	O
from	O
diesel	O
shortages	O
in	O
recent	O
weeks	O
at	O
the	O
height	O
of	O
the	O
harvest	O
.	O

Agricultural	O
leaders	O
have	O
been	O
threatening	O
a	O
stoppage	O
of	O
commercial	O
sales	O
for	O
weeks	O
and	O
finally	O
settling	O
on	O
a	O
24	O
-	O
hour	O
halt	O
to	O
the	O
sale	O
of	O
grain	O
and	O
livestock	O
.	O

Hundreds	O
of	O
people	O
mobilised	O
on	O
roads	O
across	O
the	O
country	O
on	O
Wednesday	B-DATE
,	O
some	O
driving	O
their	O
cars	O
along	O
roads	O
with	O
Argentine	B-AFFILIATION
flags	O
hanging	O
out	O
the	O
window	O
,	O
others	O
marching	O
on	O
horses	O
,	O
others	O
driving	O
tractors	O
.	O

There	O
were	O
no	O
roadblocks	O
,	O
as	O
the	O
Mesa	B-ORGANIZATION
de	I-ORGANIZATION
Enlace	I-ORGANIZATION
âs	O
leaders	O
had	O
requested	O
beforehand	O
.	O

The	O
main	O
rally	O
,	O
in	O
which	O
leaders	O
criticised	O
the	O
"	O
tax	O
burden	O
"	O
the	O
sector	O
faces	O
,	O
took	O
place	O
at	O
the	O
symbolically	O
chosen	O
city	O
of	O
GualeguaychÃº	B-LOCATION
in	I-LOCATION
Entre	I-LOCATION
RÃ­os	I-LOCATION
Province	I-LOCATION
â	O
a	O
location	O
associated	O
with	O
2008	B-DATE
agro	O
-	O
industry	O
resistance	O
to	O
an	O
attempt	O
to	O
impose	O
a	O
greater	O
tax	O
burden	O
on	O
grain	O
exporters	O
.	O

That	O
bid	O
was	O
led	O
by	O
then	O
-	O
president	O
and	O
current	O
vice	O
-	O
president	O
Cristina	B-GIVEN_NAME
FernÃ¡ndez	B-FAMILY_NAME
de	I-FAMILY_NAME
Kirchner	I-FAMILY_NAME
.	O

"	O
It	O
is	O
a	O
cry	O
of	O
desperation	O
.	O

The	O
campo	O
ca	O
nât	O
give	O
more	O
,	O
not	O
only	O
because	O
of	O
tax	O
pressure	O
,	O
but	O
also	O
because	O
of	O
the	O
pressure	O
felt	O
by	O
the	O
lack	O
of	O
policies	O
.	O

There	O
is	O
uncertainty	O
and	O
distrust	O
,	O
"	O
said	O
Jorge	B-GIVEN_NAME
Chemes	B-FAMILY_NAME
,	O
president	O
of	O
Confederaciones	B-ORGANIZATION
Rurales	I-ORGANIZATION
Argentina	I-ORGANIZATION|B-LOCATION
on	O
the	O
eve	O
of	O
the	O
strike	O
.	O

Argentina	B-LOCATION
,	O
one	O
of	O
the	O
world	O
's	O
leading	O
food	O
producers	O
and	O
the	O
world	O
's	O
top	O
exporter	O
of	O
soybean	O
oil	O
and	O
meal	O
,	O
has	O
benefited	O
from	O
the	O
surge	O
in	O
grain	O
and	O
oilseed	O
prices	O
as	O
a	O
result	O
of	O
the	O
war	O
in	O
Ukraine	B-LOCATION
.	O

But	O
the	O
conflict	O
also	O
made	O
imports	O
of	O
fertilisers	O
and	O
fuels	O
,	O
essential	O
inputs	O
for	O
farmers	O
more	O
expensive	O
.	O

Argentina	B-LOCATION
imports	O
60	O
percent	O
of	O
the	O
fertilisers	O
it	O
consumes	O
,	O
and	O
15	O
percent	O
came	O
from	O
Russia	B-LOCATION
.	O

Industry	O
leaders	O
cited	O
a	O
list	O
of	O
complaints	O
,	O
including	O
the	O
shortage	O
and	O
overpricing	O
of	O
diesel	O
and	O
fertilisers	O
,	O
the	O
exchange	O
rate	O
gap	O
,	O
the	O
tax	O
burden	O
and	O
policies	O
"	O
that	O
are	O
harmful	O
to	O
agriculture	O
,	O
as	O
well	O
as	O
others	O
that	O
go	O
beyond	O
the	O
sector	O
.	O

Carlos	B-GIVEN_NAME
Achetoni	B-FAMILY_NAME
,	O
the	O
president	O
of	O
FederaciÃ³n	B-ORGANIZATION
Agraria	I-ORGANIZATION
,	O
said	O
the	O
pressures	O
on	O
farmers	O
were	O
"	O
deepening	O
with	O
the	O
crisis	O
we	O
are	O
experiencing	O
in	O
the	O
country	O
.	O
"	O

Cabinet	B-ORGANIZATION
Chief	O
Juan	B-GIVEN_NAME
Manzur	B-FAMILY_NAME
questioned	O
the	O
24	O
-	O
hour	O
strike	O
,	O
describing	O
it	O
as	O
a	O
measure	O
that	O
"	O
leads	O
to	O
nowhere	O
.	O
"	O

President	O
Alberto	B-GIVEN_NAME
ndez	B-FAMILY_NAME
's	O
government	O
â	O
has	O
always	O
favoured	O
dialogue	O
,	O
â	O
he	O
added	O
.	O

"	O
With	O
great	O
respect	O
and	O
humility	O
,	O
we	O
do	O
not	O
agree	O
with	O
this	O
strike	O
.	O

It	O
leads	O
to	O
nowhere	O
.	O

We	O
had	O
serious	O
difficulties	O
with	O
the	O
supply	O
of	O
diesel	O
,	O
there	O
is	O
a	O
very	O
complex	O
situation	O
for	O
energy	O
matters	O
worldwide	O
,	O
and	O
fortunately	O
this	O
has	O
been	O
resolved	O
,	O
"	O
said	O
the	O
official	O
,	O
adding	O
that	O
â	O
supply	O
is	O
gradually	O
returning	O
to	O
normal	O
.	O
"	O

Agricultural	O
producers	O
are	O
demonstrating	O
just	O
two	O
weeks	O
after	O
Silvina	B-GIVEN_NAME
Batakis	B-FAMILY_NAME
took	O
office	O
as	O
economy	O
minister	O
following	O
the	O
resignation	O
of	O
her	O
predecessor	O
,	O
MartÃ­n	B-GIVEN_NAME
GuzmÃ¡n	B-FAMILY_NAME
,	O
amid	O
exchange	O
rate	O
turbulence	O
and	O
severe	O
inflation	O
.	O

Prices	O
are	O
already	O
projected	O
to	O
rise	O
76	O
percent	O
this	O
calendar	O
year	O
.	O

Agro	O
-	O
industrial	O
exports	O
are	O
expected	O
to	O
reach	O
a	O
record	O
US	B-MONEY|B-LOCATION
$	I-MONEY
41	I-MONEY
billion	I-MONEY
in	O
2022	B-DATE
,	O
some	O
US	B-MONEY|B-LOCATION
$	I-MONEY
3	I-MONEY
billion	I-MONEY
more	O
than	O
in	O
2021	B-DATE
.	O

