Sambalpur	B-LOCATION
,	I-LOCATION
India	I-LOCATION
â	O
Nityananda	B-GIVEN_NAME

Deep	B-FAMILY_NAME
has	O
worried	O
about	O
losing	O
his	O
home	O
for	O
the	O
third	O
time	O
in	O
his	O
life	O
ever	O
since	O
his	O
mud	O
house	O
was	O
marked	O
for	O
demolition	O
by	O
mining	O
officials	O
,	O
about	O
a	O
year	O
ago	O
.	O

The	O
80	O
-	O
year	O
-	O
old	O
is	O
a	O
resident	O
of	O
remote	O
Behermunda	B-LOCATION
Hamlet	I-LOCATION
in	O
Sambalpur	B-LOCATION
district	O
in	O
the	O
southern	O
Indian	B-AFFILIATION
state	O
of	O
Odisha	B-LOCATION
,	O
about	O
four	B-DURATION
hours	I-DURATION
drive	O
from	O
the	O
capital	O
Bhubaneswar	B-LOCATION
.	O

The	O
first	O
time	O
Deep	B-GIVEN_NAME
was	O
displaced	O
was	O
when	O
a	O
dam	O
was	O
built	O
in	O
the	O
area	O
in	O
1957	B-DATE
.	O

He	O
and	O
his	O
family	O
moved	O
three	O
kilometres	O
(	O
1.8	O
miles	O
)	O
away	O
to	O
a	O
two	O
-	O
acre	O
plot	O
that	O
the	O
government	O
gave	O
them	O
where	O
they	O
grew	O
paddy	O
and	O
vegetables	O
.	O

The	O
family	O
was	O
once	O
again	O
evicted	O
in	O
2005	B-DATE
when	O
their	O
land	O
was	O
allocated	O
for	O
a	O
coal	O
mine	O
,	O
the	O
Talabira	B-LOCATION
coal	O
mine	O
block	O
-	O
I	O
,	O
and	O
they	O
moved	O
to	O
a	O
barren	O
plot	O
about	O
a	O
kilometre	O
(	O
0.62	O
m	O
)	O
away	O
,	O
he	O
says	O
.	O

Now	O
Deep	B-GIVEN_NAME
and	O
his	O
family	O
of	O
13	O
are	O
once	O
again	O
facing	O
displacement	O
as	O
the	O
government	O
plans	O
to	O
expand	O
mining	O
in	O
the	O
area	O
.	O

â	O
Now	O
where	O
do	O
we	O
go	O
?	O
â	O
asks	O
Deep	B-GIVEN_NAME
,	O
his	O
voice	O
shaky	O
with	O
age	O
.	O

The	O
septuagenarian	O
is	O
not	O
alone	O
.	O

Some	O
30	O
households	O
in	O
the	O
hamlet	O
of	O
300	O
people	O
will	O
be	O
displaced	O
for	O
the	O
third	O
time	O
.	O

The	O
villagers	O
are	O
part	O
of	O
the	O
1,894	O
families	O
â	O
9,467	O
people	O
â	O
in	O
six	O
villages	O
who	O
face	O
displacement	O
for	O
the	O
Talabira	B-LOCATION
coal	O
blocks	O
II	O
and	O
III	O
in	O
the	O
Sambalpur	B-LOCATION
and	O
Jharsuguda	B-LOCATION
districts	O
.	O

Indian	B-AFFILIATION
billionaire	O
Gautam	B-GIVEN_NAME
Adani	B-FAMILY_NAME
âs	O
enterprise	O
owns	O
Talabira	B-LOCATION
-	O
I	O
and	O
has	O
the	O
rights	O
to	O
mine	O
the	O
other	O
two	O
blocks	O
.	O

The	O
move	O
to	O
step	O
up	O
mining	O
comes	O
on	O
the	O
heels	O
of	O
the	O
early	O
start	O
of	O
a	O
hotter	O
than	O
expected	O
summer	O
with	O
an	O
increase	O
in	O
demand	O
loading	O
power	O
lines	O
and	O
coal	O
stocks	O
running	O
low	O
,	O
leading	O
to	O
calls	O
to	O
dig	O
and	O
import	O
more	O
coal	O
.	O

But	O
experts	O
say	O
that	O
with	O
an	O
estimated	O
allocated	O
coal	O
reserve	O
of	O
1.5	O
million	O
tonnes	O
,	O
India	B-LOCATION
does	O
nât	O
really	O
have	O
a	O
coal	O
shortage	O
and	O
there	O
is	O
no	O
need	O
for	O
new	O
coal	O
blocks	O
.	O

â	O
The	O
country	O
has	O
enough	O
coal	O
blocks	O
operational	O
for	O
mining	O
and	O
most	O
of	O
them	O
are	O
still	O
not	O
mined	O
till	O
capacity	O
,	O
â	O
said	O
Nandikesh	B-GIVEN_NAME
Sivalingam	B-FAMILY_NAME
,	O
director	O
of	O
the	O
Centre	B-ORGANIZATION
for	I-ORGANIZATION
Research	I-ORGANIZATION
on	I-ORGANIZATION
Energy	I-ORGANIZATION
and	I-ORGANIZATION
Clean	I-ORGANIZATION
Air	I-ORGANIZATION
,	O
a	O
non	O
-	O
profit	O
think	O
-	O
tank	O
.	O

The	O
problem	O
,	O
he	O
says	O
,	O
is	O
a	O
combination	O
of	O
poor	O
planning	O
and	O
fiscal	O
issues	O
that	O
has	O
prevented	O
the	O
coal	O
from	O
getting	O
to	O
where	O
it	O
is	O
needed	O
in	O
time	O
.	O

â	O
New	O
investments	O
should	O
be	O
focused	O
on	O
improving	O
efficiency	O
of	O
the	O
sector	O
and	O
not	O
on	O
creating	O
new	O
power	O
plants	O
or	O
coal	O
mines	O
.	O

Green	O
cover	O
should	O
not	O
be	O
unnecessarily	O
destroyed	O
for	O
the	O
sake	O
of	O
opening	O
new	O
coal	O
blocks	O
when	O
it	O
âs	O
not	O
required	O
,	O
â	O
he	O
said	O
.	O

â	O
Thieves	O
on	O
our	O
own	O
land	O
â	O

Talabira	B-LOCATION
coal	O
block	O
-	O
I	O
was	O
allocated	O
to	O
Hindalco	B-ORGANIZATION
Industries	I-ORGANIZATION
,	O
which	O
operated	O
it	O
from	O
2005	B-DATE
until	O
2014	B-DATE
,	O
when	O
India	B-LOCATION
âs	O
top	O
court	O
cancelled	O
the	O
mining	O
licenses	O
of	O
218	O
coal	O
blocks	O
,	O
including	O
Talabira	B-LOCATION
-	O
I	O
,	O
after	O
it	O
declared	O
them	O
illegal	O
.	O

In	O
2015	B-DATE
the	O
government	O
gave	O
the	O
block	O
to	O
another	O
private	O
company	O
,	O
GMR	B-ORGANIZATION
Chhattisgarh	I-ORGANIZATION
Energy	I-ORGANIZATION
Ltd	I-ORGANIZATION
,	O
that	O
had	O
to	O
stop	O
mining	O
in	O
2018	B-DATE
when	O
its	O
approval	O
expired	O
.	O

In	O
2019	B-DATE
the	O
Adani	B-ORGANIZATION
Group	I-ORGANIZATION
bought	O
out	O
that	O
company	O
and	O
renamed	O
it	O
Raipur	B-ORGANIZATION
Energen	I-ORGANIZATION
Limited	I-ORGANIZATION
.	O

It	O
âs	O
yet	O
to	O
start	O
mining	O
here	O
.	O

When	O
the	O
coal	O
block	O
was	O
allocated	O
to	O
Hindalco	B-ORGANIZATION
,	O
some	O
69	O
hectares	O
(	O
170	O
acres	O
)	O
of	O
land	O
were	O
taken	O
away	O
for	O
mining	O
,	O
including	O
50	O
hectares	O
(	O
123	O
acres	O
)	O
of	O
forest	O
which	O
was	O
rich	O
with	O
mango	O
,	O
sal	O
and	O
medicinal	O
trees	O
that	O
were	O
used	O
for	O
making	O
natural	O
medicines	O
,	O
said	O
Damru	B-GIVEN_NAME
Rohi	B-FAMILY_NAME
Das	I-FAMILY_NAME
,	O
40	O
,	O
a	O
resident	O
of	O
Behermunda	B-LOCATION
Hamlet	I-LOCATION
who	O
depended	O
on	O
that	O
work	O
for	O
his	O
livelihood	O
.	O

Das	B-GIVEN_NAME
says	O
he	O
was	O
offered	O
140,000	B-MONEY
rupees	I-MONEY
(	O
$	B-MONEY
1,800	I-MONEY
)	O
per	O
acre	O
,	O
an	O
amount	O
he	O
calls	O
â	O
a	O
pittance	O
â	O
.	O

The	O
government	O
also	O
offered	O
jobs	O
to	O
those	O
who	O
had	O
lost	O
both	O
land	O
and	O
their	O
house	O
.	O

Since	O
Das	B-GIVEN_NAME
had	O
lost	O
only	O
his	O
land	O
,	O
there	O
was	O
no	O
job	O
offer	O
for	O
him	O
and	O
he	O
turned	O
to	O
doing	O
menial	O
jobs	O
in	O
agricultural	O
fields	O
to	O
earn	O
a	O
living	O
,	O
he	O
told	O
Al	B-ORGANIZATION
Jazeera	I-ORGANIZATION
.	O

Once	O
the	O
mining	O
was	O
halted	O
on	O
court	O
orders	O
in	O
2014	B-DATE
,	O
Das	B-GIVEN_NAME
switched	O
to	O
extracting	O
coal	O
from	O
the	O
closed	O
Talabira	B-LOCATION
-	O
I	O
mine	O
to	O
sell	O
to	O
make	O
ends	O
meet	O
â	O
but	O
he	O
has	O
been	O
accused	O
of	O
stealing	O
the	O
coal	O
,	O
he	O
said	O
.	O

Das	B-GIVEN_NAME
and	O
other	O
villagers	O
like	O
Kartik	B-GIVEN_NAME
Rohi	B-FAMILY_NAME
Das	I-FAMILY_NAME
(	O
the	O
two	O
are	O
not	O
related	O
)	O
go	O
to	O
the	O
mines	O
at	O
4am	O
to	O
avoid	O
getting	O
caught	O
by	O
the	O
police	O
.	O

Once	O
they	O
dig	O
out	O
the	O
coal	O
using	O
shovels	O
and	O
their	O
hands	O
,	O
they	O
load	O
it	O
up	O
,	O
100	O
kg	O
(	O
220	O
pounds	O
)	O
on	O
average	O
,	O
onto	O
their	O
bicycles	O
and	O
peddle	O
20	O
to	O
25	O
km	O
(	O
12-15	O
m	O
)	O
to	O
sell	O
to	O
small	O
eatery	O
owners	O
and	O
households	O
that	O
still	O
use	O
coal	O
for	O
cooking	O
.	O

That	O
work	O
fetches	O
them	O
an	O
average	O
daily	O
income	O
of	O
250-300	B-MONEY
rupees	I-MONEY
(	O
$	B-MONEY
3.18	I-MONEY
-	I-MONEY
$	I-MONEY
3.81	I-MONEY
)	O
,	O
says	O
Rohi	B-GIVEN_NAME
Das	B-FAMILY_NAME
.	O

â	O
But	O
we	O
are	O
often	O
harassed	O
by	O
the	O
cops	O
and	O
company	O
officials	O
who	O
take	O
us	O
to	O
the	O
police	O
station	O
and	O
detain	O
us	O
for	O
several	O
hours	O
,	O
â	O
he	O
added	O
.	O

â	O
We	O
are	O
labelled	O
as	O
thieves	O
and	O
accused	O
of	O
coal	O
pilferage	O
.	O

It	O
is	O
so	O
painful	O
to	O
face	O
such	O
humiliation	O
for	O
the	O
land	O
that	O
was	O
once	O
owned	O
by	O
us	O
.	O
â	O

Mining	O
in	O
Talabira	B-LOCATION
-	I-LOCATION
II	I-LOCATION
and	I-LOCATION
III	I-LOCATION

In	O
2016	B-DATE
the	O
mining	O
lease	O
for	O
Talabira	B-LOCATION
-	I-LOCATION
II	I-LOCATION
and	I-LOCATION
III	I-LOCATION
was	O
granted	O
to	O
NLC	B-ORGANIZATION
India	I-ORGANIZATION|B-LOCATION
Limited	I-ORGANIZATION
(	O
NLCIL	B-ORGANIZATION
)	O
a	O
Chennai	B-LOCATION
-	O
based	O
government	O
-	O
owned	O
company	O
,	O
to	O
supply	O
coal	O
to	O
Neyveli	B-LOCATION
Talabira	I-LOCATION
Thermal	I-LOCATION
Power	I-LOCATION
Plant	I-LOCATION
in	O
Tamil	B-LOCATION
Nadu	I-LOCATION
and	O
the	O
National	B-ORGANIZATION
Thermal	I-ORGANIZATION
Power	I-ORGANIZATION
Corporation	I-ORGANIZATION
in	O
Odisha	B-LOCATION
.	O

In	O
2018	B-DATE
,	O
Talabira	B-ORGANIZATION|B-LOCATION
(	I-ORGANIZATION|I-LOCATION
Odisha	I-ORGANIZATION|I-LOCATION
)	I-ORGANIZATION|I-LOCATION
Mining	I-ORGANIZATION
Private	I-ORGANIZATION
Limited	I-ORGANIZATION
,	O
a	O
subsidiary	O
of	O
Adani	B-ORGANIZATION
Enterprises	I-ORGANIZATION
,	O
won	O
the	O
rights	O
to	O
extract	O
coal	O
or	O
became	O
a	O
â	O
mine	O
developer	O
and	O
operator	O
â	O
for	O
both	O
the	O
blocks	O
.	O

The	O
operator	O
contractor	O
carries	O
out	O
all	O
activities	O
on	O
behalf	O
of	O
the	O
company	O
that	O
has	O
the	O
mining	O
lease	O
,	O
from	O
planning	O
and	O
development	O
of	O
the	O
mine	O
,	O
to	O
coal	O
extraction	O
and	O
transportation	O
,	O
all	O
for	O
a	O
contractually	O
agreed	O
fixed	O
fee	O
.	O

Together	O
,	O
the	O
two	O
coal	O
blocks	O
are	O
estimated	O
to	O
have	O
reserves	O
of	O
553.98	O
million	O
tonnes	O
of	O
coal	O
and	O
have	O
a	O
production	O
capacity	O
of	O
20	O
metric	O
tonnes	O
per	O
annum	O
.	O

For	O
the	O
two	O
blocks	O
the	O
government	O
has	O
earmarked	O
1,914.063	O
hectares	O
(	O
4,729	O
acres	O
)	O
across	O
the	O
six	O
villages	O
,	O
including	O
1,038.187	O
hectares	O
(	O
2,565	O
acres	O
)	O
of	O
forest	O
land	O
,	O
457.078	O
hectares	O
(	O
1,129	O
acres	O
)	O
of	O
agricultural	O
land	O
.	O

â	O
Forged	O
â	O
permits	O
and	O
pressure	O
tactics	O

Under	O
Indian	B-AFFILIATION
law	O
,	O
75	O
percent	O
of	O
residents	O
of	O
the	O
project	O
area	O
need	O
to	O
approve	O
it	O
before	O
any	O
mining	O
can	O
begin	O
.	O

Mining	O
in	O
Talabira	B-LOCATION
-	I-LOCATION
II	I-LOCATION
(	O
and	O
in	O
Talabira	B-LOCATION
-	I-LOCATION
III	I-LOCATION
when	O
that	O
starts	O
)	O
is	O
being	O
done	O
using	O
consent	O
that	O
was	O
given	O
in	O
2012	B-DATE
,	O
said	O
Dilip	B-GIVEN_NAME
Sahu	B-FAMILY_NAME
,	O
a	O
social	O
activist	O
in	O
the	O
area	O
.	O

He	O
adds	O
that	O
even	O
the	O
signatures	O
on	O
that	O
approval	O
list	O
had	O
been	O
forged	O
,	O
saying	O
the	O
handwriting	O
on	O
most	O
signatures	O
is	O
the	O
same	O
.	O

â	O
We	O
have	O
evidence	O
to	O
prove	O
that	O
forgery	O
has	O
been	O
committed	O
,	O
â	O
said	O
Sahu	B-GIVEN_NAME
.	O

A	O
lack	O
of	O
funds	O
has	O
held	O
up	O
their	O
plans	O
to	O
file	O
a	O
court	O
case	O
on	O
the	O
matter	O
,	O
he	O
said	O
.	O

NLCIL	B-ORGANIZATION
officials	O
declined	O
to	O
respond	O
to	O
Al	B-ORGANIZATION
Jazeera	I-ORGANIZATION
âs	O
questions	O
about	O
whether	O
they	O
were	O
aware	O
of	O
the	O
allegations	O
that	O
the	O
approval	O
was	O
forged	O
.	O

Villagers	O
living	O
close	O
to	O
Talabira	B-LOCATION
-	I-LOCATION
II	I-LOCATION
complain	O
that	O
the	O
waste	O
generated	O
from	O
opencast	O
mining	O
is	O
being	O
dumped	O
in	O
huge	O
quantities	O
in	O
their	O
fields	O
in	O
order	O
to	O
push	O
them	O
to	O
vacate	O
their	O
land	O
or	O
sell	O
it	O
to	O
the	O
mining	O
company	O
at	O
throwaway	O
prices	O
.	O

Khirod	B-GIVEN_NAME
Chandra	B-FAMILY_NAME
Pradhan	I-FAMILY_NAME
,	O
45	O
,	O
from	O
Patrapalli	B-LOCATION
,	O
one	O
of	O
the	O
six	O
villages	O
impacted	O
by	O
this	O
project	O
,	O
is	O
one	O
of	O
many	O
who	O
sold	O
his	O
land	O
a	O
couple	O
of	O
months	O
ago	O
as	O
the	O
soil	O
quality	O
deteriorated	O
because	O
of	O
the	O
waste	O
dumping	O
.	O

His	O
plot	O
,	O
roughly	O
0.4	O
hectares	O
(	O
one	O
acre	O
)	O
,	O
fetched	O
him	O
2.6	B-MONEY
million	I-MONEY
rupees	I-MONEY
(	O
$	B-MONEY
33,414	I-MONEY
)	O
,	O
which	O
,	O
he	O
says	O
,	O
is	O
not	O
a	O
fair	O
price	O
and	O
he	O
was	O
forced	O
to	O
sell	O
his	O
land	O
recently	O
because	O
of	O
the	O
waste	O
being	O
dumped	O
on	O
it	O
.	O

â	O
We	O
are	O
not	O
against	O
development	O
but	O
we	O
need	O
proper	O
compensation	O
,	O
houses	O
and	O
livelihood	O
opportunities	O
to	O
survive	O
,	O
â	O
he	O
said	O
.	O

Villagers	O
also	O
complain	O
of	O
frequent	O
â	O
earthquake	O
-	O
like	O
jolts	O
â	O
every	O
time	O
the	O
mine	O
operator	O
uses	O
explosives	O
to	O
dig	O
deeper	O
into	O
the	O
earth	O
and	O
which	O
have	O
put	O
their	O
lives	O
in	O
jeopardy	O
and	O
left	O
their	O
homes	O
covered	O
in	O
cracks	O
.	O

â	O
We	O
rush	O
outside	O
of	O
our	O
houses	O
every	O
day	O
when	O
the	O
siren	O
blows	O
â	O
to	O
warn	O
them	O
of	O
the	O
blasting	O
,	O
said	O
Chanchala	B-GIVEN_NAME
Boghar	B-FAMILY_NAME
,	O
80	O
,	O
a	O
widow	O
from	O
Talabira	B-LOCATION
village	O
who	O
had	O
a	O
narrow	O
escape	O
recently	O
when	O
her	O
hut	O
was	O
knocked	O
down	O
by	O
the	O
impact	O
of	O
the	O
blasting	O
when	O
she	O
was	O
outside	O
.	O

The	O
area	O
is	O
also	O
part	O
of	O
the	O
Ib	B-LOCATION
valley	I-LOCATION
which	O
was	O
identified	O
as	O
a	O
severely	O
polluted	O
area	O
as	O
per	O
the	O
Comprehensive	B-BRANDS
Environmental	B-MISC
Pollution	I-MISC
Index	I-MISC
due	O
to	O
several	O
coal	O
mines	O
in	O
the	O
area	O
.	O

NCLIC	B-ORGANIZATION
refutes	O
allegations	O

The	O
NCLIC	B-ORGANIZATION
officials	O
rebutted	O
the	O
allegations	O
made	O
by	O
the	O
villagers	O
while	O
employees	O
of	O
Adani	B-ORGANIZATION
enterprises	I-ORGANIZATION
declined	O
to	O
speak	O
on	O
the	O
matter	O
saying	O
that	O
they	O
were	O
only	O
the	O
contractors	O
working	O
for	O
NCLIC	B-ORGANIZATION
.	O

A	O
senior	O
official	O
at	O
NCLIC	B-ORGANIZATION
,	O
who	O
requested	O
anonymity	O
as	O
he	O
was	O
not	O
authorised	O
to	O
speak	O
to	O
the	O
media	O
,	O
said	O
the	O
company	O
follows	O
â	O
most	O
of	O
the	O
environmental	O
rules	O
â	O
and	O
dumps	O
extracted	O
debris	O
only	O
on	O
land	O
that	O
has	O
already	O
been	O
purchased	O
.	O

He	O
added	O
that	O
the	O
company	O
pays	O
compensation	O
as	O
per	O
government	O
norms	O
and	O
also	O
offers	O
a	O
monthly	O
allowance	O
of	O
3,000	B-MONEY
rupees	I-MONEY
(	O
$	B-MONEY
38.3	I-MONEY
)	O
to	O
every	O
adult	O
in	O
a	O
family	O
that	O
has	O
lost	O
its	O
land	O
and	O
house	O
to	O
the	O
mining	O
and	O
is	O
not	O
able	O
to	O
get	O
a	O
job	O
in	O
the	O
mining	O
company	O
.	O

The	O
amount	O
will	O
increase	O
by	O
500	B-MONEY
rupees	I-MONEY
(	O
$	B-MONEY
6.39	I-MONEY
)	O
after	O
every	O
two	B-DURATION
years	I-DURATION
,	O
he	O
said	O
.	O

â	O
We	O
have	O
offered	O
jobs	O
to	O
around	O
300	O
locals	O
[	O
in	O
the	O
mining	O
project	O
]	O
and	O
we	O
are	O
creating	O
jobs	O
in	O
a	O
phase	O
-	O
wise	O
manner	O
whenever	O
there	O
are	O
vacancies	O
,	O
â	O
the	O
official	O
said	O
adding	O
that	O
a	O
power	O
plant	O
was	O
in	O
the	O
works	O
and	O
would	O
lead	O
to	O
more	O
jobs	O
in	O
the	O
area	O
.	O

On	O
a	O
recent	O
June	B-BRANDS
evening	O
Deep	B-GIVEN_NAME
,	O
whose	O
home	O
will	O
be	O
demolished	O
for	O
Talabira	B-LOCATION
-	I-LOCATION
II	I-LOCATION
,	O
sat	O
near	O
the	O
abandoned	O
mine	O
worrying	O
about	O
the	O
career	O
options	O
for	O
his	O
grandson	O
.	O

â	O
The	O
coal	O
block	O
has	O
already	O
turned	O
the	O
youths	O
of	O
our	O
village	O
into	O
coal	O
thieves	O
who	O
are	O
regularly	O
harassed	O
by	O
the	O
administration	O
but	O
I	O
do	O
not	O
want	O
my	O
grandson	O
to	O
meet	O
a	O
similar	O
fate	O
,	O
â	O
he	O
said	O
.	O

â	O
I	O
want	O
him	O
to	O
study	O
.	O

But	O
his	O
future	O
seems	O
dark	O
once	O
we	O
become	O
homeless	O
again	O
.	O
â	O

