Mumbai	B-LOCATION
,	I-LOCATION
India	I-LOCATION
â	O

In	O
February	B-DATE
last	O
year	O
,	O
Divya	B-GIVEN_NAME
Pawar	B-FAMILY_NAME
*	O
,	O
35	O
,	O
left	O
home	O
after	O
a	O
dispute	O
with	O
her	O
husband	O
to	O
visit	O
her	O
parents	O
.	O

As	O
she	O
waited	O
for	O
a	O
bus	O
in	O
rural	O
Solapur	B-LOCATION
in	O
India	B-LOCATION
âs	O
western	B-LOCATION
Maharashtra	I-LOCATION
state	O
,	O
two	O
dominant	O
-	O
caste	O
men	O
â	O
one	O
of	O
whom	O
was	O
a	O
police	O
officer	O
â	O
stopped	O
and	O
offered	O
her	O
a	O
ride	O
.	O

However	O
,	O
instead	O
of	O
taking	O
her	O
to	O
her	O
parents	O
â	O
house	O
,	O
they	O
abducted	O
her	O
and	O
locked	O
her	O
in	O
a	O
tin	O
shed	O
on	O
a	O
farm	O
belonging	O
to	O
one	O
of	O
the	O
men	O
.	O

Out	O
of	O
earshot	O
for	O
miles	O
around	O
,	O
over	O
the	O
next	O
five	B-DURATION
days	I-DURATION
and	O
four	O
nights	O
,	O
the	O
two	O
men	O
raped	O
her	O
.	O

Eventually	O
,	O
they	O
called	O
her	O
husband	O
and	O
informed	O
him	O
she	O
could	O
be	O
found	O
at	O
a	O
hotel	O
half	O
an	O
hour	O
from	O
his	O
house	O
.	O

Once	O
home	O
,	O
Divya	B-GIVEN_NAME
âs	O
husband	O
asked	O
her	O
to	O
perform	O
a	O
â	O
purity	O
test	O
â	O
.	O

The	O
ritual	O
involved	O
pulling	O
a	O
five	B-MONEY
rupee	I-MONEY
coin	O
out	O
of	O
a	O
pot	O
of	O
boiling	O
oil	O
â	O
a	O
â	O
pure	O
â	O
woman	O
would	O
be	O
able	O
to	O
pull	O
the	O
coin	O
out	O
without	O
burning	O
herself	O
,	O
her	O
husband	O
assured	O
her	O
.	O

He	O
recorded	O
a	O
video	O
of	O
her	O
attempting	O
to	O
pull	O
the	O
coin	O
out	O
.	O

Within	O
days	O
,	O
the	O
video	O
went	O
viral	O
in	O
the	O
village	O
via	O
WhatsApp	B-ORGANIZATION
and	O
an	O
activist	O
stepped	O
in	O
to	O
help	O
Divya	B-GIVEN_NAME
register	O
a	O
First	B-BRANDS
Information	B-MISC
Report	I-MISC
(	O
FIR	B-BRANDS
)	O
,	O
the	O
first	O
of	O
many	O
steps	O
to	O
see	O
justice	O
served	O
.	O

â	O
Targets	O
of	O
violence	O
â	O

What	O
happened	O
with	O
Divya	B-GIVEN_NAME
is	O
not	O
unique	O
.	O

Crimes	O
of	O
a	O
sexually	O
violent	O
nature	O
disproportionately	O
impact	O
women	O
and	O
girls	O
from	O
India	B-LOCATION
âs	O
less	O
privleged	O
castes	O
,	O
mainly	O
Dalits	B-AFFILIATION
.	O

Dalits	B-AFFILIATION
,	O
previously	O
known	O
as	O
the	O
â	O
untouchables	O
â	O
,	O
fall	O
at	O
the	O
bottom	O
of	O
India	B-LOCATION
âs	O
complex	O
caste	O
hierarchy	O
and	O
have	O
been	O
facing	O
discrimination	O
and	O
persecution	O
by	O
privileged	O
caste	O
groups	O
for	O
centuries	O
,	O
despite	O
strict	O
Indian	B-AFFILIATION
laws	O
to	O
protect	O
the	O
community	O
.	O

According	O
to	O
the	O
National	B-ORGANIZATION
Crime	I-ORGANIZATION
Records	I-ORGANIZATION
Bureau	I-ORGANIZATION
âs	O
latest	O
data	O
,	O
there	O
was	O
a	O
45	O
percent	O
increase	O
in	O
reported	O
rapes	O
of	O
Dalit	B-AFFILIATION
women	O
between	O
2015	B-DATE
and	O
2020	B-DATE
.	O

The	O
data	O
said	O
10	O
rapes	O
of	O
Dalit	B-AFFILIATION
women	O
and	O
girls	O
were	O
reported	O
every	O
day	O
in	O
India	B-LOCATION
,	O
on	O
average	O
.	O

According	O
to	O
the	O
National	B-BRANDS
Family	B-MISC
Health	I-MISC
Survey	I-MISC
2015-2016	B-BRANDS
(	O
PDF	B-BRANDS
)	O
,	O
sexual	O
violence	O
rates	O
were	O
highest	O
among	O
women	O
from	O
Scheduled	B-BRANDS
Tribes	B-MISC
(	O
Adivasi	B-AFFILIATION
or	O
Indigenous	B-AFFILIATION
Indians	I-AFFILIATION
)	O
at	O
7.8	O
percent	O
,	O
followed	O
by	O
Scheduled	B-BRANDS
Castes	B-MISC
(	O
Dalits	B-AFFILIATION
)	O
at	O
7.3	O
percent	O
,	O
and	O
Otherwise	B-BRANDS
Backward	B-MISC
Castes	I-MISC
(	O
OBCs	B-BRANDS
)	O
at	O
5.4	O
percent	O
.	O

For	O
comparison	O
âs	O
sake	O
,	O
the	O
rate	O
was	O
4.5	O
percent	O
for	O
women	O
who	O
were	O
not	O
marginalised	O
by	O
caste	O
or	O
tribe	O
.	O

However	O
,	O
these	O
figures	O
are	O
â	O
merely	O
the	O
tip	O
of	O
the	O
iceberg	O
â	O
,	O
according	O
to	O
a	O
recent	O
report	O
by	O
the	O
Dalit	B-ORGANIZATION|B-AFFILIATION
Human	I-ORGANIZATION
Rights	I-ORGANIZATION
Defenders	I-ORGANIZATION
Network	I-ORGANIZATION
(	O
DHRDN	B-ORGANIZATION
)	O
,	O
Tata	B-ORGANIZATION|B-GIVEN_NAME
Institute	I-ORGANIZATION
of	I-ORGANIZATION
Social	I-ORGANIZATION
Sciences	I-ORGANIZATION
,	O
and	O
the	O
National	B-ORGANIZATION
Council	I-ORGANIZATION
of	I-ORGANIZATION
Women	I-ORGANIZATION
Leaders	I-ORGANIZATION
(	O
NCWL	B-ORGANIZATION
)	O
.	O

The	O
report	O
,	O
released	O
in	O
March	B-DATE
this	O
year	O
,	O
analyses	O
access	O
to	O
justice	O
by	O
documenting	O
the	O
experiences	O
of	O
survivors	O
of	O
caste	O
-	O
based	O
sexual	O
violence	O
in	O
13	O
Indian	B-AFFILIATION
states	O
:	O
Bihar	B-LOCATION
,	O
Chhattisgarh	B-LOCATION
,	O
Gujarat	B-LOCATION
,	O
Haryana	B-LOCATION
,	O
Kerala	B-LOCATION
,	O
Madhya	B-LOCATION
Pradesh	I-LOCATION
,	O
Maharashtra	B-LOCATION
,	O
Odisha	B-LOCATION
,	O
Rajasthan	B-LOCATION
,	O
Tamil	B-LOCATION
Nadu	I-LOCATION
,	O
Telangana	B-LOCATION
,	O
Uttar	B-LOCATION
Pradesh	I-LOCATION
,	O
and	O
Uttarakhand	B-LOCATION
.	O

â	O
Caste	O
atrocities	O
are	O
not	O
just	O
based	O
on	O
caste	O
;	O
they	O
âre	O
also	O
based	O
on	O
caste	O
and	O
gender	O
.	O

It	O
âs	O
Dalit	B-AFFILIATION
women	O
âs	O
bodies	O
that	O
become	O
targets	O
of	O
violence	O
.	O

For	O
the	O
majority	O
of	O
Dalit	B-AFFILIATION
girls	O
,	O
the	O
extreme	O
forms	O
of	O
violence	O
they	O
face	O
is	O
sexual	O
violence	O
,	O
â	O
lawyer	O
and	O
rights	O
activist	O
Manjula	B-GIVEN_NAME
Pradeep	B-FAMILY_NAME
,	O
also	O
the	O
director	O
of	O
campaigns	O
for	O
NCWL	B-ORGANIZATION
and	O
DHRDN	B-ORGANIZATION
,	O
told	O
Al	B-ORGANIZATION
Jazeera	I-ORGANIZATION
.	O

Indian	B-AFFILIATION
law	O
has	O
special	O
provisions	O
for	O
crimes	O
perpetrated	O
on	O
people	O
marginalised	O
by	O
caste	O
and	O
tribe	O
under	O
the	O
Prevention	B-BRANDS
of	B-MISC
Atrocities	I-MISC
(	I-MISC
PoA	I-MISC
)	I-MISC
Act	I-MISC
,	O
including	O
state	O
support	O
and	O
special	O
courts	O
to	O
streamline	O
cases	O
filed	O
under	O
the	O
law	O
.	O

However	O
,	O
for	O
cases	O
to	O
be	O
tried	O
under	O
the	O
law	O
,	O
survivors	O
must	O
first	O
report	O
these	O
crimes	O
to	O
the	O
police	O
,	O
following	O
which	O
an	O
investigation	O
occurs	O
,	O
and	O
only	O
then	O
does	O
the	O
case	O
go	O
to	O
trial	O
.	O

At	O
each	O
step	O
,	O
the	O
report	O
notes	O
access	O
to	O
justice	O
is	O
limited	O
for	O
women	O
from	O
less	O
privileged	O
castes	O
,	O
especially	O
in	O
rural	O
spaces	O
.	O

Victim	O
shaming	O
and	O
social	O
pressure	O

In	O
Pawar	B-GIVEN_NAME
âs	O
case	O
,	O
her	O
husband	O
absconded	O
â	O
and	O
remains	O
so	O
â	O
but	O
those	O
accused	O
of	O
raping	O
her	O
were	O
behind	O
bars	O
within	O
six	B-DURATION
days	I-DURATION
.	O

But	O
this	O
was	O
a	O
rarity	O
in	O
cases	O
where	O
Dalit	B-AFFILIATION
women	O
have	O
faced	O
sexual	O
assault	O
at	O
the	O
hands	O
of	O
dominant	O
-	O
caste	O
men	O
.	O

â	O
This	O
case	O
might	O
not	O
have	O
ever	O
been	O
successfully	O
resolved	O
were	O
it	O
not	O
for	O
the	O
video	O
,	O
â	O
said	O
Prachi	B-GIVEN_NAME
Salve	B-FAMILY_NAME
,	O
the	O
research	O
centre	O
coordinator	O
at	O
Manuski	B-ORGANIZATION
,	O
an	O
NGO	O
that	O
works	O
with	O
grassroots	O
activists	O
and	O
victims	O
of	O
caste	O
-	O
based	O
crimes	O
.	O

â	O
Victim	O
shaming	O
is	O
common	O
in	O
these	O
cases	O
,	O
there	O
âs	O
a	O
lot	O
of	O
pressure	O
[	O
on	O
victims	O
]	O
,	O
â	O
said	O
Salve	B-GIVEN_NAME
.	O

The	O
victim	O
shaming	O
extends	O
to	O
the	O
surrounding	O
village	O
,	O
and	O
,	O
at	O
times	O
even	O
the	O
family	O
members	O
,	O
she	O
added	O
.	O

This	O
often	O
means	O
there	O
will	O
be	O
no	O
justice	O
.	O

Owing	O
to	O
their	O
castes	O
,	O
said	O
Salve	B-GIVEN_NAME
,	O
â	O
these	O
women	O
are	O
often	O
farmers	O
,	O
labourers	O
â	O
they	O
depend	O
on	O
[	O
dominant	O
]	O
caste	O
people	O
for	O
work	O
.	O
â	O

When	O
pressure	O
and	O
threats	O
â	O
particularly	O
in	O
rural	O
areas	O
â	O
are	O
too	O
much	O
to	O
bear	O
,	O
victims	O
often	O
leave	O
home	O
.	O

â	O
Two	O
cases	O
happened	O
in	O
Maharashtra	B-LOCATION
recently	O
where	O
we	O
were	O
unable	O
to	O
trace	O
the	O
victims	O
after	O
being	O
in	O
constant	O
contact	O
with	O
them	O
initially	O
,	O
â	O
said	O
Salve	B-GIVEN_NAME
.	O

Victim	O
shaming	O
when	O
it	O
comes	O
to	O
law	O
enforcement	O
,	O
however	O
,	O
is	O
especially	O
troubling	O
,	O
Salve	B-GIVEN_NAME
said	O
.	O

â	O
When	O
I	O
interact	O
with	O
the	O
police	O
,	O
they	O
[	O
often	O
]	O
say	O
it	O
was	O
the	O
victim	O
âs	O
fault	O
.	O
â	O

In	O
most	O
cases	O
,	O
an	O
FIR	B-BRANDS
was	O
registered	O
only	O
after	O
the	O
intervention	O
of	O
NGOs	O
and	O
activists	O
,	O
the	O
report	O
said	O
.	O

On	O
average	O
,	O
according	O
to	O
the	O
report	O
,	O
registering	O
an	O
FIR	B-BRANDS
could	O
take	O
up	O
to	O
three	O
months	O
.	O

Additionally	O
,	O
since	O
medical	O
examinations	O
are	O
carried	O
out	O
once	O
an	O
FIR	B-BRANDS
is	O
registered	O
,	O
these	O
examinations	O
often	O
do	O
nât	O
provide	O
adequate	O
evidence	O
for	O
the	O
case	O
in	O
a	O
court	O
of	O
law	O
.	O

Moreover	O
,	O
the	O
FIRs	B-BRANDS
do	O
nât	O
guarantee	O
justice	O
.	O

â	O
The	O
police	O
do	O
nât	O
listen	O
to	O
the	O
survivor	O
,	O
â	O
said	O
Sangharsh	B-GIVEN_NAME
Apte	B-FAMILY_NAME
,	O
an	O
assistant	O
coordinator	O
at	O
Manuski	B-ORGANIZATION
.	O

â	O
They	O
do	O
nât	O
write	O
the	O
story	O
completely	O
as	O
described	O
by	O
the	O
survivor	O
and	O
they	O
do	O
nât	O
fill	O
in	O
the	O
correct	O
sections	O
of	O
the	O
FIR	B-BRANDS
.	O
â	O

In	O
15	O
percent	O
of	O
the	O
cases	O
where	O
survivors	O
or	O
families	O
of	O
victims	O
were	O
able	O
to	O
get	O
an	O
FIR	B-BRANDS
registered	O
,	O
justice	O
was	O
stalled	O
due	O
to	O
the	O
police	O
not	O
including	O
applicable	O
provisions	O
of	O
the	O
PoA	B-BRANDS
Act	B-MISC
.	O

As	O
a	O
result	O
,	O
grassroots	O
activists	O
and	O
fact	O
-	O
finders	O
from	O
organisations	O
such	O
as	O
Manuski	B-ORGANIZATION
become	O
crucial	O
in	O
seeing	O
such	O
cases	O
through	O
to	O
the	O
courtroom	O
.	O

â	O
[	O
We	O
]	O
fill	O
out	O
applications	O
for	O
addition	O
of	O
sections	O
in	O
the	O
FIR	B-BRANDS
when	O
these	O
are	O
missing	O
,	O
â	O
said	O
Apte	B-GIVEN_NAME
.	O

Bharti	B-GIVEN_NAME
Ghosh	B-FAMILY_NAME
,	O
a	O
spokeswoman	O
for	O
India	B-LOCATION
âs	O
governing	O
Bharatiya	B-ORGANIZATION
Janata	I-ORGANIZATION
Party	I-ORGANIZATION
told	O
Al	B-ORGANIZATION
Jazeera	I-ORGANIZATION
that	O
justice	O
in	O
cases	O
of	O
sexual	O
violence	O
â	O
must	O
be	O
delivered	O
at	O
the	O
earliest	O
as	O
justice	O
delayed	O
is	O
justice	O
denied	O
â	O
.	O

â	O
I	O
am	O
of	O
the	O
same	O
opinion	O
â	O
whatever	O
be	O
the	O
cause	O
,	O
it	O
is	O
the	O
most	O
grievous	O
of	O
offences	O
and	O
the	O
offender	O
must	O
be	O
punished	O
in	O
such	O
a	O
way	O
that	O
brings	O
relief	O
to	O
the	O
victim	O
,	O
â	O
she	O
said	O
.	O

â	O
And	O
when	O
the	O
law	O
says	O
equal	O
opportunity	O
for	O
all	O
,	O
speedy	O
justice	O
must	O
be	O
there	O
for	O
all	O
victims	O
of	O
this	O
horrendous	O
offence	O
.	O
â	O

Hurdles	O
in	O
seeking	O
justice	O

The	O
PoA	B-BRANDS
Act	B-MISC
also	O
requires	O
investigations	O
,	O
including	O
interviews	O
with	O
the	O
victim	O
,	O
to	O
be	O
carried	O
out	O
on	O
camera	O
.	O

â	O
It	O
âs	O
a	O
bit	O
expensive	O
,	O
but	O
they	O
have	O
budgetary	O
provisions	O
for	O
it	O
,	O
â	O
said	O
Apte	B-GIVEN_NAME
,	O
but	O
this	O
â	O
provision	O
is	O
often	O
unknown	O
to	O
the	O
investigating	O
officers	O
and	O
the	O
state	O
machinery	O
â	O
.	O

Additionally	O
,	O
the	O
DHRDN	B-ORGANIZATION
report	O
found	O
that	O
the	O
rules	O
of	O
the	O
health	O
ministry	O
âs	O
Medico	B-BRANDS
-	B-MISC
Legal	I-MISC
Care	I-MISC
Guidelines	I-MISC
for	I-MISC
Survivors	I-MISC
or	I-MISC
Victims	I-MISC
of	I-MISC
Sexual	I-MISC
Violence	I-MISC
were	O
either	O
poorly	O
implemented	O
or	O
ignored	O
altogether	O
.	O

â	O
At	O
the	O
time	O
of	O
medical	O
[	O
examinations	O
]	O
confidentiality	O
does	O
nât	O
exist	O
,	O
â	O
said	O
Salve	B-GIVEN_NAME
,	O
adding	O
that	O
â	O
reports	O
are	O
carried	O
out	O
in	O
general	O
wards	O
mostly	O
by	O
male	O
doctors	O
â	O
and	O
â	O
two	O
-	O
finger	O
testing	O
is	O
still	O
going	O
on	O
â	O
.	O

The	O
two	O
-	O
finger	O
test	O
is	O
an	O
intrusive	O
unscientific	O
examination	O
used	O
to	O
detect	O
a	O
ruptured	O
hymen	O
.	O

It	O
was	O
banned	O
by	O
India	B-LOCATION
âs	O
Supreme	B-ORGANIZATION
Court	I-ORGANIZATION
in	O
2013	B-DATE
.	O

Of	O
the	O
survivors	O
included	O
in	O
the	O
report	O
,	O
22	O
percent	O
reported	O
having	O
undergone	O
a	O
two	O
-	O
finger	O
test	O
following	O
a	O
rape	O
.	O

The	O
report	O
notes	O
that	O
the	O
distance	O
to	O
the	O
court	O
for	O
survivors	O
â	O
creates	O
an	O
additional	O
financial	O
burden	O
â	O
for	O
them	O
and	O
their	O
families	O
,	O
adding	O
that	O
although	O
the	O
PoA	B-BRANDS
Act	B-MISC
requires	O
that	O
special	O
courts	O
be	O
set	O
up	O
to	O
try	O
offences	O
and	O
â	O
to	O
provide	O
travelling	O
and	O
maintenance	O
expenses	O
during	O
the	O
investigation	O
and	O
trial	O
â	O
,	O
in	O
practice	O
these	O
expenses	O
are	O
rarely	O
provided	O
to	O
survivors	O
,	O
who	O
are	O
unaware	O
of	O
their	O
rights	O
.	O

â	O
We	O
talk	O
about	O
fast	O
-	O
track	O
courts	O
,	O
but	O
it	O
does	O
nât	O
happen	O
like	O
that	O
,	O
â	O
said	O
Pradeep	B-GIVEN_NAME
.	O

â	O
There	O
is	O
a	O
trial	O
that	O
âs	O
been	O
going	O
on	O
for	O
the	O
last	O
21	B-DURATION
years	I-DURATION
in	O
Gujarat	B-LOCATION
in	O
a	O
village	O
called	O
Pankhan	B-LOCATION
[	O
â¦	O
]	O

she	O
was	O
asked	O
to	O
re	O
-	O
identify	O
the	O
accused	O
,	O
who	O
had	O
gang	O
-	O
raped	O
her	O
.	O

Some	O
of	O
them	O
have	O
died	O
.	O
â	O

â	O
Despite	O
there	O
being	O
huge	O
allocations	O
under	O
the	O
implementation	O
of	O
PoA	B-BRANDS
,	O
we	O
do	O
not	O
see	O
basic	O
infrastructure	O
in	O
place	O
like	O
special	O
courts	O
,	O
speedy	O
trials	O
,	O
legal	O
aid	O
etc	O
,	O
â	O
activist	O
and	O
scholar	O
Riya	B-GIVEN_NAME
Singh	B-FAMILY_NAME
,	O
co	O
-	O
founder	O
of	O
Dalit	B-ORGANIZATION|B-AFFILIATION
Women	I-ORGANIZATION
Fight	I-ORGANIZATION
,	O
an	O
organisation	O
that	O
advocates	O
for	O
the	O
rights	O
of	O
Dalit	B-AFFILIATION
women	O
,	O
told	O
Al	B-ORGANIZATION
Jazeera	I-ORGANIZATION
.	O

â	O
For	O
the	O
past	O
two	B-DURATION
years	I-DURATION
,	O
an	O
amount	O
of	O
600	B-MONEY
crores	I-MONEY
(	O
$	B-MONEY
77.4	I-MONEY
m	I-MONEY
)	O
has	O
been	O
sanctioned	O
under	O
the	O
Strengthening	B-BRANDS
of	B-MISC
Machinery	I-MISC
for	I-MISC
Enforcement	I-MISC
of	I-MISC
Protection	I-MISC
of	I-MISC
Civil	I-MISC
Rights	I-MISC
Act	I-MISC
,	O
1995	B-DATE
and	O
the	O
Scheduled	B-BRANDS
Castes	B-MISC
-	I-MISC
Scheduled	I-MISC
Tribes	I-MISC
(	I-MISC
Prevention	I-MISC
of	I-MISC
Atrocities	I-MISC
)	I-MISC
Act	I-MISC
1989	B-DATE
.	O
We	O
do	O
not	O
know	O
where	O
this	O
money	O
is	O
going	O
,	O
â	O
she	O
said	O
.	O

Last	O
year	O
,	O
Dalit	B-AFFILIATION
activists	O
noted	O
discrepancies	O
between	O
the	O
allocated	O
and	O
prescribed	O
budgets	O
for	O
the	O
welfare	O
of	O
the	O
Schedule	B-BRANDS
Castes	B-MISC
and	O
Schedule	B-BRANDS
Tribes	B-MISC
.	O

