Police	O
in	O
Bangladesh	B-LOCATION
are	O
investigating	O
eight	O
officials	O
working	O
at	O
a	O
shipping	O
container	O
depot	O
after	O
a	O
blaze	O
killed	O
at	O
least	O
44	O
people	O
,	O
including	O
10	O
firefighters	O
,	O
and	O
injured	O
some	O
200	O
others	O
,	O
officials	O
said	O
.	O

Firefighters	O
put	O
out	O
the	O
blaze	O
at	O
the	O
depot	O
in	O
Sitakunda	B-LOCATION
,	O
40	O
km	O
(	O
25	O
miles	O
)	O
from	O
the	O
southeastern	B-LOCATION|B-LOCATION
port	I-LOCATION|I-LOCATION
city	I-LOCATION
of	I-LOCATION
Chittagong	I-LOCATION
,	O
on	O
Wednesday	B-DATE
,	O
four	B-DURATION
days	I-DURATION
after	O
it	O
began	O
late	O
on	O
Saturday	B-BRANDS
,	O
triggering	O
a	O
series	O
of	O
explosions	O
.	O

The	O
investigation	O
was	O
opened	O
into	O
officials	O
who	O
were	O
directly	O
involved	O
in	O
operating	O
the	O
BM	B-LOCATION
Container	I-LOCATION
Depot	I-LOCATION
on	O
suspicion	O
of	O
negligence	O
and	O
mismanagement	O
,	O
senior	O
police	O
official	O
Ashraful	B-GIVEN_NAME
Karim	B-FAMILY_NAME
said	O
.	O

No	O
one	O
has	O
been	O
arrested	O
.	O

The	O
owners	O
are	O
not	O
under	O
police	O
investigation	O
as	O
two	O
probe	O
committees	O
were	O
looking	O
into	O
the	O
matter	O
.	O

Authorities	O
have	O
not	O
determined	O
the	O
cause	O
of	O
the	O
disaster	O
but	O
they	O
suspect	O
a	O
container	O
of	O
hydrogen	O
peroxide	O
was	O
the	O
cause	O
of	O
a	O
massive	O
blast	O
that	O
shook	O
the	O
neighbourhood	O
followed	O
by	O
multiple	O
other	O
explosions	O
.	O

Fire	O
service	O
officials	O
said	O
they	O
had	O
not	O
been	O
informed	O
that	O
chemicals	O
were	O
being	O
stored	O
at	O
the	O
depot	O
.	O

A	O
senior	O
fire	O
service	O
official	O
,	O
Monir	B-GIVEN_NAME
Hossain	B-FAMILY_NAME
,	O
said	O
fire	O
safety	O
measures	O
had	O
not	O
been	O
implemented	O
,	O
with	O
only	O
a	O
handful	O
of	O
extinguishers	O
in	O
a	O
depot	O
storing	O
dozens	O
of	O
containers	O
full	O
of	O
everything	O
from	O
clothes	O
to	O
chemicals	O
.	O

The	O
director	O
and	O
one	O
of	O
the	O
owners	O
of	O
the	O
facility	O
did	O
not	O
answer	O
calls	O
to	O
his	O
mobile	O
telephone	O
seeking	O
comment	O
.	O

The	O
owners	O
were	O
quoted	O
on	O
Tuesday	B-DATE
in	O
Bangladesh	B-LOCATION
newspapers	O
,	O
including	O
the	O
Dhaka	B-ORGANIZATION
Tribune	I-ORGANIZATION
,	O
as	O
saying	O
hydrogen	O
peroxide	O
was	O
being	O
exported	O
through	O
the	O
depot	O
â	O
following	O
due	O
process	O
with	O
the	O
permission	O
of	O
the	O
concerned	O
authorities	O
â	O
.	O

â	O
The	O
container	O
depot	O
has	O
an	O
office	O
of	O
customs	O
authority	O
.	O

They	O
supervise	O
the	O
import	O
-	O
export	O
work	O
of	O
the	O
depot	O
round	O
the	O
clock	O
.	O

It	O
is	O
mysterious	O
that	O
just	O
one	O
of	O
the	O
thousands	O
of	O
containers	O
at	O
the	O
depot	O
exploded	O
.	O

We	O
want	O
a	O
fair	O
and	O
impartial	O
investigation	O
into	O
this	O
incident	O
,	O
â	O
Smart	B-ORGANIZATION
Group	I-ORGANIZATION
âs	O
general	O
manager	O
Shamsul	B-GIVEN_NAME
Haider	B-FAMILY_NAME
Siddiqui	I-FAMILY_NAME
was	O
quoted	O
as	O
saying	O
.	O

The	O
death	O
toll	O
has	O
risen	O
to	O
44	O
after	O
a	O
worker	O
from	O
the	O
depot	O
died	O
from	O
his	O
injuries	O
on	O
Wednesday	B-DATE
,	O
police	O
said	O
.	O

Of	O
the	O
200	O
or	O
so	O
injured	O
,	O
50	O
were	O
rescue	O
officials	O
,	O
police	O
said	O
.	O

Some	O
of	O
the	O
injured	O
are	O
in	O
critical	O
condition	O
,	O
Chittagong	B-LOCATION
âs	O
chief	O
doctor	O
Mohammed	B-GIVEN_NAME
Elias	B-FAMILY_NAME
Hossain	I-FAMILY_NAME
said	O
.	O

Troops	O
were	O
trying	O
to	O
prevent	O
chemicals	O
from	O
spreading	O
into	O
canals	O
and	O
along	O
the	O
Bay	B-LOCATION
of	I-LOCATION
Bengal	I-LOCATION
coastline	O
,	O
officials	O
said	O
.	O

Bangladesh	B-LOCATION
is	O
the	O
world	O
âs	O
second	O
-	O
biggest	O
exporter	O
of	O
garments	O
but	O
its	O
industrial	O
safety	O
standards	O
have	O
not	O
kept	O
pace	O
with	O
its	O
economic	O
development	O
and	O
fires	O
are	O
common	O
in	O
factories	O
and	O
other	O
workplaces	O
.	O

The	O
last	O
major	O
fire	O
in	O
Bangladesh	B-LOCATION
was	O
in	O
July	B-DATE
last	O
year	O
when	O
54	O
people	O
were	O
killed	O
at	O
a	O
food	O
processing	O
factory	O
outside	O
Dhaka	B-LOCATION
.	O

