For	O
more	O
than	O
a	O
century	O
,	O
it	O
was	O
claimed	O
that	O
the	O
Aboriginal	B-AFFILIATION
people	O
of	O
Tasmania	B-LOCATION
â	O
the	O
Palawa	B-AFFILIATION
â	O
were	O
"	O
extinct	O
"	O
.	O

The	O
British	B-AFFILIATION
colonists	O
and	O
their	O
descendants	O
said	O
they	O
died	O
with	O
Truganini	B-GIVEN_NAME
in	O
1876	B-DATE
,	O
who	O
they	O
labelled	O
the	O
last	O
so	O
-	O
called	O
"	O
full	O
blood	O
"	O
.	O

It	O
's	O
a	O
myth	O
that	O
has	O
obscured	O
the	O
stories	O
of	O
many	O
other	O
Aboriginal	B-AFFILIATION
Tasmanians	I-AFFILIATION
,	O
among	O
them	O
Fanny	B-GIVEN_NAME
Smith	B-FAMILY_NAME
,	O
who	O
lived	O
at	O
the	O
same	O
time	O
as	O
Truganini	B-GIVEN_NAME
and	O
died	O
decades	O
after	O
her	O
.	O

This	O
proud	O
Aboriginal	B-AFFILIATION
woman	O
was	O
then	O
,	O
and	O
is	O
now	O
,	O
a	O
powerful	O
symbol	O
of	O
survival	O
.	O

As	O
Fanny	B-GIVEN_NAME
's	O
people	O
died	O
around	O
her	O
,	O
she	O
created	O
a	O
vibrant	O
community	O
that	O
is	O
at	O
the	O
heart	O
of	O
much	O
of	O
the	O
existing	O
Palawa	B-AFFILIATION
community	O
today	O
â	O
her	O
descendants	O
are	O
everywhere	O
in	O
Tasmania	B-LOCATION
.	O

And	O
a	O
choice	O
she	O
made	O
in	O
1899	B-DATE
ensured	O
her	O
voice	O
will	O
both	O
symbolically	O
and	O
literally	O
echo	O
long	O
into	O
the	O
future	O
.	O

For	O
its	O
Indigenous	O
people	O
,	O
Tasmania	B-LOCATION
of	O
the	O
1800s	B-DATE
was	O
a	O
world	O
in	O
chaos	O
.	O

"	O
The	O
British	B-AFFILIATION
came	O
here	O
in	O
the	O
early	O
1800s	B-DATE
â	O
within	O
the	O
space	O
of	O
30	B-DURATION
years	I-DURATION
,	O
98	O
per	O
cent	O
or	O
more	O
of	O
the	O
original	O
population	O
was	O
wiped	O
out	O
,	O
"	O
Fanny	B-GIVEN_NAME
's	O
great	O
-	O
great	O
granddaughter	O
Kerry	B-GIVEN_NAME
Sculthorpe	B-FAMILY_NAME
tells	O
ABC	B-ORGANIZATION
RN	I-ORGANIZATION
's	O
The	B-BRANDS
History	B-MISC
Listen	I-MISC
.	O

"	O
My	O
family	O
and	O
I	O
are	O
genocide	O
survivors	O
.	O
"	O

After	O
decades	O
of	O
war	O
and	O
disease	O
almost	O
annihilated	O
the	O
Indigenous	O
population	O
,	O
the	O
remaining	O
300	O
or	O
so	O
survivors	O
were	O
taken	O
to	O
the	O
settlement	O
of	O
Wybalenna	B-LOCATION
on	O
Flinders	B-LOCATION
Island	I-LOCATION
in	O
Bass	B-LOCATION
Strait	I-LOCATION
in	O
1831	B-DATE
.	O

Fanny	B-GIVEN_NAME
was	O
born	O
there	O
in	O
1834	B-DATE
.	O

"	O
Wybalenna	B-LOCATION
was	O
set	O
up	O
with	O
an	O
enormous	O
sense	O
of	O
optimism	O
and	O
hope	O
by	O
the	O
colonial	O
government	O
,	O
"	O
historian	O
Rebe	B-GIVEN_NAME
Taylor	B-FAMILY_NAME
from	O
the	O
University	B-ORGANIZATION
of	I-ORGANIZATION
Tasmania	I-ORGANIZATION|B-LOCATION
says	O
.	O

"	O
It	O
was	O
hoped	O
that	O
this	O
would	O
be	O
a	O
place	O
in	O
which	O
the	O
Tasmanian	B-AFFILIATION
Aborigines	I-AFFILIATION
would	O
be	O
able	O
to	O
become	O
'	O
civilised	O
'	O
,	O
Christianised	O
.	O

"	O
In	O
reality	O
,	O
Wybalenna	B-LOCATION
became	O
a	O
place	O
of	O
death	O
.	O
"	O

She	O
says	O
of	O
the	O
300	O
or	O
so	O
people	O
taken	O
there	O
in	O
1831	B-DATE
,	O
just	O
47	O
remained	O
alive	O
in	O
1847	B-DATE
,	O
when	O
the	O
settlement	O
was	O
closed	O
.	O

In	O
1846	B-DATE
,	O
the	O
governor	O
ordered	O
an	O
inquiry	O
into	O
allegations	O
of	O
cruelty	O
at	O
Wybalenna	B-LOCATION
.	O

It	O
gave	O
a	O
glimpse	O
of	O
Fanny	B-GIVEN_NAME
's	O
childhood	O
,	O
and	O
the	O
brutal	O
conduct	O
of	O
catechist	O
preacher	O
Robert	B-GIVEN_NAME
Clark	B-FAMILY_NAME
and	O
his	O
wife	O
.	O

"	O
He	O
used	O
to	O
strip	O
the	O
Aboriginal	B-AFFILIATION
children	O
naked	O
and	O
flog	O
us	O
on	O
the	O
table	O
â¦	O
I	O
was	O
flogged	O
on	O
my	O
naked	O
skin	O
with	O
a	O
long	O
stick	O
.	O

I	O
was	O
flogged	O
plenty	O
of	O
times	O
in	O
a	O
week	O
,	O
"	O
13	O
-	O
year	O
-	O
old	O
Fanny	B-GIVEN_NAME
told	O
the	O
inquiry	O
.	O

Fanny	B-GIVEN_NAME
also	O
described	O
how	O
she	O
was	O
chained	O
up	O
,	O
forced	O
to	O
sleep	O
in	O
a	O
box	O
and	O
"	O
never	O
allowed	O
to	O
talk	O
"	O
.	O

She	O
said	O
the	O
Clarks	B-AFFILIATION
and	O
the	O
superintendent	O
of	O
Wybalenna	B-LOCATION
knew	O
she	O
was	O
being	O
sexually	O
assaulted	O
by	O
a	O
convict	O
,	O
but	O
they	O
did	O
nothing	O
to	O
stop	O
him	O
.	O

Instead	O
,	O
she	O
was	O
brutally	O
punished	O
and	O
described	O
as	O
depraved	O
.	O

"	O
What	O
she	O
'd	O
been	O
through	O
,	O
a	O
lot	O
of	O
people	O
never	O
recover	O
from	O
that	O
.	O

She	O
was	O
treated	O
horrifically	O
â¦	O

But	O
there	O
was	O
Fanny	B-GIVEN_NAME
â â	O
she	O
survived	O
,	O
"	O
another	O
of	O
Fanny	B-GIVEN_NAME
's	O
great	O
-	O
great	O
granddaughters	O
,	O
June	B-GIVEN_NAME
Sculthorpe	B-FAMILY_NAME
says	O
.	O

In	O
two	O
worlds	O

When	O
Wybalenna	B-LOCATION
closed	O
,	O
its	O
47	O
survivors	O
were	O
transported	O
from	O
Flinders	B-LOCATION
Island	I-LOCATION
to	O
Oyster	B-LOCATION
Cove	I-LOCATION
,	O
an	O
ex	O
-	O
convict	O
station	O
near	O
Hobart	B-LOCATION
.	O

This	O
included	O
Fanny	B-GIVEN_NAME
,	O
her	O
mother	O
Tanganutura	B-GIVEN_NAME
,	O
the	O
man	O
she	O
called	O
father	O
Nicermenic	B-GIVEN_NAME
,	O
her	O
half	O
sister	O
,	O
half	O
brother	O
and	O
Truganini	B-GIVEN_NAME
.	O

"	O
[	O
The	O
huts	O
]	O
would	O
have	O
been	O
so	O
damp	O
,	O
they	O
would	O
never	O
have	O
dried	O
out	O
most	O
of	O
the	O
winter	O
.	O

These	O
huts	O
that	O
were	O
too	O
damp	O
for	O
the	O
convicts	O
,	O
they	O
were	O
n't	O
too	O
damp	O
for	O
the	O
Aboriginals	B-AFFILIATION
,	O
"	O
another	O
great	O
-	O
great	O
granddaughter	O
,	O
Colleen	B-GIVEN_NAME
Frost	B-FAMILY_NAME
says	O
.	O

"	O
It	O
's	O
just	O
a	O
very	O
,	O
very	O
cruel	O
time	O
in	O
history	O
.	O
"	O

But	O
when	O
Fanny	B-GIVEN_NAME
was	O
19	O
,	O
an	O
ex	O
-	O
convict	O
named	O
William	B-GIVEN_NAME
Smith	B-FAMILY_NAME
offered	O
her	O
a	O
different	O
future	O
.	O

June	B-GIVEN_NAME
says	O
her	O
father	O
recounted	O
a	O
story	O
of	O
how	O
William	B-GIVEN_NAME
saw	O
Fanny	B-GIVEN_NAME
running	O
along	O
the	O
beach	O
at	O
Oyster	B-LOCATION
Cove	I-LOCATION
and	O
fell	O
in	O
love	O
.	O

"	O
Fanny	B-GIVEN_NAME
was	O
so	O
lucky	O
that	O
William	B-GIVEN_NAME
Smith	B-FAMILY_NAME
asked	O
her	O
to	O
marry	O
him	O
,	O
which	O
was	O
an	O
escape	O
route	O
for	O
her	O
from	O
this	O
settlement	O
,	O
where	O
her	O
people	O
kept	O
dying	O
,	O
"	O
Colleen	B-GIVEN_NAME
says	O
.	O

Fanny	B-GIVEN_NAME
and	O
William	B-GIVEN_NAME
married	O
in	O
1854	B-DATE
.	O

They	O
went	O
on	O
to	O
have	O
11	O
children	O
â	O
all	O
of	O
them	O
survived	O
.	O

On	O
her	O
marriage	O
,	O
the	O
government	O
of	O
the	O
colony	O
gave	O
Fanny	B-GIVEN_NAME
a	O
land	O
grant	O
of	O
100	O
acres	O
at	O
the	O
nearby	O
Nicholls	B-LOCATION
Rivulet	I-LOCATION
â	O
in	O
recognition	O
of	O
her	O
people	O
's	O
dispossession	O
â	O
and	O
a	O
pension	O
of	O
Â£	B-MONEY
24	I-MONEY
a	O
year	O
.	O

Fanny	B-GIVEN_NAME
became	O
very	O
active	O
in	O
the	O
local	O
Methodist	B-AFFILIATION
community	O
,	O
and	O
would	O
host	O
church	O
services	O
in	O
her	O
own	O
home	O
,	O
often	O
singing	O
songs	O
in	O
her	O
Pakana	B-AFFILIATION
language	O
.	O

A	O
reverend	O
at	O
the	O
time	O
said	O
:	O
"	O
I	O
have	O
often	O
heard	O
her	O
speak	O
in	O
public	O
on	O
religious	O
topics	O
and	O
I	O
have	O
never	O
heard	O
a	O
more	O
original	O
speaker	O
.	O

She	O
is	O
exceedingly	O
apt	O
in	O
illustrations	O
drawn	O
from	O
her	O
Aboriginal	B-AFFILIATION
life	O
and	O
associations	O
.	O
"	O

She	O
was	O
highly	O
regarded	O
in	O
her	O
community	O
â	O
the	O
reverend	O
said	O
he	O
was	O
proud	O
to	O
call	O
her	O
his	O
friend	O
â	O
but	O
this	O
was	O
not	O
an	O
easy	O
time	O
.	O

"	O
I	O
ca	O
n't	O
imagine	O
how	O
she	O
was	O
feeling	O
when	O
she	O
saw	O
everybody	O
that	O
she	O
had	O
known	O
from	O
Flinders	B-LOCATION
Island	I-LOCATION
and	O
from	O
Oyster	B-LOCATION
Cove	I-LOCATION
,	O
all	O
her	O
family	O
and	O
friends	O
,	O
just	O
slowly	O
dying	O
.	O

And	O
there	O
she	O
was	O
,	O
left	O
pretty	O
much	O
on	O
her	O
own	O
,	O
living	O
among	O
strangers	O
,	O
"	O
Kerry	B-GIVEN_NAME
says	O
.	O

"	O
[	O
But	O
]	O
she	O
worked	O
hard	O
,	O
she	O
spoke	O
her	O
language	O
,	O
and	O
she	O
looked	O
forward	O
in	O
life	O
â	O
looking	O
after	O
her	O
family	O
to	O
make	O
sure	O
they	O
were	O
provided	O
for	O
.	O
"	O

'	O
Barbaric	O
ways	O
'	O

When	O
Truganini	B-GIVEN_NAME
died	O
in	O
1876	B-DATE
,	O
Fanny	B-GIVEN_NAME
claimed	O
the	O
title	O
of	O
'	O
the	O
last	O
Tasmanian'	B-AFFILIATION
.	O

In	O
recognition	O
of	O
this	O
,	O
the	O
government	O
granted	O
her	O
300	O
acres	O
of	O
land	O
and	O
increased	O
her	O
pension	O
to	O
Â£	B-MONEY
50	I-MONEY
a	O
year	O
.	O

But	O
there	O
was	O
debate	O
about	O
her	O
claim	O
in	O
some	O
circles	O
â	O
some	O
said	O
her	O
cheeks	O
were	O
"	O
too	O
pink	O
"	O
.	O

And	O
it	O
got	O
far	O
more	O
dehumanising	O
than	O
that	O
.	O

English	B-AFFILIATION
anthropologist	O
Henry	B-GIVEN_NAME
Ling	B-FAMILY_NAME
Roth	I-FAMILY_NAME
wanted	O
to	O
write	O
the	O
first	O
full	O
anthropology	O
of	O
the	O
Tasmanian	B-AFFILIATION
Aboriginal	I-AFFILIATION
people	O
.	O

Amid	O
incorrect	O
claims	O
that	O
Tasmanian	B-AFFILIATION
Indigenous	O
people	O
became	O
"	O
extinct	O
"	O
with	O
Truganini	B-GIVEN_NAME
,	O
he	O
heard	O
of	O
Fanny	B-GIVEN_NAME
.	O

Roth	B-GIVEN_NAME
tried	O
to	O
acquire	O
photographs	O
of	O
Fanny	B-GIVEN_NAME
,	O
descriptions	O
of	O
her	O
teeth	O
,	O
and	O
then	O
samples	O
of	O
hair	O
from	O
her	O
head	O
and	O
her	O
pubic	O
hair	O
.	O

For	O
10	B-DURATION
years	I-DURATION
he	O
tried	O
,	O
with	O
some	O
success	O
,	O
to	O
collect	O
samples	O
from	O
Fanny	B-GIVEN_NAME
's	O
body	O
.	O

He	O
even	O
wanted	O
the	O
promise	O
of	O
her	O
skeleton	O
when	O
she	O
died	O
.	O

"	O
Can	O
you	O
imagine	O
how	O
frightening	O
that	O
would	O
have	O
been	O
?	O
Can	O
you	O
imagine	O
?	O
Can	O
you	O
imagine	O
what	O
barbaric	O
ways	O
they	O
had	O
?	O
Was	O
it	O
in	O
the	O
name	O
of	O
science	O
?	O
I	O
find	O
that	O
hard	O
to	O
believe	O
.	O

That	O
was	O
a	O
frightening	O
thing	O
for	O
Fanny	O
to	O
live	O
with	O
,	O
"	O
Colleen	B-GIVEN_NAME
says	O
.	O

As	O
Kerry	B-GIVEN_NAME
sums	O
up	O
this	O
time	O
:	O
"	O
It	O
was	O
just	O
the	O
all	O
-	O
pervasiveness	O
of	O
the	O
thinking	O
of	O
the	O
colonisers	O
that	O
the	O
Aborigines	B-AFFILIATION
were	O
now	O
gone	O
.	O

White	O
was	O
good	O
and	O
black	O
was	O
n't	O
.	O
"	O

Recordings	O
that	O
echo	O
through	O
the	O
ages	O

In	O
this	O
environment	O
,	O
Fanny	B-GIVEN_NAME
embraced	O
her	O
Indigenous	O
identity	O
and	O
made	O
a	O
decision	O
that	O
would	O
ripple	O
through	O
history	O
.	O

In	O
1899	B-DATE
and	O
1903	B-DATE
,	O
Fanny	B-GIVEN_NAME
agreed	O
to	O
work	O
with	O
the	O
Royal	B-ORGANIZATION
Society	I-ORGANIZATION
of	I-ORGANIZATION
Tasmania	I-ORGANIZATION|B-LOCATION
and	O
make	O
recordings	O
of	O
her	O
voice	O
in	O
language	O
.	O

She	O
talked	O
and	O
sang	O
into	O
the	O
bell	O
of	O
a	O
gramophone	O
in	O
her	O
Pakana	B-AFFILIATION
language	O
,	O
which	O
was	O
captured	O
on	O
a	O
series	O
of	O
wax	O
cylinders	O
.	O

"	O
She	O
says	O
,	O
'	O
I	O
'm	O
Fanny	B-GIVEN_NAME
Smith	B-FAMILY_NAME
.	O

I	O
was	O
born	O
on	O
Flinders	B-LOCATION
Island	I-LOCATION
.	O

I	O
'm	O
the	O
last	O
of	O
the	O
Tasmanians	B-AFFILIATION
'	O
,	O
"	O
June	B-GIVEN_NAME
says	O
.	O

According	O
to	O
the	O
National	B-ORGANIZATION
Film	I-ORGANIZATION
and	I-ORGANIZATION
Sound	I-ORGANIZATION
Archive	I-ORGANIZATION
of	I-ORGANIZATION
Australia	I-ORGANIZATION|B-LOCATION
,	O
the	O
recordings	O
capture	O
the	O
"	O
last	O
fluent	O
speaker	O
of	O
any	O
one	O
of	O
the	O
original	O
Tasmanian	B-AFFILIATION
Aboriginal	I-AFFILIATION
languages	O
"	O
.	O

They	O
are	O
the	O
oldest	O
voice	O
recordings	O
ever	O
made	O
of	O
an	O
Aboriginal	B-AFFILIATION
person	O
,	O
among	O
the	O
earliest	O
sound	O
recordings	O
ever	O
made	O
in	O
Australia	B-LOCATION
.	O

In	O
2017	B-DATE
,	O
they	O
were	O
added	O
to	O
the	O
UNESCO	B-ORGANIZATION
Australian	B-MISC|B-AFFILIATION
Memory	I-MISC
of	I-MISC
the	I-MISC
World	I-MISC
Register	I-MISC
.	O

And	O
the	O
recordings	O
play	O
an	O
important	O
part	O
in	O
efforts	O
to	O
recover	O
and	O
reclaim	O
Indigenous	O
language	O
in	O
Tasmania	B-LOCATION
over	O
recent	O
decades	O
.	O

"	O
[	O
The	O
recordings	O
]	O
take	O
you	O
back	O
in	O
time	O
and	O
take	O
you	O
back	O
to	O
some	O
of	O
the	O
sad	O
things	O
,	O
and	O
also	O
the	O
fact	O
that	O
we	O
belong	O
to	O
that	O
woman	O
,	O
"	O
Colleen	B-GIVEN_NAME
says	O
.	O

Fanny	B-GIVEN_NAME
died	O
in	O
1905	B-DATE
,	O
but	O
even	O
in	O
death	O
,	O
she	O
could	O
not	O
escape	O
the	O
racial	O
politics	O
of	O
the	O
era	O
.	O

"	O
It	O
has	O
been	O
said	O
that	O
she	O
was	O
terrified	O
that	O
her	O
body	O
would	O
be	O
stolen	O
and	O
so	O
she	O
was	O
n't	O
actually	O
in	O
the	O
coffin	O
that	O
400	O
people	O
followed	O
to	O
the	O
Methodist	B-LOCATION|B-AFFILIATION
cemetery	I-LOCATION
when	O
she	O
died	O
â	O
that	O
she	O
was	O
buried	O
somewhere	O
else	O
,	O
"	O
Kerry	B-GIVEN_NAME
says	O
.	O

Her	O
impact	O
today	O

What	O
it	O
means	O
to	O
be	O
an	O
Aboriginal	B-AFFILIATION
Tasmanian	I-AFFILIATION
has	O
changed	O
dramatically	O
since	O
the	O
times	O
of	O
Fanny	B-GIVEN_NAME
.	O

Kerry	B-GIVEN_NAME
says	O
she	O
grew	O
up	O
in	O
a	O
world	O
that	O
was	O
incredibly	O
hostile	O
to	O
her	O
people	O
.	O

"	O
When	O
I	O
was	O
a	O
child	O
,	O
there	O
was	O
nothing	O
worse	O
in	O
the	O
world	O
to	O
be	O
than	O
an	O
Aborigine	B-AFFILIATION
â¦	O
I	O
do	O
n't	O
remember	O
the	O
name	O
of	O
Fanny	B-GIVEN_NAME
Smith	B-FAMILY_NAME
ever	O
being	O
mentioned	O
when	O
we	O
were	O
children	O
,	O
"	O
she	O
says	O
.	O

Or	O
as	O
Colleen	B-GIVEN_NAME
says	O
:	O
"	O
[	O
Family	O
members	O
]	O
did	O
n't	O
say	O
they	O
had	O
any	O
Aboriginal	B-AFFILIATION
blood	O
in	O
them	O
â	O
it	O
was	O
a	O
disgrace	O
to	O
have	O
Aboriginal	B-AFFILIATION
blood	O
in	O
them	O
.	O
"	O

Kerry	B-GIVEN_NAME
says	O
things	O
started	O
to	O
change	O
in	O
the	O
1970s	B-DATE
and	O
points	O
to	O
the	O
activism	O
of	O
Tasmanian	B-AFFILIATION
Aboriginal	I-AFFILIATION
leader	O
Michael	B-GIVEN_NAME
Mansell	B-FAMILY_NAME
.	O

"	O
I	O
think	O
we	O
were	O
just	O
calling	O
ourselves	O
'	O
Aboriginal	B-AFFILIATION
descendants	O
'	O
at	O
that	O
time	O
.	O

Then	O
Michael	B-GIVEN_NAME
started	O
talking	O
to	O
us	O
about	O
actually	O
being	O
a	O
people	O
,	O
rather	O
than	O
just	O
descended	O
from	O
someone	O
â¦	O
Are	O
you	O
just	O
a	O
'	O
descendant	O
'	O
or	O
are	O
you	O
actually	O
somebody	O
?	O
Are	O
you	O
Black	O
?	O
"	O
Kerry	B-GIVEN_NAME
says	O
.	O

"	O
And	O
we	O
have	O
n't	O
looked	O
back	O
from	O
there	O
.	O
"	O

In	O
1984	B-DATE
,	O
the	O
Tasmanian	B-AFFILIATION
Aboriginal	I-AFFILIATION
community	O
â	O
the	O
Palawa	B-LOCATION
â	O
reclaimed	O
the	O
land	O
of	O
the	O
Oyster	B-LOCATION
Cove	I-LOCATION
settlement	O
as	O
Putalina	B-LOCATION
.	O

In	O
1995	B-DATE
,	O
the	O
Tasmanian	B-ORGANIZATION|B-AFFILIATION
Government	I-ORGANIZATION
officially	O
returned	O
this	O
land	O
to	O
the	O
community	O
.	O

These	O
10	O
hectares	O
were	O
among	O
3,800	O
hectares	O
returned	O
that	O
year	O
.	O

"	O
I	O
have	O
wondered	O
recently	O
,	O
what	O
Grandmother	O
Smith	B-GIVEN_NAME
would	O
make	O
of	O
what	O
we	O
've	O
done	O
today	O
â	O
in	O
the	O
fight	O
that	O
we	O
've	O
had	O
,	O
"	O
Kerry	B-GIVEN_NAME
says	O
.	O

"	O
In	O
my	O
lifetime	O
,	O
to	O
go	O
from	O
a	O
little	O
country	O
bumpkin	O
,	O
who	O
grew	O
up	O
in	O
a	O
valley	O
where	O
there	O
were	O
no	O
Aborigines	B-AFFILIATION
,	O
no	O
prospect	O
of	O
there	O
ever	O
being	O
any	O
Aborigines	B-AFFILIATION
.	O

To	O
now	O
,	O
being	O
the	O
Tasmanian	B-AFFILIATION
Aboriginal	I-AFFILIATION
people	O
,	O
being	O
the	O
Palawa	B-LOCATION
,	O
with	O
our	O
own	O
language	O
and	O
our	O
own	O
land	O
,	O
and	O
getting	O
more	O
.	O
"	O

The	O
family	O
hopes	O
that	O
Grandmother	O
Smith	B-GIVEN_NAME
â	O
the	O
proud	O
Aboriginal	B-AFFILIATION
matriarch	O
â	O
would	O
have	O
been	O
pleased	O
.	O

