The	O
ACT	B-ORGANIZATION
âs	O
first	O
independent	O
senator	O
,	O
David	B-GIVEN_NAME
Pocock	B-FAMILY_NAME
,	O
has	O
hit	O
out	O
at	O
former	O
federal	O
governments	O
for	O
â	O
neglecting	O
â	O
and	O
â	O
ignoring	O
â	O
his	O
home	O
city	O
in	O
a	O
maiden	O
speech	O
centred	O
around	O
inclusion	O
,	O
justice	O
for	O
the	O
ACT	B-ORGANIZATION
and	O
action	O
on	O
climate	O
change	O
.	O

The	O
Australian	B-AFFILIATION
rugby	O
legend	O
said	O
he	O
would	O
be	O
focused	O
on	O
achieving	O
â	O
practical	O
outcomes	O
â	O
for	O
the	O
people	O
of	O
the	O
ACT	B-ORGANIZATION
,	O
including	O
â	O
pushing	O
the	O
Commonwealth	B-ORGANIZATION
to	O
forgive	O
our	O
historic	O
housing	O
debt	O
â	O
.	O

â	O
It	O
âs	O
been	O
done	O
for	O
Tasmania	B-LOCATION
,	O
it	O
âs	O
been	O
done	O
for	O
South	B-LOCATION
Australia	I-LOCATION
,	O
â	O
he	O
said	O
.	O

â	O
It	O
âs	O
time	O
to	O
do	O
it	O
for	O
us	O
.	O

For	O
too	O
long	O
we	O
have	O
been	O
neglected	O
,	O
ridiculed	O
,	O
looked	O
down	O
on	O
or	O
flat	O
out	O
ignored	O
.	O
â	O

Calls	O
for	O
the	O
territory	O
âs	O
historic	O
housing	O
,	O
land	O
and	O
building	O
debts	O
to	O
be	O
wiped	O
were	O
sounded	O
by	O
the	O
senator	O
during	O
his	O
campaign	O
â	O
Mr	O
Pocock	B-GIVEN_NAME
hoping	O
the	O
Albanese	B-AFFILIATION
government	O
will	O
consider	O
forgiving	O
the	O
$	B-MONEY
100	I-MONEY
million	I-MONEY
debt	O
.	O

nclusion	O
and	O
accessibility	O
for	O
Australians	B-AFFILIATION
living	O
with	O
disabilities	O
was	O
another	O
key	O
focus	O
for	O
the	O
independent	O
,	O
who	O
criticised	O
the	O
government	O
for	O
refusing	O
to	O
allow	O
an	O
Auslan	B-AFFILIATION
speaker	O
to	O
translate	O
his	O
speech	O
on	O
the	O
floor	O
of	O
parliament	O
.	O

â	O
When	O
I	O
was	O
asked	O
by	O
people	O
in	O
our	O
community	O
to	O
have	O
this	O
First	O
Speech	O
live	O
translated	O
into	O
Auslan	B-AFFILIATION
,	O
I	O
did	O
nât	O
hesitate	O
to	O
say	O
yes	O
,	O
â	O
he	O
said	O
.	O

â	O
I	O
understand	O
that	O
the	O
difference	O
between	O
Mandy	B-GIVEN_NAME
being	O
there	O
in	O
the	O
broadcasting	O
studio	O
and	O
here	O
on	O
the	O
floor	O
of	O
the	O
chamber	O
is	O
the	O
difference	O
between	O
accessibility	O
and	O
inclusion	O
.	O

â	O
Today	O
we	O
have	O
achieved	O
the	O
former	O
but	O
not	O
the	O
latter	O
.	O

In	O
future	O
,	O
I	O
hope	O
we	O
can	O
achieve	O
both	O
.	O
â	O

Mr	O
Pocock	B-GIVEN_NAME
also	O
zeroed	O
in	O
on	O
climate	O
change	O
,	O
claiming	O
the	O
â	O
6th	O
mass	O
extinction	O
event	O
is	O
underway	O
â	O
and	O
that	O
the	O
â	O
systems	O
that	O
sustain	O
life	O
on	O
Earth	B-LOCATION
are	O
at	O
the	O
brink	O
of	O
collapse	O
â	O
.	O

â	O
The	O
last	O
one	O
,	O
66	O
million	O
years	O
ago	O
,	O
was	O
due	O
to	O
a	O
massive	O
asteroid	O
.	O

This	O
time	O
we	O
âre	O
causing	O
it	O
,	O
â	O
he	O
said	O
.	O

The	O
former	O
Wallabies	B-ORGANIZATION
star	O
,	O
who	O
decided	O
not	O
to	O
have	O
children	O
in	O
a	O
bid	O
to	O
save	O
the	O
planet	O
,	O
said	O
there	O
was	O
â	O
no	O
challenge	O
greater	O
than	O
facing	O
up	O
to	O
the	O
climate	O
and	O
biodiversity	O
crises	O
â	O
and	O
declared	O
we	O
have	O
the	O
tools	O
to	O
â	O
halt	O
this	O
catastrophic	O
decline	O
and	O
begin	O
to	O
reverse	O
it	O
â	O
.	O

â	O
Thanks	O
to	O
ancient	O
indigenous	O
wisdom	O
and	O
the	O
latest	O
in	O
science	O
and	O
technology	O
,	O
we	O
have	O
never	O
known	O
more	O
about	O
these	O
life	O
support	O
systems	O
,	O
what	O
we	O
are	O
doing	O
to	O
them	O
,	O
and	O
what	O
can	O
and	O
must	O
be	O
done	O
,	O
â	O
he	O
said	O
.	O

Enshrining	O
in	O
our	O
constitution	O
a	O
First	B-ORGANIZATION
Nations	I-ORGANIZATION
Voice	I-ORGANIZATION
to	O
parliament	O
was	O
next	O
on	O
the	O
cards	O
for	O
the	O
senator	O
,	O
who	O
called	O
the	O
Ulu	B-BRANDS
á¹	B-MISC
u	I-MISC
Statement	I-MISC
from	I-MISC
the	I-MISC
Heart	I-MISC
â	O
a	O
generous	O
offer	O
to	O
all	O
Australians	B-AFFILIATION
â	O
.	O

The	O
independent	O
recognised	O
Aunty	O
Pat	B-GIVEN_NAME
Anderson	B-FAMILY_NAME
,	O
who	O
watched	O
the	O
speech	O
live	O
,	O
receiving	O
a	O
round	O
of	O
applause	O
for	O
her	O
work	O
on	O
the	O
Voice	B-ORGANIZATION
to	O
parliament	O
.	O

Race	O
and	O
a	O
commitment	O
to	O
equality	O
have	O
continued	O
to	O
be	O
major	O
issues	O
for	O
Mr	O
Pocock	B-GIVEN_NAME
,	O
with	O
the	O
senator	O
advocating	O
for	O
a	O
â	O
more	O
inclusive	O
society	O
that	O
celebrates	O
difference	O
and	O
diversity	O
â	O
.	O

â	O
I	O
âm	O
obviously	O
white	O
â	O
moon	O
tan	O
white	O
,	O
as	O
my	O
former	O
teammates	O
liked	O
to	O
tell	O
me	O
over	O
the	O
years	O
â	O
and	O
I	O
do	O
nât	O
want	O
to	O
conflate	O
my	O
experiences	O
of	O
migration	O
with	O
the	O
many	O
migrants	O
whose	O
experience	O
is	O
shaped	O
by	O
the	O
colour	O
of	O
their	O
skin	O
,	O
â	O
he	O
said	O
.	O

The	O
former	O
farm	O
boy	O
,	O
who	O
grew	O
up	O
in	O
Gweru	B-LOCATION
,	I-LOCATION
Zimbabwe	I-LOCATION
said	O
his	O
upbringing	O
instilled	O
â	O
the	O
importance	O
of	O
hard	O
work	O
and	O
â¦	O
a	O
love	O
of	O
nature	O
and	O
fascination	O
with	O
the	O
natural	O
world	O
.	O
â	O

â	O
Our	O
society	O
cannot	O
be	O
sustained	O
without	O
the	O
people	O
who	O
spend	O
their	O
life	O
on	O
the	O
land	O
,	O
whose	O
blood	O
,	O
sweat	O
and	O
tears	O
and	O
generations	O
of	O
knowledge	O
feed	O
and	O
help	O
clothe	O
us	O
.	O
â	O

Throughout	O
his	O
address	O
,	O
Mr	O
Pocock	B-GIVEN_NAME
sought	O
to	O
repaint	O
the	O
picture	O
of	O
his	O
home	O
city	O
,	O
saying	O
Canberra	B-ORGANIZATION
is	O
â	O
so	O
much	O
more	O
than	O
the	O
sum	O
of	O
the	O
decisions	O
made	O
in	O
this	O
building	O
â	O
and	O
deserved	O
to	O
be	O
afforded	O
the	O
same	O
rights	O
as	O
the	O
states	O
.	O

â	O
Yes	O
,	O
we	O
are	O
a	O
city	O
of	O
roundabouts	O
and	O
politicians	O
,	O
but	O
we	O
âre	O
also	O
much	O
more	O
than	O
that	O
,	O
â	O
he	O
said	O
.	O

â	O
We	O
âre	O
a	O
growing	O
city	O
with	O
a	O
strong	O
community	O
spirit	O
,	O
built	O
on	O
a	O
passion	O
for	O
lifelong	O
learning	O
,	O
good	O
public	O
policy	O
,	O
a	O
connection	O
to	O
our	O
environment	O
,	O
the	O
arts	O
,	O
sport	O
,	O
defence	O
,	O
science	O
and	O
technology	O
.	O
â	O

â	O
Here	O
in	O
the	O
ACT	B-ORGANIZATION
,	O
we	O
have	O
been	O
denied	O
rights	O
held	O
by	O
the	O
states	O
,	O
â	O
he	O
said	O
.	O

As	O
legislation	O
to	O
restore	O
rights	O
for	O
the	O
Territory	O
is	O
introduced	O
into	O
the	O
House	B-ORGANIZATION
of	I-ORGANIZATION
Representatives	I-ORGANIZATION
,	O
the	O
newbie	O
politician	O
said	O
it	O
was	O
time	O
for	O
the	O
â	O
bush	O
capital	O
â	O
to	O
â	O
restore	O
the	O
right	O
of	O
the	O
territories	O
to	O
make	O
decisions	O
for	O
themselves	O
.	O
â	O

â	O
To	O
ensure	O
that	O
our	O
Legislative	B-ORGANIZATION
Assembly	I-ORGANIZATION
here	O
in	O
the	O
ACT	B-ORGANIZATION
gets	O
to	O
make	O
decisions	O
about	O
the	O
future	O
of	O
Canberrans	B-AFFILIATION
,	O
not	O
MPs	O
from	O
around	O
the	O
country	O
whose	O
own	O
constituents	O
already	O
enjoy	O
these	O
same	O
rights	O
,	O
â	O
he	O
said	O
.	O

â	O
This	O
is	O
not	O
the	O
first	O
time	O
the	O
parliament	O
has	O
tried	O
to	O
repeal	O
the	O
Andrews	B-BRANDS|B-GIVEN_NAME
Bill	B-MISC
,	O
but	O
I	O
hope	O
it	O
will	O
be	O
the	O
last	O
.	O

â	O
I	O
will	O
work	O
with	O
everyone	O
in	O
this	O
senate	O
chamber	O
to	O
support	O
a	O
vote	O
giving	O
us	O
equality	O
with	O
the	O
states	O
.	O
â	O

