The	O
sighting	O
of	O
a	O
white	O
whale	O
is	O
something	O
magical	O
,	O
but	O
its	O
significance	O
is	O
much	O
deeper	O
than	O
just	O
a	O
photo	O
opportunity	O
for	O
Australia	B-LOCATION
's	O
First	B-AFFILIATION
Nations	I-AFFILIATION
people	O
.	O

When	O
a	O
white	O
whale	O
carcass	O
washed	O
up	O
at	O
Mallacoota	B-LOCATION
on	I-LOCATION
Victoria	I-LOCATION
's	I-LOCATION
east	I-LOCATION
coast	I-LOCATION
this	O
month	O
,	O
the	O
impact	O
of	O
the	O
whale	O
's	O
death	O
rippled	O
across	O
Indigenous	O
coastal	O
communities	O
nationwide	O
.	O

First	B-AFFILIATION
Nation	I-AFFILIATION
people	O
from	O
Western	B-LOCATION
Australia	I-LOCATION
,	O
eastern	B-LOCATION
Australia	I-LOCATION
,	O
and	O
the	O
Northern	B-LOCATION
Territory	I-LOCATION
have	O
reached	O
out	O
to	O
South	B-AFFILIATION
Australian	I-AFFILIATION
Mirning	I-AFFILIATION
elder	O
Bunna	B-GIVEN_NAME
Lawrie	B-FAMILY_NAME
who	O
said	O
the	O
death	O
of	O
the	O
white	O
whale	O
heralded	O
a	O
time	O
of	O
change	O
and	O
an	O
opportunity	O
to	O
raise	O
awareness	O
about	O
custodianship	O
of	O
the	O
environment	O
.	O

Mr	O
Lawrie	B-GIVEN_NAME
said	O
the	O
Mallacoota	B-LOCATION
whale	O
death	O
heralded	O
a	O
time	O
of	O
change	O
.	O

"	O
Things	O
have	O
been	O
neglected	O
in	O
our	O
collective	O
duties	O
and	O
responsibilities	O
to	O
the	O
land	O
and	O
sea	O
,	O
"	O
he	O
said	O
.	O

"	O
It	O
is	O
a	O
sign	O
of	O
sadness	O
in	O
our	O
connection	O
with	O
these	O
magnificent	O
beings	O
.	O

"	O
The	O
whale	O
is	O
family	O
and	O
we	O
have	O
responsibilities	O
to	O
celebrate	O
its	O
life	O
,	O
to	O
bring	O
it	O
to	O
rest	O
,	O
and	O
to	O
take	O
its	O
spirit	O
back	O
to	O
the	O
right	O
place	O
.	O
"	O

Whales	O
significant	O
to	O
First	B-AFFILIATION
Nations	I-AFFILIATION
people	O

Victorian	B-AFFILIATION
environmental	O
authorities	O
have	O
said	O
the	O
Mallacoota	B-LOCATION
whale	O
was	O
not	O
an	O
albino	O
whale	O
and	O
had	O
patches	O
of	O
colour	O
under	O
barnacle	O
shells	O
on	O
it	O
.	O

Victoria	B-ORGANIZATION|B-LOCATION
's	I-ORGANIZATION
Department	I-ORGANIZATION
of	I-ORGANIZATION
Environment	I-ORGANIZATION
,	I-ORGANIZATION
Land	I-ORGANIZATION
,	I-ORGANIZATION
Water	I-ORGANIZATION
and	I-ORGANIZATION
Planning	I-ORGANIZATION
have	O
said	O
their	O
current	O
plan	O
was	O
to	O
leave	O
the	O
whale	O
in	O
situ	O
to	O
decompose	O
naturally	O
.	O

Steve	B-GIVEN_NAME
Tribbeck	B-FAMILY_NAME
,	O
the	O
Indigenous	O
liaison	O
and	O
producer	O
of	O
the	O
documentary	O
Whale	B-BRANDS
Dreamer	B-MISC
featuring	O
Bunna	B-GIVEN_NAME
Lawrie	B-FAMILY_NAME
,	O
said	O
a	O
white	O
whale	O
did	O
not	O
have	O
to	O
be	O
albino	O
.	O

Mr	O
Tribbeck	B-GIVEN_NAME
said	O
whales	O
and	O
particularly	O
white	O
whales	O
were	O
significant	O
to	O
First	B-AFFILIATION
Nations	I-AFFILIATION
people	O
.	O

The	O
traditional	O
people	O
of	O
the	O
Great	B-LOCATION
Australian	I-LOCATION|B-AFFILIATION
Bight	I-LOCATION
and	I-LOCATION
Nullarbor	I-LOCATION
area	O
,	O
Mirning	B-AFFILIATION
,	O
describe	O
how	O
a	O
white	O
whale	O
called	O
Jeedara	B-BRANDS
was	O
responsible	O
for	O
creating	O
and	O
shaping	O
the	O
land	O
,	O
sea	O
and	O
the	O
Mirning	B-AFFILIATION
people	O
.	O

Southern	O
right	O
whales	O
,	O
Eubalaena	O
australis	O
,	O
annually	O
migrate	O
to	O
the	O
head	O
of	O
the	O
Bight	B-LOCATION
to	O
give	O
birth	O
and	O
nurse	O
their	O
young	O
each	O
winter	O
.	O

The	O
whale	O
centre	O
at	O
the	O
Bight	B-LOCATION
this	O
week	O
reported	O
there	O
were	O
96	O
whales	O
and	O
calves	O
in	O
the	O
area	O
,	O
including	O
two	O
rare	O
white	O
calves	O
.	O

White	O
calves	O
have	O
also	O
been	O
sighted	O
at	O
Fowlers	B-LOCATION
Bay	I-LOCATION
and	O
Sleaford	B-LOCATION
Bay	I-LOCATION
,	O
near	O
Port	B-LOCATION
Lincoln	I-LOCATION
this	O
season	O
.	O

Mr	O
Tribbeck	B-GIVEN_NAME
said	O
it	O
was	O
important	O
First	B-AFFILIATION
Nations	I-AFFILIATION
people	O
were	O
notified	O
when	O
a	O
whale	O
washed	O
up	O
so	O
they	O
could	O
fulfil	O
their	O
cultural	O
responsibilities	O
to	O
help	O
the	O
whale	O
reach	O
its	O
resting	O
place	O
.	O

"	O
Direct	O
consultation	O
and	O
notification	O
of	O
local	O
indigenous	O
people	O
[	O
should	O
take	O
place	O
]	O
so	O
they	O
can	O
play	O
out	O
the	O
traditional	O
roles	O
and	O
responsibilities	O
with	O
regard	O
to	O
a	O
whale	O
washing	O
up	O
,	O
"	O
Mr	O
Tribbeck	B-GIVEN_NAME
said	O
.	O

Yuin	B-ORGANIZATION
Nation	I-ORGANIZATION
descendent	O
Dwayne	B-GIVEN_NAME
Bannon	B-FAMILY_NAME
-	I-FAMILY_NAME
Harrison	I-FAMILY_NAME
said	O
his	O
grandfather	O
taught	O
him	O
whale	O
ceremonies	O
and	O
responsibilities	O
,	O
including	O
learning	O
from	O
Bunna	B-GIVEN_NAME
Lawrie	B-FAMILY_NAME
at	O
the	O
Head	O
of	O
the	O
Bight	B-LOCATION
.	O

He	O
said	O
different	O
nations	O
had	O
particular	O
whale	O
stories	O
and	O
the	O
Yuin	B-AFFILIATION
people	O
believed	O
the	O
whale	O
,	O
as	O
a	O
warm	O
-	O
blooded	O
animal	O
,	O
came	O
from	O
the	O
land	O
.	O

It	O
was	O
an	O
ancient	O
healer	O
and	O
custodian	O
of	O
the	O
old	O
ways	O
.	O

"	O
The	O
whale	O
when	O
it	O
comes	O
into	O
the	O
beach	O
,	O
beaches	O
itself	O
,	O
is	O
the	O
whale	O
giving	O
,	O
the	O
laws	O
of	O
the	O
sea	O
country	O
,	O
back	O
to	O
land	O
in	O
order	O
to	O
keep	O
that	O
harmonious	O
,	O
"	O
Mr	O
Bannon	B-GIVEN_NAME
-	B-FAMILY_NAME
Harrison	I-FAMILY_NAME
said	O
.	O

He	O
said	O
the	O
Mallacoota	B-LOCATION
area	O
was	O
a	O
shared	O
land	O
of	O
the	O
Yuin	B-AFFILIATION
and	O
Gunai	B-AFFILIATION
people	O
and	O
was	O
a	O
traditional	O
trading	O
place	O
.	O

"	O
That	O
whale	O
to	O
come	O
into	O
that	O
space	O
is	O
important	O
for	O
our	O
people	O
,	O
"	O
he	O
said	O
.	O

Mr	O
Bannon	B-GIVEN_NAME
-	B-FAMILY_NAME
Harrison	I-FAMILY_NAME
said	O
in	O
the	O
past	O
,	O
"	O
there	O
would	O
be	O
trade	O
,	O
and	O
ceremony	O
called	O
and	O
different	O
mobs	O
would	O
come	O
from	O
different	O
places	O
in	O
order	O
to	O
utilise	O
that	O
whale	O
"	O
.	O

"	O
The	O
whale	O
is	O
a	O
huge	O
part	O
of	O
our	O
responsibility	O
culturally	O
.	O
"	O

Song	O
nurtures	O
health	O

Mr	O
Tribbeck	B-GIVEN_NAME
said	O
the	O
presence	O
of	O
the	O
whale	O
at	O
Mallacoota	B-LOCATION
was	O
an	O
opportunity	O
to	O
value	O
the	O
Indigenous	O
perspective	O
.	O

"	O
We	O
're	O
dealing	O
with	O
complex	O
ecosystems	O
and	O
we	O
think	O
we	O
know	O
it	O
all	O
but	O
we	O
do	O
n't	O
,	O
"	O
he	O
said	O
.	O

"	O
A	O
big	O
part	O
that	O
we	O
do	O
n't	O
understand	O
is	O
the	O
role	O
that	O
Indigenous	O
people	O
play	O
in	O
the	O
unseen	O
realms	O
.	O

"	O
The	O
stories	O
that	O
they	O
tell	O
,	O
the	O
songs	O
that	O
they	O
sing	O
,	O
the	O
dances	O
that	O
they	O
dance	O
and	O
how	O
that	O
fosters	O
health	O
within	O
ecosystems	O
.	O
"	O

Yolngu	B-ORGANIZATION|B-AFFILIATION
Nations	I-ORGANIZATION
Assembly	I-ORGANIZATION
president	O
and	O
Gumach	B-BRANDS
whale	B-MISC
representative	O
from	O
North	B-LOCATION
East	I-LOCATION
Arnhem	I-LOCATION
Land	I-LOCATION
Johnny	B-GIVEN_NAME
Gurmumgurrum	B-FAMILY_NAME
said	O
the	O
whale	O
passing	O
was	O
very	O
sacred	O
.	O

"	O
It	O
brings	O
people	O
together	O
to	O
sing	O
the	O
songs	O
,	O
just	O
like	O
when	O
a	O
person	O
passes	O
,	O
"	O
Mr	O
Gurmumgurrum	B-GIVEN_NAME
said	O
.	O

"	O
These	O
songs	O
are	O
very	O
important	O
to	O
us	O
and	O
represent	O
a	O
deep	O
part	O
of	O
the	O
role	O
we	O
play	O
as	O
Indigenous	O
people	O
in	O
our	O
custodian	O
responsibilities	O
to	O
the	O
land	O
and	O
sea	O
,	O
and	O
all	O
life	O
within	O
.	O
"	O

White	O
whales	O
were	O
also	O
deeply	O
significant	O
to	O
First	B-AFFILIATION
Nations	I-AFFILIATION
people	O
in	O
the	O
south	B-LOCATION
-	I-LOCATION
west	I-LOCATION
of	I-LOCATION
Western	I-LOCATION|B-LOCATION
Australia	I-LOCATION
.	O

Wayne	B-GIVEN_NAME
Wonitji	B-FAMILY_NAME
Webb	I-FAMILY_NAME
,	O
a	O
Pibulmun	B-AFFILIATION
-	I-AFFILIATION
Wadandi	I-AFFILIATION
elder	O
and	O
traditional	O
custodian	O
said	O
whales	O
carried	O
songs	O
and	O
knowledge	O
of	O
ancestors	O
.	O

"	O
They	O
are	O
knowledge	O
keepers	O
who	O
pass	O
understanding	O
from	O
the	O
ancestors	O
onto	O
other	O
whales	O
also	O
,	O
"	O
Mr	O
Webb	B-GIVEN_NAME
said	O
.	O

"	O
[	O
They	O
pass	O
the	O
]	O
knowledge	O
of	O
the	O
critical	O
role	O
they	O
play	O
in	O
the	O
ecosystem	O
and	O
sacred	O
stories	O
in	O
traditional	O
creation	O
mythologies	O
.	O
"	O

The	O
Victorian	B-ORGANIZATION|B-AFFILIATION
government	O
has	O
been	O
contacted	O
about	O
their	O
protocols	O
regarding	O
contacting	O
Indigenous	O
people	O
when	O
a	O
whale	O
washes	O
up	O
.	O

