Ian	B-GIVEN_NAME
McConachie	B-FAMILY_NAME
is	O
eager	O
to	O
find	O
the	O
answer	O
to	O
an	O
ancient	O
mystery	O
â	O
just	O
how	O
many	O
hundreds	O
of	O
years	O
do	O
Australia	B-LOCATION
's	O
wild	O
macadamias	O
live	O
?	O

Aboriginal	B-AFFILIATION
and	O
Torres	B-AFFILIATION
Strait	I-AFFILIATION
Islander	I-AFFILIATION
readers	O
are	O
advised	O
that	O
this	O
article	O
contains	O
images	O
and	O
names	O
of	O
people	O
who	O
have	O
died	O
.	O

After	O
decades	O
of	O
visiting	O
a	O
precious	O
remnant	O
of	O
the	O
threatened	O
species	O
'	O
habitat	O
in	O
Queensland	B-LOCATION
's	I-LOCATION
Amamoor	I-LOCATION
State	I-LOCATION
Forest	I-LOCATION
,	O
the	O
founder	O
of	O
the	O
Macadamia	B-ORGANIZATION
Conservation	I-ORGANIZATION
Trust	I-ORGANIZATION
has	O
already	O
discovered	O
that	O
looks	O
can	O
be	O
deceiving	O
.	O

"	O
So	O
many	O
people	O
are	O
familiar	O
with	O
the	O
macadamia	O
but	O
to	O
see	O
it	O
in	O
the	O
rainforests	O
is	O
just	O
quite	O
mind	O
-	O
boggling	O
,	O
"	O
Mr	O
McConachie	B-GIVEN_NAME
AM	O
said	O
.	O

"	O
It	O
's	O
nothing	O
like	O
you	O
would	O
expect	O
,	O
they	O
hide	O
amongst	O
all	O
the	O
other	O
trees	O
.	O
"	O

Living	O
time	O
capsules	O

A	O
self	O
-	O
described	O
"	O
macadamia	O
dinosaur	O
"	O
,	O
retired	O
food	O
scientist	O
,	O
field	O
researcher	O
,	O
grower	O
and	O
passionate	O
historian	O
,	O
Mr	O
McConachie	B-GIVEN_NAME
singled	O
out	O
a	O
spindly	O
chest	O
-	O
high	O
tree	O
,	O
as	O
a	O
perfect	O
example	O
of	O
how	O
even	O
a	O
small	O
plant	O
could	O
potentially	O
be	O
hundreds	O
of	O
years	O
old	O
.	O

"	O
It	O
's	O
only	O
got	O
about	O
18	O
leaves	O
.	O

I	O
first	O
saw	O
it	O
1979	B-DATE
and	O
between	O
1979	B-DATE
and	O
now	O
,	O
it	O
has	O
not	O
grown	O
at	O
all	O
.	O

It	O
's	O
sitting	O
in	O
the	O
rainforest	O
in	O
dense	O
shade	O
,	O
just	O
waiting	O
until	O
it	O
receives	O
light	O
,	O
"	O
he	O
said	O
.	O

The	O
oldest	O
European	B-AFFILIATION
-	O
planted	O
macadamia	O
tree	O
has	O
been	O
growing	O
in	O
Brisbane	B-LOCATION
's	I-LOCATION
Botanic	I-LOCATION
gardens	I-LOCATION
since	O
1858	B-DATE
and	O
still	O
bears	O
a	O
healthy	O
crop	O
of	O
nuts	O
.	O

"	O
One	O
of	O
the	O
initiatives	O
we	O
're	O
taking	O
is	O
we	O
're	O
starting	O
to	O
do	O
radiocarbon	O
dating	O
of	O
trees	O
in	O
the	O
rainforest	O
so	O
we	O
can	O
see	O
just	O
what	O
their	O
longevity	O
is	O
and	O
how	O
old	O
they	O
might	O
be	O
,	O
"	O
Mr	O
McConachie	B-GIVEN_NAME
said	O
.	O

Three	B-DURATION
years	I-DURATION
ago	O
scientists	O
made	O
the	O
"	O
shocking	O
"	O
DNA	B-BRANDS
discovery	O
that	O
the	O
global	O
macadamia	O
industry	O
emanated	O
from	O
a	O
single	O
tree	O
,	O
or	O
small	O
stand	O
of	O
trees	O
,	O
at	O
Mooloo	B-LOCATION
.	O

"	O
There	O
is	O
possibly	O
100	O
million	O
macadamia	O
trees	O
grown	O
throughout	O
the	O
world	O
that	O
have	O
all	O
originated	O
from	O
one	O
mother	O
tree	O
that	O
is	O
very	O
close	O
to	O
here	O
,	O
"	O
Mr	O
McConachie	B-GIVEN_NAME
marvelled	O
.	O

Treasured	O
and	O
traded	O
by	O
Australia	B-LOCATION
's	O
First	B-AFFILIATION
Nations	I-AFFILIATION
people	O
,	O
the	O
macadamia	O
is	O
our	O
country	O
's	O
only	O
plant	O
to	O
become	O
an	O
international	O
food	O
.	O

Nuts	O
were	O
taken	O
to	O
Hawaii	B-LOCATION
in	O
1881	B-DATE
,	O
where	O
the	O
crop	O
was	O
first	O
commercialised	O
.	O

Macadamia	B-ORGANIZATION
Trust	I-ORGANIZATION
director	O
Andy	B-GIVEN_NAME
Burnside	B-FAMILY_NAME
has	O
estimated	O
that	O
clearing	O
,	O
urban	O
encroachment	O
,	O
fire	O
and	O
weeds	O
have	O
destroyed	O
as	O
much	O
as	O
90	O
per	O
cent	O
of	O
the	O
wild	O
population	O
.	O

All	O
four	O
of	O
its	O
species	O
have	O
been	O
listed	O
as	O
threatened	O
.	O

With	O
permission	O
,	O
cuttings	O
have	O
been	O
taken	O
from	O
wild	O
trees	O
.	O

"	O
The	O
genetic	O
base	O
of	O
our	O
commercial	O
industry	O
is	O
quite	O
narrow	O
,	O
"	O
Mr	O
Burnside	B-GIVEN_NAME
said	O
.	O

"	O
What	O
we	O
're	O
trying	O
to	O
do	O
is	O
conserve	O
some	O
genetic	O
material	O
from	O
wild	O
stands	O
of	O
trees	O
and	O
cultivate	O
some	O
trees	O
in	O
a	O
safe	O
environment	O
in	O
several	O
arboreta	O
in	O
various	O
locations	O
in	O
eastern	O
Australia	B-LOCATION
.	O
"	O

Pest	O
and	O
disease	O
resistance	O
,	O
size	O
and	O
climate	O
adaptability	O
are	O
just	O
some	O
of	O
the	O
traits	O
these	O
wild	O
trees	O
could	O
provide	O
to	O
safeguard	O
the	O
world	O
's	O
genetically	O
vulnerable	O
commercial	O
crop	O
.	O

The	O
Australian	B-ORGANIZATION|B-AFFILIATION
Macadamia	I-ORGANIZATION
Society	I-ORGANIZATION
has	O
estimated	O
the	O
global	O
macadamia	O
farmgate	O
value	O
would	O
be	O
worth	O
$	B-MONEY
1.63	I-MONEY
billion	I-MONEY
this	O
year	O
.	O

"	O
We	O
have	O
sampled	O
over	O
600	O
wild	O
macadamia	O
trees	O
and	O
studied	O
their	O
DNA	B-BRANDS
markers	O
,	O
"	O
Mr	O
McConachie	B-GIVEN_NAME
said	O
.	O

"	O
We	O
are	O
just	O
realising	O
just	O
how	O
enormously	O
diverse	O
the	O
genetics	O
are	O
and	O
that	O
is	O
terribly	O
important	O
in	O
the	O
future	O
.	O
"	O

A	O
new	O
Walk	O
with	O
the	O
Wild	O
Macadamias	O
trail	O
,	O
including	O
interpretive	O
signage	O
,	O
has	O
opened	O
opposite	O
the	O
Amama	B-LOCATION
Day	I-LOCATION
Area	I-LOCATION
in	O
the	O
Amamoor	B-LOCATION
State	I-LOCATION
Forest	I-LOCATION
â	O
off	O
the	O
road	O
that	O
Australia	B-LOCATION
's	O
country	O
music	O
fans	O
drive	O
on	O
their	O
annual	O
pilgrimage	O
to	O
Gympie	B-BRANDS|B-LOCATION
's	B-MISC
Music	I-MISC
Muster	I-MISC
.	O

Traditional	O
owner	O
Russell	B-GIVEN_NAME
Bennett	B-FAMILY_NAME
,	O
hopes	O
that	O
ecotourists	O
will	O
be	O
hungry	O
to	O
learn	O
more	O
about	O
the	O
tasty	O
nut	O
and	O
its	O
habitat	O
.	O

"	O
I	O
'm	O
born	O
and	O
bred	O
in	O
Gympie	B-LOCATION
.	O

I	O
'm	O
Gubbi	B-BRANDS
Gubbi	B-MISC
,	O
Wakka	B-BRANDS
Wakka	B-MISC
,	O
Kullilli	B-BRANDS
.	O

This	O
is	O
my	O
country	O
.	O

I	O
've	O
been	O
a	O
custodian	O
all	O
my	O
life	O
and	O
looked	O
after	O
this	O
country	O
,	O
"	O
he	O
said	O
.	O

"	O
I	O
really	O
hope	O
that	O
we	O
can	O
highlight	O
the	O
importance	O
of	O
these	O
macadamias	O
out	O
here	O
so	O
we	O
can	O
preserve	O
them	O
and	O
thus	O
preserve	O
the	O
bush	O
they	O
live	O
in	O
.	O
"	O

