From	O
the	O
top	O
of	O
Arnhem	B-LOCATION
Land	I-LOCATION
,	O
where	O
musicians	O
take	O
inspiration	O
from	O
his	O
timeless	O
words	O
,	O
to	O
the	O
streets	O
of	O
Melbourne	B-LOCATION
's	I-LOCATION
Fitzroy	I-LOCATION
,	O
where	O
fans	O
leave	O
floral	O
tributes	O
on	O
the	O
steps	O
of	O
Charcoal	B-BRANDS
Lane	B-MISC
,	O
there	O
seems	O
no	O
place	O
in	O
the	O
country	O
that	O
has	O
not	O
been	O
touched	O
by	O
Archie	B-GIVEN_NAME
Roach	B-FAMILY_NAME
.	O

His	O
sons	O
,	O
Amos	B-GIVEN_NAME
and	O
Eban	B-GIVEN_NAME
,	O
said	O
Archie	B-GIVEN_NAME
died	O
surrounded	O
by	O
his	O
family	O
and	O
loved	O
ones	O
at	O
Warrnambool	B-LOCATION|B-LOCATION
Base	I-LOCATION
Hospital	I-LOCATION
in	O
Victoria	B-LOCATION
.	O

Archie	B-GIVEN_NAME
's	O
family	O
has	O
given	O
permission	O
for	O
his	O
name	O
,	O
image	O
and	O
music	O
to	O
be	O
used	O
.	O

However	O
,	O
the	O
love	O
felt	O
for	O
Archie	B-GIVEN_NAME
extends	O
far	O
beyond	O
that	O
hospital	O
ward	O
,	O
far	O
beyond	O
state	O
lines	O
and	O
colour	O
lines	O
to	O
every	O
corner	O
of	O
the	O
land	O
we	O
call	O
Australia	B-LOCATION
.	O

Archie	B-GIVEN_NAME
leaves	O
behind	O
a	O
legacy	O
of	O
tireless	O
work	O
towards	O
reconciliation	O
and	O
a	O
new	O
generation	O
inspired	O
to	O
carry	O
on	O
his	O
message	O
of	O
healing	O
into	O
the	O
future	O
.	O

As	O
Australia	B-LOCATION
comes	O
to	O
terms	O
with	O
the	O
loss	O
of	O
one	O
of	O
it	O
's	O
greatest	O
storytellers	O
,	O
those	O
who	O
were	O
touched	O
by	O
Archie	B-GIVEN_NAME
are	O
opening	O
up	O
on	O
what	O
he	O
meant	O
to	O
them	O
.	O

Goanna	B-BRANDS
frontman	O
Shane	B-GIVEN_NAME
Howard	B-FAMILY_NAME
,	O
a	O
longtime	O
friend	O
of	O
both	O
Archie	B-GIVEN_NAME
and	O
his	O
wife	O
,	O
Ruby	B-GIVEN_NAME
Hunter	B-FAMILY_NAME
,	O
was	O
emotional	O
at	O
the	O
death	O
of	O
a	O
man	O
he	O
considered	O
a	O
brother	O
.	O

It	O
's	O
very	O
raw	O
.	O

It	O
's	O
very	O
real	O
.	O

It	O
's	O
a	O
lot	O
to	O
lose	O
,	O
but	O
I	O
think	O
Ruby	B-GIVEN_NAME
might	O
be	O
calling	O
him	O
home	O
,	O
"	O
Howard	B-GIVEN_NAME
said	O
.	O

The	O
pair	O
toured	O
Australia	B-LOCATION
,	O
the	O
United	B-LOCATION
Kingdom	I-LOCATION
and	O
Ireland	O
together	O
with	O
Black	B-ORGANIZATION
Arm	I-ORGANIZATION
Band	I-ORGANIZATION
and	O
saw	O
each	O
other	O
just	O
days	O
before	O
Archie	B-GIVEN_NAME
's	O
death	O
.	O

Remembering	O
his	O
friend	O
as	O
a	O
"	O
deeply	O
cultural	O
being	O
"	O
,	O
Howard	O
says	O
Australians	B-AFFILIATION
mourning	O
Archie	B-GIVEN_NAME
's	O
passing	O
should	O
continue	O
the	O
reconciliatory	O
work	O
the	O
Gunditjmara	B-AFFILIATION
(	O
Kirrae	B-AFFILIATION
Whurrong	I-AFFILIATION
/	O
Djab	B-AFFILIATION
Wurrung	I-AFFILIATION
)	O
singer	O
strove	O
towards	O
for	O
much	O
of	O
his	O
life	O
.	O

"	O
His	O
ability	O
to	O
keep	O
forgiveness	O
at	O
the	O
front	O
â	O
after	O
all	O
that	O
had	O
happened	O
to	O
him	O
and	O
all	O
that	O
has	O
happened	O
to	O
First	B-AFFILIATION
Nations	I-AFFILIATION
people	O
here	O
in	O
this	O
country	O
â	O
his	O
capacity	O
to	O
keep	O
believing	O
that	O
we	O
could	O
reconcile	O
this	O
nation	O
,	O
that	O
we	O
could	O
become	O
a	O
just	O
and	O
fair	O
nation	O
,	O
"	O
he	O
said	O
.	O

It	O
comes	O
as	O
discussion	O
swirls	O
around	O
the	O
enshrining	O
of	O
an	O
Indigenous	B-ORGANIZATION
Voice	I-ORGANIZATION
to	I-ORGANIZATION
Parliament	I-ORGANIZATION
in	O
the	O
Constitution	O
,	O
an	O
issue	O
Prime	O
Minister	O
Anthony	B-GIVEN_NAME
Albanese	B-FAMILY_NAME
has	O
pledged	O
to	O
settle	O
as	O
soon	O
as	O
possible	O
.	O

"	O
Archie	B-GIVEN_NAME
's	O
passing	O
reminds	O
us	O
that	O
we	O
must	O
redouble	O
efforts	O
,	O
and	O
the	O
greatest	O
way	O
we	O
can	O
honour	O
him	O
is	O
to	O
honour	O
those	O
things	O
,	O
"	O
Howard	B-GIVEN_NAME
said	O
.	O

"	O
There	O
is	O
still	O
so	O
much	O
wrong	O
and	O
Archie	B-GIVEN_NAME
knew	O
that	O
,	O
but	O
he	O
kept	O
struggling	O
,	O
he	O
kept	O
fighting	O
,	O
he	O
kept	O
believing	O
.	O
"	O

Beyond	O
his	O
legacy	O
as	O
one	O
of	O
Australia	B-LOCATION
's	O
most	O
-	O
acclaimed	O
songwriters	O
,	O
Archie	B-GIVEN_NAME
's	O
passing	O
carries	O
a	O
special	O
meaning	O
for	O
the	O
Stolen	B-BRANDS
Generations	B-MISC
.	O

'	O
Songs	O
outlive	O
people	O
'	O

Archie	B-GIVEN_NAME
Roach	B-FAMILY_NAME
's	O
biggest	O
mainstream	O
hit	O
â	O

Took	B-BRANDS
the	B-MISC
Children	I-MISC
Away	I-MISC
â	O
was	O
rooted	O
in	O
his	O
own	O
personal	O
story	O
and	O
chronicled	O
the	O
experiences	O
of	O
the	O
Stolen	B-BRANDS
Generation	B-MISC
,	O
writes	O
Paul	B-GIVEN_NAME
Donoughue	B-FAMILY_NAME
.	O

Archie	B-GIVEN_NAME
Roach	B-FAMILY_NAME

Read	O
more	O

Born	O
in	O
Mooroopna	B-LOCATION
,	I-LOCATION
in	I-LOCATION
Victoria	I-LOCATION
,	O
Archie	B-GIVEN_NAME
was	O
just	O
three	B-DURATION
years	I-DURATION
old	O
when	O
he	O
was	O
forcibly	O
removed	O
from	O
his	O
family	O
.	O

Yorta	B-BRANDS
Yorta	B-MISC
man	O
and	O
Stolen	B-BRANDS
Generations	B-MISC
survivor	O
Ian	B-GIVEN_NAME
Hamm	B-FAMILY_NAME
said	O
he	O
was	O
shaken	O
after	O
hearing	O
the	O
news	O
of	O
Archie	B-GIVEN_NAME
's	O
death	O
.	O

"	O
When	O
I	O
heard	O
,	O
it	O
was	O
just	O
like	O
a	O
grey	O
shadow	O
fell	O
across	O
me	O
,	O
"	O
Mr	O
Hamm	B-GIVEN_NAME
said	O
.	O

"	O
Archie	B-GIVEN_NAME
was	O
a	O
special	O
person	O
in	O
his	O
ability	O
to	O
convey	O
stories	O
and	O
songs	O
and	O
bring	O
to	O
life	O
what	O
it	O
means	O
to	O
be	O
just	O
an	O
ordinary	O
Aboriginal	B-AFFILIATION
person	O
.	O
"	O

For	O
Mr	O
Hamm	B-GIVEN_NAME
,	O
Archie	B-GIVEN_NAME
's	O
music	O
provided	O
an	O
outlet	O
for	O
unspeakable	O
pain	O
and	O
a	O
way	O
to	O
make	O
sense	O
of	O
his	O
own	O
traumatic	O
experiences	O
.	O

"	O
He	O
took	O
the	O
words	O
that	O
we	O
could	O
not	O
speak	O
and	O
he	O
turned	O
them	O
into	O
song	O
so	O
that	O
our	O
voices	O
could	O
be	O
heard	O
,	O
"	O
he	O
said	O
.	O

"	O
When	O
we	O
were	O
unable	O
to	O
articulate	O
what	O
it	O
meant	O
at	O
a	O
really	O
human	O
level	O
,	O
the	O
song	O
'	O
They	B-BRANDS
Took	B-MISC
The	I-MISC
Children	I-MISC
Away	I-MISC
'	O
,	O
it	O
just	O
said	O
it	O
all	O
for	O
us	O
.	O
"	O

Mr	O
Hamm	B-GIVEN_NAME
said	O
Archie	B-GIVEN_NAME
's	O
strength	O
and	O
courage	O
in	O
sharing	O
his	O
own	O
story	O
was	O
crucial	O
in	O
establishing	O
initiatives	O
such	O
as	O
the	O
Stolen	B-BRANDS
Generations	B-MISC
Redress	I-MISC
scheme	O
.	O

"	O
I	O
do	O
n't	O
think	O
we	O
'll	O
see	O
his	O
like	O
again	O
and	O
I	O
can	O
only	O
hope	O
that	O
we	O
will	O
never	O
forget	O
that	O
we	O
were	O
lucky	O
enough	O
to	O
be	O
graced	O
by	O
his	O
presence	O
,	O
"	O
he	O
said	O
.	O

Writer	O
and	O
broadcaster	O
Daniel	B-GIVEN_NAME
James	B-FAMILY_NAME
interviewed	O
Archie	B-GIVEN_NAME
numerous	O
times	O
and	O
described	O
the	O
singer	O
as	O
a	O
"	O
powerful	O
but	O
humble	O
presence	O
"	O
.	O

"	O
He	O
was	O
someone	O
[	O
who	O
]	O
was	O
n't	O
a	O
voice	O
of	O
his	O
generation	O
,	O
he	O
was	O
a	O
voice	O
for	O
generations	O
,	O
"	O
James	B-GIVEN_NAME
said	O
.	O

James	B-GIVEN_NAME
said	O
Archie	B-GIVEN_NAME
was	O
integral	O
in	O
starting	O
a	O
conversation	O
around	O
truth	O
-	O
telling	O
in	O
Australia	B-LOCATION
.	O

"	O
This	O
sounds	O
counterintuitive	O
,	O
but	O
there	O
was	O
nothing	O
performative	O
about	O
his	O
music	O
,	O
"	O
he	O
said	O
.	O

"	O
He	O
was	O
someone	O
[	O
who	O
]	O
was	O
singing	O
into	O
a	O
void	O
before	O
there	O
was	O
an	O
audience	O
ready	O
to	O
hear	O
what	O
he	O
had	O
to	O
say	O
.	O

"	O
And	O
then	O
,	O
eventually	O
,	O
that	O
void	O
was	O
filled	O
with	O
an	O
audience	O
and	O
then	O
,	O
eventually	O
,	O
that	O
audience	O
was	O
filled	O
with	O
love	O
.	O

Love	O
for	O
him	O
,	O
love	O
for	O
his	O
music	O
.	O
"	O

'	O
We	O
want	O
to	O
do	O
it	O
the	O
same	O
way	O
our	O
Uncle	O
Archie	B-GIVEN_NAME
did	O
'	O

For	O
Aboriginal	B-AFFILIATION
musicians	O
such	O
as	O
Victor	B-GIVEN_NAME
Rostron	B-FAMILY_NAME
,	O
Archie	B-GIVEN_NAME
's	O
storytelling	O
served	O
as	O
an	O
inspiration	O
.	O

"	O
We	O
're	O
here	O
in	O
Garma	B-BRANDS
because	O
we	O
've	O
seen	O
our	O
elders	O
telling	O
stories	O
,	O
singing	O
songs	O
,	O
from	O
their	O
heart	O
,	O
"	O
he	O
said	O
.	O

"	O
His	O
music	O
tells	O
us	O
a	O
story	O
from	O
his	O
heart	O
.	O
"	O

Based	O
in	O
Maningrida	B-LOCATION
in	O
north	O
-	O
east	O
Arnhem	B-LOCATION
Land	I-LOCATION
,	O
Rostron	B-GIVEN_NAME
plays	O
in	O
the	O
Indigenous	O
rock	O
band	O
Wildfire	B-ORGANIZATION
Munwurrk	I-ORGANIZATION
and	O
wants	O
to	O
emulate	O
the	O
strength	O
of	O
Archie	B-GIVEN_NAME
's	O
music	O
.	O

"	O
He	O
was	O
our	O
mentor	O
,	O
and	O
we	O
want	O
to	O
do	O
it	O
the	O
same	O
way	O
our	O
Uncle	O
Archie	B-GIVEN_NAME
did	O
,	O
really	O
strong	O
and	O
powerful	O
,	O
"	O
he	O
said	O
.	O

Rostron	B-GIVEN_NAME
said	O
Archie	B-GIVEN_NAME
's	O
breakout	O
song	O
,	O
'	O
Took	B-BRANDS
the	B-MISC
Children	I-MISC
Away	I-MISC
'	O
,	O
brought	O
with	O
it	O
an	O
important	O
message	O
not	O
just	O
for	O
people	O
in	O
Australia	B-LOCATION
,	O
but	O
also	O
for	O
those	O
around	O
the	O
world	O
.	O

"	O
Me	O
and	O
my	O
boys	O
,	O
we	O
're	O
going	O
to	O
miss	O
him	O
,	O
"	O
he	O
said	O
.	O

"	O
His	O
music	O
really	O
means	O
something	O
,	O
and	O
we	O
do	O
n't	O
want	O
his	O
music	O
stopped	O
,	O
we	O
want	O
his	O
music	O
to	O
be	O
a	O
memory	O
for	O
him	O
and	O
stay	O
there	O
forever	O
.	O
"	O

'	O
A	O
song	O
can	O
be	O
a	O
medicine	O
to	O
heal	O
'	O

For	O
opera	O
singer	O
Deborah	B-GIVEN_NAME
Cheetham	B-FAMILY_NAME
,	O
the	O
loss	O
of	O
Archie	B-GIVEN_NAME
represents	O
the	O
loss	O
of	O
a	O
pillar	O
of	O
the	O
Australian	B-AFFILIATION
community	O
.	O

"	O
Today	O
our	O
world	O
has	O
changed	O
forever	O
.	O

Our	O
work	O
becomes	O
so	O
much	O
more	O
difficult	O
because	O
Uncle	O
Archie	B-GIVEN_NAME
was	O
holding	O
up	O
so	O
much	O
of	O
our	O
nation	O
's	O
spirit	O
,	O
"	O
Cheetham	B-GIVEN_NAME
said	O
.	O

Cheetham	B-GIVEN_NAME
said	O
Archie	B-GIVEN_NAME
's	O
deep	O
connection	O
to	O
music	O
allowed	O
his	O
message	O
to	O
break	O
through	O
racial	O
barriers	O
and	O
unite	O
the	O
country	O
.	O

"	O
His	O
understanding	O
,	O
deep	O
within	O
his	O
DNA	B-BRANDS
,	O
that	O
a	O
song	O
is	O
so	O
much	O
more	O
than	O
just	O
a	O
song	O
,	O
"	O
she	O
said	O
.	O

"	O
A	O
song	O
can	O
be	O
a	O
medicine	O
to	O
heal	O
the	O
many	O
wounds	O
that	O
have	O
been	O
inflicted	O
on	O
not	O
only	O
Indigenous	O
people	O
in	O
this	O
country	O
but	O
[	O
also	O
]	O
on	O
every	O
Australian	B-AFFILIATION
.	O

"	O
It	O
's	O
often	O
said	O
that	O
we	O
stand	O
on	O
the	O
shoulders	O
of	O
giants	O
,	O
"	O
Cheetham	B-GIVEN_NAME
said	O
.	O

"	O
The	O
whole	O
of	O
Australia	B-LOCATION
can	O
say	O
that	O
it	O
stood	O
on	O
the	O
shoulder	O
of	O
a	O
giant	O
in	O
Uncle	O
Archie	B-GIVEN_NAME
.	O
"	O

