A	O
youth	O
was	O
allegedly	O
stabbed	O
to	O
death	O
by	O
a	O
group	O
of	O
people	O
in	O
Dhaka	B-LOCATION
's	I-LOCATION
Keraniganj	I-LOCATION
upazila	I-LOCATION
on	O
Wednesday	B-DATE
.	O

The	O
deceased	O
was	O
identified	O
as	O
Murad	B-GIVEN_NAME
,	O
18	O
,	O
son	O
of	O
Mojibur	B-GIVEN_NAME
Rahman	B-FAMILY_NAME
.	O

Police	O
said	O
a	O
group	O
of	O
young	O
men	O
stabbed	O
Murad	B-GIVEN_NAME
when	O
he	O
was	O
returning	O
home	O
from	O
Nayabazar	B-LOCATION|B-ORGANIZATION
Degree	I-LOCATION|I-ORGANIZATION
College	I-LOCATION|I-ORGANIZATION
NID	I-LOCATION|B-BRANDS
centre	I-LOCATION
at	O
Narandi	B-LOCATION
,	O
leaving	O
him	O
severely	O
injured	O
.	O

Murad	B-GIVEN_NAME
âs	O
friend	O
Nafi	B-GIVEN_NAME
also	O
sustained	O
injuries	O
while	O
trying	O
to	O
save	O
him	O
.	O

Murad	B-GIVEN_NAME
died	O
on	O
the	O
way	O
to	O
a	O
local	O
hospital	O
while	O
Nafi	B-GIVEN_NAME
was	O
admitted	O
to	O
Dhaka	B-LOCATION|B-LOCATION
Medical	I-LOCATION
College	I-LOCATION
Hospital	I-LOCATION
.	O

It	O
was	O
learnt	O
that	O
Murad	B-GIVEN_NAME
along	O
with	O
his	O
friend	O
went	O
to	O
the	O
NID	B-LOCATION
centre	I-LOCATION
to	O
get	O
a	O
photo	O
clicked	O
for	O
his	O
NID	B-BRANDS
.	O

An	O
argument	O
broke	O
out	O
there	O
between	O
Murad	B-GIVEN_NAME
and	O
a	O
group	O
of	O
young	O
men	O
over	O
jumping	O
a	O
queue	O
.	O

The	O
men	O
had	O
also	O
come	O
there	O
for	O
the	O
same	O
purpose	O
.	O

Shahabuddin	B-GIVEN_NAME
Kabir	B-FAMILY_NAME
,	O
additional	O
superintendent	O
of	O
Keraniganj	B-ORGANIZATION|B-LOCATION
Police	I-ORGANIZATION
,	O
confirmed	O
the	O
matter	O
.	O

