Police	O
today	O
(	O
July	B-DATE
28	I-DATE
,	I-DATE
2022	I-DATE
)	O
recovered	O
the	O
body	O
of	O
a	O
man	O
from	O
a	O
house	O
in	O
Biswas	B-LOCATION
Betka	I-LOCATION
area	O
of	O
Tangail	B-LOCATION
town	O
.	O

The	O
deceased	O
was	O
identified	O
as	O
Abu	B-GIVEN_NAME
Saeed	B-FAMILY_NAME
(	O
40	O
)	O
of	O
Taratia	B-LOCATION
village	O
in	O
Tangail	B-LOCATION
Sadar	I-LOCATION
upazila	I-LOCATION
,	O
reports	O
our	O
Tangail	B-LOCATION
correspondent	O
quoting	O
police	O
.	O

The	O
victim	O
's	O
wife	O
,	O
Hridoy	B-GIVEN_NAME
Banu	B-FAMILY_NAME
(	O
34	O
)	O
is	O
absconding	O
,	O
leaving	O
their	O
six	O
-	O
month	O
-	O
old	O
daughter	O
and	O
her	O
husband	O
's	O
body	O
in	O
the	O
house	O
.	O

She	O
hails	O
from	O
Bahubol	B-LOCATION
upazila	I-LOCATION
in	O
Habiganj	B-LOCATION
district	O
,	O
said	O
police	O
.	O

Abu	B-GIVEN_NAME
Saeed	B-FAMILY_NAME
and	O
Hridoy	B-GIVEN_NAME
Banu	B-FAMILY_NAME
came	O
as	O
a	O
tenant	O
at	O
the	O
house	O
six	O
months	O
ago	O
.	O

This	O
was	O
the	O
second	O
marriage	O
for	O
both	O
of	O
them	O
,	O
said	O
Abdul	B-GIVEN_NAME
Gafur	B-FAMILY_NAME
,	O
another	O
tenant	O
of	O
the	O
house	O
.	O

The	O
victim	O
returned	O
from	O
Dhaka	B-LOCATION
last	O
night	O
to	O
meet	O
his	O
wife	O
and	O
daughter	O
as	O
he	O
was	O
supposed	O
to	O
go	O
abroad	O
within	O
a	O
few	O
days	O
,	O
Gafur	B-GIVEN_NAME
said	O
.	O

Hearing	O
the	O
child	O
crying	O
this	O
morning	O
,	O
neighbours	O
peeped	O
into	O
their	O
room	O
and	O
saw	O
Saeed	B-GIVEN_NAME
's	O
body	O
lying	O
on	O
the	O
floor	O
and	O
the	O
child	O
on	O
the	O
bed	O
.	O

Hridoy	B-GIVEN_NAME
Banu	B-FAMILY_NAME
was	O
not	O
in	O
the	O
room	O
,	O
he	O
added	O
.	O

On	O
information	O
,	O
police	O
recovered	O
the	O
body	O
from	O
the	O
spot	O
and	O
sent	O
it	O
to	O
Tangail	B-LOCATION
General	I-LOCATION
Hospital	I-LOCATION
morgue	O
for	O
autopsy	O
,	O
Sarwar	B-GIVEN_NAME
Hossain	B-FAMILY_NAME
,	O
additional	O
superintendent	O
of	O
police	O
(	O
Sadar	B-LOCATION
Circle	I-LOCATION
)	O
told	O
The	B-ORGANIZATION
Daily	I-ORGANIZATION
Star	I-ORGANIZATION
.	O

Police	O
suspected	O
that	O
the	O
man	O
might	O
have	O
been	O
strangled	O
to	O
death	O
.	O

However	O
,	O
the	O
exact	O
cause	O
of	O
death	O
will	O
be	O
known	O
after	O
the	O
autopsy	O
,	O
said	O
the	O
police	O
official	O
.	O

Law	O
enforcers	O
are	O
investigating	O
the	O
matter	O
,	O
he	O
added	O
.	O

