Chinese	B-ORGANIZATION|B-AFFILIATION
Foreign	I-ORGANIZATION
Affairs	I-ORGANIZATION
Minister	O
Wang	B-GIVEN_NAME
Yi	B-FAMILY_NAME
is	O
likely	O
to	O
visit	O
Bangladesh	B-LOCATION
next	O
month	O
and	O
Dhaka	B-LOCATION
is	O
working	O
with	O
Beijing	B-LOCATION
to	O
find	O
a	O
date	O
for	O
the	O
visit	O
convenient	O
to	O
both	O
sides	O
,	O
says	O
a	O
diplomatic	O
source	O
.	O

The	O
Chinese	B-AFFILIATION
side	O
has	O
initially	O
proposed	O
August	B-DATE
5-6	I-DATE
for	O
the	O
visit	O
but	O
Foreign	O
Minister	O
Wang	B-GIVEN_NAME
Yi	B-FAMILY_NAME
's	O
Bangladesh	B-LOCATION
counterpart	O
Dr	O
AK	B-GIVEN_NAME
Abdul	B-FAMILY_NAME
Momen	I-FAMILY_NAME
has	O
prescheduled	O
engagement	O
abroad	O
at	O
that	O
time	O
,	O
reports	O
UNB	B-ORGANIZATION
.	O

Dhaka	B-LOCATION
expects	O
that	O
the	O
Chinese	B-AFFILIATION
side	O
will	O
find	O
alternative	O
dates	O
for	O
the	O
visit	O
which	O
will	O
be	O
convenient	O
to	O
both	O
sides	O
.	O

Chinese	B-AFFILIATION
Ambassador	O
to	O
Bangladesh	B-LOCATION
Li	B-GIVEN_NAME
Jiming	B-FAMILY_NAME
met	O
Foreign	O
Minister	O
Momen	B-GIVEN_NAME
on	O
Sunday	B-DATE
at	O
the	O
Ministry	B-ORGANIZATION
of	I-ORGANIZATION
Foreign	I-ORGANIZATION
Affairs	I-ORGANIZATION
and	O
discussed	O
various	O
issues	O
of	O
mutual	O
interest	O
including	O
the	O
proposed	O
visit	O
of	O
the	O
Chinese	B-AFFILIATION
Foreign	O
Minister	O
.	O

Minister	O
Wang	B-GIVEN_NAME
is	O
a	O
member	O
of	O
the	O
19th	O
Communist	B-ORGANIZATION
Party	I-ORGANIZATION
of	I-ORGANIZATION
China	I-ORGANIZATION|B-LOCATION
(	O
CPC	B-ORGANIZATION
)	O
Central	B-ORGANIZATION
Committee	I-ORGANIZATION
,	O
State	O
Councilor	O
and	O
a	O
member	O
of	O
the	O
Leading	O
CPC	B-ORGANIZATION
Members	I-ORGANIZATION
Group	I-ORGANIZATION
of	O
the	O
State	B-ORGANIZATION
Council	I-ORGANIZATION
.	O

