Dhaka	B-ORGANIZATION|B-LOCATION
University	I-ORGANIZATION
student	O
Mohiuddin	B-GIVEN_NAME
Roni	B-FAMILY_NAME
,	O
who	O
has	O
been	O
protesting	O
against	O
irregularities	O
,	O
corruption	O
and	O
mismanagement	O
in	O
the	O
railway	O
for	O
several	O
weeks	O
,	O
has	O
called	O
of	O
his	O
protest	O
following	O
a	O
meeting	O
with	O
the	O
Bangladesh	B-ORGANIZATION|B-LOCATION|B-LOCATION
Railway	I-ORGANIZATION|I-LOCATION
authorities	I-ORGANIZATION
.	O

Roni	B-GIVEN_NAME
told	O
this	O
to	O
journalists	O
on	O
Monday	B-BRANDS
night	O
at	O
Bangladesh	B-LOCATION|B-LOCATION
Railway	I-LOCATION
Bhavan	I-LOCATION
in	O
Dhaka	B-LOCATION
.	O

â	O
I	O
am	O
suspending	O
my	O
protest	O
on	O
six	O
-	O
point	O
demand	O
keeping	O
trust	O
on	O
the	O
Prime	O
Minister	O
.	O

I	O
am	O
doing	O
it	O
so	O
that	O
third	O
party	O
cannot	O
take	O
the	O
advantage	O
of	O
my	O
agitation	O
to	O
create	O
an	O
unstable	O
situation	O
,	O
â	O
he	O
said	O
.	O

Mohiuddin	B-GIVEN_NAME
Roni	B-FAMILY_NAME
,	O
started	O
the	O
protest	O
from	O
July	B-DATE
7	I-DATE
to	O
protest	O
against	O
the	O
mismanagement	O
and	O
irregualrities	O
of	O
Bangladesh	B-LOCATION|B-LOCATION
Railway	I-LOCATION
.	O

