Production	O
at	O
Barapukuria	B-ORGANIZATION|B-LOCATION
Coal	I-ORGANIZATION
Mining	I-ORGANIZATION
Company	I-ORGANIZATION
Limited	I-ORGANIZATION
(	O
BCMCL	B-ORGANIZATION
)	O
resumed	O
yesterday	O
after	O
three	O
months	O
.	O

The	O
authorities	O
suspended	O
coal	O
production	O
on	O
April	B-DATE
30	I-DATE
for	O
development	O
work	O
.	O

Officials	O
hope	O
that	O
coal	O
produced	O
at	O
the	O
mine	O
will	O
be	O
a	O
relief	O
for	O
the	O
525	B-LOCATION
MW	I-LOCATION
Barapukuria	I-LOCATION|B-ORGANIZATION|B-LOCATION
Coal	I-LOCATION|I-ORGANIZATION
-	I-LOCATION
Fired	I-LOCATION
Power	I-LOCATION
Plant	I-LOCATION
,	O
which	O
has	O
been	O
facing	O
a	O
shortage	O
of	O
coal	O
.	O

Saiful	B-GIVEN_NAME
Islam	B-FAMILY_NAME
Sarkar	I-FAMILY_NAME
,	O
the	O
new	O
managing	O
director	O
of	O
Barapukuria	B-ORGANIZATION|B-LOCATION
Coal	I-ORGANIZATION
Mining	I-ORGANIZATION
Company	I-ORGANIZATION
Limited	I-ORGANIZATION
(	O
BCMCL	B-ORGANIZATION
)	O
,	O
said	O
production	O
would	O
continue	O
for	O
the	O
next	O
seven	B-DURATION
days	I-DURATION
on	O
a	O
trial	O
basis	O
.	O

Production	O
would	O
bump	O
up	O
after	O
a	O
week	O
,	O
he	O
said	O
,	O
adding	O
that	O
all	O
of	O
the	O
coal	O
would	O
be	O
supplied	O
to	O
the	O
power	O
plant	O
.	O

Around	O
2.5	B-MONEY
lakh	I-MONEY
tonnes	O
of	O
coal	O
were	O
at	O
the	O
stockyard	O
when	O
production	O
was	O
suspended	O
.	O

The	O
stock	O
came	O
down	O
to	O
just	O
60,000	O
tonnes	O
at	O
the	O
beginning	O
of	O
this	O
month	O
as	O
the	O
power	O
plant	O
has	O
been	O
regularly	O
taking	O
coal	O
from	O
the	O
stockyard	O
.	O

As	O
coal	O
production	O
was	O
supposed	O
to	O
resume	O
at	O
the	O
end	O
of	O
August	B-DATE
,	O
the	O
power	O
plant	O
,	O
which	O
needs	O
over	O
3,000	O
tonnes	O
every	O
day	O
,	O
would	O
have	O
run	O
out	O
of	O
coal	O
.	O

After	O
The	B-ORGANIZATION
Daily	I-ORGANIZATION
Star	I-ORGANIZATION
ran	O
a	O
report	O
about	O
the	O
matter	O
on	O
July	B-DATE
7	I-DATE
,	O
top	O
officials	O
of	O
Petrobangla	B-ORGANIZATION
ordered	O
resumption	O
of	O
coal	O
production	O
at	O
the	O
mine	O
as	O
soon	O
as	O
possible	O
,	O
sources	O
said	O
.	O

