Members	O
of	O
the	O
Criminal	B-ORGANIZATION
Investigation	I-ORGANIZATION
Department	I-ORGANIZATION
arrested	O
a	O
man	O
yesterday	O
(	O
July	B-DATE
27	I-DATE
,	I-DATE
2022	I-DATE
)	O
for	O
allegedly	O
killing	O
his	O
wife	O
with	O
a	O
sharp	O
weapon	O
on	O
July	B-DATE
21	I-DATE
,	I-DATE
2022	I-DATE
,	O
after	O
she	O
refused	O
to	O
quit	O
her	O
job	O
in	O
Sholdhara	B-LOCATION
village	O
at	O
Gior	B-LOCATION
upazila	O
of	O
Manikganj	B-LOCATION
.	O

The	O
accused	O
Russell	B-GIVEN_NAME
Mollah	B-FAMILY_NAME
Rupak	I-FAMILY_NAME
(	O
28	O
)	O
,	O
was	O
arrested	O
from	O
Dhaka	B-LOCATION
's	I-LOCATION
Keraniganj	I-LOCATION
during	O
a	O
raid	O
,	O
reports	O
our	O
Manikganj	B-LOCATION
correspondent	O
quoting	O
CID	B-ORGANIZATION
Inspector	O
Monir	B-GIVEN_NAME
Hossain	B-FAMILY_NAME
,	O
also	O
the	O
investigating	O
officer	O
of	O
the	O
case	O
.	O

The	O
accused	O
had	O
been	O
pressuring	O
his	O
wife	O
Sumi	B-GIVEN_NAME
Akhter	B-FAMILY_NAME
to	O
quit	O
her	O
job	O
for	O
a	O
long	O
time	O
.	O

On	O
July	B-DATE
21	I-DATE
,	O
a	O
scuffle	O
between	O
them	O
occurred	O
,	O
centring	O
the	O
issue	O
.	O

At	O
one	O
point	O
,	O
Rupak	B-GIVEN_NAME
hacked	O
Sumi	B-GIVEN_NAME
using	O
a	O
locally	O
made	O
sharp	O
weapon	O
,	O
leaving	O
her	O
dead	O
on	O
the	O
spot	O
,	O
said	O
the	O
IO	O
.	O

Rupak	B-GIVEN_NAME
has	O
confessed	O
to	O
his	O
crime	O
during	O
a	O
primary	O
interrogation	O
,	O
added	O
the	O
CID	B-ORGANIZATION
inspector	O
.	O

Following	O
the	O
murder	O
,	O
the	O
victim	O
's	O
father	O
Md	B-GIVEN_NAME
Rahm	B-FAMILY_NAME
Ali	I-FAMILY_NAME
filed	O
a	O
murder	O
case	O
at	O
Ghior	B-LOCATION|B-LOCATION
Police	I-LOCATION
Station	I-LOCATION
against	O
Rupak	B-GIVEN_NAME
.	O

Rupak	B-GIVEN_NAME
assured	O
Sumi	B-GIVEN_NAME
that	O
she	O
could	O
continue	O
her	O
job	O
after	O
marriage	O
,	O
said	O
Superintendent	O
of	O
Police	O
Mukta	B-GIVEN_NAME
Dhar	B-FAMILY_NAME
at	O
a	O
press	O
conference	O
at	O
CID	B-ORGANIZATION
's	O
office	O
in	O
Dhaka	B-LOCATION
's	I-LOCATION
Malibagh	I-LOCATION
.	O

"	O
But	O
after	O
marriage	O
,	O
Rupak	B-GIVEN_NAME
and	O
his	O
family	O
members	O
changed	O
their	O
mind	O
and	O
pressured	O
her	O
to	O
quit	O
her	O
job	O
.	O

Apart	O
from	O
this	O
,	O
they	O
also	O
tortured	O
her	O
both	O
physically	O
and	O
mentally	O
,	O
"	O
said	O
the	O
CID	B-ORGANIZATION
SP	O
.	O

Sumi	B-GIVEN_NAME
even	O
told	O
her	O
in	O
-	O
laws	O
that	O
she	O
had	O
spoken	O
to	O
the	O
office	O
about	O
quitting	O
her	O
job	O
and	O
that	O
she	O
was	O
requested	O
not	O
to	O
quit	O
until	O
they	O
find	O
her	O
replacement	O
,	O
said	O
Mukta	B-GIVEN_NAME
.	O

Rupak	B-GIVEN_NAME
had	O
been	O
working	O
as	O
an	O
assistant	O
to	O
a	O
lawyer	O
in	O
Manikganj	B-LOCATION
judge	O
's	O
court	O
for	O
about	O
nine	B-DURATION
years	I-DURATION
,	O
she	O
added	O
.	O

Rupak	B-GIVEN_NAME
and	O
Sumi	B-GIVEN_NAME
got	O
married	O
on	O
May	B-DATE
15	I-DATE
of	O
this	O
year	O
.	O

Sumi	B-GIVEN_NAME
had	O
been	O
working	O
as	O
a	O
field	O
worker	O
in	O
a	O
local	O
private	O
development	O
company	O
.	O

The	O
accused	O
was	O
handed	O
over	O
to	O
CID	B-ORGANIZATION
Manikganj	B-GIVEN_NAME
after	O
the	O
press	O
conference	O
,	O
IO	O
Monir	B-GIVEN_NAME
told	O
The	B-ORGANIZATION
Daily	I-ORGANIZATION
Star	I-ORGANIZATION
.	O

He	O
will	O
be	O
produced	O
before	O
a	O
court	O
today	O
,	O
he	O
added	O
.	O

