On	O
a	O
rainy	O
Thursday	B-DATE
in	O
Tuktoyaktuk	B-LOCATION
,	I-LOCATION
N.	I-LOCATION
W.	I-LOCATION
T.	I-LOCATION
,	O
last	O
week	O
a	O
group	O
of	O
children	O
,	O
using	O
paper	O
and	O
a	O
sewing	O
needle	O
,	O
built	O
an	O
amplifier	O
for	O
the	O
turntables	O
they	O
were	O
learning	O
to	O
make	O
.	O

It	O
was	O
part	O
of	O
a	O
four	O
-	O
week	O
camp	O
in	O
July	B-DATE
that	O
incorporates	O
traditional	O
learning	O
with	O
science	O
,	O
technology	O
,	O
engineering	O
and	O
math	O
â	O
also	O
known	O
as	O
the	O
STEM	B-BRANDS
fields	O
.	O

"	O
I	O
'm	O
finding	O
it	O
amazing	O
,	O
"	O
said	O
10	B-DURATION
year	I-DURATION
-	O
old	O
Olivia	B-GIVEN_NAME
King	B-FAMILY_NAME
,	O
who	O
was	O
part	O
of	O
the	O
camp	O
.	O

"	O
The	O
people	O
here	O
are	O
amazing	O
,	O
they	O
really	O
do	O
care	O
about	O
everyone	O
.	O

Make	O
sure	O
they	O
're	O
safe	O
.	O
"	O

Making	O
turntables	O
was	O
part	O
of	O
the	O
music	O
and	O
storytelling	O
part	O
of	O
the	O
camp	O
,	O
where	O
King	B-GIVEN_NAME
and	O
over	O
15	O
youth	O
in	O
Tuktoyaktuk	B-LOCATION
learned	O
about	O
the	O
history	O
of	O
recording	O
music	O
.	O

The	O
day	O
was	O
incorporated	O
with	O
local	O
elders	O
giving	O
drum	O
dancing	O
lessons	O
.	O

Another	O
week	O
,	O
the	O
group	O
learned	O
about	O
planting	O
seeds	O
.	O

One	O
activity	O
,	O
and	O
King	B-GIVEN_NAME
's	O
favourite	O
project	O
,	O
was	O
in	O
the	O
final	O
week	O
of	O
the	O
camp	O
where	O
they	O
worked	O
with	O
university	O
and	O
college	O
students	O
on	O
STEM	B-BRANDS
projects	O
,	O
including	O
making	O
planets	O
out	O
of	O
paper	O
mache	O
while	O
learning	O
about	O
the	O
solar	O
system	O
.	O

That	O
week	O
was	O
a	O
youth	O
-	O
to	O
-	O
youth	O
national	O
initiative	O
called	O
Actua	B-ORGANIZATION
Canada	I-ORGANIZATION|B-LOCATION
,	O
which	O
travels	O
throughout	O
the	O
country	O
delivering	O
youth	O
camps	O
designed	O
to	O
break	O
down	O
barriers	O
to	O
youth	O
participation	O
in	O
science	O
,	O
engineering	O
and	O
technology	O
.	O

The	O
Inuvialuit	B-ORGANIZATION|B-LOCATION
Regional	I-ORGANIZATION
Corporation	I-ORGANIZATION
(	O
IRC	B-ORGANIZATION
)	O
invited	O
the	O
Actua	B-ORGANIZATION
members	O
.	O

"	O
We	O
're	O
very	O
thankful	O
to	O
have	O
their	O
resources	O
and	O
be	O
able	O
to	O
work	O
with	O
them	O
,	O
"	O
said	O
Vivianne	B-GIVEN_NAME
Kupovics	B-FAMILY_NAME
,	O
a	O
student	O
from	O
Montreal	B-LOCATION
who	O
is	O
one	O
of	O
three	O
students	O
who	O
came	O
with	O
Actua	B-ORGANIZATION
.	O

"	O
It	O
's	O
fantastic	O
,	O
and	O
it	O
really	O
helps	O
the	O
kids	O
have	O
strong	O
structure	O
as	O
well	O
.	O
"	O

The	O
team	O
,	O
through	O
various	O
activities	O
,	O
taught	O
coding	O
and	O
robotics	O
,	O
and	O
did	O
projects	O
with	O
the	O
kids	O
like	O
making	O
pretend	O
volcanoes	O
,	O
rockets	O
,	O
and	O
instruments	O
.	O

"	O
It	O
helps	O
the	O
kids	O
so	O
they	O
have	O
an	O
understanding	O
,	O
"	O
said	O
Kupovics	B-GIVEN_NAME
.	O

For	O
over	O
a	O
decade	O
,	O
the	O
Actua	B-ORGANIZATION
has	O
been	O
delivering	O
STEM	B-BRANDS
programs	O
across	O
the	O
N.	B-LOCATION
W.	I-LOCATION
T.	I-LOCATION

Meeka	B-GIVEN_NAME
Steen	B-FAMILY_NAME
is	O
the	O
IRC	B-ORGANIZATION
summer	O
camp	O
lead	O
in	O
Tuktoyaktuk	B-LOCATION
for	O
ages	O
five	O
to	O
12	O
.	O
"	O
The	O
kids	O
really	O
enjoy	O
it	O
because	O
it	O
's	O
things	O
that	O
they	O
've	O
never	O
seen	O
or	O
done	O
before	O
,	O
"	O
she	O
said	O
,	O
referring	O
to	O
listening	O
to	O
vinyl	O
records	O
and	O
learning	O
how	O
it	O
works	O
.	O

Steen	B-GIVEN_NAME
said	O
some	O
STEM	B-BRANDS
activities	O
helped	O
her	O
and	O
local	O
educators	O
in	O
bringing	O
new	O
ideas	O
to	O
the	O
community	O
.	O
Before	O
coming	O
to	O
Tuktoyaktuk	B-LOCATION
,	O
the	O
Actua	B-ORGANIZATION
group	O
were	O
in	O
Sachs	B-LOCATION
Harbour	I-LOCATION
,	O
Inuvik	B-LOCATION
and	O
GamÃ¨tÃ¬	B-LOCATION
.	O

Next	O
they	O
're	O
off	O
to	O
Nunavut	B-LOCATION
to	O
visit	O
Kugaaruk	B-LOCATION
and	O
Cambridge	B-LOCATION
Bay	I-LOCATION
,	O
and	O
then	O
to	O
Fort	B-LOCATION
Chipewyan	I-LOCATION
in	O
Alberta	B-LOCATION
.	O

Student	O
Jordyn	B-GIVEN_NAME
Hendricks	B-FAMILY_NAME
from	O
Ottawa	B-LOCATION
is	O
with	O
the	O
Actua	B-ORGANIZATION
team	O
,	O
and	O
will	O
be	O
starting	O
their	O
first	O
year	O
at	O
the	O
Ontario	B-ORGANIZATION|B-LOCATION
College	I-ORGANIZATION
of	I-ORGANIZATION
Art	I-ORGANIZATION
and	I-ORGANIZATION
Design	I-ORGANIZATION
in	O
Toronto	B-LOCATION
.	O

Hendricks	B-GIVEN_NAME
said	O
being	O
able	O
to	O
have	O
cultural	O
elements	O
tied	O
in	O
with	O
these	O
camps	O
is	O
one	O
of	O
the	O
"	O
most	O
important	O
"	O
aspects	O
of	O
the	O
camps	O
,	O
especially	O
as	O
the	O
group	O
members	O
are	O
guests	O
in	O
these	O
communities	O
.	O

"	O
Especially	O
as	O
an	O
Indigenous	O
person	O
,	O
I	O
really	O
value	O
connecting	O
with	O
other	O
Indigenous	O
people	O
,	O
"	O
said	O
Hendricks	B-GIVEN_NAME
.	O

"	O
I	O
've	O
been	O
really	O
grateful	O
to	O
have	O
this	O
experience	O
,	O
to	O
share	O
a	O
bit	O
of	O
my	O
culture	O
from	O
down	O
South	O
with	O
my	O
own	O
teachings	O
and	O
spirituality	O
and	O
learn	O
about	O
the	O
other	O
teachings	O
and	O
spirituality	O
of	O
other	O
Indigenous	O
nations	O
and	O
peoples	O
.	O
"	O

