A	O
First	B-AFFILIATION
Nation	I-AFFILIATION
in	O
Yukon	B-LOCATION
is	O
rejoicing	O
after	O
the	O
discovery	O
of	O
a	O
baby	O
woolly	O
mammoth	O
on	O
its	O
traditional	O
territory	O
.	O

The	O
well	O
-	O
preserved	O
animal	O
was	O
discovered	O
by	O
placer	O
miners	O
at	O
Eureka	B-LOCATION
Creek	I-LOCATION
near	O
Dawson	B-LOCATION
City	I-LOCATION
,	I-LOCATION
Yukon	I-LOCATION
,	O
on	O
June	B-DATE
21	I-DATE
.	O

The	O
Tr	B-ORGANIZATION
â	I-ORGANIZATION
ondÃ«k	I-ORGANIZATION
HwÃ«ch	I-ORGANIZATION
â	I-ORGANIZATION
in	I-ORGANIZATION
First	I-ORGANIZATION
Nation	I-ORGANIZATION
(	O
THFN	B-ORGANIZATION
)	O
named	O
the	O
animal	O
Nun	B-BRANDS
cho	B-MISC
ga	I-MISC
,	O
which	O
means	O
big	O
animal	O
baby	O
in	O
the	O
HÃ¤n	B-AFFILIATION
language	O
.	O

â	O
The	O
recovery	O
of	O
Nun	B-BRANDS
cho	B-MISC
ga	I-MISC
has	O
been	O
a	O
remarkable	O
event	O
.	O

It	O
has	O
already	O
begun	O
stirring	O
the	O
interest	O
of	O
people	O
throughout	O
the	O
world	O
,	O
â	O
said	O
Chief	O
Roberta	B-GIVEN_NAME
Joseph	B-FAMILY_NAME
during	O
a	O
technical	O
briefing	O
on	O
July	B-DATE
13	I-DATE
.	O

â	O
She	O
is	O
more	O
than	O
a	O
historic	O
specimen	O
of	O
men	O
.	O

She	O
is	O
one	O
of	O
our	O
sacred	O
ancestors	O
.	O
â	O

Ross	B-GIVEN_NAME
MacPhee	B-FAMILY_NAME
,	O
senior	O
curator	O
for	O
the	O
department	O
of	O
mammalogy	O
at	O
the	O
American	B-ORGANIZATION|B-AFFILIATION
University	I-ORGANIZATION
of	I-ORGANIZATION
Natural	I-ORGANIZATION
History	I-ORGANIZATION
in	O
New	B-LOCATION
York	I-LOCATION
City	I-LOCATION
,	O
says	O
Nun	B-BRANDS
cho	B-MISC
ga	I-MISC
âs	O
discovery	O
is	O
significant	O
as	O
she	O
is	O
the	O
best	O
-	O
preserved	O
woolly	O
mammoth	O
found	O
in	O
North	B-LOCATION
America	I-LOCATION
.	O

â	O
To	O
have	O
an	O
entire	O
body	O
in	O
very	O
good	O
shape	O
â¦	O
with	O
hair	O
,	O
toenails	O
,	O
trunk	O
all	O
there	O
,	O
is	O
really	O
remarkable	O
,	O
â	O
he	O
said	O
.	O

He	O
noted	O
samples	O
of	O
her	O
DNA	B-BRANDS
can	O
also	O
be	O
used	O
to	O
study	O
the	O
genetic	O
code	O
and	O
evolution	O
of	O
woolly	O
mammoths	O
and	O
elephants	O
.	O

â	O
One	O
of	O
the	O
things	O
we	O
want	O
to	O
understand	O
is	O
how	O
an	O
elephant	O
,	O
which	O
is	O
what	O
a	O
woolly	O
mammoth	O
is	O
,	O
managed	O
to	O
adapt	O
to	O
ice	O
age	O
conditions	O
in	O
the	O
northern	O
most	O
part	O
of	O
the	O
world	O
,	O
and	O
do	O
so	O
very	O
successfully	O
over	O
hundreds	O
of	O
thousands	O
,	O
if	O
not	O
(	O
a	O
longer	O
number	O
)	O
of	O
years	O
,	O
and	O
we	O
need	O
to	O
know	O
more	O
about	O
that	O
,	O
â	O
he	O
said	O
.	O

Geologists	O
with	O
the	O
Yukon	B-ORGANIZATION|B-LOCATION
Geological	I-ORGANIZATION
Survey	I-ORGANIZATION
estimate	O
Nun	B-BRANDS
cho	B-MISC
ga	I-MISC
was	O
between	O
30	O
to	O
35	B-DURATION
days	I-DURATION
old	O
when	O
she	O
died	O
during	O
the	O
last	O
ice	O
age	O
more	O
than	O
30,000	O
years	O
ago	O
.	O

Jeff	B-GIVEN_NAME
Bond	B-FAMILY_NAME
,	O
a	O
manager	O
with	O
the	O
survey	O
,	O
says	O
gravel	O
and	O
silt	O
deposits	O
where	O
the	O
animal	O
was	O
located	O
indicate	O
she	O
was	O
in	O
close	O
proximity	O
to	O
a	O
small	O
stream	O
when	O
she	O
died	O
.	O

â	O
The	O
mammoth	O
either	O
died	O
on	O
the	O
stream	O
bed	O
or	O
near	O
it	O
,	O
and	O
was	O
subsequently	O
buried	O
likely	O
by	O
a	O
mudflow	O
that	O
,	O
came	O
down	O
in	O
a	O
storm	O
event	O
,	O
â	O
he	O
said	O
.	O

Bond	B-GIVEN_NAME
said	O
it	O
âs	O
also	O
unlikely	O
Nun	B-BRANDS
cho	B-MISC
ga	I-MISC
âs	O
discovery	O
is	O
related	O
to	O
climate	O
change	O
.	O

That	O
âs	O
because	O
miners	O
found	O
the	O
animal	O
by	O
digging	O
into	O
the	O
permafrost	O
with	O
machinery	O
as	O
opposed	O
to	O
climate	O
change	O
events	O
like	O
permafrost	O
thaw	O
.	O

Travis	B-GIVEN_NAME
Delawski	B-FAMILY_NAME
,	O
a	O
miner	O
with	O
Treadstone	B-ORGANIZATION
Gold	I-ORGANIZATION
who	O
unknowingly	O
unearthed	O
the	O
animal	O
using	O
an	O
excavating	O
machine	O
,	O
said	O
he	O
could	O
nât	O
figure	O
out	O
what	O
he	O
was	O
seeing	O
at	O
first	O
.	O

â	O
I	O
looked	O
down	O
and	O
something	O
was	O
looking	O
at	O
me	O
,	O
â	O
he	O
recalled	O
.	O

Thinking	O
it	O
might	O
be	O
the	O
remains	O
of	O
a	O
human	O
or	O
buffalo	O
,	O
he	O
called	O
his	O
boss	O
.	O

â	O
But	O
then	O
I	O
got	O
down	O
and	O
I	O
looked	O
kind	O
of	O
closer	O
at	O
it	O
and	O
it	O
had	O
a	O
trunk	O
.	O

And	O
then	O
soon	O
as	O
that	O
happened	O
,	O
I	O
was	O
like	O
,	O
â	O
Brian	B-GIVEN_NAME
,	O
it	O
âs	O
,	O
it	O
âs	O
a	O
baby	O
woolly	O
mammoth	O
.	O

And	O
he	O
âs	O
like	O
,	O
no	O
way	O
!	O
â	O
â	O

Delawski	B-GIVEN_NAME
said	O
he	O
did	O
nât	O
think	O
much	O
of	O
what	O
he	O
found	O
at	O
the	O
time	O
,	O
but	O
now	O
says	O
he	O
âs	O
happy	O
to	O
be	O
involved	O
with	O
such	O
a	O
historic	O
event	O
.	O

â	O
As	O
the	O
days	O
go	O
on	O
,	O
it	O
sinks	O
in	O
and	O
for	O
the	O
whole	O
world	O
to	O
know	O
â	O
it	O
âs	O
pretty	O
significant	O
to	O
everybody	O
.	O
â	O

After	O
the	O
discovery	O
elders	O
held	O
a	O
ceremony	O
where	O
they	O
blessed	O
the	O
animal	O
.	O

Debbie	B-GIVEN_NAME
Nagano	B-FAMILY_NAME
,	O
THFN	B-ORGANIZATION
âs	O
director	O
of	O
heritage	O
,	O
says	O
those	O
gathered	O
around	O
Nun	B-BRANDS
cho	B-MISC
ga	I-MISC
were	O
speechless	O
.	O

â	O
I	O
heard	O
silence	O
for	O
about	O
close	O
to	O
a	O
long	O
four	O
to	O
five	B-DURATION
minutes	I-DURATION
,	O
and	O
you	O
could	O
see	O
people	O
were	O
trying	O
to	O
figure	O
out	O
,	O
you	O
know	O
,	O
spiritually	O
,	O
emotionally	O
,	O
physically	O
,	O
â	O
she	O
said	O
.	O

â	O
It	O
was	O
very	O
powerful	O
at	O
that	O
moment	O
.	O
â	O

Joseph	B-GIVEN_NAME
says	O
because	O
the	O
animal	O
was	O
found	O
in	O
THFN	B-ORGANIZATION
territory	O
the	O
First	B-AFFILIATION
Nation	I-AFFILIATION
has	O
a	O
responsibility	O
to	O
care	O
for	O
her	O
.	O

â	O
It	O
is	O
the	O
root	O
of	O
our	O
kinship	O
and	O
the	O
land	O
and	O
our	O
animals	O
who	O
taught	O
us	O
how	O
to	O
survive	O
and	O
how	O
to	O
live	O
.	O

Those	O
promises	O
are	O
happy	O
obligations	O
,	O
â	O
she	O
said	O
.	O

Nun	B-BRANDS
cho	B-MISC
ga	I-MISC
will	O
remain	O
on	O
THFN	B-ORGANIZATION
territory	O
in	O
frozen	O
,	O
stable	O
conditions	O
while	O
the	O
First	B-AFFILIATION
Nation	I-AFFILIATION
,	O
Yukon	B-LOCATION
government	O
and	O
other	O
partners	O
decide	O
next	O
steps	O
for	O
her	O
preservation	O
.	O

