Nunavut	B-ORGANIZATION|B-LOCATION
Legal	I-ORGANIZATION
Aid	I-ORGANIZATION
is	O
to	O
have	O
a	O
say	O
at	O
the	O
Supreme	B-ORGANIZATION
Court	I-ORGANIZATION
of	I-ORGANIZATION
Canada	I-ORGANIZATION|B-LOCATION
for	O
the	O
first	O
time	O
in	O
a	O
case	O
that	O
could	O
affect	O
the	O
way	O
Inuit	B-AFFILIATION
are	O
sentenced	O
.	O

About	O
40,000	O
people	O
,	O
mostly	O
Inuit	B-AFFILIATION
,	O
live	O
in	O
the	O
territory	O
,	O
which	O
has	O
the	O
highest	O
incarceration	O
rate	O
in	O
the	O
country	O
.	O

Nunavut	B-ORGANIZATION|B-LOCATION
Legal	I-ORGANIZATION
Aid	I-ORGANIZATION
is	O
to	O
appear	O
in	O
Ottawa	B-LOCATION
on	O
Wednesday	B-DATE
to	O
intervene	O
in	O
R	B-BRANDS
v	B-MISC
.	I-MISC
Sharma	I-MISC|B-GIVEN_NAME
.	O

The	O
case	O
involves	O
a	O
young	O
Indigenous	O
woman	O
named	O
Cheyenne	B-GIVEN_NAME
Sharma	B-FAMILY_NAME
and	O
the	O
constitutionality	O
of	O
a	O
law	O
that	O
barred	O
a	O
judge	O
from	O
allowing	O
her	O
to	O
avoid	O
jail	O
by	O
serving	O
a	O
conditional	O
sentence	O
.	O

Conditional	O
sentences	O
can	O
be	O
served	O
in	O
the	O
community	O
,	O
typically	O
in	O
the	O
form	O
of	O
house	O
arrest	O
.	O

Sharma	B-GIVEN_NAME
pleaded	O
guilty	O
in	O
2016	B-DATE
to	O
smuggling	O
two	O
kilograms	O
of	O
cocaine	O
into	O
Canada	B-LOCATION
from	O
South	B-LOCATION
America	I-LOCATION
.	O

Evidence	O
at	O
trial	O
showed	O
Sharma	B-GIVEN_NAME
was	O
facing	O
financial	O
hardship	O
and	O
was	O
going	O
to	O
be	O
evicted	O
from	O
her	O
home	O
.	O
She	O
was	O
sentenced	O
to	O
17	O
months	O
in	O
custody	O
.	O

In	O
2018	B-DATE
,	O
the	O
Ontario	B-ORGANIZATION|B-LOCATION
Superior	I-ORGANIZATION
Court	I-ORGANIZATION
rejected	O
Sharma	B-GIVEN_NAME
âs	O
application	O
for	O
a	O
conditional	O
sentence	O
.	O
The	O
judge	O
based	O
the	O
decision	O
on	O
a	O
2012	B-DATE
change	O
to	O
the	O
federal	O
Criminal	B-BRANDS
Code	B-MISC
that	O
disallows	O
community	O
-	O
based	O
sentences	O
for	O
offenses	O
,	O
like	O
drug	O
trafficking	O
,	O
that	O
carry	O
maximum	O
penalties	O
.	O

An	O
Ontario	B-ORGANIZATION|B-LOCATION
Court	I-ORGANIZATION
of	I-ORGANIZATION
Appeal	I-ORGANIZATION
justice	O
,	O
saying	O
it	O
was	O
unconstitutional	O
and	O
that	O
it	O
discriminated	O
against	O
Indigenous	O
offenders	O
,	O
rejected	O
the	O
law	O
.	O
The	O
Crown	B-ORGANIZATION
then	O
appealed	O
to	O
the	O
Supreme	B-ORGANIZATION
Court	I-ORGANIZATION
.	O

Eva	B-GIVEN_NAME
Tache	B-FAMILY_NAME
-	I-FAMILY_NAME
Green	I-FAMILY_NAME
,	O
a	O
Nunavut	B-ORGANIZATION|B-LOCATION
Legal	I-ORGANIZATION
Aid	I-ORGANIZATION
lawyer	O
leading	O
the	O
intervention	O
,	O
argues	O
that	O
limiting	O
conditional	O
sentences	O
only	O
hurts	O
Inuit	B-AFFILIATION
offenders	O
across	O
Nunavut	B-LOCATION
.	O

In	O
her	O
submission	O
to	O
the	O
Supreme	B-ORGANIZATION
Court	I-ORGANIZATION
,	O
Tache	B-GIVEN_NAME
-	B-FAMILY_NAME
Green	I-FAMILY_NAME
notes	O
that	O
Nunavut	B-LOCATION
âs	O
legal	O
order	O
is	O
Inuit	B-BRANDS|B-AFFILIATION
Qaujimajatuqangit	B-MISC
,	O
a	O
social	O
value	O
system	O
often	O
interpreted	O
as	O
â	O
what	O
Inuit	B-AFFILIATION
have	O
always	O
known	O
to	O
be	O
true	O
.	O
â	O
â	O

Tache	B-GIVEN_NAME
-	B-FAMILY_NAME
Green	I-FAMILY_NAME
argues	O
that	O
restricting	O
conditional	O
sentences	O
interferes	O
with	O
that	O
approach	O
,	O
which	O
focuses	O
on	O
rehabilitation	O
instead	O
of	O
punishment	O
,	O
and	O
takes	O
more	O
people	O
out	O
of	O
their	O
home	O
communities	O
.	O

â	O
Elders	O
consider	O
modern	O
imprisonment	O
to	O
be	O
akin	O
to	O
banishment	O
,	O
which	O
was	O
among	O
the	O
harshest	O
sanctions	O
possible	O
under	O
Inuit	B-AFFILIATION
law	O
,	O
â	O
she	O
wrote	O
in	O
a	O
submission	O
to	O
the	O
court	O
.	O

Madeleine	B-GIVEN_NAME
Redfern	B-FAMILY_NAME
,	O
chairwoman	O
of	O
Nunavut	B-ORGANIZATION|B-LOCATION
âs	I-ORGANIZATION
Legal	I-ORGANIZATION
Services	I-ORGANIZATION
Board	I-ORGANIZATION
,	O
said	O
it	O
âs	O
important	O
that	O
Indigenous	O
peoples	O
â	O
right	O
to	O
a	O
conditional	O
sentence	O
be	O
preserved	O
.	O

â	O
We	O
âve	O
operated	O
in	O
that	O
system	O
for	O
decades	O
where	O
conditional	O
sentences	O
were	O
part	O
of	O
the	O
option	O
.	O
That	O
(	O
federal	O
)	O
legislation	O
simply	O
took	O
that	O
option	O
away	O
,	O
â	O
she	O
said	O
.	O

Redfern	B-GIVEN_NAME
said	O
Nunavut	B-LOCATION
,	O
the	O
youngest	O
of	O
Canada	B-LOCATION
âs	O
three	O
territories	O
,	O
still	O
has	O
a	O
chance	O
to	O
shape	O
how	O
justice	O
is	O
carried	O
out	O
.	O

â	O
Nunavut	B-LOCATION
and	O
Inuit	B-LOCATION
have	O
still	O
yet	O
an	O
opportunity	O
to	O
continue	O
to	O
shape	O
how	O
justice	O
is	O
done	O
in	O
our	O
territory	O
,	O
which	O
should	O
include	O
restorative	O
justice	O
.	O
â	O

She	O
conceded	O
that	O
not	O
every	O
offender	O
should	O
be	O
given	O
a	O
conditional	O
sentence	O
,	O
but	O
suggested	O
giving	O
judges	O
discretion	O
will	O
give	O
Inuit	O
a	O
better	O
chance	O
of	O
rehabilitation	O
.	O

â	O
These	O
are	O
real	O
people	O
.	O
These	O
are	O
real	O
lives	O
.	O
Often	O
they	O
are	O
complicated	O
and	O
complex	O
sets	O
of	O
circumstances	O
that	O
have	O
led	O
to	O
an	O
incident	O
.	O
â	O

Nunavut	B-LOCATION
âs	O
25	O
communities	O
are	O
fly	O
-	O
in	O
only	O
,	O
so	O
Nunavummiut	B-AFFILIATION
sentenced	O
to	O
custody	O
are	O
often	O
taken	O
hundreds	O
,	O
if	O
not	O
thousands	O
,	O
of	O
kilometres	O
from	O
their	O
homes	O
.	O

â	O
Separating	O
Inuit	B-AFFILIATION
offenders	O
from	O
their	O
home	O
communities	O
weakens	O
their	O
prospects	O
for	O
rehabilitation	O
,	O
â	O
Tache	B-GIVEN_NAME
-	B-FAMILY_NAME
Green	I-FAMILY_NAME
wrote	O
in	O
her	O
submission	O
.	O

She	O
also	O
argues	O
the	O
territory	O
âs	O
high	O
prison	O
rate	O
shows	O
how	O
legislation	O
that	O
restricts	O
conditional	O
sentences	O
can	O
be	O
harmful	O
and	O
has	O
resulted	O
in	O
more	O
Nunavummiut	B-AFFILIATION
being	O
sent	O
to	O
jail	O
for	O
longer	O
periods	O
of	O
time	O
.	O
â	O
Limits	O
to	O
the	O
conditional	O
sentence	O
regime	O
perpetuate	O
the	O
systemic	O
disadvantages	O
faced	O
by	O
Inuit	B-AFFILIATION
offenders	O
in	O
Nunavut	B-LOCATION
.	O
â	O

Before	O
the	O
Criminal	O
Code	O
change	O
,	O
357	O
Nunavummiut	B-AFFILIATION
were	O
sentenced	O
to	O
custody	O
each	O
year	O
.	O
That	O
number	O
has	O
risen	O
to	O
476	O
annually	O
since	O
then	O
.	O

â	O
Those	O
numbers	O
are	O
only	O
partly	O
explained	O
by	O
population	O
growth	O
:	O
Nunavut	B-LOCATION
âs	O
population	O
has	O
grown	O
by	O
nearly	O
14	O
per	O
cent	O
since	O
2012	B-DATE
,	O
while	O
the	O
average	O
number	O
of	O
custodial	O
sentences	O
has	O
increased	O
by	O
33	O
per	O
cent	O
,	O
â	O
Tache	B-GIVEN_NAME
-	B-FAMILY_NAME
Green	I-FAMILY_NAME
wrote	O
.	O

Other	O
interveners	O
in	O
the	O
case	O
include	O
the	O
Ontario	B-ORGANIZATION|B-LOCATION
Native	I-ORGANIZATION
Women	I-ORGANIZATION
âs	I-ORGANIZATION
Association	I-ORGANIZATION
,	O
the	O
Elizabeth	B-ORGANIZATION|B-GIVEN_NAME
Fry	I-ORGANIZATION
Society	I-ORGANIZATION
and	O
the	O
Assembly	B-ORGANIZATION
of	I-ORGANIZATION
Manitoba	I-ORGANIZATION|B-LOCATION
Chiefs	I-ORGANIZATION
.	O

