Slash	B-BRANDS
/	B-MISC
Back	I-MISC
is	O
a	O
new	O
feature	O
film	O
that	O
was	O
shot	O
entirely	O
in	O
Pangnirtung	B-LOCATION
,	I-LOCATION
Nunavut	I-LOCATION
,	O
a	O
fly	O
-	O
in	O
community	O
of	O
1,500	O
people	O
on	O
the	O
eastern	O
shore	O
of	O
Baffin	B-LOCATION
Island	I-LOCATION
.	O

It	O
tells	O
the	O
story	O
of	O
four	O
Inuit	B-AFFILIATION
young	O
women	O
who	O
have	O
to	O
band	O
together	O
to	O
stop	O
an	O
alien	O
invasion	O
.	O

Slash	B-BRANDS
/	B-MISC
Back	I-MISC
is	O
in	O
select	O
theatres	O
across	O
Canada	B-LOCATION
and	O
streaming	O
online	O
starting	O
Friday	B-DATE
,	I-DATE
July	I-DATE
24	I-DATE
.	O

APTN	B-ORGANIZATION

News	B-ORGANIZATION
sat	O
down	O
with	O
the	O
Inuk	B-AFFILIATION
behind	O
the	O
movie	O
,	O
director	O
and	O
co	O
-	O
writer	O
Nyla	B-GIVEN_NAME
Innuksuk	B-FAMILY_NAME
,	O
to	O
find	O
out	O
just	O
how	O
you	O
pull	O
off	O
making	O
a	O
feature	O
film	O
in	O
a	O
town	O
so	O
small	O
it	O
does	O
nât	O
even	O
have	O
a	O
movie	O
theatre	O
.	O

APTN	B-ORGANIZATION
:	O
Congratulations	O
.	O

I	O
got	O
to	O
see	O
the	O
movie	O
,	O
and	O
I	O
âve	O
shot	O
television	O
in	O
Pangnirtung	B-LOCATION
before	O
,	O
but	O
that	O
is	O
just	O
one	O
camera	O
and	O
one	O
tripod	O
.	O

How	O
do	O
you	O
shoot	O
an	O
entire	O
film	O
in	O
Pang	B-LOCATION
?	O

Logistically	O
,	O
how	O
do	O
you	O
fly	O
everyone	O
in	O
,	O
how	O
do	O
you	O
get	O
everyone	O
somewhere	O
to	O
sleep	O
,	O
how	O
do	O
you	O
feed	O
everyone	O
?	O

Nyla	B-GIVEN_NAME
Innuksuk	B-FAMILY_NAME
:	O

It	O
was	O
a	O
real	O
challenge	O
from	O
a	O
production	O
standpoint	O
from	O
the	O
very	O
beginning	O
.	O

We	O
had	O
been	O
told	O
at	O
different	O
stages	O
that	O
it	O
was	O
basically	O
impossible	O
to	O
film	O
a	O
feature	O
-	O
length	O
movie	O
that	O
was	O
ambitious	O
like	O
this	O
one	O
,	O
in	O
a	O
community	O
like	O
Pang	B-LOCATION
.	O

We	O
really	O
did	O
push	O
the	O
limits	O
of	O
what	O
was	O
possible	O
,	O
in	O
part	O
because	O
the	O
communities	O
in	O
the	O
Arctic	B-LOCATION
,	O
they	O
have	O
issues	O
.	O

Just	O
getting	O
access	O
is	O
expensive	O
,	O
there	O
âs	O
a	O
housing	O
crisis	O
in	O
the	O
Arctic	B-LOCATION
.	O

There	O
are	O
nât	O
enough	O
homes	O
for	O
families	O
.	O

For	O
us	O
to	O
come	O
and	O
bring	O
a	O
large	O
crew	O
in	O
to	O
the	O
community	O
for	O
the	O
summer	O
was	O
going	O
to	O
be	O
a	O
big	O
imposition	O
.	O

So	O
we	O
had	O
to	O
be	O
really	O
creative	O
.	O

One	O
of	O
my	O
producers	O
and	O
I	O
,	O
we	O
went	O
to	O
Pang	B-LOCATION
for	O
a	O
little	O
visit	O
,	O
a	O
couple	O
of	O
months	O
before	O
hand	O
,	O
for	O
basically	O
a	O
location	O
scout	O
,	O
and	O
to	O
kind	O
of	O
see	O
if	O
this	O
was	O
even	O
possible	O
.	O

We	O
went	O
to	O
Iqaluit	B-LOCATION
as	O
well	O
,	O
and	O
Apex	B-LOCATION
,	O
to	O
see	O
if	O
we	O
could	O
cheat	O
them	O
as	O
Pang	B-LOCATION
,	O
which	O
had	O
been	O
done	O
in	O
the	O
past	O
for	O
other	O
communities	O
.	O

Then	O
we	O
landed	O
in	O
Pang	B-LOCATION
and	O
it	O
is	O
just	O
so	O
amazing	O
and	O
stunningly	O
beautiful	O
and	O
everyone	O
was	O
so	O
welcoming	O
there	O
,	O
it	O
really	O
did	O
feel	O
it	O
would	O
be	O
so	O
special	O
to	O
try	O
and	O
just	O
live	O
here	O
for	O
the	O
summer	O
and	O
make	O
it	O
here	O
.	O

So	O
I	O
went	O
to	O
the	O
schools	O
and	O
met	O
with	O
the	O
principals	O
and	O
we	O
basically	O
asked	O
if	O
it	O
would	O
be	O
possible	O
for	O
our	O
crew	O
to	O
move	O
in	O
for	O
the	O
summer	O
.	O

We	O
ended	O
up	O
shipping	O
up	O
about	O
60	O
beds	O
and	O
mattresses	O
,	O
and	O
turning	O
all	O
of	O
the	O
classrooms	O
into	O
makeshift	O
bedrooms	O
for	O
our	O
crew	O
and	O
cast	O
.	O

They	O
were	O
living	O
two	O
people	O
to	O
a	O
classroom	O
,	O
with	O
the	O
bookshelves	O
and	O
musical	O
instruments	O
and	O
what	O
there	O
.	O

It	O
was	O
a	O
crazy	O
experience	O
that	O
really	O
bonded	O
us	O
all	O
.	O

All	O
of	O
the	O
meals	O
were	O
served	O
in	O
the	O
high	O
school	O
gym	O
,	O
because	O
there	O
are	O
no	O
restaurants	O
in	O
the	O
community	O
.	O

Because	O
of	O
those	O
kinds	O
of	O
limitations	O
,	O
we	O
were	O
looking	O
for	O
crew	O
to	O
come	O
up	O
with	O
us	O
,	O
and	O
we	O
ended	O
up	O
getting	O
the	O
most	O
amazing	O
people	O
.	O

It	O
was	O
such	O
a	O
wild	O
learning	O
experience	O
for	O
me	O
and	O
my	O
teenage	O
cast	O
,	O
but	O
we	O
had	O
such	O
a	O
supportive	O
crew	O
and	O
the	O
support	O
of	O
the	O
community	O
and	O
it	O
really	O
would	O
nât	O
have	O
worked	O
if	O
everyone	O
had	O
nât	O
of	O
come	O
together	O
to	O
make	O
it	O
happen	O
.	O

APTN	B-ORGANIZATION
:	O
Congratulations	O
.	O

I	O
got	O
to	O
see	O
the	O
movie	O
,	O
and	O
I	O
âve	O
shot	O
television	O
in	O
Pangnirtung	B-LOCATION
before	O
,	O
but	O
that	O
is	O
just	O
one	O
camera	O
and	O
one	O
tripod	O
.	O

How	O
do	O
you	O
shoot	O
an	O
entire	O
film	O
in	O
Pang	B-LOCATION
?	O

Logistically	O
,	O
how	O
do	O
you	O
fly	O
everyone	O
in	O
,	O
how	O
do	O
you	O
get	O
everyone	O
somewhere	O
to	O
sleep	O
,	O
how	O
do	O
you	O
feed	O
everyone	O
?	O

Nyla	B-GIVEN_NAME
Innuksuk	B-FAMILY_NAME
:	O

It	O
was	O
a	O
real	O
challenge	O
from	O
a	O
production	O
standpoint	O
from	O
the	O
very	O
beginning	O
.	O

We	O
had	O
been	O
told	O
at	O
different	O
stages	O
that	O
it	O
was	O
basically	O
impossible	O
to	O
film	O
a	O
feature	O
-	O
length	O
movie	O
that	O
was	O
ambitious	O
like	O
this	O
one	O
,	O
in	O
a	O
community	O
like	O
Pang	B-LOCATION
.	O

We	O
really	O
did	O
push	O
the	O
limits	O
of	O
what	O
was	O
possible	O
,	O
in	O
part	O
because	O
the	O
communities	O
in	O
the	O
Arctic	B-LOCATION
,	O
they	O
have	O
issues	O
.	O

Just	O
getting	O
access	O
is	O
expensive	O
,	O
there	O
âs	O
a	O
housing	O
crisis	O
in	O
the	O
Arctic	B-LOCATION
.	O

There	O
are	O
nât	O
enough	O
homes	O
for	O
families	O
.	O

For	O
us	O
to	O
come	O
and	O
bring	O
a	O
large	O
crew	O
in	O
to	O
the	O
community	O
for	O
the	O
summer	O
was	O
going	O
to	O
be	O
a	O
big	O
imposition	O
.	O

So	O
we	O
had	O
to	O
be	O
really	O
creative	O
.	O

One	O
of	O
my	O
producers	O
and	O
I	O
,	O
we	O
went	O
to	O
Pang	B-LOCATION
for	O
a	O
little	O
visit	O
,	O
a	O
couple	O
of	O
months	O
before	O
hand	O
,	O
for	O
basically	O
a	O
location	O
scout	O
,	O
and	O
to	O
kind	O
of	O
see	O
if	O
this	O
was	O
even	O
possible	O
.	O

We	O
went	O
to	O
Iqaluit	B-LOCATION
as	O
well	O
,	O
and	O
Apex	B-LOCATION
,	O
to	O
see	O
if	O
we	O
could	O
cheat	O
them	O
as	O
Pang	B-LOCATION
,	O
which	O
had	O
been	O
done	O
in	O
the	O
past	O
for	O
other	O
communities	O
.	O

Then	O
we	O
landed	O
in	O
Pang	B-LOCATION
and	O
it	O
is	O
just	O
so	O
amazing	O
and	O
stunningly	O
beautiful	O
and	O
everyone	O
was	O
so	O
welcoming	O
there	O
,	O
it	O
really	O
did	O
feel	O
it	O
would	O
be	O
so	O
special	O
to	O
try	O
and	O
just	O
live	O
here	O
for	O
the	O
summer	O
and	O
make	O
it	O
here	O
.	O

So	O
I	O
went	O
to	O
the	O
schools	O
and	O
met	O
with	O
the	O
principals	O
and	O
we	O
basically	O
asked	O
if	O
it	O
would	O
be	O
possible	O
for	O
our	O
crew	O
to	O
move	O
in	O
for	O
the	O
summer	O
.	O

We	O
ended	O
up	O
shipping	O
up	O
about	O
60	O
beds	O
and	O
mattresses	O
,	O
and	O
turning	O
all	O
of	O
the	O
classrooms	O
into	O
makeshift	O
bedrooms	O
for	O
our	O
crew	O
and	O
cast	O
.	O

They	O
were	O
living	O
two	O
people	O
to	O
a	O
classroom	O
,	O
with	O
the	O
bookshelves	O
and	O
musical	O
instruments	O
and	O
what	O
there	O
.	O

It	O
was	O
a	O
crazy	O
experience	O
that	O
really	O
bonded	O
us	O
all	O
.	O

All	O
of	O
the	O
meals	O
were	O
served	O
in	O
the	O
high	O
school	O
gym	O
,	O
because	O
there	O
are	O
no	O
restaurants	O
in	O
the	O
community	O
.	O

Because	O
of	O
those	O
kinds	O
of	O
limitations	O
,	O
we	O
were	O
looking	O
for	O
crew	O
to	O
come	O
up	O
with	O
us	O
,	O
and	O
we	O
ended	O
up	O
getting	O
the	O
most	O
amazing	O
people	O
.	O

It	O
was	O
such	O
a	O
wild	O
learning	O
experience	O
for	O
me	O
and	O
my	O
teenage	O
cast	O
,	O
but	O
we	O
had	O
such	O
a	O
supportive	O
crew	O
and	O
the	O
support	O
of	O
the	O
community	O
and	O
it	O
really	O
would	O
nât	O
have	O
worked	O
if	O
everyone	O
had	O
nât	O
of	O
come	O
together	O
to	O
make	O
it	O
happen	O
.	O

I	O
have	O
some	O
questions	O
about	O
that	O
teenage	O
cast	O
.	O

I	O
interviewed	O
(	O
Nunavut	B-AFFILIATION
Language	O
Commissioner	O
and	O
mother	O
of	O
Slash	B-BRANDS
/	B-MISC
Back	I-MISC
actress	O
Tasiana	B-GIVEN_NAME
Shirley	B-FAMILY_NAME
)	O
Karliin	B-GIVEN_NAME
Aariak	B-FAMILY_NAME
for	O
a	O
different	O
story	O
last	O
week	O
.	O

She	O
âs	O
very	O
proud	O
of	O
how	O
her	O
daughter	O
performed	O
.	O

How	O
challenging	O
is	O
it	O
to	O
work	O
with	O
a	O
small	O
group	O
of	O
actors	O
that	O
do	O
nât	O
necessarily	O
have	O
much	O
experience	O
in	O
this	O
large	O
setting	O
?	O

The	O
kids	O
are	O
amazing	O
.	O

They	O
âre	O
now	O
teenagers	O
,	O
they	O
âre	O
got	O
drivers	O
licenses	O
.	O

A	O
lot	O
of	O
them	O
are	O
just	O
prepping	O
for	O
their	O
Grade	O
11	O
exams	O
right	O
now	O
.	O

I	O
âve	O
known	O
them	O
since	O
they	O
were	O
pre	O
-	O
teens	O
.	O
It	O
âs	O
a	O
really	O
special	O
relationship	O
.	O
They	O
âve	O
helped	O
inform	O
the	O
script	O
.	O
Getting	O
to	O
go	O
and	O
travel	O
together	O
to	O
Pang	B-LOCATION
after	O
with	O
just	O
us	O
with	O
a	O
proof	O
of	O
concept	O
and	O
the	O
idea	O
we	O
could	O
make	O
this	O
alien	O
invasion	O
movie	O
.	O
Then	O
we	O
figured	O
out	O
how	O
to	O
get	O
everyone	O
involved	O
to	O
make	O
it	O
happen	O
.	O
It	O
was	O
really	O
their	O
trust	O
in	O
each	O
other	O
.	O
Some	O
days	O
were	O
harder	O
than	O
others	O
,	O
it	O
was	O
really	O
hard	O
work	O
.	O
The	O
girls	O
,	O
I	O
âm	O
so	O
proud	O
of	O
them	O
,	O
and	O
Rory	B-GIVEN_NAME
as	O
well	O
.	O
It	O
âs	O
been	O
so	O
nice	O
to	O
travel	O
with	O
the	O
movie	O
and	O
to	O
share	O
the	O
movie	O
with	O
audiences	O
and	O
have	O
the	O
cast	O
be	O
a	O
part	O
of	O
that	O
.	O
Just	O
seeing	O
how	O
much	O
they	O
âve	O
grown	O
and	O
what	O
it	O
means	O
to	O
them	O
to	O
be	O
telling	O
a	O
story	O
with	O
teenagers	O
that	O
are	O
a	O
lot	O
like	O
themselves	O
.	O

One	O
of	O
the	O
themes	O
of	O
the	O
movie	O
that	O
I	O
really	O
recognized	O
as	O
from	O
Nunavut	B-LOCATION
was	O
the	O
bonding	O
between	O
the	O
characters	O
.	O
There	O
is	O
a	O
really	O
specific	O
kind	O
of	O
small	O
town	O
best	O
friends	O
,	O
bonded	O
forever	O
,	O
dated	O
the	O
same	O
boys	O
in	O
High	O
School	O
.	O
I	O
think	O
you	O
recreate	O
that	O
in	O
the	O
film	O
,	O
was	O
that	O
intentional	O
going	O
in	O
?	O
Were	O
you	O
trying	O
to	O
create	O
that	O
Inuk	B-AFFILIATION
small	O
town	O
best	O
friend	O
vibe	O
?	O

Yeah	O
,	O
I	O
think	O
so	O
.	O
It	O
âs	O
also	O
,	O
for	O
me	O
,	O
having	O
been	O
a	O
teenage	O
girl	O
once	O
,	O
even	O
if	O
it	O
feels	O
a	O
long	O
time	O
ago	O
,	O
your	O
friendships	O
when	O
you	O
âre	O
12	O
and	O
13	O
feel	O
like	O
the	O
most	O
important	O
thing	O
in	O
your	O
life	O
.	O
When	O
I	O
had	O
this	O
idea	O
for	O
this	O
kind	O
of	O
Gooniesesque	O
movie	O
set	O
in	O
the	O
Arctic	B-LOCATION
,	O
and	O
I	O
started	O
doing	O
some	O
work	O
with	O
young	O
women	O
in	O
Iqaluit	B-LOCATION
,	O
and	O
spending	O
time	O
with	O
them	O
,	O
and	O
seeing	O
what	O
they	O
were	O
up	O
to	O
,	O
it	O
just	O
was	O
really	O
clear	O
that	O
all	O
they	O
wanted	O
to	O
talk	O
about	O
was	O
their	O
friends	O
,	O
and	O
boys	O
,	O
and	O
Justin	B-GIVEN_NAME
Bieber	B-FAMILY_NAME
.	O
So	O
,	O
they	O
âre	O
just	O
like	O
any	O
teenage	O
girls	O
anywhere	O
,	O
but	O
just	O
like	O
the	O
girls	O
in	O
the	O
movie	O
,	O
they	O
have	O
some	O
unique	O
circumstances	O
.	O
Unique	O
to	O
southern	O
audiences	O
perhaps	O
.	O
The	O
relationships	O
are	O
real	O
,	O
and	O
friends	O
fight	O
and	O
say	O
mean	O
things	O
to	O
each	O
other	O
and	O
then	O
figure	O
things	O
out	O
again	O
.	O
When	O
you	O
âre	O
that	O
age	O
,	O
you	O
âre	O
trying	O
to	O
figure	O
out	O
who	O
you	O
are	O
,	O
and	O
where	O
you	O
fit	O
in	O
,	O
and	O
your	O
friends	O
are	O
a	O
big	O
part	O
of	O
that	O
.	O

I	O
âm	O
trying	O
to	O
stay	O
away	O
from	O
spoilers	O
here	O
,	O
but	O
there	O
is	O
one	O
rant	O
from	O
one	O
character	O
that	O
I	O
want	O
to	O
get	O
into	O
,	O
the	O
Inuit	B-AFFILIATION
Art	O
rant	O
.	O
When	O
she	O
âs	O
saying	O
at	O
the	O
party	O
,	O
â	O
Why	O
does	O
every	O
house	O
in	O
Nunavut	B-LOCATION
have	O
these	O
things	O
on	O
the	O
wall	O
?	O
â	O
and	O
how	O
much	O
she	O
hates	O
it	O
.	O
That	O
rant	O
,	O
with	O
a	O
young	O
Inuk	B-AFFILIATION
who	O
is	O
not	O
digging	O
their	O
culture	O
at	O
all	O
at	O
the	O
moment	O
,	O
where	O
did	O
that	O
come	O
from	O
?	O

As	O
an	O
Indigenous	O
person	O
,	O
like	O
I	O
was	O
saying	O
about	O
trying	O
to	O
figure	O
out	O
who	O
you	O
are	O
as	O
a	O
teenager	O
,	O
there	O
âs	O
an	O
added	O
layer	O
of	O
being	O
Indigenous	O
or	O
mixed	O
race	O
like	O
me	O
,	O
half	O
Indigenous	O
half	O
Inuk	B-AFFILIATION
,	O
and	O
you	O
âre	O
trying	O
to	O
figure	O
out	O
what	O
that	O
means	O
,	O
and	O
where	O
you	O
fit	O
in	O
.	O
When	O
I	O
was	O
working	O
with	O
the	O
teenagers	O
,	O
I	O
realized	O
that	O
there	O
was	O
a	O
layer	O
of	O
shame	O
in	O
their	O
Inukness	B-BRANDS
that	O
came	O
through	O
in	O
their	O
language	O
.	O
It	O
was	O
really	O
important	O
that	O
we	O
talk	O
about	O
this	O
.	O
When	O
we	O
âre	O
using	O
Inuk	B-AFFILIATION
as	O
almost	O
a	O
negative	O
description	O
,	O
it	O
felt	O
really	O
sad	O
for	O
me	O
.	O
I	O
know	O
for	O
me	O
,	O
it	O
took	O
work	O
to	O
get	O
to	O
the	O
point	O
of	O
being	O
a	O
proud	O
Inuk	B-AFFILIATION
,	O
Indigenous	O
woman	O
.	O
These	O
young	O
women	O
are	O
going	O
through	O
that	O
work	O
and	O
that	O
journey	O
.	O
For	O
Micah	B-GIVEN_NAME
as	O
well	O
,	O
she	O
âs	O
having	O
to	O
figure	O
out	O
where	O
that	O
shame	O
is	O
coming	O
from	O
and	O
shedding	O
that	O
,	O
and	O
really	O
realizing	O
for	O
her	O
that	O
not	O
only	O
is	O
this	O
the	O
place	O
she	O
âs	O
from	O
worth	O
saving	O
,	O
and	O
that	O
her	O
and	O
her	O
friends	O
are	O
uniquely	O
capable	O
of	O
doing	O
that	O
.	O

I	O
watched	O
the	O
movie	O
with	O
two	O
Inuit	B-AFFILIATION
kids	O
around	O
the	O
same	O
age	O
as	O
the	O
actors	O
.	O
What	O
do	O
you	O
want	O
Inuit	B-AFFILIATION
kids	O
,	O
or	O
teens	O
because	O
the	O
little	O
kids	O
might	O
want	O
to	O
hold	O
off	O
on	O
this	O
one	O
,	O
what	O
do	O
you	O
want	O
Inuk	B-AFFILIATION
kids	O
to	O
take	O
from	O
this	O
?	O

It	O
âs	O
a	O
teen	O
or	O
pre	O
-	O
teen	O
movie	O
I	O
think	O
.	O
It	O
âs	O
just	O
exciting	O
for	O
us	O
to	O
be	O
able	O
to	O
see	O
ourselves	O
reflected	O
in	O
fun	O
,	O
and	O
fantastical	O
scenarios	O
.	O
Growing	O
up	O
,	O
for	O
me	O
,	O
I	O
had	O
so	O
many	O
adventures	O
with	O
my	O
friends	O
in	O
Nunavut	B-LOCATION
.	O
When	O
I	O
think	O
about	O
my	O
time	O
growing	O
up	O
there	O
and	O
whenever	O
I	O
âm	O
back	O
visiting	O
,	O
this	O
sense	O
of	O
community	O
and	O
fun	O
.	O
Not	O
just	O
in	O
the	O
summer	O
,	O
in	O
the	O
winter	O
and	O
in	O
the	O
dark	O
also	O
,	O
it	O
is	O
this	O
beautiful	O
place	O
.	O
A	O
beautiful	O
place	O
to	O
be	O
with	O
your	O
friends	O
,	O
and	O
to	O
explore	O
.	O
That	O
âs	O
so	O
special	O
.	O
We	O
deserve	O
to	O
be	O
seen	O
in	O
so	O
many	O
different	O
ways	O
.	O
I	O
think	O
when	O
I	O
was	O
younger	O
,	O
I	O
used	O
to	O
feel	O
a	O
little	O
bit	O
guilty	O
about	O
loving	O
horror	O
and	O
monsters	O
and	O
Sci	B-BRANDS
-	B-MISC
Fi	I-MISC
.	O
I	O
âve	O
got	O
these	O
amazing	O
friends	O
like	O
Alethea	B-GIVEN_NAME
Arnaquq	B-FAMILY_NAME
-	I-FAMILY_NAME
Baril	I-FAMILY_NAME
who	O
is	O
a	O
producer	O
on	O
this	O
movie	O
and	O
has	O
made	O
amazing	O
activist	O
films	O
.	O
I	O
was	O
thinking	O
,	O
should	O
I	O
be	O
doing	O
that	O
kind	O
of	O
work	O
?	O
Is	O
this	O
somehow	O
less	O
important	O
?	O
I	O
think	O
it	O
is	O
different	O
,	O
but	O
it	O
is	O
important	O
to	O
see	O
ourselves	O
in	O
movies	O
and	O
comic	O
books	O
and	O
representations	O
of	O
us	O
kicking	O
butt	O
and	O
having	O
fun	O
.	O

The	O
second	O
the	O
movie	O
ended	O
,	O
the	O
boys	O
I	O
was	O
watching	O
with	O
immediately	O
asked	O
me	O
if	O
there	O
was	O
going	O
to	O
be	O
a	O
sequel	O
.	O
Are	O
you	O
doing	O
a	O
part	O
two	O
or	O
are	O
you	O
working	O
on	O
something	O
different	O
?	O

I	O
do	O
nât	O
know	O
.	O
I	O
âve	O
had	O
a	O
bit	O
of	O
a	O
break	O
from	O
the	O
Slash	B-BRANDS
/	B-MISC
Back	I-MISC
world	O
.	O
I	O
know	O
it	O
does	O
nât	O
seem	O
like	O
it	O
,	O
but	O
we	O
shot	O
it	O
three	B-DURATION
years	I-DURATION
ago	O
.	O
Post	O
was	O
a	O
long	O
process	O
,	O
but	O
it	O
has	O
been	O
a	O
minute	O
.	O
I	O
could	O
almost	O
see	O
myself	O
dipping	O
back	O
into	O
that	O
world	O
.	O
I	O
also	O
have	O
other	O
movies	O
and	O
TV	O
projects	O
that	O
I	O
âm	O
excited	O
about	O
as	O
well	O
.	O

The	O
attention	O
to	O
detail	O
in	O
the	O
film	O
is	O
amazing	O
.	O
It	O
is	O
clear	O
that	O
you	O
are	O
in	O
Pang	B-LOCATION
,	O
and	O
it	O
is	O
clear	O
you	O
are	O
in	O
Inuit	B-AFFILIATION
households	O
.	O
One	O
of	O
the	O
characters	O
opens	O
the	O
refrigerator	O
,	O
and	O
you	O
see	O
the	O
stuff	O
that	O
is	O
available	O
at	O
the	O
Pang	B-ORGANIZATION|B-LOCATION
Co	I-ORGANIZATION
-	I-ORGANIZATION
op	I-ORGANIZATION
.	O
How	O
did	O
you	O
make	O
it	O
look	O
so	O
authentic	O
,	O
because	O
it	O
looked	O
authentic	O
to	O
me	O
.	O

My	O
production	O
designer	O
Zosia	B-GIVEN_NAME
Mackenzie	B-FAMILY_NAME
is	O
amazing	O
.	O
Our	O
art	O
director	O
as	O
well	O
.	O
It	O
was	O
really	O
important	O
to	O
Zosia	B-GIVEN_NAME
and	O
I	O
when	O
we	O
were	O
thinking	O
about	O
production	O
design	O
that	O
nothing	O
exists	O
that	O
did	O
nât	O
exist	O
in	O
Pang	B-LOCATION
.	O
We	O
were	O
nât	O
coming	O
up	O
with	O
what	O
the	O
houses	O
would	O
look	O
like	O
and	O
shipping	O
up	O
stuff	O
.	O
If	O
we	O
needed	O
to	O
make	O
new	O
curtains	O
,	O
we	O
were	O
buying	O
the	O
material	O
from	O
the	O
Co	O
-	O
op	O
,	O
the	O
fabric	O
that	O
they	O
had	O
there	O
.	O
The	O
same	O
with	O
wardrobe	O
as	O
well	O
.	O
If	O
they	O
needed	O
sneakers	O
,	O
we	O
were	O
getting	O
the	O
sneakers	O
they	O
would	O
get	O
at	O
the	O
Co	O
-	O
op	O
.	O
The	O
bikes	O
,	O
at	O
one	O
point	O
there	O
is	O
a	O
pile	O
of	O
bikes	O
,	O
and	O
I	O
was	O
a	O
little	O
worried	O
.	O
All	O
the	O
kids	O
have	O
the	O
same	O
bike	O
,	O
but	O
it	O
also	O
was	O
true	O
.	O
In	O
town	O
,	O
all	O
the	O
teenagers	O
have	O
the	O
same	O
bike	O
and	O
they	O
have	O
to	O
put	O
their	O
initials	O
on	O
it	O
because	O
that	O
âs	O
the	O
bike	O
that	O
âs	O
for	O
sale	O
at	O
the	O
Co	O
-	O
op	O
.	O
So	O
it	O
âs	O
OK	O
that	O
all	O
the	O
kids	O
have	O
the	O
same	O
bike	O
.	O
We	O
had	O
a	O
huge	O
binder	O
filled	O
with	O
a	O
list	O
of	O
all	O
the	O
cushions	O
or	O
doilies	O
that	O
we	O
had	O
rented	O
from	O
all	O
the	O
different	O
houses	O
.	O
In	O
her	O
first	O
week	O
in	O
Pang	B-LOCATION
,	O
she	O
was	O
just	O
visiting	O
houses	O
and	O
if	O
she	O
liked	O
something	O
in	O
someone	O
âs	O
house	O
,	O
she	O
would	O
just	O
offer	O
to	O
rent	O
it	O
for	O
the	O
summer	O
.	O
That	O
âs	O
how	O
she	O
built	O
the	O
sets	O
.	O
Micah	B-GIVEN_NAME
âs	O
house	O
was	O
an	O
empty	O
house	O
,	O
we	O
had	O
to	O
fill	O
it	O
from	O
scratch	O
.	O

It	O
is	O
on	O
the	O
poster	O
and	O
in	O
the	O
trailer	O
,	O
so	O
I	O
do	O
nât	O
think	O
it	O
is	O
too	O
big	O
a	O
spoiler	O
to	O
talk	O
about	O
.	O
When	O
the	O
girls	O
decide	O
to	O
use	O
make	O
-	O
up	O
to	O
put	O
on	O
traditional	O
Inuit	B-AFFILIATION
face	O
tattoos	O
,	O
for	O
the	O
big	O
fight	O
.	O
Those	O
tattoos	O
are	O
very	O
personal	O
,	O
I	O
do	O
nât	O
go	O
around	O
asking	O
Inuit	B-AFFILIATION
women	O
what	O
their	O
tattoos	O
mean	O
.	O
What	O
I	O
âm	O
wondering	O
is	O
,	O
were	O
the	O
tattoos	O
designed	O
individually	O
for	O
the	O
characters	O
?	O
Was	O
that	O
a	O
design	O
choice	O
,	O
a	O
writing	O
choice	O
?	O

Because	O
it	O
is	O
a	O
personal	O
choice	O
,	O
when	O
I	O
asked	O
all	O
of	O
the	O
girls	O
if	O
they	O
had	O
ideas	O
of	O
what	O
they	O
would	O
want	O
their	O
tattoos	O
to	O
be	O
,	O
they	O
all	O
knew	O
.	O
I	O
think	O
for	O
Inuit	B-AFFILIATION
women	O
,	O
we	O
all	O
think	O
about	O
if	O
I	O
was	O
going	O
to	O
get	O
the	O
tattoos	O
,	O
what	O
would	O
I	O
get	O
?	O
When	O
I	O
asked	O
them	O
,	O
they	O
already	O
had	O
ideas	O
,	O
so	O
it	O
just	O
made	O
sense	O
for	O
us	O
to	O
go	O
with	O
what	O
they	O
had	O
chosen	O
.	O
It	O
was	O
a	O
personal	O
choice	O
for	O
each	O
of	O
the	O
girls	O
.	O

