From	O
Kaska	B-AFFILIATION
drumming	O
,	O
Inland	B-AFFILIATION
Tlingit	I-AFFILIATION
dance	O
and	O
even	O
a	O
Vuntut	B-AFFILIATION
Gwitchin	I-AFFILIATION
spin	O
on	O
the	O
Red	B-LOCATION
River	I-LOCATION
jig	O
,	O
a	O
new	O
stage	O
production	O
on	O
First	B-ORGANIZATION
Nations	I-ORGANIZATION
â	O
people	O
and	O
history	O
in	O
Yukon	B-LOCATION
is	O
receiving	O
rave	O
reviews	O
.	O

Dreaming	B-BRANDS
Roots	B-MISC
is	O
a	O
performance	O
by	O
about	O
First	B-AFFILIATION
Nations	I-AFFILIATION
people	O
in	O
Yukon	B-LOCATION
,	O
incorporating	O
works	O
from	O
over	O
50	O
Indigenous	O
artists	O
in	O
dance	O
,	O
music	O
,	O
storytelling	O
and	O
more	O
.	O

â	O
It	O
âs	O
beautiful	O
.	O
It	O
âs	O
their	O
vision	O
of	O
history	O
of	O
this	O
place	O
,	O
and	O
its	O
people	O
,	O
â	O
says	O
co	O
-	O
director	O
Diyet	B-GIVEN_NAME
van	B-FAMILY_NAME
Lieshout	I-FAMILY_NAME
.	O
â	O
It	O
âs	O
hard	O
not	O
to	O
cry	O
because	O
I	O
get	O
to	O
see	O
(	O
the	O
performers	O
)	O
growth	O
.	O
â	O

Produced	O
by	O
Yukon	B-ORGANIZATION|B-LOCATION
First	I-ORGANIZATION
Nations	I-ORGANIZATION
Culture	I-ORGANIZATION
and	I-ORGANIZATION
Tourism	I-ORGANIZATION
Association	I-ORGANIZATION
,	O
and	O
directed	O
by	O
van	B-GIVEN_NAME
Lieshout	B-FAMILY_NAME
and	O
Alejandro	B-GIVEN_NAME
Ronceria	B-FAMILY_NAME
,	O
the	O
performance	O
tells	O
the	O
tale	O
of	O
the	O
past	O
and	O
present	O
of	O
First	B-AFFILIATION
Nations	I-AFFILIATION
â	O
people	O
in	O
the	O
territory	O
,	O
as	O
well	O
as	O
their	O
dreams	O
of	O
the	O
future	O
.	O

Dreaming	B-BRANDS
Roots	B-MISC
had	O
an	O
initial	O
two	O
-	O
day	O
run	O
from	O
June	B-DATE
26	I-DATE
to	I-DATE
27	I-DATE
where	O
it	O
premiered	O
at	O
the	O
Yukon	B-LOCATION|B-LOCATION
Arts	I-LOCATION
Centre	I-LOCATION
.	O
The	O
premiere	O
happened	O
alongside	O
with	O
the	O
AdÃ¤ka	B-BRANDS
Cultural	B-MISC
Festival	I-MISC
and	O
the	O
Arctic	B-LOCATION|B-LOCATION
Arts	B-MISC
Summit	I-MISC
,	O
where	O
it	O
received	O
positive	O
reviews	O
from	O
audiences	O
.	O

â	O
This	O
work	O
is	O
with	O
(	O
the	O
preformers	O
)	O
and	O
its	O
their	O
creation	O
.	O
It	O
âs	O
traditional	O
,	O
it	O
âs	O
new	O
,	O
it	O
âs	O
contemporary	O
,	O
it	O
âs	O
visionary	O
.	O
It	O
really	O
speaks	O
to	O
the	O
climate	O
of	O
our	O
Yukon	B-LOCATION
society	O
,	O
â	O
van	O
Lieshout	B-GIVEN_NAME
says	O
.	O

Performers	O
come	O
from	O
all	O
14	O
First	B-AFFILIATION
Nations	I-AFFILIATION
in	O
Yukon	B-LOCATION
and	O
range	O
in	O
age	O
from	O
youth	O
to	O
elders	O
.	O
Dreaming	B-BRANDS
Roots	B-MISC
â	O
cast	O
was	O
also	O
challenged	O
to	O
create	O
new	O
works	O
for	O
the	O
show	O
that	O
had	O
nât	O
been	O
seen	O
before	O
.	O

The	O
75	O
-	O
minute	O
production	O
includes	O
a	O
song	O
about	O
the	O
impacts	O
of	O
residential	O
school	O
in	O
the	O
territory	O
by	O
Whitehorse	B-LOCATION
based	O
hip	O
hop	O
duo	O
Vision	B-BRANDS
Quest	B-MISC
;	O
a	O
salmon	O
dance	O
by	O
the	O
Tr	B-ORGANIZATION
â	I-ORGANIZATION
ondÃ«k	I-ORGANIZATION
HwÃ«ch	I-ORGANIZATION
â	I-ORGANIZATION
in	I-ORGANIZATION
HÃ¤n	B-ORGANIZATION
Singers	I-ORGANIZATION
;	O
and	O
a	O
prayer	O
song	O
and	O
drum	O
dance	O
by	O
the	O
Kaska	B-ORGANIZATION|B-AFFILIATION
Drummers	I-ORGANIZATION
.	O

Dreaming	B-BRANDS
Roots	B-MISC
also	O
builds	O
on	O
What	B-BRANDS
the	B-MISC
Land	I-MISC
Remembers	I-MISC
,	O
a	O
show	O
by	O
First	B-AFFILIATION
Nations	I-AFFILIATION
people	O
from	O
Yukon	B-LOCATION
who	O
performed	O
on	O
international	O
stages	O
at	O
the	O
2010	B-DATE
Olympics	B-BRANDS
in	O
Vancouver	B-LOCATION
.	O

Van	B-GIVEN_NAME
Lieshout	B-FAMILY_NAME
says	O
the	O
performance	O
was	O
also	O
a	O
way	O
for	O
cast	O
members	O
to	O
get	O
mentorship	O
in	O
areas	O
such	O
as	O
costume	O
design	O
and	O
dance	O
,	O
as	O
well	O
as	O
exposure	O
.	O

â	O
(	O
For	O
example	O
)	O
the	O
Kaska	B-AFFILIATION
drummers	O
,	O
bringing	O
young	O
men	O
aboard	O
who	O
have	O
nât	O
had	O
the	O
opportunity	O
to	O
be	O
on	O
a	O
stage	O
like	O
this	O
and	O
preform	O
like	O
this	O
outside	O
of	O
their	O
community	O
,	O
â	O
van	O
Lieshout	B-GIVEN_NAME
says	O
.	O

The	O
show	O
will	O
later	O
travel	O
to	O
all	O
Yukon	B-LOCATION
communities	O
and	O
across	O
Canada	B-LOCATION
,	O
though	O
dates	O
have	O
yet	O
to	O
be	O
confirmed	O
.	O

Van	B-GIVEN_NAME
Lieshout	B-FAMILY_NAME
says	O
ultimately	O
the	O
goal	O
of	O
the	O
show	O
is	O
to	O
encourage	O
the	O
next	O
generation	O
of	O
First	B-AFFILIATION
Nations	I-AFFILIATION
preformers	O
in	O
the	O
territory	O
.	O

â	O
I	O
would	O
love	O
for	O
people	O
to	O
be	O
inspired	O
.	O
I	O
would	O
love	O
for	O
a	O
child	O
to	O
be	O
sitting	O
out	O
here	O
and	O
go	O
â	O
I	O
want	O
to	O
do	O
that	O
.	O
â	O
â	O

