The	O
Carcross	B-ORGANIZATION
/	I-ORGANIZATION
Tagish	I-ORGANIZATION
First	I-ORGANIZATION|B-AFFILIATION
Nation	I-ORGANIZATION|I-AFFILIATION
(	O
C	B-ORGANIZATION
/	I-ORGANIZATION
TFN	I-ORGANIZATION
)	O
in	O
Carcross	B-LOCATION
,	I-LOCATION
Yukon	I-LOCATION
,	O
has	O
declared	O
a	O
state	O
of	O
emergency	O
after	O
three	O
citizens	O
died	O
last	O
week	O
from	O
drug	O
related	O
deaths	O
.	O

In	O
a	O
release	O
from	O
Jan	B-DATE
.	I-DATE
12	I-DATE
,	O
the	O
First	B-AFFILIATION
Nation	I-AFFILIATION
states	O
the	O
declaration	O
â	O
was	O
made	O
with	O
strong	O
support	O
by	O
the	O
community	O
following	O
the	O
news	O
of	O
three	O
drug	O
-	O
related	O
fatalities	O
impacting	O
the	O
community	O
within	O
the	O
first	O
week	O
of	O
the	O
new	O
year	O
.	O
â	O

Haa	O
shaa	O
du	O
Hen	O
(	O
Chief	O
)	O
Lynda	B-GIVEN_NAME
Dickson	B-FAMILY_NAME
says	O
the	O
deaths	O
have	O
been	O
â	O
tragic	O
â	O
in	O
the	O
small	O
community	O
of	O
around	O
300	O
people	O
70	O
kilometres	O
south	O
of	O
Whitehorse	B-LOCATION
.	O

â	O
To	O
lose	O
three	O
members	O
to	O
drug	O
overdoses	O
within	O
the	O
first	O
week	O
of	O
2022	B-DATE
,	O
it	O
really	O
hit	O
home	O
to	O
our	O
citizens	O
,	O
â	O
she	O
says	O
.	O

â	O
Our	O
hearts	O
go	O
out	O
to	O
the	O
three	O
families	O
that	O
have	O
lost	O
their	O
loved	O
ones	O
.	O

It	O
âs	O
important	O
to	O
acknowledge	O
them	O
.	O
â	O

Dickson	B-GIVEN_NAME
says	O
like	O
many	O
other	O
rural	O
areas	O
in	O
Yukon	B-LOCATION
,	I-LOCATION
Carcross	I-LOCATION
has	O
been	O
affected	O
by	O
the	O
territory	O
âs	O
addictions	O
crisis	O
,	O
and	O
community	O
members	O
felt	O
it	O
was	O
time	O
to	O
take	O
action	O
.	O

â	O
We	O
feel	O
like	O
something	O
needs	O
to	O
happen	O
in	O
Yukon	B-LOCATION
and	O
Canada	B-LOCATION
.	O

It	O
âs	O
not	O
unique	O
to	O
our	O
small	O
community	O
,	O
it	O
âs	O
Canada	B-LOCATION
-	O
wide	O
,	O
â	O
she	O
says	O
.	O

An	O
emergency	O
community	O
meeting	O
was	O
held	O
in	O
Carcross	B-LOCATION
on	O
Jan	B-DATE
.	I-DATE
7	I-DATE
,	O
which	O
generated	O
a	O
need	O
for	O
â	O
coordinated	O
,	O
community	O
-	O
led	O
approaches	O
,	O
collaboration	O
with	O
other	O
Yukon	B-ORGANIZATION|B-LOCATION
First	I-ORGANIZATION|B-AFFILIATION
Nations	I-ORGANIZATION|I-AFFILIATION
and	O
orders	O
of	O
government	O
,	O
and	O
a	O
desire	O
to	O
cultivate	O
in	O
-	O
community	O
services	O
and	O
supports	O
,	O
â	O
the	O
press	O
release	O
states	O
.	O

Dickson	B-GIVEN_NAME
says	O
the	O
declaration	O
was	O
made	O
to	O
guarantee	O
more	O
funding	O
and	O
supports	O
from	O
the	O
territorial	O
and	O
federal	O
governments	O
,	O
as	O
well	O
as	O
to	O
raise	O
awareness	O
about	O
addictions	O
.	O

â	O
We	O
want	O
preventive	O
care	O
,	O
we	O
âre	O
looking	O
at	O
some	O
kind	O
of	O
aftercare	O
(	O
as	O
that	O
âs	O
)	O
also	O
needed	O
in	O
the	O
Yukon	B-LOCATION
.	O

We	O
need	O
to	O
be	O
able	O
to	O
have	O
more	O
naloxone	O
kits	O
and	O
more	O
test	O
strips	O
just	O
be	O
readily	O
available	O
,	O
â	O
she	O
says	O
.	O

Although	O
the	O
community	O
is	O
around	O
an	O
hour	O
away	O
from	O
Whitehorse	B-LOCATION
,	O
Dickson	B-GIVEN_NAME
says	O
it	O
âs	O
not	O
always	O
easy	O
for	O
people	O
in	O
Carcross	B-LOCATION
to	O
go	O
there	O
and	O
access	O
supports	O
.	O

â	O
When	O
you	O
âre	O
so	O
close	O
to	O
Whitehorse	B-LOCATION
,	O
it	O
âs	O
easy	O
for	O
people	O
to	O
say	O
â	O
well	O
the	O
treatment	O
will	O
be	O
in	O
Whitehorse	B-LOCATION
,	O
â	O
when	O
sometimes	O
people	O
do	O
nât	O
have	O
the	O
ability	O
to	O
go	O
to	O
town	O
.	O

They	O
might	O
not	O
have	O
a	O
vehicle	O
,	O
so	O
we	O
might	O
need	O
those	O
services	O
here	O
in	O
the	O
evenings	O
instead	O
of	O
people	O
having	O
to	O
go	O
to	O
Whitehorse	B-LOCATION
,	O
â	O
she	O
says	O
.	O

C	B-ORGANIZATION
/	I-ORGANIZATION
TFN	I-ORGANIZATION
âs	O
health	O
and	O
wellness	O
department	O
,	O
the	O
territory	O
âs	O
mental	O
wellness	O
and	O
substance	O
use	O
services	O
and	O
Whitehorse	B-LOCATION
harm	O
reduction	O
group	O
BloodTies	B-ORGANIZATION
Four	I-ORGANIZATION
Directions	I-ORGANIZATION
will	O
be	O
providing	O
overdose	O
awareness	O
in	O
the	O
community	O
until	O
Jan	B-DATE
.	I-DATE
26	I-DATE
.	O

The	O
team	O
will	O
be	O
going	O
door	O
-	O
to	O
-	O
door	O
to	O
provide	O
information	O
,	O
resources	O
and	O
harm	O
reduction	O
materials	O
like	O
naloxone	O
kits	O
and	O
fentanyl	O
testing	O
.	O
C	B-ORGANIZATION
/	I-ORGANIZATION
TFN	I-ORGANIZATION
says	O
it	O
will	O
also	O
be	O
supporting	O
other	O
initiatives	O
to	O
promote	O
awareness	O
,	O
sobriety	O
and	O
harm	O
reduction	O
practises	O
.	O

Lyndsay	B-GIVEN_NAME
Amato	B-FAMILY_NAME
,	O
a	O
C	B-ORGANIZATION
/	I-ORGANIZATION
TFN	I-ORGANIZATION
citizen	O
who	O
now	O
lives	O
in	O
Whitehorse	B-LOCATION
,	O
says	O
she	O
supports	O
the	O
declaration	O
and	O
is	O
pleased	O
to	O
see	O
her	O
First	B-AFFILIATION
Nation	I-AFFILIATION
drawing	O
attention	O
to	O
the	O
issue	O
.	O
She	O
adds	O
addictions	O
and	O
mental	O
health	O
issues	O
are	O
greatly	O
impacting	O
the	O
community	O
.	O

â	O
I	O
myself	O
am	O
struggling	O
with	O
depression	O
and	O
anxiety	O
,	O
many	O
of	O
my	O
friends	O
and	O
family	O
are	O
feeling	O
the	O
same	O
way	O
.	O
There	O
âs	O
a	O
general	O
heaviness	O
across	O
the	O
community	O
,	O
â	O
she	O
says	O
.	O

Amato	B-GIVEN_NAME
says	O
while	O
she	O
âs	O
aware	O
that	O
Carcross	B-LOCATION
does	O
have	O
access	O
to	O
some	O
supports	O
,	O
such	O
as	O
counselling	O
,	O
she	O
notes	O
it	O
âs	O
not	O
as	O
extensive	O
as	O
what	O
âs	O
provided	O
in	O
Whitehorse	B-LOCATION
,	O
such	O
as	O
access	O
to	O
BloodTies	B-ORGANIZATION
and	O
the	O
territory	O
âs	O
only	O
supervised	O
consumption	O
site	O
.	O

â	O
Out	O
in	O
the	O
communities	O
the	O
resources	O
just	O
are	O
nât	O
enough	O
and	O
the	O
opportunities	O
,	O
they	O
âre	O
not	O
happening	O
out	O
there	O
for	O
our	O
people	O
.	O
We	O
need	O
more	O
opportunities	O
for	O
people	O
to	O
reach	O
out	O
and	O
say	O
,	O
â	O
we	O
need	O
help	O
.	O
â	O
â	O

That	O
âs	O
why	O
she	O
âs	O
helping	O
plan	O
a	O
march	O
and	O
vigil	O
event	O
on	O
Jan	O
.	O
15	O
that	O
will	O
take	O
place	O
in	O
a	O
handful	O
of	O
Yukon	B-LOCATION
communities	O
to	O
draw	O
attention	O
to	O
the	O
territory	O
âs	O
addictions	O
and	O
mental	O
health	O
crisis	O
.	O

â	O
We	O
âre	O
all	O
going	O
to	O
get	O
together	O
in	O
each	O
of	O
those	O
communities	O
and	O
have	O
a	O
vigil	O
in	O
memory	O
of	O
the	O
people	O
that	O
we	O
âve	O
lost	O
,	O
the	O
people	O
that	O
still	O
suffer	O
,	O
and	O
to	O
raise	O
awareness	O
that	O
our	O
communities	O
are	O
suffering	O
and	O
they	O
need	O
help	O
,	O
â	O
she	O
says	O
.	O
â	O
They	O
need	O
more	O
resources	O
and	O
the	O
government	O
needs	O
to	O
step	O
up	O
for	O
us	O
.	O
They	O
need	O
to	O
step	O
up	O
for	O
our	O
Indigenous	O
communities	O
,	O
especially	O
.	O
â	O

At	O
a	O
COVID	B-BRANDS
-	B-MISC
19	I-MISC
press	O
conference	O
on	O
Jan	B-DATE
.	I-DATE
12	I-DATE
,	O
Tracy	B-GIVEN_NAME
-	B-FAMILY_NAME
Ann	I-FAMILY_NAME
McPhee	I-FAMILY_NAME
,	O
Yukon	B-LOCATION
âs	O
health	O
and	O
social	O
services	O
minister	O
,	O
said	O
she	O
could	O
nât	O
offer	O
an	O
official	O
response	O
on	O
the	O
declaration	O
,	O
though	O
she	O
did	O
say	O
she	O
supported	O
the	O
First	B-AFFILIATION
Nation	I-AFFILIATION
âs	O
decision	O
.	O

She	O
also	O
noted	O
the	O
community	O
âs	O
MLA	O
,	O
John	B-GIVEN_NAME
Streicker	B-FAMILY_NAME
,	O
was	O
in	O
contact	O
with	O
C	B-ORGANIZATION
/	I-ORGANIZATION
TFN	I-ORGANIZATION
and	O
the	O
community	O
about	O
the	O
crisis	O
.	O

â	O
We	O
have	O
been	O
working	O
with	O
many	O
communities	O
across	O
the	O
territory	O
with	O
respect	O
to	O
the	O
opioid	O
crisis	O
,	O
concerns	O
about	O
mental	O
health	O
and	O
addictions	O
,	O
alcohol	O
and	O
drug	O
use	O
,	O
and	O
we	O
âll	O
continue	O
to	O
do	O
so	O
,	O
â	O
McPhee	B-GIVEN_NAME
said	O
.	O

Late	O
last	O
year	O
the	O
territory	O
âs	O
chief	O
coroner	O
announced	O
Yukon	B-LOCATION
is	O
currently	O
leading	O
Canada	B-LOCATION
in	O
opioid	O
deaths	O
per	O
population	O
of	O
100,000	O
.	O
As	O
of	O
November	B-DATE
2021	I-DATE
,	O
54	O
people	O
have	O
died	O
in	O
the	O
territory	O
from	O
the	O
illicit	O
use	O
of	O
opioids	O
since	O
2016	B-DATE
.	O

