%	O
C	O
3	O
%	O
AEc	O
%	O
C	O
3	O
%	O
AEwitowin	O
-	O
day	O
-	O
funding	O
-	O
1.6543570	O

Regina	B-LOCATION
's	O
executive	O
committee	O
is	O
being	O
asked	O
to	O
provide	O
$	B-MONEY
50,000	I-MONEY
in	O
funding	O
for	O
an	O
event	O
to	O
mark	O
the	O
National	B-BRANDS
Day	B-MISC
of	I-MISC
Truth	I-MISC
and	I-MISC
Reconciliation	I-MISC
in	O
Regina	B-LOCATION
.	O

The	O
first	O
miyo	B-BRANDS
-	B-MISC
wÃ®cÃ®witowin	I-MISC
Day	I-MISC
in	O
the	O
city	O
's	O
history	O
is	O
scheduled	O
to	O
be	O
held	O
on	O
Sept	B-DATE
.	I-DATE
29	I-DATE
at	O
Mosaic	B-LOCATION
Stadium	I-LOCATION
through	O
a	O
partnership	O
of	O
Regina	B-ORGANIZATION|B-LOCATION
Exhibition	I-ORGANIZATION
Association	I-ORGANIZATION
Limited	I-ORGANIZATION
and	O
Cowessess	B-ORGANIZATION
First	I-ORGANIZATION
Nation	I-ORGANIZATION
.	O

The	O
words	O
mean	O
reconciliation	O
in	O
Cree	B-AFFILIATION
,	O
and	O
the	O
goal	O
is	O
to	O
bring	O
approximately	O
15,000	O
people	O
,	O
including	O
students	O
,	O
business	O
leaders	O
and	O
the	O
public	O
,	O
together	O
in	O
order	O
to	O
create	O
a	O
dialogue	O
about	O
the	O
effects	O
of	O
residential	O
schools	O
.	O

The	O
event	O
would	O
feature	O
the	O
stories	O
of	O
residential	O
school	O
survivors	O
,	O
and	O
those	O
attending	O
would	O
participate	O
in	O
music	O
and	O
dance	O
as	O
part	O
of	O
an	O
event	O
responding	O
to	O
the	O
Truth	B-ORGANIZATION
and	I-ORGANIZATION
Reconciliation	I-ORGANIZATION
Commission	I-ORGANIZATION
's	O
calls	O
to	O
action	O
,	O
according	O
to	O
a	O
report	O
heading	O
to	O
the	O
executive	O
committee	O
.	O

The	O
event	O
will	O
also	O
provide	O
a	O
platform	O
for	O
members	O
the	O
Indigenous	O
community	O
to	O
share	O
their	O
culture	O
and	O
"	O
speak	O
their	O
truth	O
,	O
"	O
the	O
report	O
says	O

The	O
event	O
is	O
meant	O
to	O
be	O
free	O
and	O
open	O
to	O
all	O
,	O
while	O
students	O
from	O
Regina	B-ORGANIZATION|B-LOCATION
Public	I-ORGANIZATION
and	I-ORGANIZATION
Regina	I-ORGANIZATION|B-LOCATION
Catholic	I-ORGANIZATION|B-AFFILIATION
School	I-ORGANIZATION
divisions	O
,	O
Cowessess	B-ORGANIZATION
Community	I-ORGANIZATION
Educational	I-ORGANIZATION
Centre	I-ORGANIZATION
and	O
File	B-ORGANIZATION
Hills	I-ORGANIZATION
Qu'Appelle	I-ORGANIZATION
Tribal	I-ORGANIZATION
Council	I-ORGANIZATION
will	O
be	O
provided	O
transportation	O
.	O

The	O
event	O
will	O
also	O
be	O
live	O
streamed	O
,	O
according	O
to	O
the	O
report	O
.	O

Planning	O
for	O
the	O
day	O
began	O
in	O
a	O
response	O
to	O
the	O
federal	O
government	O
's	O
declaration	O
of	O
Sept	B-DATE
.	I-DATE
30	I-DATE
as	O
the	O
National	B-BRANDS
Day	B-MISC
of	I-MISC
Truth	I-MISC
and	I-MISC
Reconciliation	I-MISC
last	O
year	O
.	O

It	O
's	O
expected	O
to	O
cost	O
approximately	O
$	B-MONEY
400,000	I-MONEY
,	O
with	O
a	O
quarter	O
of	O
the	O
funding	O
coming	O
from	O
grants	O
,	O
according	O
to	O
the	O
staff	O
report	O
.	O

The	O
$	B-MONEY
50,000	I-MONEY
requested	O
from	O
the	O
city	O
would	O
cover	O
half	O
the	O
$	B-MONEY
100,000	I-MONEY
in	O
grant	O
funding	O
,	O
with	O
the	O
rest	O
coming	O
from	O
provincial	O
and	O
federal	O
governments	O
.	O

Crown	O
corporations	O
,	O
investment	O
groups	O
and	O
the	O
Mosaic	B-ORGANIZATION
Company	I-ORGANIZATION
are	O
also	O
putting	O
money	O
toward	O
the	O
event	O
.	O

The	O
report	O
in	O
front	O
of	O
the	O
executive	O
committee	O
says	O
miyo	B-BRANDS
-	B-MISC
wÃ®cÃ®witowin	I-MISC
Day	I-MISC
meets	O
the	O
criteria	O
of	O
the	O
city	O
's	O
special	O
event	O
major	O
grant	O
as	O
it	O
supports	O
the	O
vision	O
and	O
goals	O
of	O
Regina	B-LOCATION
's	O
cultural	O
plan	O
.	O

City	O
staff	O
say	O
the	O
executive	O
committee	O
could	O
choose	O
to	O
provide	O
additional	O
funding	O
beyond	O
what	O
was	O
requested	O
or	O
make	O
the	O
decision	O
to	O
provide	O
no	O
support	O
at	O
all	O
â	O
a	O
decision	O
that	O
could	O
"	O
be	O
perceived	O
negatively	O
,	O
"	O
the	O
report	O
says	O
.	O

Regina	B-LOCATION
's	O
executive	O
committee	O
is	O
scheduled	O
to	O
meet	O
on	O
Wednesday	B-DATE
at	O
9	B-TIME
a.m.	I-TIME

