A	O
report	O
by	O
the	O
Federation	B-ORGANIZATION
of	I-ORGANIZATION
La	I-ORGANIZATION
AuracanÃ­a	I-ORGANIZATION
Guilds	I-ORGANIZATION
mentions	O
a	O
169	O
percent	O
increase	O
in	O
attacks	O
since	O
the	O
end	O
of	O
the	O
State	O
of	O
Emergency	O
in	O
the	O
Southern	B-LOCATION
Macrozone	I-LOCATION
.	O

The	O
Federation	O
believes	O
that	O
most	O
of	O
these	O
attacks	O
have	O
been	O
perpetrated	O
by	O
various	O
armed	O
paramilitary	O
groups	O
,	O
although	O
this	O
statement	O
is	O
hard	O
to	O
verify	O
.	O

Interior	O
Undersecretary	O
Manuel	B-GIVEN_NAME
Monsalve	B-FAMILY_NAME
has	O
vowed	O
to	O
find	O
solutions	O
to	O
make	O
the	O
area	O
safer	O
without	O
reinstating	O
repressive	O
military	O
measures	O
.	O

A	O
recent	O
report	O
released	O
by	O
the	O
Federation	B-ORGANIZATION
of	I-ORGANIZATION
La	I-ORGANIZATION
AuracanÃ­a	I-ORGANIZATION
Guilds	I-ORGANIZATION
shows	O
that	O
attacks	O
in	O
the	O
Southern	B-LOCATION
Macrozone	I-LOCATION
,	O
which	O
comprises	O
the	O
Central	B-LOCATION
South	I-LOCATION
regions	O
of	O
La	B-LOCATION
AraucanÃ­a	I-LOCATION
,	O
Los	B-LOCATION
RÃ­os	I-LOCATION
,	O
Los	B-LOCATION
Lagos	I-LOCATION
,	O
and	O
BiobÃ­o	B-LOCATION
,	O
have	O
increased	O
by	O
169	O
percent	O
since	O
the	O
end	O
of	O
the	O
constitutional	O
State	O
of	O
Emergency	O
on	O
Mar	B-DATE
.	I-DATE
26	I-DATE
,	I-DATE
2022	I-DATE
,	O
with	O
70	O
violent	O
crimes	O
reported	O
in	O
the	O
area	O
since	O
,	O
38	O
of	O
which	O
took	O
place	O
in	O
the	O
BiobÃ­o	B-LOCATION
region	O
.	O

â	O
These	O
were	O
expected	O
data	O
,	O
because	O
if	O
2,000	O
military	O
personnel	O
are	O
withdrawn	O
from	O
an	O
area	O
where	O
there	O
is	O
violence	O
,	O
it	O
is	O
logical	O
that	O
this	O
will	O
happen	O
,	O
â	O
said	O
President	O
of	O
the	O
Federation	O
Patricio	B-GIVEN_NAME
SantibÃ¡Ã±ez	B-FAMILY_NAME
in	O
an	O
interview	O
with	O
El	B-ORGANIZATION
Mercurio	I-ORGANIZATION
.	O

When	O
it	O
comes	O
to	O
the	O
types	O
of	O
crime	O
committed	O
,	O
arson	O
attacks	O
increased	O
by	O
106	O
percent	O
and	O
armed	O
attacks	O
by	O
650	O
percent	O
.	O

SantibÃ¡Ã±ez	B-GIVEN_NAME
said	O
he	O
believed	O
that	O
most	O
of	O
them	O
were	O
perpetrated	O
by	O
paramilitary	O
groups	O
such	O
as	O
the	O
Arauco	B-ORGANIZATION
-	I-ORGANIZATION
Malleco	I-ORGANIZATION
Coordinator	I-ORGANIZATION
(	O
CAM	B-ORGANIZATION
)	O
and	O
smaller	O
,	O
more	O
violent	O
groups	O
such	O
as	O
Weichan	B-ORGANIZATION
Auka	I-ORGANIZATION
Mapu	I-ORGANIZATION
(	O
WAM	B-ORGANIZATION
)	O
.	O

However	O
,	O
the	O
only	O
attacks	O
as	O
to	O
which	O
this	O
statement	O
could	O
be	O
verified	O
were	O
those	O
that	O
were	O
clearly	O
claimed	O
by	O
one	O
of	O
these	O
groups	O
,	O
often	O
by	O
the	O
group	O
leaving	O
certain	O
posters	O
or	O
pamphlets	O
on	O
the	O
site	O
of	O
the	O
incident	O
.	O

But	O
the	O
CAM	B-ORGANIZATION
does	O
not	O
wish	O
to	O
be	O
associated	O
with	O
these	O
other	O
armed	O
groups	O
,	O
as	O
they	O
maintain	O
that	O
they	O
do	O
not	O
use	O
the	O
same	O
violent	O
methods	O
.	O

â	O
The	O
CAM	B-ORGANIZATION
cannot	O
be	O
put	O
in	O
the	O
same	O
sack	O
as	O
all	O
the	O
other	O
groups	O
.	O

We	O
have	O
nothing	O
to	O
do	O
with	O
actions	O
where	O
lives	O
were	O
lost	O
.	O

We	O
have	O
been	O
very	O
clear	O
about	O
this	O
.	O

Since	O
the	O
creation	O
of	O
the	O
CAM	B-ORGANIZATION
more	O
than	O
23	B-DURATION
years	I-DURATION
ago	O
,	O
we	O
have	O
taken	O
only	O
direct	O
actions	O
and	O
territorial	O
recovery	O
processes	O
against	O
forestry	O
companies	O
,	O
hydroelectric	O
companies	O
,	O
or	O
other	O
capitalist	O
investment	O
interests	O
,	O
â	O
the	O
leader	O
of	O
CAM	B-ORGANIZATION
Hector	B-GIVEN_NAME
Llaitul	B-FAMILY_NAME
told	O
Al	B-ORGANIZATION
Jazeera	I-ORGANIZATION
.	O

The	O
Mapuche	B-AFFILIATION
refer	O
to	O
the	O
Southern	B-LOCATION
Macrozone	I-LOCATION
territory	O
â	O
along	O
with	O
part	O
of	O
Argentina	B-LOCATION
on	O
the	O
other	O
side	O
of	O
the	O
Andes	B-LOCATION
â	O
as	O
their	O
ancestral	O
â	O
Wallmapu	B-LOCATION
â	O
land	O
.	O

The	O
term	O
signifies	O
â	O
men	O
of	O
the	O
earth	O
â	O
in	O
the	O
Mapuzugun	B-AFFILIATION
language	O
,	O
and	O
until	O
around	O
150	B-DURATION
years	I-DURATION
ago	O
the	O
area	O
was	O
entirely	O
indigenous	O
territory	O
.	O

In	O
a	O
series	O
of	O
military	O
expansion	O
campaigns	O
from	O
1861	B-DATE
to	O
1883	B-DATE
,	O
the	O
Chilean	B-AFFILIATION
army	O
expropriated	O
the	O
Mapuche	B-AFFILIATION
people	O
from	O
this	O
land	O
and	O
plunged	O
them	O
into	O
poverty	O
.	O

Throughout	O
the	O
20th	O
century	O
,	O
and	O
most	O
severely	O
during	O
the	O
Pinochet	B-GIVEN_NAME
dictatorship	O
,	O
the	O
elimination	O
of	O
communal	O
land	O
ownership	O
and	O
the	O
subsidized	O
sale	O
of	O
Mapuche	B-AFFILIATION
lands	O
further	O
perpetuated	O
the	O
alienation	O
of	O
Mapuche	B-AFFILIATION
communities	O
.	O

The	O
confrontation	O
between	O
the	O
state	O
and	O
the	O
Mapuche	B-AFFILIATION
in	O
the	O
Southern	B-LOCATION
Macrozone	I-LOCATION
has	O
always	O
existed	O
,	O
but	O
it	O
has	O
escalated	O
in	O
recent	O
years	O
,	O
as	O
a	O
new	O
generation	O
of	O
Mapuche	B-AFFILIATION
has	O
come	O
forward	O
with	O
the	O
objective	O
of	O
reclaiming	O
their	O
land	O
and	O
autonomy	O
.	O

Most	O
of	O
the	O
land	O
in	O
this	O
area	O
is	O
now	O
owned	O
and	O
exploited	O
by	O
forestry	O
companies	O
,	O
which	O
leave	O
very	O
little	O
of	O
it	O
to	O
the	O
local	O
indigenous	O
communities	O
.	O

The	O
benefits	O
extracted	O
from	O
exploiting	O
this	O
land	O
are	O
practically	O
never	O
shared	O
with	O
the	O
Mapuche	B-LOCATION
,	O
so	O
a	O
number	O
of	O
armed	O
groups	O
started	O
carrying	O
out	O
attacks	O
against	O
companies	O
and	O
large	O
farming	O
estates	O
by	O
destroying	O
their	O
equipment	O
,	O
trucks	O
and	O
property	O
.	O

There	O
have	O
however	O
also	O
been	O
recent	O
instances	O
where	O
small	O
Chilean	B-AFFILIATION
farms	O
have	O
been	O
targeted	O
and	O
non	O
-	O
indigenous	O
Chilean	B-AFFILIATION
civilians	O
were	O
attacked	O
or	O
killed	O
,	O
events	O
that	O
had	O
very	O
rarely	O
taken	O
place	O
in	O
the	O
past	O
.	O

There	O
has	O
also	O
been	O
a	O
growing	O
number	O
of	O
arson	O
attacks	O
on	O
homes	O
and	O
shootouts	O
with	O
fatalities	O
in	O
the	O
last	O
year	O
,	O
making	O
the	O
area	O
highly	O
unsafe	O
for	O
local	O
residents	O
.	O

The	O
conservative	O
PiÃ±era	B-GIVEN_NAME
government	O
chose	O
a	O
repressive	O
approach	O
by	O
placing	O
the	O
entire	O
Southern	B-LOCATION
Macrozone	I-LOCATION
under	O
a	O
State	O
of	O
Emergency	O
with	O
military	O
control	O
.	O

But	O
the	O
militarized	O
special	O
police	O
forces	O
deployed	O
to	O
deal	O
with	O
the	O
clashes	O
were	O
often	O
accused	O
of	O
abusing	O
their	O
power	O
and	O
committing	O
human	O
rights	O
abuses	O
,	O
as	O
well	O
as	O
killing	O
unarmed	O
Mapuche	B-AFFILIATION
.	O

The	O
Boric	B-GIVEN_NAME
administration	O
then	O
decided	O
to	O
lift	O
the	O
measure	O
and	O
send	O
senior	O
officials	O
on	O
-	O
site	O
to	O
start	O
a	O
dialogue	O
instead	O
.	O

Nevertheless	O
,	O
during	O
her	O
visit	O
to	O
the	O
area	O
,	O
Interior	O
Minister	O
Izkia	B-GIVEN_NAME
Siches	B-FAMILY_NAME
was	O
still	O
met	O
with	O
bullets	O
in	O
AraucanÃ­a	B-LOCATION
,	O
proof	O
that	O
the	O
new	O
government	O
was	O
not	O
welcomed	O
either	O
.	O

Her	O
trip	O
had	O
to	O
be	O
diverted	O
and	O
certain	O
planned	O
talks	O
had	O
to	O
be	O
canceled	O
or	O
postponed	O
.	O

Most	O
Mapuche	B-AFFILIATION
communities	O
in	O
Chile	B-LOCATION
do	O
not	O
support	O
a	O
full	O
separation	O
from	O
the	O
Chilean	B-AFFILIATION
state	O
.	O

Instead	O
,	O
they	O
aspire	O
to	O
more	O
autonomy	O
through	O
self	O
-	O
government	O
and	O
the	O
recognition	O
of	O
their	O
language	O
and	O
traditional	O
authorities	O
.	O

â	O
I	O
can	O
say	O
very	O
responsibly	O
that	O
70	O
percent	O
of	O
the	O
Mapuche	B-AFFILIATION
people	O
embrace	O
the	O
institutional	O
solution	O
.	O

The	O
more	O
hardline	O
,	O
radical	O
sectors	O
â¦	O
are	O
a	O
minority	O
,	O
â	O
Mapuche	B-AFFILIATION
writer	O
Pedro	B-GIVEN_NAME
Cayuqueo	B-FAMILY_NAME
told	O
Al	B-ORGANIZATION
Jazeera	I-ORGANIZATION
.	O

Local	O
deputies	O
called	O
on	O
the	O
government	O
to	O
reinstate	O
the	O
State	O
of	O
Emergency	O
as	O
soon	O
as	O
possible	O
and	O
go	O
forth	O
with	O
dialogue	O
from	O
there	O
.	O

Undersecretary	O
Monsalve	B-GIVEN_NAME
responded	O
by	O
saying	O
that	O
â	O
there	O
is	O
always	O
a	O
debate	O
regarding	O
the	O
State	O
of	O
Exception	O
versus	O
the	O
absence	O
of	O
a	O
State	O
of	O
Exception	O
.	O

I	O
want	O
to	O
say	O
that	O
the	O
main	O
problem	O
behind	O
crimes	O
of	O
this	O
nature	O
is	O
the	O
presence	O
of	O
organized	O
crime	O
â¦	O
.	O
Criminal	O
organizations	O
are	O
a	O
threat	O
to	O
the	O
security	O
of	O
people	O
,	O
we	O
cannot	O
allow	O
them	O
to	O
take	O
control	O
of	O
the	O
territories	O
.	O
â	O

After	O
convening	O
an	O
emergency	O
police	O
committee	O
in	O
light	O
of	O
a	O
recent	O
increase	O
in	O
the	O
frequency	O
of	O
attacks	O
,	O
he	O
concluded	O
that	O
â	O
we	O
understand	O
that	O
we	O
must	O
strengthen	O
the	O
capacity	O
of	O
the	O
government	O
in	O
the	O
territory	O
,	O
to	O
face	O
severe	O
problems	O
.	O

And	O
therefore	O
,	O
it	O
is	O
appropriate	O
to	O
make	O
decisions	O
to	O
guarantee	O
it	O
.	O
â	O

What	O
remains	O
to	O
be	O
seen	O
is	O
the	O
form	O
which	O
these	O
decisions	O
will	O
take	O
.	O

