SANTIAGO	B-LOCATION
â	O
Situated	O
in	O
the	O
high	O
hills	O
of	O
PeÃ±alolen	B-LOCATION
,	O
this	O
magnificent	O
and	O
modern	O
temple	O
is	O
a	O
meeting	O
place	O
where	O
all	O
beliefs	O
are	O
welcome	O
.	O

With	O
a	O
perfect	O
environment	O
to	O
meditate	O
,	O
an	O
attitude	O
of	O
respect	O
is	O
a	O
must	O
.	O

Since	O
its	O
construction	O
in	O
2016	B-DATE
,	O
this	O
place	O
has	O
been	O
one	O
of	O
the	O
most	O
visited	O
attractions	O
in	O
Chile	B-LOCATION
âs	O
capital	O
city	O
.	O

Chile	B-LOCATION
is	O
privileged	O
to	O
have	O
the	O
only	O
BahÃ¡	B-AFFILIATION
â	I-AFFILIATION
Ã­	I-AFFILIATION
temple	O
in	O
South	B-LOCATION
America	I-LOCATION
.	O

The	O
temple	O
welcomes	O
people	O
into	O
a	O
harmonious	O
building	O
,	O
where	O
the	O
balance	O
between	O
the	O
architecture	O
of	O
its	O
main	O
structure	O
and	O
the	O
vast	O
,	O
peaceful	O
green	O
gardens	O
,	O
makes	O
it	O
a	O
great	O
place	O
to	O
connect	O
with	O
your	O
inner	O
spiritual	O
self	O
.	O

The	O
rest	O
of	O
them	O
are	O
located	O
in	O
India	B-LOCATION
,	O
Australia	B-LOCATION
,	O
Germany	B-LOCATION
,	O
Panama	B-LOCATION
,	O
United	B-LOCATION
States	I-LOCATION
,	O
Samoa	B-LOCATION
and	O
Uganda	B-LOCATION
.	O

In	O
all	O
,	O
there	O
are	O
nine	O
of	O
them	O
.	O

A	O
very	O
significant	O
number	O
as	O
will	O
be	O
explained	O
.	O

The	O
BahÃ¡	B-AFFILIATION
â	I-AFFILIATION
Ã­	I-AFFILIATION
faith	O
(	O
also	O
known	O
as	O
the	O
universal	O
religion	O
)	O
is	O
one	O
of	O
the	O
youngest	O
independent	O
set	O
of	O
beliefs	O
in	O
the	O
world	O
.	O

It	O
was	O
founded	O
in	O
the	O
region	O
of	O
Persia	B-LOCATION
,	O
specifically	O
in	O
Iran	B-LOCATION
,	O
in	O
the	O
XIX	B-DATE
century	I-DATE
.	O

It	O
âs	O
a	O
monotheistic	O
religion	O
,	O
where	O
the	O
devout	O
followers	O
adhere	O
to	O
the	O
spiritual	O
teachings	O
of	O
their	O
prophet	O
Baha	B-GIVEN_NAME
Â´	B-FAMILY_NAME
u	I-FAMILY_NAME
Â´	I-FAMILY_NAME
llah	I-FAMILY_NAME
.	O
(	O
Glory	O
of	O
god	O
in	O
English	B-AFFILIATION
)	O
.	O
This	O
holy	O
man	O
taught	O
that	O
there	O
is	O
only	O
one	O
God	O
and	O
only	O
one	O
religion	O
.	O
He	O
created	O
the	O
idea	O
that	O
we	O
as	O
humans	O
have	O
the	O
need	O
to	O
evolve	O
not	O
only	O
physically	O
,	O
socially	O
or	O
materially	O
,	O
but	O
spiritually	O
as	O
well	O
.	O

Bahaism	B-AFFILIATION
encourages	O
people	O
to	O
end	O
with	O
the	O
idea	O
of	O
boundaries	O
among	O
religions	O
.	O
We	O
all	O
worship	O
and	O
praise	O
the	O
same	O
God	O
,	O
and	O
we	O
all	O
come	O
from	O
the	O
same	O
creator	O
.	O
In	O
other	O
words	O
,	O
Baha	B-GIVEN_NAME
Â´	B-FAMILY_NAME
u	I-FAMILY_NAME
Â´	I-FAMILY_NAME
llah	I-FAMILY_NAME
believed	O
what	O
he	O
defined	O
as	O
â	O
Universal	O
truths	O
â	O
.	O
All	O
religions	O
throughout	O
world	O
history	O
have	O
preached	O
common	O
values	O
and	O
beliefs	O
,	O
but	O
there	O
is	O
one	O
concept	O
that	O
has	O
been	O
echoed	O
through	O
time	O
:	O
Love	O
.	O

Above	O
all	O
,	O
the	O
central	O
message	O
professed	O
by	O
this	O
religion	O
is	O
to	O
end	O
prejudice	O
and	O
embrace	O
love	O
and	O
respect	O
for	O
each	O
other	O
.	O
Humankind	O
,	O
in	O
Baha	B-GIVEN_NAME
Â´	B-FAMILY_NAME
u	I-FAMILY_NAME
Â´	I-FAMILY_NAME
llah	I-FAMILY_NAME
Â´	O
s	O
words	O
,	O
not	O
only	O
has	O
the	O
need	O
to	O
unify	O
,	O
but	O
it	O
is	O
inevitable	O
if	O
we	O
want	O
progress	O
.	O
â	O
The	O
earth	O
is	O
but	O
one	O
country	O
and	O
mankind	O
its	O
citizens	O
.	O
â	O

The	O
construction	O
of	O
this	O
30	B-MONEY
-	I-MONEY
million	I-MONEY
-	I-MONEY
dollar	I-MONEY
temple	O
started	O
in	O
November	B-DATE
2010	I-DATE
and	O
was	O
finished	O
6	B-DURATION
years	I-DURATION
later	O
.	O
The	O
chief	O
architect	O
was	O
the	O
Canadian	B-AFFILIATION
,	O
Siamak	B-GIVEN_NAME
Hariri	B-FAMILY_NAME
.	O
His	O
unique	O
and	O
creative	O
design	O
was	O
inspired	O
by	O
a	O
piece	O
of	O
text	O
written	O
by	O
Baha	B-GIVEN_NAME
Â´	B-FAMILY_NAME
u	I-FAMILY_NAME
Â´	I-FAMILY_NAME
llah	I-FAMILY_NAME
,	O
in	O
which	O
the	O
deity	O
describes	O
what	O
happens	O
when	O
the	O
divine	O
light	O
reaches	O
the	O
heart	O
.	O
As	O
a	O
metaphor	O
,	O
the	O
prophet	O
says	O
that	O
when	O
a	O
house	O
is	O
occupied	O
by	O
its	O
legitimate	O
owner	O
,	O
â	O
all	O
the	O
pillars	O
of	O
the	O
dwelling	O
are	O
ashine	O
with	O
His	O
light	O
â	O
.	O
This	O
enlightenment	O
is	O
a	O
symbol	O
of	O
unity	O
.	O

This	O
magnificent	O
30	O
-	O
meter	O
high	O
building	O
is	O
made	O
of	O
cast	O
glass	O
in	O
its	O
exterior	O
,	O
and	O
in	O
the	O
interior	O
it	O
is	O
mostly	O
made	O
of	O
marble	O
brought	O
from	O
Portugal	B-LOCATION
.	O
As	O
for	O
the	O
temple	O
itself	O
,	O
it	O
resembles	O
a	O
flower	O
with	O
9	O
petals	O
.	O

As	O
suggested	O
,	O
the	O
number	O
9	O
plays	O
an	O
overriding	O
role	O
.	O
This	O
1	O
-	O
digit	O
number	O
is	O
the	O
highest	O
among	O
them	O
all	O
.	O
It	O
represents	O
perfection	O
as	O
it	O
englobes	O
all	O
the	O
rest	O
.	O
That	O
âs	O
why	O
the	O
main	O
structure	O
is	O
composed	O
of	O
9	O
sides	O
,	O
each	O
one	O
with	O
an	O
entrance	O
.	O

Inside	O
,	O
you	O
will	O
not	O
find	O
any	O
kind	O
of	O
image	O
,	O
neither	O
icons	O
nor	O
an	O
altar	O
.	O
It	O
only	O
has	O
several	O
benches	O
where	O
people	O
can	O
sit	O
or	O
kneel	O
down	O
.	O
It	O
has	O
seating	O
capacity	O
for	O
six	O
hundred	O
people	O
.	O

Chile	B-LOCATION
,	O
as	O
well	O
as	O
the	O
other	O
8	O
nations	O
,	O
was	O
chosen	O
to	O
host	O
this	O
spectacular	O
house	O
of	O
worship	O
.	O
The	O
temple	O
is	O
a	O
symbol	O
of	O
unity	O
that	O
we	O
ca	O
nât	O
waste	O
and	O
should	O
nât	O
ignore	O
.	O
Bahaism	B-AFFILIATION
has	O
given	O
us	O
the	O
chance	O
to	O
embrace	O
love	O
and	O
union	O
,	O
whatever	O
our	O
beliefs	O
are	O
.	O

Humanity	O
through	O
all	O
its	O
history	O
has	O
suffered	O
wars	O
and	O
endless	O
social	O
struggles	O
that	O
have	O
taken	O
us	O
into	O
misery	O
.	O
They	O
have	O
brought	O
out	O
our	O
worst	O
.	O
Now	O
,	O
we	O
have	O
entered	O
a	O
new	O
era	O
.	O
Technology	O
,	O
consumerism	O
and	O
immediacy	O
are	O
dominating	O
us	O
.	O
They	O
have	O
usurped	O
our	O
most	O
precious	O
values	O
.	O
We	O
need	O
to	O
recover	O
what	O
we	O
have	O
lost	O
and	O
learn	O
from	O
our	O
mistakes	O
.	O

The	O
BahÃ¡	B-LOCATION|B-AFFILIATION
â	I-LOCATION|I-AFFILIATION
Ã­	I-LOCATION|I-AFFILIATION
Temple	I-LOCATION
is	O
a	O
perfect	O
place	O
to	O
do	O
so	O
.	O
It	O
is	O
waiting	O
for	O
us	O
,	O
so	O
we	O
can	O
show	O
our	O
best	O
face	O
.	O
Religion	O
is	O
not	O
a	O
boundary	O
among	O
us	O
,	O
but	O
the	O
way	O
to	O
be	O
united	O
as	O
a	O
species	O
.	O

