The	O
government	O
aims	O
to	O
recover	O
public	O
space	O
in	O
metro	O
stations	O
,	O
implementing	O
a	O
plan	O
to	O
tackle	O
illegal	O
commerce	O
.	O

It	O
involves	O
heightened	O
police	O
presence	O
,	O
supported	O
by	O
private	O
security	O
.	O

Initially	O
,	O
the	O
plan	O
will	O
focus	O
on	O
six	O
stations	O
.	O

Interior	O
Minister	O
Izkia	B-GIVEN_NAME
Siches	B-FAMILY_NAME
and	O
other	O
officials	O
presented	O
a	O
plan	O
to	O
tackle	O
illegal	O
street	O
commerce	O
in	O
and	O
around	O
metro	O
stations	O
.	O

Initially	O
the	O
plan	O
focuses	O
on	O
stations	O
in	O
Santiago	B-LOCATION
downtown	O
and	O
the	O
districts	O
of	O
La	B-LOCATION
Cisterna	I-LOCATION
and	O
La	B-LOCATION
Florida	I-LOCATION
.	O

It	O
involves	O
150	O
police	O
officers	O
patrolling	O
the	O
La	B-LOCATION
Cisterna	I-LOCATION
,	O
Plaza	B-LOCATION
de	I-LOCATION
Armas	I-LOCATION
,	O
Santa	B-LOCATION
Ana	I-LOCATION
,	O
Universidad	B-ORGANIZATION
de	I-ORGANIZATION
Chile	I-ORGANIZATION
,	O
Vicente	B-LOCATION
ValdÃ©s	I-LOCATION
,	O
and	O
VicuÃ±a	B-LOCATION
Mackenna	I-LOCATION
stations	O
from	O
7	B-DURATION
h	I-DURATION
to	O
21	B-DURATION
h	I-DURATION
.	O

Metro	B-LOCATION
de	I-LOCATION
Santiago	I-LOCATION
will	O
also	O
triple	O
the	O
number	O
of	O
private	O
guards	O
in	O
these	O
stations	O
.	O

Illegal	O
commerce	O
has	O
skyrocketed	O
across	O
the	O
city	O
and	O
impedes	O
commuters	O
â	O
movement	O
in	O
numerous	O
stations	O
.	O
â	O
The	O
commitment	O
in	O
our	O
government	O
is	O
to	O
regain	O
public	O
space	O
,	O
â	O
Siches	B-GIVEN_NAME
said	O
during	O
the	O
launch	O
event	O
.	O

A	O
pilot	O
started	O
in	O
May	B-DATE
focused	O
on	O
the	O
stations	O
of	O
EstaciÃ³n	B-LOCATION
Central	I-LOCATION
,	O
UniÃ³n	B-ORGANIZATION
Latinoamericana	I-ORGANIZATION
,	O
and	O
Universidad	B-ORGANIZATION
de	I-ORGANIZATION
Santiago	I-ORGANIZATION
,	O
leading	O
to	O
over	O
2,000	O
ID	O
checks	O
and	O
41	O
detentions	O
.	O

The	O
plan	O
is	O
expected	O
to	O
extend	O
to	O
more	O
stations	O
.	O

