Former	O
president	O
Michelle	B-GIVEN_NAME
Bachelet	B-FAMILY_NAME
is	O
the	O
first	O
former	O
president	O
of	O
Chile	B-LOCATION
to	O
publicly	O
call	O
for	O
approval	O
of	O
the	O
newly	O
-	O
proposed	O
constitution	O
.	O

She	O
said	O
the	O
draft	O
might	O
not	O
be	O
perfect	O
but	O
that	O
it	O
is	O
close	O
to	O
what	O
she	O
has	O
always	O
dreamed	O
of	O
.	O

As	O
for	O
the	O
three	O
remaining	O
living	O
former	O
presidents	O
,	O
one	O
has	O
rejected	O
it	O
,	O
while	O
two	O
others	O
have	O
not	O
said	O
.	O

Former	O
president	O
of	O
Chile	B-LOCATION
and	O
current	O
United	B-ORGANIZATION
Nations	I-ORGANIZATION
High	O
Commissioner	O
for	O
Human	O
Rights	O
Michelle	B-GIVEN_NAME
Bachelet	B-FAMILY_NAME
expressed	O
her	O
thoughts	O
on	O
the	O
proposed	O
new	O
constitution	O
:	O
â	O
I	O
have	O
a	O
very	O
clear	O
opinion	O
of	O
what	O
the	O
decision	O
of	O
September	B-DATE
4	I-DATE
should	O
be	O
,	O
I	O
have	O
said	O
it	O
before	O
,	O
I	O
am	O
for	O
the	O
Approval	O
.	O
â	O

Bachelet	B-GIVEN_NAME
added	O
that	O
the	O
proposed	O
constitution	O
is	O
by	O
no	O
means	O
perfect	O
but	O
it	O
is	O
close	O
to	O
what	O
she	O
has	O
always	O
dreamed	O
of	O
.	O

She	O
is	O
the	O
only	O
living	O
former	O
president	O
of	O
Chile	B-LOCATION
who	O
has	O
publicly	O
expressed	O
approval	O
for	O
the	O
document	O
ahead	O
of	O
the	O
Sept	B-DATE
.	I-DATE
4	I-DATE
plebiscite	O
.	O

As	O
for	O
the	O
other	O
three	O
,	O
SebastiÃ¡n	B-GIVEN_NAME
PiÃ±era	B-FAMILY_NAME
has	O
stayed	O
silent	O
,	O
Eduardo	B-GIVEN_NAME
Frei	B-FAMILY_NAME
Ruiz	I-FAMILY_NAME
-	I-FAMILY_NAME
Tagle	I-FAMILY_NAME
has	O
publicly	O
rejected	O
it	O
,	O
and	O
Ricardo	B-GIVEN_NAME
Lagos	B-FAMILY_NAME
has	O
issued	O
a	O
letter	O
in	O
which	O
he	O
has	O
not	O
stated	O
his	O
position	O
and	O
instead	O
only	O
suggested	O
that	O
there	O
will	O
not	O
be	O
a	O
consensus	O
.	O

Lagos	B-GIVEN_NAME
wrote	O
,	O
â	O
Chile	B-LOCATION
needs	O
and	O
deserves	O
a	O
Constitution	O
that	O
arouses	O
consensus	O
and	O
that	O
,	O
sooner	O
rather	O
than	O
later	O
,	O
allows	O
us	O
to	O
stop	O
debating	O
about	O
it	O
in	O
order	O
to	O
coexist	O
within	O
it	O
.	O
â	O

â	O
President	O
Lagos	B-GIVEN_NAME
has	O
every	O
right	O
to	O
submit	O
the	O
position	O
he	O
deems	O
appropriate	O
,	O
â	O
responded	O
President	O
Gabriel	B-GIVEN_NAME
Boric	B-FAMILY_NAME
,	O
as	O
further	O
reported	O
by	O
LA	B-ORGANIZATION
News	I-ORGANIZATION
.	O

Boric	B-GIVEN_NAME
added	O
that	O
if	O
the	O
constitution	O
is	O
rejected	O
,	O
he	O
is	O
open	O
to	O
making	O
improvements	O
and	O
taking	O
advantage	O
of	O
the	O
criticism	O
in	O
order	O
to	O
reach	O
a	O
consensus	O
.	O

