China	B-LOCATION
will	O
host	O
the	O
2022	B-BRANDS|B-DATE
Asian	B-MISC|B-AFFILIATION
Games	I-MISC
in	O
2023	B-DATE
,	O
organisers	O
said	O
on	O
Tuesday	B-DATE
,	O
after	O
postponing	O
the	O
event	O
in	O
Hangzhou	B-LOCATION
because	O
of	O
Covid	B-BRANDS
.	O

The	O
Games	O
will	O
now	O
be	O
held	O
in	O
Hangzhou	B-LOCATION
from	O
September	B-DATE
23	I-DATE
to	O
October	B-DATE
8	I-DATE
2023	I-DATE
,	O
the	O
Olympic	B-ORGANIZATION|B-BRANDS
Council	I-ORGANIZATION
of	I-ORGANIZATION
Asia	I-ORGANIZATION|B-LOCATION
(	O
OCA	B-ORGANIZATION
)	O
said	O
.	O

The	O
event	O
was	O
originally	O
scheduled	O
to	O
be	O
held	O
in	O
September	B-DATE
this	O
year	O
,	O
but	O
organisers	O
in	O
May	B-DATE
postponed	O
it	O
as	O
China	B-LOCATION
tried	O
to	O
stamp	O
out	O
a	O
large	O
Covid	B-BRANDS
resurgence	O
in	O
several	O
parts	O
of	O
the	O
country	O
.	O

Hangzhou	B-LOCATION
lies	O
less	O
than	O
200	O
kilometres	O
(	O
120	O
miles	O
)	O
from	O
the	O
country	O
's	O
biggest	O
city	O
Shanghai	B-LOCATION
,	O
which	O
endured	O
a	O
months	O
-	O
long	O
lockdown	O
earlier	O
this	O
year	O
as	O
part	O
of	O
the	O
ruling	O
Communist	B-ORGANIZATION|B-AFFILIATION
Party	I-ORGANIZATION
's	O
zero	O
-	O
tolerance	O
approach	O
to	O
the	O
virus	O
.	O

The	B-ORGANIZATION
Standard	I-ORGANIZATION
Channel	I-ORGANIZATION

More	O
>	O
>	O

The	O
OCA	B-ORGANIZATION
said	O
on	O
Tuesday	B-DATE
that	O
the	O
new	O
dates	O
were	O
chosen	O
to	O
avoid	O
"	O
conflict	O
with	O
other	O
major	O
international	O
sporting	O
events	O
"	O
.	O

The	O
Asian	B-AFFILIATION|B-AFFILIATION
Games	B-MISC
typically	O
attract	O
over	O
10,000	O
athletes	O
from	O
across	O
the	O
region	O
.	O

China	B-LOCATION
is	O
the	O
last	O
major	O
economy	O
committed	O
to	O
stamping	O
out	O
domestic	O
spread	O
of	O
the	O
virus	O
through	O
harsh	O
lockdowns	O
,	O
mass	O
testing	O
and	O
strict	O
controls	O
on	O
international	O
travel	O
.	O

But	O
that	O
has	O
hurt	O
the	O
country	O
's	O
international	O
sporting	O
ambitions	O
,	O
with	O
the	O
world	O
's	O
most	O
populous	O
nation	O
cancelling	O
or	O
postponing	O
almost	O
all	O
events	O
since	O
the	O
start	O
of	O
the	O
pandemic	O
,	O
with	O
the	O
exception	O
of	O
this	O
year	O
's	O
Winter	B-BRANDS
Olympics	B-MISC
in	O
Beijing	B-LOCATION
.	O

The	O
World	B-BRANDS
University	B-MISC
Games	I-MISC
,	O
scheduled	O
to	O
begin	O
in	O
June	B-DATE
in	O
Chengdu	B-LOCATION
and	O
already	O
delayed	O
from	O
last	O
year	O
,	O
have	O
also	O
been	O
postponed	O
again	O
,	O
until	O
2023	B-DATE
.	O

