China	B-LOCATION
has	O
decided	O
to	O
arrest	O
a	O
former	O
official	O
of	O
state	O
stockpiler	O
Sinograin	B-ORGANIZATION
for	O
suspected	O
bribery	O
and	O
dereliction	O
of	O
duty	O
,	O
the	O
top	O
prosecutor	O
said	O
on	O
Thursday	B-DATE
.	O

The	O
decision	O
to	O
arrest	O
Xu	B-GIVEN_NAME
Baoyi	B-FAMILY_NAME
,	O
a	O
former	O
deputy	O
general	O
manager	O
of	O
the	O
stockpiler	O
,	O
comes	O
after	O
he	O
was	O
investigated	O
by	O
supervisory	O
authorities	O
,	O
the	O
Supreme	B-ORGANIZATION
People	I-ORGANIZATION
âs	I-ORGANIZATION
Procuratorate	I-ORGANIZATION
said	O
on	O
its	O
WeChat	B-BRANDS
account	O
.	O

Reuters	B-ORGANIZATION
could	O
not	O
immediately	O
trace	O
contact	O
information	O
for	O
Xu	B-GIVEN_NAME
.	O

In	O
June	B-DATE
,	O
the	O
prosecutor	O
said	O
Xu	B-GIVEN_NAME
had	O
been	O
expelled	O
from	O
the	O
ruling	O
Communist	B-ORGANIZATION|B-AFFILIATION
Party	I-ORGANIZATION
and	O
public	O
office	O
for	O
â	O
serious	O
violation	O
of	O
discipline	O
and	O
law	O
â	O
,	O
and	O
faced	O
a	O
case	O
review	O
and	O
investigation	O
.	O

Xu	B-GIVEN_NAME
was	O
accused	O
of	O
illegally	O
accepting	O
gifts	O
and	O
cash	O
,	O
intervening	O
and	O
interfering	O
with	O
market	O
activity	O
,	O
and	O
exploiting	O
his	O
position	O
to	O
make	O
profit	O
for	O
others	O
,	O
it	O
added	O
.	O

Last	O
month	O
,	O
China	B-LOCATION
âs	O
discipline	O
watchdog	O
investigated	O
the	O
former	O
head	O
of	O
the	O
national	O
reserves	O
bureau	O
for	O
severe	O
violations	O
of	O
law	O
and	O
discipline	O
.	O

