$	O
14	O
m	O
-	O
jewelry	O
-	O
sees	O
-	O
jail	O
-	O
term	O
-	O
extended	O

A	O
Filipina	B-AFFILIATION
domestic	O
helper	O
who	O
stole	O
200	O
jewelry	O
pieces	O
from	O
the	O
home	O
of	O
former	O
executive	O
director	O
of	O
New	B-ORGANIZATION
World	I-ORGANIZATION
Development	I-ORGANIZATION
David	B-GIVEN_NAME
Liang	B-FAMILY_NAME
Chong	I-FAMILY_NAME
-	I-FAMILY_NAME
hou	I-FAMILY_NAME
,	O
saw	O
her	O
jail	O
term	O
extended	O
to	O
six	B-DURATION
years	I-DURATION
and	O
four	O
months	O
on	O
Tuesday	B-DATE
.	O

The	O
47	O
-	O
year	O
-	O
old	O
helper	O
Carmelita	B-GIVEN_NAME
Galay	B-FAMILY_NAME
Nones	I-FAMILY_NAME
worked	O
for	O
Liang	B-GIVEN_NAME
's	O
family	O
.	O
She	O
was	O
originally	O
jailed	O
for	O
four	B-DURATION
years	I-DURATION
and	O
11	O
months	O
on	O
six	O
counts	O
of	O
theft	O
,	O
for	O
stealing	O
around	O
200	O
pieces	O
of	O
jewelry	O
worth	O
over	O
HK	B-MONEY
$	I-MONEY
14	I-MONEY
million	I-MONEY
at	O
Liang	B-GIVEN_NAME
's	O
residence	O
in	O
Deep	B-LOCATION
Water	I-LOCATION
Bay	I-LOCATION
between	O
June	B-DATE
2018	I-DATE
and	O
September	B-DATE
2019	I-DATE
.	O

The	O
Department	B-ORGANIZATION
of	I-ORGANIZATION
Justice	I-ORGANIZATION
(	O
DOJ	B-ORGANIZATION
)	O
then	O
filed	O
an	O
appeal	O
against	O
the	O
original	O
sentence	O
as	O
it	O
believed	O
the	O
jail	O
term	O
was	O
too	O
short	O
for	O
Nones	B-GIVEN_NAME
'	O
crime	O
.	O

The	O
appeal	O
application	O
was	O
handled	O
by	O
Justice	O
of	O
Appeal	O
Kevin	B-GIVEN_NAME
Zervos	B-FAMILY_NAME
,	O
Maggie	B-GIVEN_NAME
Poon	B-FAMILY_NAME
Man	I-FAMILY_NAME
-	I-FAMILY_NAME
kay	I-FAMILY_NAME
,	O
and	O
Anthea	B-GIVEN_NAME
Pang	B-FAMILY_NAME
Po	I-FAMILY_NAME
-	I-FAMILY_NAME
kam	I-FAMILY_NAME
in	O
the	O
High	B-ORGANIZATION
Court	I-ORGANIZATION
on	O
Tuesday	B-BRANDS
morning	O
.	O

The	O
Standard	O
Channel	O

More	O
>	O
>	O

The	O
plaintiff	O
was	O
the	O
Secretary	O
for	O
Justice	O
while	O
Nones	B-GIVEN_NAME
was	O
listed	O
the	O
respondent	O
.	O

After	O
hearing	O
from	O
both	O
sides	O
,	O
the	O
three	O
-	O
judge	O
panel	O
ruled	O
that	O
the	O
trial	O
judge	O
did	O
n't	O
hand	O
down	O
a	O
sentence	O
that	O
matches	O
Nones	B-GIVEN_NAME
'	O
criminal	O
liability	O
and	O
the	O
severe	O
nature	O
of	O
her	O
crime	O
,	O
and	O
mistakenly	O
deducted	O
her	O
jail	O
term	O
.	O

The	O
lawyer	O
representing	O
the	O
DOJ	B-ORGANIZATION
said	O
the	O
trial	O
judge	O
started	O
the	O
jail	O
term	O
too	O
leniently	O
and	O
ignored	O
other	O
factors	O
,	O
including	O
the	O
huge	O
amount	O
of	O
property	O
involved	O
in	O
this	O
case	O
and	O
Nones	B-GIVEN_NAME
committed	O
the	O
crime	O
for	O
an	O
extended	O
period	O
.	O

The	O
defense	O
for	O
Nones	B-GIVEN_NAME
then	O
pointed	O
out	O
that	O
the	O
trial	O
judge	O
accepted	O
that	O
Nones	B-GIVEN_NAME
stole	O
the	O
jewelry	O
to	O
raise	O
money	O
for	O
her	O
sick	O
mother	O
and	O
the	O
prosecution	O
did	O
n't	O
challenged	O
the	O
judge	O
's	O
decision	O
at	O
that	O
time	O
.	O

A	O
written	O
judgment	O
will	O
be	O
released	O
within	O
two	O
weeks	O
.	O

The	O
jewelry	O
stolen	O
by	O
Nones	B-GIVEN_NAME
included	O
38	O
necklaces	O
,	O
23	O
bangles	O
,	O
40	O
pairs	O
of	O
earrings	O
,	O
16	O
bracelets	O
,	O
two	O
gold	O
bars	O
weighing	O
237	O
g	O
in	O
total	O
,	O
four	O
luxury	O
watches	O
,	O
25	O
rings	O
,	O
31	O
gold	O
coins	O
,	O
some	O
cash	O
and	O
other	O
accessories	O
.	O

Her	O
niece	O
,	O
Maricris	B-GIVEN_NAME
Galay	B-FAMILY_NAME
Nones	I-FAMILY_NAME
,	O
32	O
,	O
and	O
another	O
helper	O
Cristina	B-GIVEN_NAME
Noble	B-FAMILY_NAME
Alagna	I-FAMILY_NAME
,	O
51	O
,	O
pawned	O
the	O
stolen	O
jewelry	O
,	O
got	O
millions	B-MONEY
of	I-MONEY
HK	I-MONEY
dollars	I-MONEY
and	O
gave	O
the	O
money	O
back	O
to	O
her	O
.	O

The	O
duo	O
was	O
jailed	O
for	O
one	B-DURATION
year	I-DURATION
and	O
four	O
months	O
after	O
they	O
pleaded	O
guilty	O
to	O
four	O
and	O
six	O
counts	O
of	O
handling	O
stolen	O
goods	O
,	O
respectively	O
.	O

