&	O
pgtype	O
=	O
homepage	O

China	B-LOCATION
âs	O
banking	O
watchdog	O
has	O
officially	O
assured	O
the	O
public	O
that	O
loans	O
will	O
be	O
provided	O
to	O
qualified	O
developers	O
to	O
help	O
complete	O
unfinished	O
residential	O
projects	O
,	O
as	O
the	O
mortgage	O
boycott	O
crisis	O
continues	O
to	O
spread	O
across	O
the	O
country	O
.	O

Banks	O
will	O
meet	O
developers	O
â	O
financing	O
needs	O
where	O
it	O
is	O
reasonable	O
,	O
Liu	B-GIVEN_NAME
Zhongrui	B-FAMILY_NAME
,	O
a	O
senior	O
official	O
from	O
the	O
statistics	O
and	O
risk	O
assessment	O
department	O
of	O
the	O
China	B-ORGANIZATION|B-LOCATION
Banking	I-ORGANIZATION
and	I-ORGANIZATION
Insurance	I-ORGANIZATION
Regulatory	I-ORGANIZATION
Commission	I-ORGANIZATION
(	O
CBIRC	B-ORGANIZATION
)	O
,	O
said	O
at	O
a	O
press	O
conference	O
on	O
Thursday	B-DATE
,	O
the	O
first	O
official	O
remark	O
about	O
the	O
unfinished	O
flats	O
that	O
led	O
to	O
homeowners	O
suspending	O
mortgage	O
payments	O
.	O

â	O
All	O
the	O
difficulties	O
and	O
problems	O
will	O
be	O
properly	O
solved	O
,	O
â	O
Liu	B-GIVEN_NAME
said	O
.	O
The	O
CBIRC	B-ORGANIZATION
is	O
paying	O
high	O
attention	O
to	O
home	O
delivery	O
delays	O
of	O
a	O
project	O
in	O
Jingdezhen	B-LOCATION
,	O
in	O
southern	O
Jiangxi	B-LOCATION
province	I-LOCATION
,	O
he	O
added	O
without	O
mentioning	O
the	O
growing	O
mortgage	O
boycott	O
across	O
the	O
country	O
over	O
the	O
past	O
couple	O
of	O
days	O
.	O

Homebuyers	O
of	O
319	O
projects	O
have	O
made	O
public	O
letters	O
they	O
sent	O
to	O
banks	O
to	O
tell	O
them	O
that	O
they	O
would	O
no	O
longer	O
be	O
paying	O
their	O
mortgages	O
as	O
of	O
July	B-DATE
21	I-DATE
,	O
according	O
to	O
files	O
posted	O
to	O
Microsoft	B-ORGANIZATION
âs	O
collaborative	O
code	O
-	O
sharing	O
platform	O
GitHub	B-BRANDS
,	O
which	O
is	O
commonly	O
used	O
to	O
avoid	O
censorship	O
in	O
China	B-LOCATION
.	O
A	O
week	O
ago	O
around	O
100	O
projects	O
were	O
affected	O
.	O

â	O
Banks	O
must	O
work	O
with	O
local	O
authorities	O
to	O
provide	O
sufficient	O
financial	O
liquidity	O
to	O
facilitate	O
the	O
completion	O
and	O
handover	O
of	O
contracted	O
property	O
sales	O
,	O
based	O
on	O
market	O
principles	O
and	O
compliance	O
with	O
the	O
law	O
,	O
â	O
Liu	B-GIVEN_NAME
said	O
on	O
Sunday	B-DATE
in	O
comments	O
similar	O
to	O
an	O
article	O
published	O
in	O
the	O
China	B-LOCATION|B-LOCATION
Banking	B-MISC
and	I-MISC
Insurance	I-MISC
News	I-MISC
,	O
a	O
CBIRC	B-ORGANIZATION
publication	O
.	O

Liu	B-GIVEN_NAME
declined	O
to	O
comment	O
on	O
whether	O
a	O
grace	O
period	O
will	O
be	O
extended	O
to	O
these	O
homebuyers	O
.	O

China	B-LOCATION
could	O
allow	O
homeowners	O
to	O
temporarily	O
halt	O
mortgage	O
payments	O
on	O
stalled	O
property	O
projects	O
without	O
incurring	O
penalties	O
,	O
Bloomberg	B-ORGANIZATION
reported	O
on	O
Monday	B-DATE
,	O
citing	O
people	O
familiar	O
with	O
the	O
matter	O
.	O

While	O
it	O
is	O
unclear	O
what	O
measures	O
the	O
central	O
government	O
is	O
likely	O
to	O
take	O
,	O
local	O
governments	O
have	O
stepped	O
up	O
efforts	O
to	O
assuage	O
the	O
public	O
âs	O
concerns	O
about	O
the	O
potential	O
impact	O
of	O
delays	O
to	O
residential	O
projects	O
.	O

Authorities	O
in	O
the	O
central	B-LOCATION
Chinese	I-LOCATION|B-AFFILIATION
province	I-LOCATION
of	I-LOCATION
Henan	I-LOCATION
have	O
set	O
up	O
a	O
working	O
team	O
with	O
local	O
bad	O
-	O
loans	O
manager	O
Henan	B-ORGANIZATION|B-LOCATION
Asset	I-ORGANIZATION
Management	I-ORGANIZATION
Company	I-ORGANIZATION
and	O
state	O
-	O
owned	O
Zhengzhou	B-ORGANIZATION|B-LOCATION
Real	I-ORGANIZATION
Estate	I-ORGANIZATION
Group	I-ORGANIZATION
to	O
clean	O
up	O
the	O
province	O
âs	O
property	O
mess	O
,	O
according	O
to	O
a	O
statement	O
posted	O
on	O
the	O
asset	O
management	O
firm	O
âs	O
website	O
.	O

The	O
team	O
will	O
also	O
aim	O
to	O
revive	O
stalled	O
projects	O
,	O
sell	O
assets	O
and	O
restructure	O
businesses	O
to	O
ensure	O
the	O
completion	O
and	O
smooth	O
delivery	O
of	O
homes	O
to	O
contracted	O
buyers	O
,	O
the	O
statement	O
added	O
.	O

China	B-LOCATION
âs	O
property	O
sector	O
went	O
into	O
a	O
tailspin	O
last	O
year	O
,	O
when	O
the	O
central	O
bank	O
stepped	O
up	O
enforcement	O
of	O
its	O
so	O
-	O
called	O
three	O
red	O
lines	O
on	O
debt	O
limits	O
.	O
That	O
choked	O
off	O
bank	O
funding	O
for	O
companies	O
that	O
were	O
already	O
deep	O
in	O
debt	O
.	O

The	O
choke	O
hold	O
exacerbated	O
problems	O
in	O
a	O
market	O
already	O
beaten	O
down	O
by	O
strict	O
rules	O
enacted	O
in	O
2017	B-DATE
to	O
rein	O
in	O
runaway	O
prices	O
.	O
As	O
a	O
result	O
,	O
developers	O
could	O
not	O
sell	O
homes	O
to	O
generate	O
cash	O
,	O
causing	O
a	O
rise	O
in	O
bond	O
defaults	O
and	O
missed	O
payments	O
.	O

Sichuan	B-ORGANIZATION|B-LOCATION
Languang	I-ORGANIZATION
Development	I-ORGANIZATION
was	O
the	O
first	O
to	O
default	O
last	O
year	O
,	O
missing	O
its	O
payment	O
on	O
a	O
US	B-MONEY|B-LOCATION
$	I-MONEY
139	I-MONEY
million	I-MONEY
bond	O
last	O
July	B-DATE
.	O
The	O
web	O
of	O
defaults	O
quickly	O
spread	O
,	O
ensnaring	O
China	B-ORGANIZATION|B-LOCATION
Evergrande	I-ORGANIZATION
Group	I-ORGANIZATION
,	O
which	O
holds	O
the	O
dubious	O
honour	O
of	O
being	O
the	O
world	O
âs	O
most	O
indebted	O
developer	O
with	O
around	O
US	B-MONEY
$	I-MONEY
300	I-MONEY
billion	I-MONEY
in	O
liabilities	O
.	O

This	O
month	O
,	O
Ronshine	B-ORGANIZATION
China	I-ORGANIZATION|B-LOCATION
Holdings	I-ORGANIZATION
became	O
the	O
19th	O
developer	O
to	O
default	O
,	O
when	O
it	O
failed	O
to	O
pay	O
its	O
interest	O
on	O
an	O
offshore	O
bond	O
,	O
while	O
another	O
six	O
have	O
applied	O
for	O
maturity	O
extensions	O
.	O

Eighteen	O
,	O
or	O
more	O
than	O
75	O
per	O
cent	O
of	O
China	B-LOCATION
âs	O
distressed	O
developers	O
,	O
have	O
more	O
than	O
one	O
residential	O
project	O
that	O
has	O
been	O
delayed	O
anywhere	O
from	O
six	O
months	O
to	O
more	O
than	O
a	O
year	O
.	O

â	O
The	O
central	O
government	O
needs	O
out	O
-	O
of	O
-	O
the	O
-	O
box	O
measures	O
such	O
as	O
setting	O
up	O
a	O
dedicated	O
property	O
relief	O
fund	O
to	O
help	O
developers	O
,	O
â	O
said	O
Raymond	B-GIVEN_NAME
Cheng	B-FAMILY_NAME
,	O
managing	O
director	O
of	O
CGS	B-ORGANIZATION
-	I-ORGANIZATION
CIMB	I-ORGANIZATION
Securities	I-ORGANIZATION
,	O
who	O
estimated	O
that	O
there	O
are	O
about	O
1.1	O
million	O
uncompleted	O
homes	O
across	O
the	O
country	O
.	O

â	O
[	O
These	O
measures	O
]	O
that	O
help	O
developers	O
â	O
refinance	O
their	O
short	O
-	O
term	O
debts	O
to	O
avoid	O
more	O
defaults	O
will	O
allow	O
them	O
to	O
resume	O
construction	O
work	O
,	O
â	O
he	O
added	O
.	O

