&	O
pgtype	O
=	O
homepage	O

Chinese	B-AFFILIATION
scientists	O
have	O
shown	O
off	O
a	O
laser	O
that	O
can	O
create	O
ghostly	O
Chinese	B-AFFILIATION
characters	O
out	O
of	O
thin	O
air	O
.	O

Lasers	O
have	O
already	O
been	O
used	O
to	O
create	O
a	O
range	O
of	O
optical	O
illusions	O
,	O
but	O
previously	O
they	O
needed	O
dust	O
or	O
clouds	O
as	O
a	O
medium	O
.	O

But	O
the	O
researchers	O
behind	O
the	O
new	O
device	O
say	O
it	O
can	O
draw	O
patterns	O
anywhere	O
by	O
using	O
ultra	O
-	O
short	O
laser	O
pulses	O
to	O
strip	O
the	O
electrons	O
off	O
air	O
molecules	O
and	O
turn	O
them	O
into	O
light	O
,	O
creating	O
a	O
ghostly	O
image	O
floating	O
in	O
mid	O
air	O
.	O

In	O
one	O
demonstration	O
earlier	O
this	O
week	O
at	O
the	O
Hongtuo	B-LOCATION
Joint	I-LOCATION
Laboratory	I-LOCATION
of	I-LOCATION
Ultra	I-LOCATION
-	I-LOCATION
Fast	I-LOCATION
Laser	I-LOCATION
in	O
Wuhan	B-LOCATION
âs	I-LOCATION
optics	I-LOCATION
valley	I-LOCATION
,	O
researchers	O
created	O
characters	O
that	O
were	O
visible	O
from	O
any	O
angle	O
and	O
which	O
researchers	O
could	O
â	O
touch	O
â	O
with	O
their	O
hands	O
.	O

â	O
With	O
the	O
brand	O
new	O
device	O
,	O
we	O
can	O
draw	O
in	O
the	O
air	O
without	O
using	O
paper	O
and	O
ink	O
â	O
,	O
Cao	B-GIVEN_NAME
Xiangdong	B-FAMILY_NAME
,	O
lead	O
scientist	O
at	O
the	O
laboratory	O
,	O
told	O
Science	B-BRANDS
and	B-MISC
Technology	I-MISC
Daily	I-MISC
in	O
an	O
interview	O
published	O
on	O
Tuesday	B-DATE
.	O

The	O
device	O
works	O
by	O
focusing	O
high	O
-	O
intensity	O
laser	O
pulses	O
in	O
the	O
air	O
to	O
create	O
plasma	O
,	O
or	O
ionised	O
gas	O
,	O
which	O
emits	O
energy	O
in	O
light	O
form	O
.	O

The	O
team	O
said	O
they	O
had	O
used	O
a	O
3	O
D	O
scanner	O
to	O
arrange	O
the	O
pixel	O
dots	O
and	O
form	O
the	O
characters	O
precisely	O
in	O
the	O
air	O
,	O
but	O
did	O
not	O
explain	O
how	O
this	O
works	O
.	O

The	O
short	O
pulses	O
last	O
just	O
femtoseconds	O
â	O
a	O
time	O
unit	O
equivalent	O
to	O
one	O
quadrillionth	O
,	O
or	O
one	O
millionth	O
of	O
one	O
billionth	O
,	O
of	O
a	O
second	O
.	O

Due	O
to	O
the	O
extremely	O
short	O
duration	O
of	O
the	O
pulses	O
,	O
the	O
power	O
peaks	O
of	O
Cao	B-GIVEN_NAME
âs	O
laser	O
pen	O
can	O
reach	O
a	O
million	O
megawatts	O
,	O
not	O
far	O
off	O
the	O
total	O
utility	O
-	O
scale	O
electricity	O
generating	O
capacity	O
of	O
the	O
United	B-LOCATION
States	I-LOCATION
.	O

However	O
,	O
the	O
average	O
input	O
power	O
of	O
the	O
device	O
is	O
only	O
a	O
few	O
tens	O
of	O
watts	O
,	O
which	O
means	O
it	O
could	O
be	O
safely	O
used	O
in	O
everyday	O
settings	O
.	O

â	O
The	O
display	O
is	O
an	O
accumulation	O
of	O
our	O
research	O
over	O
more	O
than	O
a	O
decade	O
â	O
,	O
said	O
Cao	B-GIVEN_NAME
in	O
the	O
report	O
.	O

To	O
â	O
light	O
â	O
the	O
air	O
,	O
lasers	O
need	O
to	O
reach	O
an	O
energy	O
density	O
of	O
100	O
terawatts	O
(	O
a	O
trillion	O
watt	O
)	O
per	O
square	O
centimetre	O
.	O

This	O
presents	O
a	O
challenge	O
to	O
many	O
other	O
laser	O
emitters	O
of	O
the	O
same	O
type	O
but	O
the	O
researchers	O
believe	O
the	O
technology	O
has	O
room	O
for	O
improvement	O
,	O
and	O
more	O
precise	O
control	O
of	O
distribution	O
of	O
the	O
laser	O
pulse	O
will	O
allow	O
them	O
to	O
create	O
brighter	O
,	O
larger	O
full	O
-	O
colour	O
images	O
in	O
the	O
air	O
.	O

Cao	B-GIVEN_NAME
âs	O
team	O
hopes	O
that	O
the	O
technology	O
will	O
one	B-DURATION
day	I-DURATION
have	O
a	O
practical	O
use	O
in	O
fields	O
such	O
as	O
high	O
-	O
precision	O
manufacturing	O
,	O
brain	O
imaging	O
,	O
medical	O
instruments	O
and	O
quantum	O
computing	O
.	O

Last	O
year	O
,	O
another	O
femtosecond	O
laser	O
based	O
device	O
produced	O
by	O
the	O
lab	O
,	O
a	O
disinfection	O
machine	O
,	O
was	O
validated	O
by	O
Wuhan	B-ORGANIZATION|B-LOCATION
University	I-ORGANIZATION
âs	O
National	B-ORGANIZATION
Laboratory	I-ORGANIZATION
of	I-ORGANIZATION
Viruses	I-ORGANIZATION
for	O
use	O
in	O
killing	O
viruses	O
and	O
bacteria	O
,	O
including	O
the	O
coronavirus	O
.	O

