&	O
pgtype	O
=	O
homepage	O

On	O
July	B-DATE
15	I-DATE
,	I-DATE
2012	I-DATE
,	O
South	B-AFFILIATION
Korean	I-AFFILIATION
pop	O
star	O
Psy	B-GIVEN_NAME
released	O
Gangnam	B-BRANDS
Style	B-MISC
,	O
a	O
satirical	O
tune	O
that	O
would	O
go	O
on	O
to	O
become	O
what	O
was	O
once	O
the	O
biggest	O
South	B-AFFILIATION
Korean	I-AFFILIATION
hit	O
of	O
all	O
time	O
.	O
It	O
captured	O
the	O
attention	O
of	O
the	O
world	O
,	O
and	O
became	O
the	O
first	O
music	O
video	O
to	O
pass	O
1	O
billion	O
views	O
on	O
YouTube	B-ORGANIZATION
.	O

Ten	B-DURATION
years	I-DURATION
later	O
,	O
Gangnam	B-BRANDS
Style	B-MISC
âs	O
legacy	O
as	O
a	O
history	O
-	O
making	O
hit	O
is	O
undeniable	O
.	O
But	O
since	O
then	O
,	O
many	O
other	O
South	B-AFFILIATION
Korean	I-AFFILIATION
acts	O
,	O
such	O
as	O
BTS	B-ORGANIZATION
and	O
Blackpink	B-ORGANIZATION
,	O
have	O
set	O
their	O
own	O
records	O
,	O
whether	O
it	O
âs	O
by	O
selling	O
millions	O
of	O
albums	O
,	O
racking	O
up	O
hundred	O
of	O
millions	O
of	O
streams	O
,	O
or	O
topping	O
charts	O
around	O
the	O
world	O
.	O
K	B-BRANDS
-	B-MISC
pop	I-MISC
has	O
grown	O
exponentially	O
,	O
and	O
K	B-BRANDS
-	B-MISC
pop	I-MISC
acts	O
have	O
become	O
some	O
of	O
the	O
most	O
in	O
-	O
demand	O
collaborators	O
for	O
artists	O
around	O
the	O
world	O
.	O

Definitive	O
proof	O
that	O
,	O
10	B-DURATION
years	I-DURATION
after	O
Gangnam	B-BRANDS
Style	B-MISC
,	O
K	B-BRANDS
-	B-MISC
pop	I-MISC
is	O
bigger	O
and	O
better	O
than	O
ever	O
came	O
again	O
in	O
the	O
past	O
few	O
days	O
,	O
via	O
two	O
midyear	O
metrics	O
.	O

On	O
July	B-DATE
17	I-DATE
,	O
South	B-LOCATION
Korea	I-LOCATION
âs	O
Circle	B-BRANDS
Chart	B-MISC
,	O
recently	O
renamed	O
from	O
the	O
Gaon	B-BRANDS
Chart	B-MISC
,	O
revealed	O
that	O
34.9	O
million	O
copies	O
of	O
the	O
top	O
400	O
physical	O
albums	O
had	O
been	O
sold	O
in	O
the	O
country	O
in	O
the	O
first	O
half	O
of	O
2022	B-DATE
.	O
That	O
âs	O
up	O
34.6	O
per	O
cent	O
from	O
the	O
same	O
period	O
in	O
2021	B-DATE
and	O
more	O
than	O
three	O
times	O
the	O
figure	O
from	O
the	O
same	O
period	O
in	O
2018	B-DATE
.	O

Then	O
there	O
was	O
the	O
release	O
of	O
the	O
midyear	O
report	O
by	O
American	B-AFFILIATION
music	O
tracking	O
organisation	O
Luminate	B-ORGANIZATION
,	O
formerly	O
known	O
as	O
Nielsen	B-ORGANIZATION
Music	I-ORGANIZATION
.	O
Of	O
the	O
top	O
10	O
albums	O
sold	O
in	O
the	O
US	B-LOCATION
(	O
digital	O
and	O
physical	O
)	O
,	O
three	O
of	O
them	O
were	O
from	O
Korean	B-AFFILIATION
acts	O
:	O
BTS	B-ORGANIZATION
âs	O
Proof	B-BRANDS
was	O
second	O
,	O
behind	O
Harry	B-GIVEN_NAME
Styles	B-FAMILY_NAME
â	O
Harry	B-BRANDS|B-GIVEN_NAME
âs	B-MISC
House	I-MISC
;	O
Stray	B-ORGANIZATION
Kids	I-ORGANIZATION
â	O
Oddinary	B-BRANDS
ranked	O
sixth	O
;	O
and	O
Tomorrow	B-BRANDS
X	B-MISC
Together	I-MISC
âs	O
Minisode	B-BRANDS
2	B-MISC
:	I-MISC
Thursday	I-MISC
âs	I-MISC
Child	I-MISC
ranked	O
10th	O
.	O

In	O
terms	O
of	O
physical	O
CD	O
album	O
sales	O
tracked	O
by	O
Luminate	B-ORGANIZATION
(	O
i	O
.	O
e	O
.	O
not	O
including	O
vinyl	O
sales	O
)	O
,	O
BTS	B-ORGANIZATION
âs	O
Proof	B-BRANDS
(	O
1st	O
)	O
,	O
Stray	B-ORGANIZATION
Kids	I-ORGANIZATION
â	O
Oddinary	B-BRANDS
(	O
2nd	O
)	O
and	O
Tomorrow	B-ORGANIZATION
X	I-ORGANIZATION
Together	I-ORGANIZATION
âs	O
Minisode	B-BRANDS
2	B-MISC
:	I-MISC
Thursday	I-MISC
âs	I-MISC
Child	I-MISC
(	O
4th	O
)	O
were	O
joined	O
by	O
Seventeen	B-ORGANIZATION
âs	O
Face	B-BRANDS
the	B-MISC
Sun	I-MISC
(	O
8th	O
)	O
,	O
NCT	B-ORGANIZATION
127	I-ORGANIZATION
âs	O
Sticker	B-BRANDS
(	O
9th	O
)	O
,	O
and	O
Enhypen	B-ORGANIZATION
âs	O
Dimension	B-BRANDS
:	B-MISC
Answer	I-MISC
(	O
10th	O
)	O
.	O

The	O
second	O
half	O
of	O
2022	B-DATE
is	O
gearing	O
up	O
to	O
see	O
similarly	O
big	O
numbers	O
for	O
K	B-BRANDS
-	B-MISC
pop	I-MISC
acts	O
.	O
Sunday	B-DATE
saw	O
the	O
news	O
that	O
Aespa	B-ORGANIZATION
âs	O
new	O
Girls	B-BRANDS
album	O
hit	O
No	O
.	O
3	O
on	O
the	O
US	B-BRANDS|B-LOCATION
Billboard	B-MISC
200	I-MISC
chart	I-MISC
,	O
making	O
the	O
quartet	O
one	O
of	O
only	O
three	O
K	B-BRANDS
-	B-MISC
pop	I-MISC
girl	O
groups	O
,	O
along	O
with	O
Blackpink	B-ORGANIZATION
and	O
Twice	B-ORGANIZATION
,	O
to	O
have	O
ever	O
broken	O
into	O
the	O
chart	O
âs	O
top	O
10	O
,	O
thanks	O
to	O
over	O
1.6	O
million	O
albums	O
sold	O
ahead	O
of	O
the	O
album	O
âs	O
release	O
.	O

Ten	B-DURATION
years	I-DURATION
after	O
Gangnam	B-BRANDS
Style	B-MISC
,	O
K	B-BRANDS
-	B-MISC
pop	I-MISC
history	O
is	O
made	O
almost	O
monthly	O
.	O
But	O
if	O
what	O
was	O
once	O
rare	O
becomes	O
commonplace	O
,	O
what	O
makes	O
a	O
record	O
truly	O
historic	O
?	O
And	O
when	O
many	O
acts	O
are	O
setting	O
new	O
records	O
with	O
millions	O
of	O
sales	O
and	O
billions	O
of	O
streams	O
,	O
what	O
makes	O
a	O
definitive	O
musical	O
hit	O
in	O
2022	B-DATE
?	O

Of	O
course	O
,	O
there	O
are	O
still	O
big	O
hit	O
songs	O
that	O
transcend	O
individual	O
fan	O
bases	O
,	O
but	O
it	O
feels	O
like	O
ever	O
since	O
Gangnam	B-BRANDS
Style	B-MISC
,	O
globally	O
iconic	O
pop	O
songs	O
have	O
become	O
rarer	O
and	O
rarer	O
.	O
There	O
âs	O
Luis	B-GIVEN_NAME
Fonzi	B-FAMILY_NAME
âs	O
Despacito	B-BRANDS
,	O
maybe	O
,	O
or	O
BTS	B-ORGANIZATION
and	O
Blackpink	B-ORGANIZATION
âs	O
Butter	B-BRANDS
and	O
Ddu	B-BRANDS
-	B-MISC
Ddu	I-MISC
Ddu	I-MISC
-	I-MISC
Ddu	I-MISC
,	O
respectively	O
.	O
But	O
it	O
seems	O
like	O
recent	O
hits	O
appeal	O
mainly	O
to	O
particular	O
groups	O
of	O
fans	O
,	O
as	O
opposed	O
to	O
when	O
the	O
whole	O
world	O
was	O
dancing	O
along	O
to	O
Gangnam	B-BRANDS
Style	B-MISC
.	O

(	O
I	O
do	O
nât	O
want	O
to	O
imply	O
that	O
just	O
because	O
music	O
appeals	O
to	O
specific	O
groups	O
of	O
fans	O
it	O
is	O
a	O
lesser	O
success	O
.	O
I	O
think	O
it	O
âs	O
demeaning	O
when	O
the	O
media	O
implies	O
this	O
;	O
fans	O
are	O
audiences	O
like	O
anybody	O
else	O
.	O
)	O

It	O
feels	O
like	O
an	O
important	O
cultural	O
touchstone	O
has	O
been	O
lost	O
.	O
When	O
a	O
song	O
or	O
album	O
tops	O
a	O
sales	O
chart	O
or	O
goes	O
viral	O
on	O
TikTok	B-BRANDS
,	O
but	O
never	O
really	O
crosses	O
over	O
to	O
other	O
platforms	O
or	O
appeals	O
to	O
a	O
wider	O
range	O
of	O
fans	O
,	O
pop	O
or	O
otherwise	O
,	O
it	O
seems	O
like	O
the	O
achievement	O
is	O
less	O
momentous	O
.	O

Does	O
it	O
even	O
really	O
matter	O
in	O
the	O
modern	O
state	O
of	O
musical	O
disunity	O
?	O
I	O
âm	O
not	O
sure	O
.	O
Just	O
because	O
many	O
people	O
around	O
the	O
world	O
might	O
not	O
have	O
heard	O
of	O
albums	O
or	O
songs	O
that	O
plenty	O
of	O
others	O
are	O
listening	O
to	O
,	O
it	O
does	O
not	O
mean	O
that	O
the	O
music	O
is	O
not	O
a	O
success	O
.	O

But	O
I	O
ca	O
nât	O
help	O
missing	O
the	O
sense	O
of	O
unity	O
I	O
felt	O
during	O
moments	O
when	O
a	O
viral	O
hit	O
like	O
Gangnam	B-BRANDS
Style	B-MISC
brought	O
people	O
from	O
around	O
the	O
world	O
together	O
in	O
enjoying	O
it	O
.	O
I	O
hope	O
we	O
get	O
to	O
see	O
a	O
few	O
more	O
in	O
the	O
near	O
future	O
,	O
from	O
K	B-BRANDS
-	B-MISC
pop	I-MISC
stars	O
or	O
other	O
hitmakers	O
.	O

