The	O
live	O
stream	O
of	O
internet	O
giant	O
Baidu	B-ORGANIZATION
âs	O
annual	O
flagship	O
technology	O
conference	O
on	O
Thursday	B-DATE
was	O
abruptly	O
cut	O
off	O
for	O
nearly	O
half	O
an	O
hour	O
on	O
WeChat	B-BRANDS
Channels	I-BRANDS
,	O
a	O
service	O
run	O
by	O
Tencent	B-ORGANIZATION
Holdings	I-ORGANIZATION
,	O
for	O
not	O
being	O
preregistered	O
with	O
Chinese	B-AFFILIATION
authorities	O
.	O

Baidu	B-BRANDS|B-ORGANIZATION
World	B-MISC
2022	I-MISC|B-BRANDS
,	O
which	O
started	O
its	O
live	O
stream	O
at	O
9am	O
,	O
was	O
suddenly	O
interrupted	O
because	O
the	O
event	O
âs	O
organiser	O
failed	O
to	O
apply	O
for	O
an	O
approval	O
in	O
advance	O
from	O
authorities	O
,	O
according	O
to	O
Zhang	B-GIVEN_NAME
Jun	B-FAMILY_NAME
,	O
a	O
senior	O
public	O
relations	O
manager	O
at	O
Tencent	B-ORGANIZATION
.	O

All	O
â	O
large	O
-	O
scale	O
live	O
-	O
streaming	O
â	O
programmes	O
on	O
WeChat	B-BRANDS|B-BRANDS
Channel	B-MISC
require	O
preregistration	O
with	O
the	O
proper	O
authorities	O
,	O
Zhang	B-GIVEN_NAME
said	O
.	O

He	O
added	O
that	O
Baidu	B-BRANDS|B-ORGANIZATION
World	B-MISC
âs	O
live	O
stream	O
resumed	O
right	O
after	O
an	O
â	O
emergency	O
coordination	O
â	O
.	O

Baidu	B-ORGANIZATION
âs	O
live	O
-	O
streamed	O
event	O
,	O
however	O
,	O
was	O
not	O
interrupted	O
on	O
other	O
platforms	O
such	O
as	O
its	O
own	O
service	O
,	O
Baidu	B-BRANDS|B-ORGANIZATION
Live	I-BRANDS
,	O
and	O
various	O
video	O
accounts	O
run	O
by	O
state	O
-	O
owned	O
broadcaster	O
China	B-ORGANIZATION|B-LOCATION
Central	I-ORGANIZATION
Television	I-ORGANIZATION
.	O

The	O
intervention	O
by	O
WeChat	B-BRANDS
reflects	O
how	O
internet	O
platforms	O
are	O
deferring	O
to	O
Beijing	B-LOCATION
âs	O
tightened	O
grip	O
on	O
online	O
content	O
,	O
including	O
various	O
live	O
-	O
streamed	O
activities	O
,	O
while	O
rooting	O
out	O
material	O
that	O
fails	O
to	O
fit	O
the	O
values	O
that	O
the	O
government	O
endorses	O
.	O

Centred	O
on	O
the	O
theme	O
of	O
â	O
deepening	O
artificial	O
intelligence	O
(	O
AI	O
)	O
innovation	O
for	O
social	O
growth	O
â	O
,	O
the	O
Baidu	B-ORGANIZATION
conference	O
revealed	O
the	O
company	O
âs	O
latest	O
developments	O
including	O
cloud	O
computing	O
,	O
large	O
-	O
scale	O
AI	O
models	O
and	O
autonomous	O
driving	O
.	O

Baidu	B-ORGANIZATION
also	O
formally	O
unveiled	O
at	O
the	O
event	O
its	O
new	O
Apollo	B-BRANDS
RT	I-BRANDS
6	I-BRANDS
electric	O
car	O
,	O
fitted	O
with	O
a	O
Level	O
4	O
autonomous	O
driving	O
system	O
,	O
which	O
will	O
form	O
part	O
of	O
its	O
robotaxi	O
fleet	O
.	O

While	O
the	O
sudden	O
interruption	O
of	O
Baidu	B-ORGANIZATION
âs	O
live	O
-	O
streamed	O
conference	O
may	O
have	O
raised	O
some	O
eyebrows	O
among	O
the	O
event	O
âs	O
online	O
audience	O
,	O
it	O
is	O
a	O
minor	O
blip	O
compared	O
to	O
an	O
incident	O
that	O
happened	O
at	O
the	O
same	O
annual	O
tech	O
conference	O
in	O
July	B-DATE
2019	I-DATE
.	O

Robin	B-GIVEN_NAME
Li	B-FAMILY_NAME
Yanhong	I-FAMILY_NAME
,	O
co	O
-	O
founder	O
,	O
chairman	O
and	O
chief	O
executive	O
of	O
Baidu	B-ORGANIZATION
,	O
was	O
speaking	O
about	O
AI	O
and	O
connected	O
cars	O
at	O
the	O
event	O
when	O
a	O
man	O
from	O
the	O
audience	O
jumped	O
on	O
stage	O
and	O
poured	O
a	O
bottle	O
of	O
water	O
over	O
his	O
head	O
.	O

Looking	O
shocked	O
,	O
Li	B-GIVEN_NAME
responded	O
by	O
asking	O
:	O
â	O
What	O
âs	O
your	O
problem	O
?	O
â	O

The	O
man	O
was	O
tackled	O
by	O
security	O
off	O
the	O
stage	O
.	O

There	O
were	O
gasps	O
from	O
the	O
audience	O
and	O
then	O
sporadic	O
applause	O
,	O
as	O
Li	B-GIVEN_NAME
resumed	O
his	O
presentation	O
when	O
he	O
said	O
:	O
â	O
There	O
are	O
many	O
unexpected	O
things	O
in	O
the	O
development	O
of	O
AI	O
,	O
too	O
â	O
.	O

