&	O
pgtype	O
=	O
sport	O

Canadian	B-AFFILIATION
diplomats	O
have	O
been	O
denied	O
access	O
to	O
the	O
trial	O
of	O
dual	O
citizen	O
Xiao	B-GIVEN_NAME
Jianhua	B-FAMILY_NAME
,	O
according	O
to	O
Ottawa	B-LOCATION
âs	O
embassy	O
in	O
Beijing	B-LOCATION
.	O

â	O
Canada	B-LOCATION
made	O
several	O
requests	O
to	O
attend	O
the	O
trial	O
proceedings	O
.	O
Our	O
attendance	O
was	O
denied	O
by	O
Chinese	B-AFFILIATION
authorities	O
,	O
â	O
the	O
embassy	O
said	O
in	O
a	O
short	O
statement	O
.	O

The	O
50	O
-	O
year	O
-	O
old	O
Chinese	B-AFFILIATION
-	I-AFFILIATION
Canadian	I-AFFILIATION
tycoon	O
âs	O
trial	O
is	O
understood	O
to	O
have	O
opened	O
in	O
Shanghai	B-LOCATION
on	O
Monday	B-DATE
,	O
five	B-DURATION
years	I-DURATION
after	O
his	O
disappearance	O
from	O
Hong	B-LOCATION
Kong	I-LOCATION
âs	O
luxury	O
Four	B-ORGANIZATION
Seasons	I-ORGANIZATION
hotel	O
.	O

The	O
charges	O
against	O
Xiao	B-GIVEN_NAME
â	O
who	O
once	O
headed	O
one	O
of	O
China	B-LOCATION
âs	O
largest	O
private	O
business	O
conglomerates	O
spanning	O
insurance	O
,	O
brokerage	O
,	O
mining	O
and	O
other	O
interests	O
â	O
were	O
not	O
disclosed	O
.	O

However	O
,	O
a	O
Wall	B-ORGANIZATION
Street	I-ORGANIZATION
Journal	I-ORGANIZATION
report	O
said	O
he	O
was	O
accused	O
of	O
illegally	O
collecting	O
public	O
deposits	O
,	O
a	O
charge	O
that	O
could	O
lead	O
to	O
more	O
than	O
10	B-DURATION
years	I-DURATION
in	O
jail	O
,	O
depending	O
on	O
the	O
amounts	O
involved	O
.	O

Criminal	O
cases	O
in	O
China	B-LOCATION
usually	O
result	O
in	O
convictions	O
and	O
the	O
exact	O
charge	O
and	O
amount	O
of	O
money	O
involved	O
would	O
be	O
key	O
to	O
any	O
punishment	O
.	O

The	O
Chinese	B-AFFILIATION
government	O
and	O
mainland	O
media	O
have	O
been	O
quiet	O
about	O
the	O
trial	O
,	O
but	O
there	O
have	O
been	O
reports	O
that	O
Xiao	B-GIVEN_NAME
was	O
initially	O
detained	O
in	O
Suzhou	B-LOCATION
after	O
his	O
disappearance	O
from	O
Hong	B-LOCATION
Kong	I-LOCATION
in	O
January	B-DATE
2017	I-DATE
,	O
before	O
being	O
transferred	O
to	O
Shanghai	B-LOCATION
.	O

It	O
is	O
unclear	O
how	O
long	O
the	O
trial	O
will	O
last	O
and	O
how	O
much	O
sensitive	O
information	O
may	O
be	O
disclosed	O
about	O
Xiao	B-GIVEN_NAME
âs	O
connections	O
with	O
China	B-LOCATION
âs	O
political	O
elite	O
.	O

In	O
2007	B-DATE
,	O
Caijing	B-ORGANIZATION
magazine	I-ORGANIZATION
reported	O
that	O
Xiao	B-GIVEN_NAME
had	O
teamed	O
up	O
with	O
Zeng	B-GIVEN_NAME
Wei	B-FAMILY_NAME
,	O
the	O
son	O
of	O
powerful	O
former	O
vice	O
-	O
president	O
Zeng	B-GIVEN_NAME
Qinghong	B-FAMILY_NAME
,	O
in	O
the	O
controversial	O
takeover	O
of	O
state	O
-	O
owned	O
conglomerate	O
Shandong	B-ORGANIZATION
Luneng	I-ORGANIZATION
.	O

A	O
2014	B-DATE
report	O
by	O
The	B-ORGANIZATION
New	I-ORGANIZATION|B-LOCATION
York	I-ORGANIZATION|I-LOCATION
Times	I-ORGANIZATION
said	O
a	O
review	O
of	O
corporate	O
records	O
showed	O
Xiao	B-GIVEN_NAME
had	O
business	O
links	O
with	O
Chinese	B-AFFILIATION
President	O
Xi	B-GIVEN_NAME
Jinping	B-FAMILY_NAME
âs	O
sister	O
and	O
brother	O
-	O
in	O
-	O
law	O
,	O
as	O
well	O
as	O
the	O
son	O
-	O
in	O
-	O
law	O
of	O
powerful	O
former	O
state	O
leader	O
Jia	B-GIVEN_NAME
Qinglin	B-FAMILY_NAME
.	O

In	O
a	O
response	O
to	O
the	O
Times	O
article	O
,	O
Xiao	B-GIVEN_NAME
confirmed	O
that	O
a	O
company	O
he	O
co	O
-	O
founded	O
had	O
stepped	O
in	O
to	O
buy	O
shares	O
held	O
by	O
Xi	B-GIVEN_NAME
âs	O
sister	O
and	O
her	O
husband	O
the	O
previous	O
year	O
.	O

Since	O
his	O
detention	O
,	O
Xiao	B-GIVEN_NAME
âs	O
Tomorrow	B-ORGANIZATION
Group	I-ORGANIZATION
has	O
been	O
dismantled	O
step	O
by	O
step	O
,	O
with	O
financial	O
regulators	O
seizing	O
control	O
of	O
several	O
insurers	O
,	O
trust	O
firms	O
and	O
stock	O
brokerages	O
linked	O
to	O
him	O
.	O

In	O
2019	B-DATE
,	O
China	B-LOCATION
âs	O
central	O
bank	O
and	O
banking	O
regulator	O
took	O
control	O
of	O
Baoshang	B-ORGANIZATION
Bank	I-ORGANIZATION
â	O
a	O
key	O
part	O
of	O
Xiao	B-GIVEN_NAME
âs	O
business	O
empire	O
â	O
after	O
major	O
shareholder	O
Tomorrow	B-ORGANIZATION
Group	I-ORGANIZATION
failed	O
to	O
repay	O
56	B-MONEY
billion	I-MONEY
yuan	I-MONEY
(	O
US	B-MONEY|B-LOCATION
$	I-MONEY
22.3	I-MONEY
billion	I-MONEY
)	O
in	O
loans	O
.	O

According	O
to	O
the	O
regulator	O
,	O
the	O
loans	O
were	O
obtained	O
through	O
flawed	O
corporate	O
governance	O
and	O
mismanagement	O
.	O

Xiao	B-GIVEN_NAME
,	O
who	O
has	O
property	O
investments	O
in	O
Canada	B-LOCATION
in	O
addition	O
to	O
citizenship	O
,	O
spent	O
several	O
years	O
in	O
a	O
serviced	O
flat	O
at	O
the	O
Four	B-ORGANIZATION
Seasons	I-ORGANIZATION
,	O
accompanied	O
by	O
female	O
bodyguards	O
.	O
He	O
reportedly	O
had	O
a	O
sense	O
that	O
he	O
could	O
be	O
targeted	O
by	O
Chinese	B-AFFILIATION
authorities	O
.	O

Exactly	O
how	O
he	O
ended	O
up	O
in	O
the	O
mainland	O
after	O
vanishing	O
from	O
the	O
hotel	O
remains	O
a	O
mystery	O
,	O
though	O
Hong	B-LOCATION
Kong	I-LOCATION
police	O
said	O
he	O
had	O
crossed	O
the	O
border	O
peacefully	O
with	O
travel	O
documents	O
.	O

