&	O
pgtype	O
=	O
homepage	O

The	O
Chinese	B-AFFILIATION
military	O
slammed	O
Washington	B-LOCATION
for	O
its	O
frequent	O
â	O
provocations	O
â	O
after	O
an	O
American	B-AFFILIATION
guided	O
-	O
missile	O
destroyer	O
sailed	O
through	O
the	O
Taiwan	B-LOCATION|B-LOCATION
Strait	I-LOCATION
on	O
Tuesday	B-DATE
.	O

The	O
comments	O
came	O
after	O
the	O
USS	B-BRANDS
Benfold	B-MISC
made	O
its	O
way	O
through	O
waters	O
claimed	O
by	O
mainland	O
China	B-LOCATION
for	O
the	O
third	O
time	O
in	O
a	O
week	O
.	O

China	B-LOCATION
âs	O
Eastern	B-ORGANIZATION
Theatre	I-ORGANIZATION
Command	I-ORGANIZATION
,	O
which	O
is	O
in	O
charge	O
of	O
defence	O
in	O
the	O
country	O
âs	O
eastern	O
waters	O
,	O
including	O
the	O
Taiwan	B-LOCATION|B-LOCATION
Strait	I-LOCATION
,	O
has	O
criticised	O
the	O
US	B-LOCATION
for	O
provocations	O
and	O
destabilising	O
the	O
narrow	O
waterway	O
separating	O
Taiwan	B-LOCATION
and	O
the	O
Chinese	B-AFFILIATION
mainland	O
.	O

Tensions	O
are	O
high	O
between	O
the	O
US	B-LOCATION
and	O
China	B-LOCATION
after	O
a	O
report	O
emerged	O
that	O
US	B-ORGANIZATION|B-LOCATION|B-LOCATION
House	I-ORGANIZATION
Speaker	O
Nancy	B-GIVEN_NAME
Pelosi	B-FAMILY_NAME
planned	O
to	O
visit	O
the	O
self	O
-	O
ruled	O
island	O
in	O
August	B-DATE
.	O
If	O
the	O
trip	O
comes	O
to	O
fruition	O
,	O
she	O
would	O
be	O
the	O
highest	O
-	O
ranking	O
US	B-LOCATION
official	O
to	O
visit	O
the	O
island	O
since	O
ties	O
between	O
Washington	B-LOCATION
and	O
Beijing	B-LOCATION
normalised	O
in	O
1979	B-DATE
.	O

â	O
The	O
ship	O
transited	O
through	O
a	O
corridor	O
in	O
the	O
strait	O
that	O
is	O
beyond	O
the	O
territorial	O
sea	O
of	O
any	O
coastal	O
state	O
,	O
â	O
the	O
US	B-ORGANIZATION|B-LOCATION|B-LOCATION
Seventh	I-ORGANIZATION
Fleet	I-ORGANIZATION
said	O
in	O
a	O
statement	O
on	O
Wednesday	B-DATE
.	O

â	O
The	O
ship	O
âs	O
transit	O
through	O
the	O
Taiwan	B-LOCATION|B-LOCATION
Strait	I-LOCATION
demonstrates	O
the	O
United	B-LOCATION
States	I-LOCATION
â	O
commitment	O
to	O
a	O
free	O
and	O
open	O
Indo	B-LOCATION|B-AFFILIATION
-	I-LOCATION
Pacific	I-LOCATION
.	O
â	O

The	O
US	B-ORGANIZATION|B-LOCATION|B-LOCATION
Navy	I-ORGANIZATION
routinely	O
travels	O
to	O
contentious	O
sea	O
territories	O
to	O
assert	O
freedom	O
of	O
navigation	O
as	O
permitted	O
by	O
the	O
UN	B-ORGANIZATION
Convention	I-ORGANIZATION
on	I-ORGANIZATION
the	I-ORGANIZATION
Law	I-ORGANIZATION
of	I-ORGANIZATION
the	I-ORGANIZATION
Sea	I-ORGANIZATION
(	O
UNCLOS	B-ORGANIZATION
)	O
,	O
of	O
which	O
China	B-LOCATION
is	O
a	O
signatory	O
.	O

Beijing	B-LOCATION
has	O
said	O
it	O
has	O
jurisdiction	O
,	O
sovereignty	O
and	O
sovereign	O
rights	O
â	O
privileges	O
of	O
a	O
coastal	O
state	O
to	O
use	O
a	O
body	O
of	O
water	O
â	O
over	O
the	O
Taiwan	B-LOCATION
Strait	I-LOCATION
.	O

Taipei	B-LOCATION
,	O
however	O
,	O
said	O
the	O
strait	O
was	O
an	O
international	O
waterway	O
and	O
stood	O
by	O
the	O
US	B-LOCATION
freedom	O
of	O
navigation	O
operations	O
.	O

â	O
The	O
frequent	O
provocations	O
and	O
showing	O
off	O
fully	O
show	O
that	O
the	O
US	B-LOCATION
is	O
the	O
destroyer	O
of	O
peace	O
and	O
stability	O
in	O
the	O
Taiwan	B-LOCATION
Strait	I-LOCATION
and	O
the	O
creator	O
of	O
security	O
risks	O
in	O
the	O
Taiwan	B-LOCATION
Strait	I-LOCATION
,	O
â	O
the	O
Eastern	B-ORGANIZATION
Theatre	I-ORGANIZATION
Command	I-ORGANIZATION
said	O
in	O
a	O
Wednesday	B-DATE
statement	O
after	O
the	O
Benfold	B-BRANDS
âs	O
trip	O
.	O

â	O
Troops	O
of	O
the	O
theatre	O
command	O
are	O
always	O
on	O
high	O
alert	O
and	O
determined	O
to	O
defend	O
national	O
sovereignty	O
and	O
territorial	O
integrity	O
.	O
â	O

Taiwan	B-LOCATION
âs	O
defence	O
ministry	O
said	O
on	O
Wednesday	B-DATE
that	O
the	O
situation	O
in	O
the	O
strait	O
was	O
â	O
normal	O
â	O
as	O
the	O
Benfold	B-BRANDS
sailed	O
north	O
.	O

On	O
Saturday	B-DATE
,	O
the	O
Benfold	B-BRANDS
travelled	O
near	O
the	O
disputed	O
Spratly	B-LOCATION
Islands	I-LOCATION
,	O
which	O
China	B-LOCATION
calls	O
the	O
Nansha	B-LOCATION
Islands	I-LOCATION
,	O
in	O
the	O
South	B-LOCATION
China	I-LOCATION
Sea	I-LOCATION
.	O

The	O
destroyer	O
also	O
sailed	O
near	O
the	O
contested	O
Paracel	B-LOCATION
Islands	I-LOCATION
,	O
called	O
the	O
Xisha	B-LOCATION
Islands	I-LOCATION
by	O
China	B-LOCATION
,	O
on	O
July	B-DATE
13	I-DATE
â	O
a	O
day	O
after	O
the	O
sixth	O
anniversary	O
of	O
an	O
arbitration	O
ruling	O
that	O
invalidated	O
Beijing	B-LOCATION
âs	O
nine	O
-	O
dash	O
-	O
line	O
claim	O
over	O
the	O
South	B-LOCATION
China	I-LOCATION
Sea	I-LOCATION
.	O
Beijing	B-LOCATION
has	O
called	O
that	O
2016	B-DATE
decision	O
by	O
the	O
Permanent	B-ORGANIZATION
Court	I-ORGANIZATION
of	I-ORGANIZATION
Arbitration	I-ORGANIZATION
in	O
The	B-LOCATION
Hague	I-LOCATION
â	O
illegal	O
and	O
invalid	O
â	O
.	O

Taiwan	B-LOCATION
has	O
become	O
a	O
renewed	O
flashpoint	O
in	O
US	B-LOCATION
-	O
China	B-LOCATION
relations	O
after	O
reports	O
of	O
Pelosi	B-GIVEN_NAME
âs	O
potential	O
trip	O
and	O
the	O
US	B-ORGANIZATION|B-LOCATION|B-LOCATION
State	I-ORGANIZATION
Department	I-ORGANIZATION
approved	O
an	O
arms	O
sale	O
to	O
the	O
island	O
worth	O
an	O
estimated	O
US	B-MONEY|B-LOCATION
$	I-MONEY
108	I-MONEY
million	I-MONEY
.	O

Shi	B-GIVEN_NAME
Yinhong	B-FAMILY_NAME
,	O
an	O
international	O
relations	O
professor	O
at	O
Renmin	B-ORGANIZATION
University	I-ORGANIZATION
of	I-ORGANIZATION
China	I-ORGANIZATION|B-LOCATION
,	O
said	O
the	O
mainland	O
âs	O
stern	O
warning	O
was	O
not	O
intended	O
to	O
stop	O
Pelosi	B-GIVEN_NAME
from	O
visiting	O
Taiwan	B-LOCATION
because	O
Beijing	B-LOCATION
did	O
not	O
expect	O
it	O
would	O
deter	O
her	O
.	O

â	O
How	O
China	B-LOCATION
would	O
retaliate	O
,	O
to	O
what	O
degree	O
and	O
when	O
are	O
determined	O
by	O
China	B-LOCATION
âs	O
strategic	O
considerations	O
,	O
â	O
he	O
said	O
.	O
â	O
So	O
,	O
it	O
is	O
very	O
hard	O
for	O
us	O
to	O
say	O
how	O
the	O
Chinese	B-AFFILIATION
government	O
will	O
act	O
in	O
response	O
.	O
â	O

Those	O
considerations	O
would	O
only	O
be	O
known	O
to	O
Beijing	B-LOCATION
,	O
he	O
said	O
,	O
but	O
he	O
noted	O
that	O
China	B-LOCATION
would	O
not	O
act	O
in	O
a	O
way	O
that	O
is	O
conducive	O
to	O
a	O
large	O
-	O
scale	O
military	O
confrontation	O
with	O
the	O
US	B-LOCATION
unless	O
it	O
had	O
no	O
choice	O
.	O

Beijing	B-LOCATION
would	O
only	O
consider	O
the	O
use	O
of	O
force	O
if	O
Taipei	B-LOCATION
declared	O
independence	O
from	O
China	B-LOCATION
or	O
it	O
deemed	O
foreign	O
forces	O
to	O
have	O
seized	O
control	O
of	O
Taiwan	B-LOCATION
after	O
assessing	O
the	O
cost	O
and	O
benefits	O
of	O
such	O
an	O
operation	O
,	O
he	O
said	O
.	O

Shi	B-GIVEN_NAME
said	O
Beijing	B-LOCATION
still	O
had	O
considerable	O
room	O
to	O
choose	O
its	O
level	O
of	O
response	O
,	O
and	O
Pelosi	B-GIVEN_NAME
âs	O
potential	O
visit	O
was	O
unlikely	O
to	O
push	O
tensions	O
towards	O
a	O
situation	O
like	O
the	O
1995-96	B-DATE
Taiwan	B-LOCATION
Strait	I-LOCATION
crisis	O
,	O
when	O
the	O
PLA	B-ORGANIZATION
fired	O
missiles	O
into	O
waters	O
around	O
the	O
island	O
after	O
Lee	B-GIVEN_NAME
Teng	B-FAMILY_NAME
-	I-FAMILY_NAME
hui	I-FAMILY_NAME
,	O
Taiwan	B-LOCATION
âs	O
president	O
at	O
the	O
time	O
,	O
was	O
allowed	O
to	O
visit	O
the	O
US	B-LOCATION
.	O

