&	O
pgtype	O
=	O
homepage	O

A	O
Beijing	B-LOCATION
research	O
team	O
says	O
it	O
has	O
completed	O
the	O
conceptual	O
design	O
for	O
a	O
small	O
,	O
low	O
-	O
cost	O
nuclear	O
reactor	O
that	O
would	O
be	O
able	O
to	O
drive	O
a	O
swarm	O
of	O
torpedoes	O
across	O
the	O
Pacific	B-LOCATION
Ocean	I-LOCATION
in	O
about	O
a	O
week	O
.	O

The	O
Chinese	B-AFFILIATION
researchers	O
are	O
proposing	O
a	O
mini	O
version	O
of	O
the	O
Russian	B-LOCATION|B-AFFILIATION
Poseidon	I-LOCATION
unmanned	O
submarine	O
â	O
the	O
world	O
âs	O
first	O
known	O
underwater	O
drone	O
powered	O
by	O
nuclear	O
energy	O
.	O

Unlike	O
the	O
Poseidon	B-LOCATION
,	O
which	O
cannot	O
be	O
mass	O
-	O
produced	O
because	O
it	O
is	O
too	O
big	O
,	O
expensive	O
and	O
destructive	O
,	O
the	O
mini	O
version	O
could	O
be	O
fitted	O
into	O
a	O
standard	O
torpedo	O
tube	O
and	O
launched	O
in	O
large	O
numbers	O
from	O
almost	O
any	O
submarine	O
or	O
warship	O
,	O
the	O
scientists	O
said	O
.	O

Each	O
torpedo	O
would	O
use	O
a	O
disposable	O
nuclear	O
reactor	O
to	O
reach	O
and	O
maintain	O
a	O
cruising	O
speed	O
of	O
over	O
30	O
knots	O
(	O
56	O
km	O
/	O
h	O
or	O
35	O
mph	O
)	O
for	O
200	B-DURATION
hours	I-DURATION
before	O
dumping	O
the	O
reactor	O
to	O
the	O
seabed	O
and	O
drawing	O
power	O
from	O
a	O
battery	O
to	O
launch	O
an	O
attack	O
with	O
conventional	O
weapons	O
.	O

Lead	O
scientist	O
Guo	B-GIVEN_NAME
Jian	B-FAMILY_NAME
from	O
the	O
China	B-ORGANIZATION|B-LOCATION
Institute	I-ORGANIZATION
of	I-ORGANIZATION
Atomic	I-ORGANIZATION
Energy	I-ORGANIZATION
said	O
there	O
is	O
a	O
fundamental	O
difference	O
between	O
the	O
design	O
and	O
Poseidon	B-LOCATION
,	O
in	O
a	O
paper	O
published	O
this	O
month	O
by	O
the	O
peer	O
-	O
reviewed	O
Journal	B-BRANDS
of	B-MISC
Unmanned	I-MISC
Undersea	I-MISC
Systems	I-MISC
,	O
a	O
publication	O
run	O
by	O
the	O
China	B-ORGANIZATION|B-LOCATION
Shipbuilding	I-ORGANIZATION
Industry	I-ORGANIZATION
Corporation	I-ORGANIZATION
,	O
the	O
country	O
âs	O
biggest	O
naval	O
contractor	O
.	O

â	O
Thanks	O
to	O
its	O
high	O
flexibility	O
and	O
low	O
cost	O
,	O
this	O
unmanned	O
underwater	O
vehicle	O
equipped	O
with	O
the	O
nuclear	O
power	O
system	O
can	O
be	O
used	O
as	O
a	O
conventional	O
force	O
like	O
an	O
attack	O
nuclear	O
submarine	O
,	O
rather	O
than	O
as	O
a	O
nuclear	O
missile	O
,	O
â	O
he	O
said	O
.	O

According	O
to	O
Russian	B-AFFILIATION
media	O
reports	O
,	O
the	O
Poseidon	B-LOCATION
âs	O
two	O
-	O
megaton	O
nuclear	O
warhead	O
â	O
100	O
times	O
more	O
powerful	O
than	O
the	O
Hiroshima	B-LOCATION
bomb	O
â	O
could	O
destroy	O
a	O
coastal	O
city	O
or	O
wider	O
area	O
.	O

But	O
the	O
Chinese	B-AFFILIATION
researchers	O
said	O
the	O
use	O
of	O
such	O
a	O
weapon	O
could	O
trigger	O
a	O
world	O
-	O
ending	O
nuclear	O
war	O
,	O
making	O
it	O
unlikely	O
that	O
many	O
more	O
will	O
be	O
built	O
.	O
Instead	O
,	O
the	O
Poseidon	B-LOCATION
mainly	O
serves	O
as	O
a	O
strategic	O
weapon	O
,	O
they	O
said	O
.	O

Guo	B-GIVEN_NAME
said	O
there	O
is	O
a	O
growing	O
demand	O
in	O
China	B-LOCATION
for	O
â	O
small	O
,	O
high	O
-	O
speed	O
,	O
long	O
-	O
range	O
unmanned	O
underwater	O
vehicles	O
that	O
can	O
be	O
used	O
in	O
reconnaissance	O
,	O
tracking	O
,	O
attack	O
and	O
strategic	O
strike	O
â	O
.	O

A	O
team	O
of	O
researchers	O
in	O
China	B-LOCATION
has	O
published	O
details	O
of	O
a	O
conceptual	O
design	O
for	O
a	O
low	O
cost	O
,	O
smaller	O
version	O
of	O
Russia	B-LOCATION
âs	O
Poseidon	B-BRANDS
nuclear	O
-	O
powered	O
underwater	O
drone	O
.	O
Photo	O
:	O
Twitter	B-ORGANIZATION

A	O
team	O
of	O
researchers	O
in	O
China	B-LOCATION
has	O
published	O
details	O
of	O
a	O
conceptual	O
design	O
for	O
a	O
low	O
cost	O
,	O
smaller	O
version	O
of	O
Russia	B-LOCATION
âs	O
Poseidon	B-BRANDS
nuclear	O
-	O
powered	O
underwater	O
drone	O
.	O
Photo	O
:	O
Twitter	B-BRANDS

A	O
Beijing	B-LOCATION
research	O
team	O
says	O
it	O
has	O
completed	O
the	O
conceptual	O
design	O
for	O
a	O
small	O
,	O
low	O
-	O
cost	O
nuclear	O
reactor	O
that	O
would	O
be	O
able	O
to	O
drive	O
a	O
swarm	O
of	O
torpedoes	O
across	O
the	O
Pacific	B-LOCATION
Ocean	I-LOCATION
in	O
about	O
a	O
week	O
.	O

The	O
Chinese	B-AFFILIATION
researchers	O
are	O
proposing	O
a	O
mini	O
version	O
of	O
the	O
Russian	B-AFFILIATION
Poseidon	B-BRANDS
unmanned	O
submarine	O
â	O
the	O
world	O
âs	O
first	O
known	O
underwater	O
drone	O
powered	O
by	O
nuclear	O
energy	O
.	O

Unlike	O
the	O
Poseidon	B-BRANDS
,	O
which	O
cannot	O
be	O
mass	O
-	O
produced	O
because	O
it	O
is	O
too	O
big	O
,	O
expensive	O
and	O
destructive	O
,	O
the	O
mini	O
version	O
could	O
be	O
fitted	O
into	O
a	O
standard	O
torpedo	O
tube	O
and	O
launched	O
in	O
large	O
numbers	O
from	O
almost	O
any	O
submarine	O
or	O
warship	O
,	O
the	O
scientists	O
said	O
.	O

Each	O
torpedo	O
would	O
use	O
a	O
disposable	O
nuclear	O
reactor	O
to	O
reach	O
and	O
maintain	O
a	O
cruising	O
speed	O
of	O
over	O
30	O
knots	O
(	O
56	O
km	O
/	O
h	O
or	O
35	O
mph	O
)	O
for	O
200	B-DURATION
hours	I-DURATION
before	O
dumping	O
the	O
reactor	O
to	O
the	O
seabed	O
and	O
drawing	O
power	O
from	O
a	O
battery	O
to	O
launch	O
an	O
attack	O
with	O
conventional	O
weapons	O
.	O

Lead	O
scientist	O
Guo	B-GIVEN_NAME
Jian	B-FAMILY_NAME
from	O
the	O
China	B-ORGANIZATION|B-LOCATION
Institute	I-ORGANIZATION
of	I-ORGANIZATION
Atomic	I-ORGANIZATION
Energy	I-ORGANIZATION
said	O
there	O
is	O
a	O
fundamental	O
difference	O
between	O
the	O
design	O
and	O
Poseidon	B-BRANDS
,	O
in	O
a	O
paper	O
published	O
this	O
month	O
by	O
the	O
peer	O
-	O
reviewed	O
Journal	B-BRANDS
of	B-MISC
Unmanned	I-MISC
Undersea	I-MISC
Systems	I-MISC
,	O
a	O
publication	O
run	O
by	O
the	O
China	B-ORGANIZATION|B-LOCATION
Shipbuilding	I-ORGANIZATION
Industry	I-ORGANIZATION
Corporation	I-ORGANIZATION
,	O
the	O
country	O
âs	O
biggest	O
naval	O
contractor	O
.	O

â	O
Thanks	O
to	O
its	O
high	O
flexibility	O
and	O
low	O
cost	O
,	O
this	O
unmanned	O
underwater	O
vehicle	O
equipped	O
with	O
the	O
nuclear	O
power	O
system	O
can	O
be	O
used	O
as	O
a	O
conventional	O
force	O
like	O
an	O
attack	O
nuclear	O
submarine	O
,	O
rather	O
than	O
as	O
a	O
nuclear	O
missile	O
,	O
â	O
he	O
said	O
.	O

According	O
to	O
Russian	B-AFFILIATION
media	O
reports	O
,	O
the	O
Poseidon	B-BRANDS
âs	O
two	O
-	O
megaton	O
nuclear	O
warhead	O
â	O
100	O
times	O
more	O
powerful	O
than	O
the	O
Hiroshima	B-LOCATION
bomb	O
â	O
could	O
destroy	O
a	O
coastal	O
city	O
or	O
wider	O
area	O
.	O

But	O
the	O
Chinese	B-AFFILIATION
researchers	O
said	O
the	O
use	O
of	O
such	O
a	O
weapon	O
could	O
trigger	O
a	O
world	O
-	O
ending	O
nuclear	O
war	O
,	O
making	O
it	O
unlikely	O
that	O
many	O
more	O
will	O
be	O
built	O
.	O
Instead	O
,	O
the	O
Poseidon	B-BRANDS
mainly	O
serves	O
as	O
a	O
strategic	O
weapon	O
,	O
they	O
said	O
.	O

Guo	B-GIVEN_NAME
said	O
there	O
is	O
a	O
growing	O
demand	O
in	O
China	B-LOCATION
for	O
â	O
small	O
,	O
high	O
-	O
speed	O
,	O
long	O
-	O
range	O
unmanned	O
underwater	O
vehicles	O
that	O
can	O
be	O
used	O
in	O
reconnaissance	O
,	O
tracking	O
,	O
attack	O
and	O
strategic	O
strike	O
â	O
.	O

China	B-LOCATION
is	O
boosting	O
its	O
rocket	O
launch	O
system	O
â	O
from	O
the	O
coast	O
to	O
the	O
Himalayas	B-LOCATION
â	O

Nuclear	O
power	O
can	O
provide	O
an	O
enormous	O
amount	O
of	O
energy	O
to	O
support	O
these	O
missions	O
,	O
but	O
most	O
reactors	O
come	O
with	O
a	O
sophisticated	O
structure	O
and	O
high	O
cost	O
.	O

To	O
build	O
a	O
new	O
nuclear	O
power	O
system	O
with	O
â	O
mature	O
and	O
simple	O
technology	O
that	O
is	O
easy	O
to	O
use	O
and	O
maintain	O
,	O
inexpensive	O
and	O
suitable	O
for	O
mass	O
production	O
,	O
we	O
need	O
to	O
think	O
out	O
of	O
the	O
box	O
,	O
â	O
Guo	B-GIVEN_NAME
said	O
.	O

For	O
their	O
design	O
the	O
project	O
team	O
stripped	O
most	O
shielding	O
materials	O
from	O
their	O
reactor	O
,	O
protecting	O
only	O
some	O
critical	O
components	O
from	O
radiation	O
.	O
They	O
also	O
replaced	O
expensive	O
coatings	O
made	O
with	O
rare	O
earth	O
elements	O
inside	O
the	O
reactor	O
core	O
with	O
cheap	O
materials	O
such	O
as	O
graphite	O
.	O

To	O
further	O
cut	O
costs	O
,	O
the	O
scientists	O
propose	O
using	O
some	O
commercially	O
available	O
components	O
on	O
the	O
international	O
market	O
instead	O
of	O
military	O
-	O
grade	O
products	O
.	O

The	O
reactor	O
,	O
as	O
heavy	O
as	O
two	O
average	O
Chinese	B-AFFILIATION
adult	O
males	O
,	O
would	O
generate	O
more	O
than	O
1.4	O
megawatts	O
of	O
heat	O
with	O
less	O
than	O
4	O
kg	O
(	O
8.8	O
lbs	O
)	O
of	O
low	O
-	O
concentration	O
uranium	O
fuel	O
.	O

According	O
to	O
Guo	B-GIVEN_NAME
âs	O
calculations	O
,	O
only	O
about	O
six	O
per	O
cent	O
of	O
the	O
generated	O
heat	O
would	O
be	O
converted	O
to	O
electricity	O
to	O
propel	O
the	O
torpedo	O
because	O
of	O
the	O
low	O
efficiency	O
of	O
the	O
cheap	O
components	O
,	O
but	O
the	O
energy	O
would	O
be	O
more	O
than	O
enough	O
for	O
a	O
one	O
-	O
way	O
trip	O
.	O

â	O
When	O
the	O
manufacturing	O
cost	O
is	O
low	O
enough	O
,	O
even	O
if	O
the	O
nuclear	O
powered	O
device	O
can	O
only	O
be	O
used	O
once	O
,	O
the	O
overall	O
cost	O
will	O
be	O
low	O
.	O
This	O
in	O
turn	O
stimulates	O
us	O
to	O
make	O
the	O
system	O
simpler	O
and	O
smaller	O
,	O
â	O
the	O
researchers	O
said	O
.	O

Because	O
the	O
mini	O
reactor	O
would	O
produce	O
no	O
radioactivity	O
,	O
service	O
personnel	O
could	O
handle	O
it	O
as	O
a	O
â	O
clean	O
asset	O
â	O
without	O
the	O
need	O
for	O
protective	O
gear	O
,	O
they	O
said	O
.	O

A	O
chain	O
reaction	O
would	O
start	O
as	O
soon	O
as	O
the	O
torpedo	O
left	O
the	O
launching	O
platform	O
and	O
take	O
about	O
half	O
an	O
hour	O
â	O
20	O
times	O
faster	O
than	O
a	O
typical	O
reactor	O
on	O
a	O
nuclear	O
submarine	O
â	O
to	O
reach	O
a	O
working	O
temperature	O
of	O
300	O
degrees	O
Celsius	O
(	O
572	O
Fahrenheit	O
)	O
and	O
accelerate	O
the	O
torpedo	O
to	O
a	O
cruising	O
speed	O
of	O
around	O
60	O
km	O
/	O
h	O
(	O
37	O
mph	O
)	O
.	O

The	O
researchers	O
estimate	O
the	O
reactor	O
would	O
be	O
able	O
to	O
operate	O
for	O
up	O
to	O
400	B-DURATION
hours	I-DURATION
,	O
cruising	O
over	O
10,000	O
km	O
(	O
6,200	O
miles	O
)	O
â	O
about	O
the	O
distance	O
from	O
Shanghai	B-LOCATION
to	O
San	B-LOCATION
Francisco	I-LOCATION
.	O

It	O
would	O
then	O
separate	O
from	O
the	O
torpedo	O
and	O
fall	O
to	O
the	O
bottom	O
of	O
the	O
deep	O
sea	O
,	O
activating	O
a	O
safety	O
mechanism	O
to	O
kill	O
the	O
remaining	O
chain	O
reaction	O
,	O
they	O
said	O
.	O

â	O
Even	O
if	O
the	O
hull	O
is	O
broken	O
,	O
the	O
interior	O
is	O
filled	O
with	O
water	O
,	O
and	O
the	O
whole	O
body	O
falls	O
into	O
the	O
wet	O
sand	O
on	O
the	O
seabed	O
,	O
the	O
reactor	O
will	O
not	O
have	O
a	O
critical	O
accident	O
.	O
Safety	O
is	O
ensured	O
.	O
â	O

Ma	B-GIVEN_NAME
Liang	B-FAMILY_NAME
,	O
a	O
researcher	O
studying	O
submarine	O
launch	O
technology	O
with	O
the	O
Navy	B-ORGANIZATION
Submarine	I-ORGANIZATION
Academy	I-ORGANIZATION
in	O
Qingdao	B-LOCATION
,	I-LOCATION
Shandong	I-LOCATION
province	I-LOCATION
,	O
said	O
â	O
smart	O
torpedoes	O
â	O
acting	O
in	O
packs	O
would	O
play	O
an	O
important	O
role	O
in	O
future	O
sea	O
battles	O
.	O

AI	B-BRANDS
technology	O
,	O
such	O
as	O
machine	O
learning	O
,	O
would	O
enable	O
the	O
torpedoes	O
to	O
select	O
and	O
attack	O
targets	O
with	O
little	O
or	O
no	O
human	O
intervention	O
,	O
she	O
said	O
in	O
a	O
separate	O
paper	O
published	O
in	O
the	O
same	O
journal	O
on	O
July	B-DATE
13	I-DATE
.	O

Smart	O
torpedoes	O
would	O
be	O
able	O
to	O
set	O
up	O
an	O
ambush	O
on	O
the	O
other	O
side	O
of	O
the	O
ocean	O
and	O
â	O
strike	O
submarines	O
as	O
they	O
leave	O
a	O
port	O
in	O
home	O
waters	O
that	O
is	O
difficult	O
to	O
reach	O
by	O
manned	O
platforms	O
â	O
,	O
Ma	B-GIVEN_NAME
said	O
.	O

The	O
torpedo	O
swarm	O
could	O
take	O
orders	O
from	O
humans	O
or	O
an	O
unmanned	O
underwater	O
command	O
vehicle	O
to	O
carry	O
out	O
a	O
wide	O
range	O
of	O
missions	O
such	O
as	O
reconnaissance	O
and	O
following	O
a	O
high	O
value	O
target	O
,	O
she	O
said	O
.	O
â	O
This	O
is	O
the	O
most	O
dynamic	O
research	O
technology	O
field	O
at	O
present	O
.	O
â	O

