SAR	B-ORGANIZATION
secondary	O
students	O
won	O
one	O
gold	O
,	O
seven	O
silvers	O
and	O
two	O
bronzes	O
in	O
this	O
year	O
's	O
International	B-BRANDS
Mathematical	B-MISC
and	I-MISC
the	I-MISC
International	I-MISC
Physics	I-MISC
olympiads	I-MISC
.	O

Due	O
to	O
the	O
pandemic	O
,	O
the	O
two	O
teams	O
participated	O
online	O
.	O

The	O
IMO	B-BRANDS
2022	I-BRANDS
,	O
hosted	O
by	O
Norway	B-LOCATION
,	O
was	O
held	O
from	O
July	B-DATE
6	I-DATE
to	I-DATE
16	I-DATE
,	O
with	O
589	O
students	O
from	O
104	O
countries	O
or	O
regions	O
taking	O
part	O
.	O

The	O
IMO	B-ORGANIZATION
team	O
of	O
six	O
included	O
gold	O
medallist	O
Chu	B-GIVEN_NAME
Cheuk	B-FAMILY_NAME
-	I-FAMILY_NAME
hei	I-FAMILY_NAME
from	O
St	B-ORGANIZATION|B-GIVEN_NAME
Paul	I-ORGANIZATION|B-FAMILY_NAME
's	I-ORGANIZATION
Co	I-ORGANIZATION
-	I-ORGANIZATION
educational	I-ORGANIZATION
College	I-ORGANIZATION
,	O
silver	O
medalists	O
Hsieh	B-GIVEN_NAME
Chong	B-FAMILY_NAME
-	I-FAMILY_NAME
ho	I-FAMILY_NAME
from	O
Tsuen	B-ORGANIZATION
Wan	I-ORGANIZATION
Government	I-ORGANIZATION
Secondary	I-ORGANIZATION
School	I-ORGANIZATION
,	O
Yau	B-GIVEN_NAME
Ching	B-FAMILY_NAME
-	I-FAMILY_NAME
yan	I-FAMILY_NAME
from	O
Ying	B-ORGANIZATION
Wa	I-ORGANIZATION
College	I-ORGANIZATION
and	O
Yiu	B-GIVEN_NAME
Chun	B-FAMILY_NAME
-	I-FAMILY_NAME
hei	I-FAMILY_NAME
from	O
SKH	B-ORGANIZATION
Lam	I-ORGANIZATION
Woo	I-ORGANIZATION
Memorial	I-ORGANIZATION
Secondary	I-ORGANIZATION
School	I-ORGANIZATION
,	O
and	O
bronze	O
winner	O
Lai	B-GIVEN_NAME
Wai	B-FAMILY_NAME
-	I-FAMILY_NAME
lok	I-FAMILY_NAME
from	O
St	B-ORGANIZATION
Paul	I-ORGANIZATION
's	I-ORGANIZATION
,	O
and	O
Cheng	B-GIVEN_NAME
Nick	B-FAMILY_NAME
-	I-FAMILY_NAME
hang	I-FAMILY_NAME
from	O
Diocesan	B-ORGANIZATION
Boys	I-ORGANIZATION
'	I-ORGANIZATION
School	I-ORGANIZATION
,	O
who	O
got	O
an	O
honorable	O
mention	O
.	O

The	O
physics	O
olympiad	O
,	O
held	O
in	O
Switzerland	B-LOCATION
from	O
July	B-DATE
10	I-DATE
to	I-DATE
17	I-DATE
,	O
saw	O
366	O
students	O
from	O
76	O
countries	O
or	O
regions	O
competing	O
,	O
with	O
the	O
SAR	B-ORGANIZATION
team	O
winning	O
four	O
silver	O
medals	O
and	O
one	O
bronze	O
medal	O
.	O

The	O
silver	O
winners	O
were	O
Chan	B-GIVEN_NAME
Tsz	B-FAMILY_NAME
-	I-FAMILY_NAME
chun	I-FAMILY_NAME
from	O
International	B-ORGANIZATION
Christian	I-ORGANIZATION|B-AFFILIATION
Quality	I-ORGANIZATION
Music	I-ORGANIZATION
Secondary	I-ORGANIZATION
and	I-ORGANIZATION
Primary	I-ORGANIZATION
School	I-ORGANIZATION
,	O
Cheng	B-GIVEN_NAME
Yat	B-FAMILY_NAME
-	I-FAMILY_NAME
long	I-FAMILY_NAME
from	O
Raimondi	B-ORGANIZATION
College	I-ORGANIZATION
,	O
Cheung	B-GIVEN_NAME
Man	B-FAMILY_NAME
-	I-FAMILY_NAME
yin	I-FAMILY_NAME
from	O
Queen	B-ORGANIZATION
's	I-ORGANIZATION
College	I-ORGANIZATION
and	O
Lam	B-GIVEN_NAME
Chung	B-FAMILY_NAME
-	O
wang	O
from	O
St	B-ORGANIZATION
Paul	I-ORGANIZATION
's	I-ORGANIZATION
.	O

Kwok	B-GIVEN_NAME
Ching	B-FAMILY_NAME
-	I-FAMILY_NAME
yeung	I-FAMILY_NAME
from	O
Sheng	B-ORGANIZATION
Kung	I-ORGANIZATION
Hui	I-ORGANIZATION
Tang	I-ORGANIZATION
Shiu	I-ORGANIZATION
Kin	I-ORGANIZATION
Secondary	I-ORGANIZATION
School	I-ORGANIZATION
won	O
a	O
bronze	O
.	O

Secretary	O
for	O
Education	O
Choi	B-GIVEN_NAME
Yuk	B-FAMILY_NAME
-	I-FAMILY_NAME
lin	I-FAMILY_NAME
congratulated	O
the	O
teams	O
.	O

The	O
administration	O
has	O
injected	O
HK	B-MONEY
$	I-MONEY
1.6	I-MONEY
billion	I-MONEY
into	O
the	O
Gifted	B-ORGANIZATION
Education	I-ORGANIZATION
Fund	I-ORGANIZATION
to	O
support	O
the	O
Hong	B-ORGANIZATION|B-LOCATION
Kong	I-ORGANIZATION|I-LOCATION
Academy	I-ORGANIZATION
for	I-ORGANIZATION
Gifted	I-ORGANIZATION
Education	I-ORGANIZATION
,	O
she	O
said	O
.	O

From	O
the	O
2019/20	B-DATE
year	I-DATE
onwards	O
,	O
she	O
said	O
,	O
the	O
fund	O
has	O
supported	O
31	O
off	O
-	O
school	O
advanced	O
learning	O
programs	O
,	O
helping	O
gifted	O
primary	O
and	O
secondary	O
students	O
,	O
to	O
fully	O
develop	O
their	O
potential	O
through	O
challenging	O
learning	O
activities	O
.	O

