&	O
pgtype	O
=	O
homepage	O

A	O
woman	O
who	O
hails	O
from	O
a	O
minority	O
ethnic	O
community	O
was	O
chosen	O
on	O
Thursday	B-DATE
as	O
India	B-LOCATION
âs	O
new	O
president	O
,	O
a	O
largely	O
ceremonial	O
position	O
.	O

Droupadi	B-GIVEN_NAME
Murmu	B-FAMILY_NAME
,	O
a	O
leader	O
from	O
India	B-LOCATION
âs	O
ruling	O
Bharatiya	B-ORGANIZATION
Janata	I-ORGANIZATION
Party	I-ORGANIZATION
,	O
was	O
elected	O
by	O
the	O
Indian	B-ORGANIZATION|B-AFFILIATION
Parliament	I-ORGANIZATION
and	O
state	O
legislatures	O
in	O
voting	O
held	O
on	O
Monday	B-DATE
,	O
making	O
her	O
the	O
first	O
president	O
from	O
one	O
of	O
the	O
country	O
âs	O
tribes	O
and	O
the	O
second	O
-	O
ever	O
woman	O
to	O
hold	O
the	O
position	O
.	O

She	O
will	O
be	O
formally	O
sworn	O
in	O
as	O
the	O
president	O
on	O
Monday	B-DATE
.	O

Murmu	B-GIVEN_NAME
,	O
64	O
,	O
who	O
hails	O
from	O
the	O
eastern	O
state	O
of	O
Orissa	B-LOCATION
and	O
was	O
governor	O
of	O
Jharkhand	B-LOCATION
state	O
from	O
2015-2021	B-DATE
,	O
is	O
a	O
member	O
of	O
the	O
Santal	B-AFFILIATION
ethnic	O
minority	O
,	O
one	O
of	O
India	B-LOCATION
âs	O
largest	O
tribal	O
groups	O
.	O
She	O
started	O
out	O
as	O
a	O
schoolteacher	O
before	O
entering	O
politics	O
and	O
has	O
been	O
a	O
two	O
-	O
time	O
lawmaker	O
from	O
Prime	O
Minister	O
Narendra	B-GIVEN_NAME
Modi	B-FAMILY_NAME
âs	O
party	O
.	O

Murmu	B-GIVEN_NAME
âs	O
father	O
and	O
her	O
grandfather	O
were	O
village	O
headmen	O
in	O
Baidaposi	B-LOCATION
in	O
Mayurbhanj	B-LOCATION
district	O
in	O
Orissa	B-LOCATION
.	O

Modi	B-GIVEN_NAME
congratulated	O
Murmu	B-GIVEN_NAME
by	O
visiting	O
her	O
at	O
her	O
residence	O
in	O
New	B-LOCATION
Delhi	I-LOCATION
,	O
and	O
in	O
a	O
tweet	O
wrote	O
he	O
was	O
â	O
certain	O
she	O
will	O
be	O
an	O
outstanding	O
President	O
who	O
will	O
lead	O
from	O
the	O
front	O
and	O
strengthen	O
India	B-LOCATION
âs	O
development	O
journey	O
â	O
.	O

â	O
Her	O
record	O
victory	O
augurs	O
well	O
for	O
our	O
democracy	O
,	O
â	O
Modi	B-GIVEN_NAME
tweeted	O
.	O

Murmu	B-GIVEN_NAME
âs	O
supporters	O
and	O
Modi	B-GIVEN_NAME
âs	O
BJP	B-ORGANIZATION
party	O
see	O
her	O
win	O
as	O
a	O
triumph	O
of	O
tribal	O
people	O
and	O
a	O
breakthrough	O
moment	O
for	O
her	O
community	O
,	O
which	O
generally	O
lacks	O
healthcare	O
and	O
education	O
facilities	O
in	O
remote	O
villages	O
.	O
Opposition	O
parties	O
,	O
however	O
,	O
are	O
doubtful	O
whether	O
she	O
would	O
be	O
able	O
to	O
help	O
empower	O
and	O
bring	O
any	O
change	O
to	O
the	O
marginalised	O
community	O
.	O

The	O
president	O
âs	O
role	O
in	O
India	B-LOCATION
is	O
largely	O
ceremonial	O
,	O
but	O
the	O
position	O
can	O
be	O
important	O
during	O
times	O
of	O
political	O
uncertainty	O
such	O
as	O
a	O
hung	O
parliament	O
,	O
when	O
the	O
office	O
assumes	O
greater	O
power	O
.	O
She	O
is	O
bound	O
by	O
the	O
advice	O
of	O
the	O
cabinet	O
led	O
by	O
the	O
prime	O
minister	O
,	O
who	O
is	O
the	O
chief	O
executive	O
.	O

She	O
will	O
replace	O
Ram	B-GIVEN_NAME
Nath	B-FAMILY_NAME
Kovind	I-FAMILY_NAME
,	O
a	O
Hindu	B-AFFILIATION
nationalist	O
leader	O
from	O
the	O
Dalit	B-AFFILIATION
community	O
,	O
which	O
is	O
at	O
the	O
lowest	O
end	O
of	O
Hinduism	B-AFFILIATION
âs	O
complex	O
caste	O
hierarchy	O
.	O
Kovind	B-GIVEN_NAME
has	O
been	O
president	O
since	O
2017	B-DATE
.	O

Murmu	B-GIVEN_NAME
won	O
against	O
her	O
opponent	O
,	O
Yashwant	B-GIVEN_NAME
Sinha	B-FAMILY_NAME
,	O
a	O
former	O
BJP	B-ORGANIZATION
rebel	O
who	O
quit	O
the	O
party	O
following	O
differences	O
with	O
Modi	B-GIVEN_NAME
on	O
economic	O
issues	O
in	O
2018	B-DATE
.	O
Since	O
then	O
,	O
Sinha	B-GIVEN_NAME
has	O
been	O
a	O
vocal	O
critic	O
of	O
Modi	B-GIVEN_NAME
and	O
his	O
government	O
.	O

Indian	B-AFFILIATION
lawmakers	O
will	O
vote	O
for	O
the	O
country	O
âs	O
new	O
vice	O
-	O
president	O
in	O
August	B-DATE
.	O

