&	O
pgtype	O
=	O
homepage	O

The	O
durian	O
,	O
known	O
for	O
its	O
custard	O
texture	O
and	O
pungent	O
smell	O
,	O
is	O
both	O
reviled	O
and	O
celebrated	O
the	O
world	O
over	O
.	O

But	O
those	O
who	O
cannot	O
stand	O
the	O
stinging	O
aroma	O
have	O
a	O
reason	O
to	O
cheer	O
as	O
a	O
â	O
non	O
-	O
stinky	O
â	O
variety	O
of	O
the	O
thorny	O
fruit	O
was	O
introduced	O
last	O
week	O
in	O
Thailand	B-LOCATION
.	O

The	O
Pak	B-BRANDS
Chong	B-MISC
-	I-MISC
Khao	I-MISC
Yai	I-MISC
cultivar	O
,	O
a	O
variety	O
of	O
the	O
popular	O
Mon	B-BRANDS
Thong	B-MISC
strain	O
grown	O
in	O
northeastern	B-LOCATION
Nakhon	I-LOCATION
Ratchasima	I-LOCATION
province	I-LOCATION
,	O
was	O
accorded	O
geographical	O
indication	O
(	O
GI	B-BRANDS
)	O
certification	O
by	O
Thai	B-AFFILIATION
authorities	O
.	O

Growers	O
claimed	O
the	O
offshoot	O
,	O
which	O
was	O
showcased	O
at	O
a	O
durian	O
festival	O
in	O
Pak	B-LOCATION
Chong	I-LOCATION
district	O
,	O
is	O
sweet	O
and	O
dry	O
with	O
soft	O
flesh	O
â	O
but	O
most	O
importantly	O
â	O
lacks	O
the	O
strong	O
smell	O
.	O

Durian	O
connoisseurs	O
,	O
including	O
Thai	B-AFFILIATION
beauty	O
queens	O
,	O
savoured	O
the	O
new	O
variant	O
at	O
the	O
event	O
co	O
-	O
hosted	O
by	O
the	O
Tourism	B-ORGANIZATION
Authority	I-ORGANIZATION
of	I-ORGANIZATION
Thailand	I-ORGANIZATION|B-LOCATION
.	O

The	O
Pak	B-BRANDS
Chong	B-MISC
-	I-MISC
Khao	I-MISC
Yai	I-MISC
variety	O
was	O
approved	O
as	O
a	O
GI	B-BRANDS
product	O
by	O
the	O
Department	B-ORGANIZATION
of	I-ORGANIZATION
Intellectual	I-ORGANIZATION
Property	I-ORGANIZATION
last	O
year	O
.	O
A	O
GI	B-BRANDS
is	O
a	O
label	O
applied	O
to	O
products	O
which	O
correspond	O
to	O
a	O
specific	O
geographical	O
location	O
and	O
have	O
characteristics	O
or	O
qualities	O
attributable	O
to	O
that	O
particular	O
place	O
â	O
think	O
Scotch	B-BRANDS
whisky	I-BRANDS
,	O
or	O
certain	O
regional	O
cheeses	O
.	O

Thailand	B-LOCATION
,	O
the	O
world	O
âs	O
leading	O
durian	O
exporter	O
,	O
raked	O
in	O
about	O
187	B-MONEY
billion	I-MONEY
baht	I-MONEY
(	O
US	B-MONEY|B-LOCATION
$	I-MONEY
5	I-MONEY
billion	I-MONEY
)	O
last	O
year	O
amid	O
soaring	O
demand	O
in	O
China	B-LOCATION
.	O

China	B-LOCATION
âs	O
imports	O
of	O
fresh	O
durians	O
quadrupled	O
to	O
US	B-LOCATION
$	B-MONEY
2.3	I-MONEY
billion	I-MONEY
in	O
2020	B-DATE
from	O
2017	B-DATE
,	O
according	O
to	O
United	B-ORGANIZATION
Nations	I-ORGANIZATION
data	O
,	O
as	O
they	O
overtook	O
cherries	O
to	O
become	O
the	O
country	O
âs	O
No	O
1	O
fruit	O
import	O
by	O
value	O
in	O
2019	B-DATE
.	O

While	O
the	O
spiky	O
fruit	O
is	O
sought	O
after	O
in	O
Southeast	B-LOCATION
Asia	I-LOCATION
and	O
China	B-LOCATION
,	O
it	O
has	O
also	O
attracted	O
its	O
share	O
of	O
controversies	O
.	O

In	O
2018	B-DATE
,	O
an	O
Indonesian	B-AFFILIATION
flight	O
was	O
grounded	O
for	O
an	O
hour	O
after	O
travellers	O
kicked	O
up	O
a	O
stink	O
about	O
what	O
was	O
in	O
the	O
hold	O
â	O
dozens	O
of	O
sacks	O
of	O
durian	O
.	O

Passengers	O
disembarked	O
the	O
Sriwijaya	B-ORGANIZATION
Air	I-ORGANIZATION
flight	O
,	O
bound	O
for	O
Jakarta	B-LOCATION
from	O
Bengkulu	B-LOCATION
on	I-LOCATION
Sumatra	I-LOCATION
Island	I-LOCATION
,	O
following	O
complaints	O
the	O
smell	O
in	O
the	O
cabin	O
made	O
flying	O
unbearable	O
.	O

The	O
plane	O
took	O
off	O
after	O
the	O
aircrew	O
unloaded	O
the	O
fruit	O
,	O
whose	O
smell	O
has	O
been	O
likened	O
to	O
rotten	O
onions	O
,	O
turpentine	O
and	O
dirty	O
gym	O
socks	O
.	O

In	O
2019	B-DATE
,	O
a	O
piece	O
of	O
fruit	O
forced	O
the	O
evacuation	O
of	O
students	O
and	O
staff	O
from	O
a	O
university	O
in	O
Australia	B-LOCATION
after	O
rescue	O
teams	O
responded	O
to	O
calls	O
of	O
â	O
a	O
strong	O
smell	O
of	O
gas	O
â	O
inside	O
the	O
University	B-ORGANIZATION
of	I-ORGANIZATION
Canberra	I-ORGANIZATION|B-ORGANIZATION
library	O
.	O

The	O
library	O
staff	O
later	O
revealed	O
the	O
source	O
of	O
the	O
odour	O
â	O
a	O
durian	O
â	O
that	O
was	O
left	O
near	O
an	O
air	O
vent	O
on	O
the	O
facility	O
âs	O
second	O
level	O
and	O
eventually	O
removed	O
in	O
a	O
sealed	O
bag	O
.	O

The	O
fruit	O
is	O
banned	O
from	O
public	O
transport	O
and	O
hotel	O
rooms	O
in	O
some	O
Asian	B-AFFILIATION
cities	O
.	O

