Douban	B-ORGANIZATION
,	O
a	O
Chinese	B-AFFILIATION
social	O
media	O
platform	O
once	O
known	O
as	O
a	O
haven	O
for	O
relatively	O
liberal	O
discussions	O
,	O
now	O
requires	O
overseas	O
users	O
to	O
provide	O
a	O
mainland	O
mobile	O
phone	O
number	O
or	O
an	O
official	O
identity	O
document	O
to	O
continue	O
using	O
the	O
site	O
,	O
as	O
it	O
comes	O
under	O
growing	O
pressure	O
from	O
Beijing	B-LOCATION
to	O
strengthen	O
content	O
control	O
.	O

The	O
company	O
announced	O
the	O
new	O
requirement	O
on	O
Wednesday	B-DATE
,	O
replacing	O
its	O
previous	O
policy	O
of	O
allowing	O
people	O
located	O
outside	O
mainland	O
China	B-LOCATION
to	O
open	O
an	O
account	O
with	O
a	O
foreign	O
mobile	O
phone	O
number	O
.	O

Having	O
a	O
mainland	O
phone	O
number	O
on	O
file	O
is	O
equivalent	O
to	O
real	O
-	O
name	O
registration	O
,	O
as	O
everyone	O
is	O
required	O
to	O
present	O
identity	O
documents	O
when	O
registering	O
for	O
a	O
mainland	O
mobile	O
number	O
.	O

In	O
another	O
new	O
policy	O
,	O
Douban	B-ORGANIZATION
users	O
who	O
want	O
to	O
create	O
a	O
discussion	O
group	O
now	O
have	O
to	O
verify	O
their	O
identity	O
through	O
facial	O
recognition	O
.	O

The	O
company	O
said	O
it	O
does	O
not	O
store	O
biometric	O
information	O
,	O
but	O
it	O
did	O
not	O
elaborate	O
on	O
how	O
the	O
technology	O
works	O
.	O

The	O
move	O
marks	O
the	O
latest	O
case	O
in	O
China	B-LOCATION
âs	O
strengthened	O
push	O
to	O
implement	O
real	O
-	O
name	O
identification	O
requirements	O
across	O
all	O
online	O
services	O
.	O

The	O
government	O
has	O
also	O
been	O
erecting	O
walls	O
to	O
control	O
the	O
information	O
flow	O
between	O
China	B-LOCATION
and	O
the	O
rest	O
of	O
the	O
world	O
.	O

Douban	B-ORGANIZATION
,	O
which	O
has	O
long	O
been	O
a	O
lively	O
online	O
community	O
for	O
young	O
and	O
educated	O
users	O
to	O
discuss	O
books	O
,	O
films	O
and	O
lifestyle	O
,	O
has	O
been	O
under	O
intense	O
scrutiny	O
by	O
censors	O
.	O

The	O
platform	O
temporarily	O
suspended	O
some	O
functions	O
,	O
was	O
removed	O
from	O
Chinese	B-AFFILIATION
app	O
stores	O
for	O
alleged	O
data	O
privacy	O
violations	O
,	O
and	O
was	O
repeatedly	O
fined	O
for	O
publishing	O
information	O
deemed	O
illegal	O
.	O

The	O
Cyberspace	B-ORGANIZATION
Administration	I-ORGANIZATION
of	I-ORGANIZATION
China	I-ORGANIZATION|B-LOCATION
,	O
the	O
country	O
âs	O
internet	O
watchdog	O
,	O
sent	O
an	O
on	O
-	O
site	O
team	O
to	O
the	O
Beijing	B-LOCATION
-	O
based	O
private	O
company	O
last	O
month	O
to	O
rectify	O
what	O
it	O
called	O
â	O
serious	O
online	O
chaos	O
â	O
.	O

Some	O
of	O
the	O
most	O
active	O
groups	O
on	O
the	O
platform	O
were	O
also	O
shut	O
down	O
earlier	O
this	O
month	O
to	O
â	O
purify	O
the	O
internet	O
space	O
â	O
.	O

Under	O
the	O
unprecedented	O
and	O
strict	O
new	O
requirements	O
,	O
it	O
will	O
be	O
nearly	O
impossible	O
for	O
residents	O
outside	O
mainland	O
China	B-LOCATION
to	O
join	O
,	O
let	O
alone	O
initiate	O
discussions	O
on	O
Douban	B-ORGANIZATION
.	O

Also	O
on	O
Wednesday	B-DATE
,	O
the	O
reply	O
function	O
was	O
suspended	O
for	O
one	O
of	O
the	O
platform	O
âs	O
largest	O
discussion	O
groups	O
,	O
which	O
hosts	O
nearly	O
a	O
million	O
users	O
who	O
discuss	O
their	O
everyday	O
life	O
,	O
as	O
some	O
posts	O
were	O
said	O
to	O
have	O
violated	O
community	O
rules	O
.	O

â	O
Radical	O
content	O
related	O
to	O
politics	O
and	O
ideology	O
is	O
not	O
allowed	O
on	O
Douban	B-ORGANIZATION
,	O
â	O
the	O
company	O
said	O
in	O
the	O
notice	O
.	O

â	O
Douban	B-ORGANIZATION
will	O
strictly	O
comply	O
with	O
related	O
laws	O
and	O
rules	O
to	O
regulate	O
online	O
information	O
.	O
â	O

The	O
relatively	O
liberal	O
nature	O
of	O
some	O
discussions	O
on	O
Douban	B-ORGANIZATION
often	O
made	O
it	O
a	O
target	O
for	O
Chinese	B-AFFILIATION
censors	O
in	O
the	O
past	O
.	O

On	O
the	O
World	B-BRANDS
Book	B-MISC
and	I-MISC
Copyright	I-MISC
Day	I-MISC
on	O
April	B-DATE
23	I-DATE
,	O
defiant	O
users	O
pushed	O
the	O
classic	O
George	B-GIVEN_NAME
Orwell	B-FAMILY_NAME
dystopian	O
novel	O
1984	B-DATE
to	O
the	O
top	O
of	O
Douban	B-ORGANIZATION
âs	O
book	O
discussion	O
list	O
,	O
resulting	O
in	O
the	O
suspension	O
of	O
the	O
comment	O
section	O
.	O

