&	O
pgtype	O
=	O
homepage	O

Hong	B-LOCATION
Kong	I-LOCATION
will	O
continue	O
to	O
be	O
shielded	O
from	O
the	O
heat	O
of	O
rising	O
inflation	O
if	O
its	O
border	O
with	O
mainland	O
China	B-LOCATION
remains	O
closed	O
,	O
economists	O
have	O
said	O
as	O
they	O
predicted	O
a	O
slow	O
increase	O
in	O
consumer	O
prices	O
of	O
between	O
1.5	O
per	O
cent	O
and	O
1.8	O
per	O
cent	O
for	O
June	B-DATE
.	O

But	O
experts	O
also	O
warned	O
that	O
homebuyers	O
and	O
borrowers	O
were	O
likely	O
to	O
shoulder	O
a	O
heavier	O
financial	O
burden	O
on	O
mortgage	O
payments	O
and	O
loans	O
as	O
they	O
forecast	O
local	O
banks	O
would	O
increase	O
interest	O
rates	O
by	O
a	O
range	O
of	O
0.125	O
per	O
cent	O
to	O
0.5	O
per	O
cent	O
by	O
the	O
end	O
of	O
this	O
year	O
.	O

Successive	O
interest	O
rate	O
increases	O
by	O
the	O
United	B-LOCATION
States	I-LOCATION
to	O
tame	O
rising	O
inflation	O
,	O
which	O
soared	O
to	O
9.1	O
per	O
cent	O
in	O
June	B-DATE
,	O
would	O
spark	O
the	O
move	O
.	O

Hong	B-LOCATION
Kong	I-LOCATION
is	O
an	O
anomaly	O
in	O
comparison	O
with	O
other	O
economies	O
hard	O
hit	O
by	O
high	O
inflation	O
,	O
including	O
the	O
United	B-LOCATION
Kingdom	I-LOCATION
,	O
which	O
notched	O
up	O
a	O
record	O
9.1	O
per	O
cent	O
rise	O
in	O
May	B-DATE
,	O
Singapore	B-LOCATION
at	O
5.6	O
per	O
cent	O
in	O
May	B-DATE
and	O
South	B-LOCATION
Korea	I-LOCATION
at	O
6	O
per	O
cent	O
in	O
June	B-DATE
.	O

In	O
the	O
first	O
five	O
months	O
of	O
2022	B-DATE
,	O
Hong	B-LOCATION
Kong	I-LOCATION
âs	O
overall	O
consumer	B-BRANDS
price	B-MISC
index	I-MISC
(	O
CPI	B-BRANDS
)	O
â	O
a	O
measure	O
of	O
changes	O
in	O
the	O
cost	O
of	O
goods	O
and	O
services	O
bought	O
by	O
households	O
â	O
rose	O
by	O
1.4	O
per	O
cent	O
compared	O
with	O
a	O
year	O
earlier	O
.	O

â	O
Hong	B-LOCATION
Kong	I-LOCATION
has	O
managed	O
to	O
stave	O
off	O
high	O
inflation	O
because	O
rents	O
have	O
contributed	O
to	O
about	O
37	O
per	O
cent	O
of	O
CPI	B-BRANDS
with	O
food	O
prices	O
taking	O
up	O
about	O
22	O
per	O
cent	O
,	O
â	O
said	O
economist	O
Simon	B-GIVEN_NAME
Lee	B-FAMILY_NAME
Siu	I-FAMILY_NAME
-	I-FAMILY_NAME
po	I-FAMILY_NAME
,	O
an	O
honorary	O
fellow	O
at	O
the	O
Asia	B-ORGANIZATION|B-LOCATION
-	I-ORGANIZATION|I-LOCATION
Pacific	I-ORGANIZATION|I-LOCATION
Institute	I-ORGANIZATION
of	I-ORGANIZATION
Business	I-ORGANIZATION
at	O
Chinese	B-ORGANIZATION|B-AFFILIATION
University	I-ORGANIZATION
.	O

â	O
But	O
due	O
to	O
the	O
lack	O
of	O
visitors	O
caused	O
by	O
the	O
Covid	B-BRANDS
-	B-MISC
19	I-MISC
pandemic	O
and	O
restrictions	O
on	O
international	O
travel	O
,	O
rents	O
have	O
been	O
falling	O
due	O
to	O
the	O
weakened	O
property	O
market	O
,	O
contributing	O
to	O
the	O
slow	O
inflation	O
over	O
the	O
past	O
year	O
.	O
â	O

Hong	B-LOCATION
Kong	I-LOCATION
âs	O
overall	O
CPI	B-BRANDS
in	O
May	B-DATE
recorded	O
a	O
1.2	O
per	O
cent	O
rise	O
year	O
on	O
year	O
,	O
but	O
the	O
underlying	O
rate	O
edged	O
up	O
to	O
1.7	O
per	O
cent	O
after	O
excluding	O
the	O
effects	O
of	O
government	O
one	O
-	O
off	O
relief	O
measures	O
.	O
The	O
government	O
will	O
release	O
the	O
figure	O
for	O
June	B-DATE
on	O
Thursday	B-DATE
.	O

The	O
cost	O
of	O
clothing	O
and	O
footwear	O
increased	O
by	O
5.6	O
per	O
cent	O
,	O
while	O
basic	O
food	O
prices	O
rose	O
by	O
4.9	O
per	O
cent	O
from	O
2021	B-DATE
,	O
with	O
eating	O
out	O
and	O
takeaway	O
food	O
going	O
up	O
by	O
3.5	O
per	O
cent	O
.	O
On	O
the	O
other	O
hand	O
,	O
the	O
cost	O
of	O
electricity	O
,	O
gas	O
and	O
water	O
in	O
May	B-DATE
fell	O
4.9	O
per	O
cent	O
,	O
and	O
housing	O
prices	O
also	O
eased	O
by	O
0.5	O
per	O
cent	O
.	O

Hong	B-LOCATION
Kong	I-LOCATION
will	O
continue	O
to	O
be	O
shielded	O
from	O
the	O
heat	O
of	O
rising	O
inflation	O
if	O
its	O
border	O
with	O
mainland	O
China	B-LOCATION
remains	O
closed	O
,	O
economists	O
have	O
said	O
as	O
they	O
predicted	O
a	O
slow	O
increase	O
in	O
consumer	O
prices	O
of	O
between	O
1.5	O
per	O
cent	O
and	O
1.8	O
per	O
cent	O
for	O
June	B-DATE
.	O

But	O
experts	O
also	O
warned	O
that	O
homebuyers	O
and	O
borrowers	O
were	O
likely	O
to	O
shoulder	O
a	O
heavier	O
financial	O
burden	O
on	O
mortgage	O
payments	O
and	O
loans	O
as	O
they	O
forecast	O
local	O
banks	O
would	O
increase	O
interest	O
rates	O
by	O
a	O
range	O
of	O
0.125	O
per	O
cent	O
to	O
0.5	O
per	O
cent	O
by	O
the	O
end	O
of	O
this	O
year	O
.	O

Successive	O
interest	O
rate	O
increases	O
by	O
the	O
United	B-LOCATION
States	I-LOCATION
to	O
tame	O
rising	O
inflation	O
,	O
which	O
soared	O
to	O
9.1	O
per	O
cent	O
in	O
June	B-DATE
,	O
would	O
spark	O
the	O
move	O
.	O

Hong	B-LOCATION
Kong	I-LOCATION
is	O
an	O
anomaly	O
in	O
comparison	O
with	O
other	O
economies	O
hard	O
hit	O
by	O
high	O
inflation	O
,	O
including	O
the	O
United	B-LOCATION
Kingdom	I-LOCATION
,	O
which	O
notched	O
up	O
a	O
record	O
9.1	O
per	O
cent	O
rise	O
in	O
May	B-DATE
,	O
Singapore	B-LOCATION
at	O
5.6	O
per	O
cent	O
in	O
May	B-DATE
and	O
South	B-LOCATION
Korea	I-LOCATION
at	O
6	O
per	O
cent	O
in	O
June	B-DATE
.	O

China	B-LOCATION
consumer	O
prices	O
tipped	O
to	O
rise	O
as	O
eased	O
Covid	B-BRANDS
curbs	O
boost	O
demand	O

11	B-DATE
Jul	I-DATE
2022	I-DATE

In	O
the	O
first	O
five	O
months	O
of	O
2022	B-DATE
,	O
Hong	B-LOCATION
Kong	I-LOCATION
âs	O
overall	O
consumer	B-BRANDS
price	B-MISC
index	I-MISC
(	O
CPI	B-BRANDS
)	O
â	O
a	O
measure	O
of	O
changes	O
in	O
the	O
cost	O
of	O
goods	O
and	O
services	O
bought	O
by	O
households	O
â	O
rose	O
by	O
1.4	O
per	O
cent	O
compared	O
with	O
a	O
year	O
earlier	O
.	O

â	O
Hong	B-LOCATION
Kong	I-LOCATION
has	O
managed	O
to	O
stave	O
off	O
high	O
inflation	O
because	O
rents	O
have	O
contributed	O
to	O
about	O
37	O
per	O
cent	O
of	O
CPI	B-BRANDS
with	O
food	O
prices	O
taking	O
up	O
about	O
22	O
per	O
cent	O
,	O
â	O
said	O
economist	O
Simon	B-GIVEN_NAME
Lee	B-FAMILY_NAME
Siu	I-FAMILY_NAME
-	I-FAMILY_NAME
po	I-FAMILY_NAME
,	O
an	O
honorary	O
fellow	O
at	O
the	O
Asia	B-ORGANIZATION|B-LOCATION
-	I-ORGANIZATION|I-LOCATION
Pacific	I-ORGANIZATION|I-LOCATION
Institute	I-ORGANIZATION
of	I-ORGANIZATION
Business	I-ORGANIZATION
at	O
Chinese	B-ORGANIZATION|B-AFFILIATION
University	I-ORGANIZATION
.	O

â	O
But	O
due	O
to	O
the	O
lack	O
of	O
visitors	O
caused	O
by	O
the	O
Covid	B-BRANDS
-	B-MISC
19	I-MISC
pandemic	O
and	O
restrictions	O
on	O
international	O
travel	O
,	O
rents	O
have	O
been	O
falling	O
due	O
to	O
the	O
weakened	O
property	O
market	O
,	O
contributing	O
to	O
the	O
slow	O
inflation	O
over	O
the	O
past	O
year	O
.	O
â	O

Hong	B-LOCATION
Kong	I-LOCATION
âs	O
overall	O
CPI	B-BRANDS
in	O
May	B-DATE
recorded	O
a	O
1.2	O
per	O
cent	O
rise	O
year	O
on	O
year	O
,	O
but	O
the	O
underlying	O
rate	O
edged	O
up	O
to	O
1.7	O
per	O
cent	O
after	O
excluding	O
the	O
effects	O
of	O
government	O
one	O
-	O
off	O
relief	O
measures	O
.	O
The	O
government	O
will	O
release	O
the	O
figure	O
for	O
June	B-DATE
on	O
Thursday	B-DATE
.	O

The	O
cost	O
of	O
clothing	O
and	O
footwear	O
increased	O
by	O
5.6	O
per	O
cent	O
,	O
while	O
basic	O
food	O
prices	O
rose	O
by	O
4.9	O
per	O
cent	O
from	O
2021	B-DATE
,	O
with	O
eating	O
out	O
and	O
takeaway	O
food	O
going	O
up	O
by	O
3.5	O
per	O
cent	O
.	O
On	O
the	O
other	O
hand	O
,	O
the	O
cost	O
of	O
electricity	O
,	O
gas	O
and	O
water	O
in	O
May	B-DATE
fell	O
4.9	O
per	O
cent	O
,	O
and	O
housing	O
prices	O
also	O
eased	O
by	O
0.5	O
per	O
cent	O
.	O

Lee	B-GIVEN_NAME
said	O
he	O
did	O
not	O
expect	O
Hong	B-LOCATION
Kong	I-LOCATION
to	O
be	O
hit	O
by	O
high	O
inflation	O
in	O
the	O
near	O
future	O
as	O
the	O
city	O
would	O
still	O
be	O
affected	O
by	O
mainland	O
China	B-LOCATION
âs	O
lockdown	O
-	O
weakened	O
economy	O
,	O
and	O
predicted	O
CPI	B-BRANDS
would	O
at	O
most	O
edge	O
up	O
to	O
3	O
per	O
cent	O
over	O
the	O
next	O
year	O
.	O

Other	O
economists	O
agreed	O
that	O
falling	O
rents	O
had	O
reined	O
overall	O
inflation	O
despite	O
rising	O
inflationary	O
pressure	O
for	O
food	O
,	O
utility	O
and	O
transport	O
costs	O
,	O
putting	O
June	B-DATE
âs	O
inflation	O
in	O
a	O
range	O
of	O
1.5	O
per	O
cent	O
to	O
1.8	O
per	O
cent	O
.	O

â	O
June	B-DATE
inflation	O
will	O
mildly	O
go	O
up	O
to	O
1.5	O
per	O
cent	O
with	O
food	O
prices	O
continuing	O
to	O
rise	O
but	O
this	O
will	O
be	O
offset	O
by	O
the	O
weakened	O
rental	O
prices	O
,	O
â	O
said	O
senior	O
economist	O
Gary	B-GIVEN_NAME
Ng	B-FAMILY_NAME
at	O
the	O
investment	O
bank	O
Natixis	B-ORGANIZATION
.	O

â	O
But	O
inflation	O
may	O
rise	O
to	O
nearly	O
2	O
per	O
cent	O
in	O
the	O
latter	O
half	O
of	O
this	O
year	O
largely	O
depending	O
on	O
whether	O
rental	O
prices	O
will	O
go	O
up	O
and	O
the	O
housing	O
market	O
will	O
rebound	O
,	O
which	O
could	O
lead	O
to	O
rising	O
inflation	O
.	O
â	O

Iris	B-GIVEN_NAME
Pang	B-FAMILY_NAME
,	O
the	O
chief	O
economist	O
for	O
Greater	B-LOCATION
China	I-LOCATION
at	O
financial	O
services	O
firm	O
ING	B-ORGANIZATION
,	O
said	O
the	O
June	B-DATE
CPI	B-BRANDS
rose	O
by	O
about	O
1.5	O
per	O
cent	O
to	O
1.8	O
per	O
cent	O
.	O

â	O
The	O
city	O
âs	O
inflation	O
will	O
be	O
mild	O
and	O
slow	O
.	O
I	O
do	O
nât	O
worry	O
at	O
all	O
,	O
â	O
she	O
said	O
.	O
â	O
We	O
still	O
suffer	O
from	O
a	O
lack	O
of	O
visitors	O
so	O
prices	O
wo	O
nât	O
suddenly	O
jump	O
up	O
from	O
rising	O
demand	O
.	O
â	O

Pang	B-GIVEN_NAME
said	O
for	O
Hong	B-LOCATION
Kong	I-LOCATION
to	O
combat	O
inflation	O
,	O
the	O
most	O
important	O
thing	O
was	O
to	O
help	O
people	O
to	O
climb	O
the	O
housing	O
ladder	O
so	O
they	O
did	O
not	O
need	O
to	O
pay	O
high	O
rents	O
.	O

â	O
If	O
they	O
can	O
be	O
homeowners	O
who	O
do	O
nât	O
need	O
to	O
pay	O
rent	O
,	O
they	O
do	O
nât	O
mind	O
the	O
rising	O
price	O
of	O
food	O
.	O
After	O
all	O
,	O
rents	O
have	O
made	O
up	O
a	O
large	O
portion	O
of	O
people	O
âs	O
income	O
,	O
â	O
she	O
said	O
.	O

Both	O
Pang	B-GIVEN_NAME
and	O
Ng	B-GIVEN_NAME
said	O
high	O
inflation	O
would	O
not	O
hit	O
Hong	B-LOCATION
Kong	I-LOCATION
unless	O
it	O
reopened	O
its	O
borders	O
with	O
the	O
mainland	O
,	O
which	O
could	O
stimulate	O
the	O
city	O
âs	O
property	O
market	O
.	O

â	O
As	O
long	O
as	O
we	O
shut	O
down	O
our	O
borders	O
with	O
the	O
mainland	O
,	O
there	O
will	O
be	O
no	O
need	O
to	O
worry	O
about	O
inflation	O
,	O
â	O
she	O
said	O
.	O
â	O
But	O
low	O
inflation	O
is	O
not	O
a	O
good	O
thing	O
,	O
indicating	O
that	O
our	O
economy	O
is	O
weak	O
with	O
low	O
consumption	O
.	O

They	O
said	O
the	O
government	O
could	O
review	O
the	O
composition	O
of	O
CPI	B-BRANDS
to	O
give	O
a	O
true	O
reflection	O
of	O
prices	O
.	O
Ng	B-GIVEN_NAME
suggested	O
adding	O
the	O
weight	O
of	O
property	O
prices	O
and	O
a	O
separate	O
analysis	O
of	O
CPI	B-BRANDS
in	O
terms	O
of	O
housing	O
prices	O
and	O
rents	O
.	O
Pang	B-GIVEN_NAME
advised	O
the	O
government	O
to	O
increase	O
the	O
weight	O
of	O
private	O
housing	O
rents	O
.	O

Sze	B-GIVEN_NAME
Lai	B-FAMILY_NAME
-	I-FAMILY_NAME
shan	I-FAMILY_NAME
,	O
deputy	O
director	O
of	O
the	O
Society	B-ORGANIZATION
for	I-ORGANIZATION
Community	I-ORGANIZATION
Organisation	I-ORGANIZATION
(	O
SoCO	B-ORGANIZATION
)	O
,	O
said	O
the	O
rising	O
cost	O
of	O
daily	O
necessities	O
such	O
as	O
food	O
and	O
clothes	O
hit	O
low	O
-	O
income	O
residents	O
hard	O
.	O

â	O
As	O
food	O
prices	O
go	O
up	O
,	O
some	O
residents	O
told	O
us	O
they	O
do	O
not	O
have	O
enough	O
money	O
to	O
buy	O
food	O
and	O
will	O
skip	O
a	O
meal	O
every	O
day	O
,	O
â	O
she	O
said	O
.	O

â	O
They	O
wait	O
for	O
the	O
special	O
discount	O
period	O
when	O
shops	O
are	O
about	O
to	O
close	O
at	O
night	O
and	O
sell	O
their	O
products	O
at	O
lower	O
prices	O
.	O
That	O
âs	O
when	O
they	O
can	O
afford	O
food	O
.	O
â	O

Sze	B-GIVEN_NAME
urged	O
the	O
government	O
to	O
support	O
needy	O
citizens	O
with	O
more	O
relief	O
measures	O
,	O
such	O
as	O
more	O
unemployment	O
funds	O
with	O
looser	O
requirements	O
.	O

Many	O
residents	O
told	O
the	O
Post	B-ORGANIZATION
they	O
felt	O
the	O
pinch	O
of	O
rising	O
prices	O
,	O
especially	O
for	O
food	O
.	O

Truck	O
driver	O
Philip	B-GIVEN_NAME
Chan	B-FAMILY_NAME
,	O
34	O
,	O
said	O
the	O
rising	O
cost	O
of	O
food	O
was	O
most	O
visible	O
to	O
him	O
.	O
â	O
I	O
used	O
to	O
eat	O
in	O
restaurants	O
that	O
offered	O
set	O
meals	O
with	O
prices	O
at	O
around	O
HK	B-MONEY
$	I-MONEY
35	I-MONEY
(	O
US	B-MONEY
$	I-MONEY
4.45	I-MONEY
)	O
,	O
â	O
he	O
said	O
.	O

â	O
But	O
it	O
âs	O
tough	O
to	O
find	O
such	O
restaurants	O
now	O
.	O
They	O
set	O
most	O
meals	O
at	O
over	O
HK	B-MONEY
$	I-MONEY
40	I-MONEY
already	O
.	O
â	O

An	O
elderly	O
resident	O
named	O
Sin	B-GIVEN_NAME
said	O
life	O
was	O
difficult	O
,	O
as	O
she	O
relied	O
on	O
social	O
welfare	O
and	O
old	O
-	O
age	O
allowance	O
to	O
buy	O
daily	O
necessities	O
.	O
â	O
The	O
price	O
of	O
everything	O
has	O
gone	O
up	O
,	O
food	O
and	O
stuff	O
.	O
It	O
âs	O
tough	O
to	O
live	O
now	O
,	O
â	O
she	O
said	O
.	O

Sin	B-GIVEN_NAME
,	O
in	O
her	O
70s	O
,	O
appreciated	O
the	O
recent	O
HK	B-MONEY
$	I-MONEY
10,000	I-MONEY
consumer	O
voucher	O
scheme	O
.	O
â	O
The	O
voucher	O
allowed	O
me	O
to	O
buy	O
more	O
food	O
,	O
and	O
I	O
think	O
it	O
âs	O
a	O
good	O
policy	O
to	O
continue	O
.	O
Hopefully	O
,	O
the	O
government	O
can	O
provide	O
more	O
subsidies	O
for	O
us	O
elderly	O
people	O
.	O
â	O

