HEFEI	B-LOCATION
,	O
July	B-DATE
18	I-DATE
(	O
Xinhua	B-ORGANIZATION
)	O
-	O
-	O
East	B-LOCATION
China	I-LOCATION
's	I-LOCATION
Anhui	I-LOCATION|B-LOCATION
Province	I-LOCATION
is	O
taking	O
a	O
number	O
of	O
measures	O
such	O
as	O
increasing	O
supplies	O
and	O
monitoring	O
prices	O
to	O
ensure	O
the	O
stable	O
supply	O
of	O
daily	O
necessities	O
for	O
those	O
who	O
are	O
affected	O
by	O
the	O
latest	O
COVID	B-DATE
-	I-DATE
19	I-DATE
resurgence	O
.	O

Three	O
locally	O
transmitted	O
confirmed	O
COVID	B-BRANDS
-	B-MISC
19	I-MISC
cases	O
and	O
52	O
local	O
asymptomatic	O
carriers	O
were	O
reported	O
in	O
Anhui	B-LOCATION
on	O
Sunday	B-DATE
,	O
with	O
the	O
majority	O
of	O
cases	O
found	O
in	O
Huaiyuan	B-LOCATION
County	I-LOCATION
of	I-LOCATION
Bengbu	I-LOCATION|B-LOCATION
City	I-LOCATION
,	O
according	O
to	O
the	O
provincial	O
health	O
commission	O
.	O

More	O
than	O
110	O
supermarkets	O
and	O
two	O
wholesale	O
markets	O
have	O
been	O
arranged	O
to	O
supply	O
daily	O
necessities	O
to	O
residents	O
in	O
Bengbu	B-LOCATION
,	O
said	O
the	O
city	O
's	O
bureau	O
of	O
commerce	O
and	O
foreign	O
affairs	O
.	O

"	O
We	O
have	O
carried	O
out	O
market	O
performance	O
monitoring	O
of	O
daily	O
necessities	O
every	O
day	O
since	O
the	O
latest	O
COVID	B-BRANDS
-	B-MISC
19	I-MISC
resurgence	O
started	O
.	O

At	O
present	O
,	O
daily	O
necessities	O
such	O
as	O
rice	O
,	O
flour	O
,	O
cooking	O
oil	O
,	O
meat	O
,	O
eggs	O
and	O
vegetables	O
are	O
in	O
ample	O
supply	O
,	O
"	O
said	O
Shi	B-GIVEN_NAME
Weichun	B-FAMILY_NAME
with	O
the	O
bureau	O
.	O

Selected	O
as	O
one	O
of	O
the	O
entities	O
by	O
the	O
city	O
to	O
provide	O
daily	O
supplies	O
,	O
Haijixing	B-LOCATION
wholesale	O
market	O
of	O
agricultural	O
products	O
has	O
signed	O
agreements	O
with	O
business	O
owners	O
to	O
prevent	O
price	O
gouging	O
.	O

"	O
The	O
trading	O
volume	O
of	O
vegetables	O
is	O
around	O
1,800	O
tonnes	O
per	O
day	O
,	O
which	O
is	O
about	O
20	O
percent	O
higher	O
than	O
that	O
of	O
normal	O
times	O
,	O
"	O
said	O
Jiang	B-GIVEN_NAME
Li	B-FAMILY_NAME
with	O
the	O
market	O
.	O

Local	O
authorities	O
are	O
also	O
monitoring	O
the	O
prices	O
of	O
epidemic	O
prevention	O
products	O
like	O
facial	O
masks	O
,	O
disinfectants	O
,	O
antigen	O
test	O
kits	O
and	O
commodities	O
such	O
as	O
meat	O
,	O
eggs	O
and	O
milk	O
.	O

Illegal	O
behavior	O
including	O
hoarding	O
and	O
price	O
gouging	O
is	O
strictly	O
cracked	O
down	O
on	O
.	O

"	O
There	O
is	O
enough	O
vegetable	O
supply	O
here	O
and	O
the	O
price	O
is	O
reasonable	O
.	O

I	O
come	O
to	O
buy	O
some	O
potatoes	O
and	O
white	O
radishes	O
today	O
.	O

I	O
feel	O
at	O
ease	O
when	O
I	O
see	O
sufficient	O
necessities	O
here	O
,	O
"	O
said	O
Hao	B-GIVEN_NAME
Baolin	B-FAMILY_NAME
,	O
a	O
resident	O
who	O
was	O
shopping	O
at	O
a	O
local	O
supermarket	O
.	O

