&	O
pgtype	O
=	O
homepage	O

Hong	B-LOCATION
Kong	I-LOCATION
âs	O
daily	O
coronavirus	B-BRANDS
infections	O
have	O
exceeded	O
the	O
4,000	O
mark	O
for	O
the	O
first	O
time	O
since	O
a	O
rebound	O
in	O
June	B-DATE
,	O
while	O
the	O
health	O
minister	O
has	O
said	O
he	O
will	O
meet	O
pandemic	O
advisers	O
as	O
soon	O
as	O
possible	O
to	O
discuss	O
strategies	O
on	O
containing	O
the	O
latest	O
surge	O
in	O
cases	O
.	O

Despite	O
the	O
caseload	O
reaching	O
a	O
new	O
high	O
,	O
Dr	O
Donald	B-GIVEN_NAME
Li	B-FAMILY_NAME
Kwok	I-FAMILY_NAME
-	I-FAMILY_NAME
tung	I-FAMILY_NAME
,	O
who	O
will	O
become	O
chairman	O
of	O
the	O
Elderly	B-ORGANIZATION
Commission	I-ORGANIZATION
on	O
July	B-DATE
30	I-DATE
,	O
on	O
Thursday	B-DATE
dismissed	O
the	O
possibility	O
of	O
mandating	O
vaccines	O
for	O
residents	O
in	O
care	O
homes	O
for	O
the	O
elderly	O
,	O
but	O
said	O
boosting	O
the	O
inoculation	O
rate	O
was	O
a	O
priority	O
.	O

Hong	B-LOCATION
Kong	I-LOCATION
on	O
Thursday	B-DATE
logged	O
4,375	O
new	O
infections	O
,	O
including	O
299	O
imported	O
cases	O
,	O
and	O
three	O
related	O
deaths	O
.	O
The	O
city	O
âs	O
Covid	B-DATE
-	I-DATE
19	I-DATE
tally	O
stands	O
at	O
1,308,954	O
cases	O
,	O
with	O
9,448	O
linked	O
fatalities	O
.	O

The	O
number	O
of	O
severe	O
cases	O
remained	O
low	O
,	O
with	O
18	O
and	O
25	O
patients	O
in	O
critical	O
and	O
serious	O
condition	O
,	O
respectively	O
,	O
among	O
a	O
total	O
of	O
1,233	O
patients	O
being	O
treated	O
in	O
public	O
hospitals	O
.	O

â	O
The	O
number	O
of	O
confirmed	O
cases	O
has	O
been	O
increasing	O
,	O
but	O
not	O
as	O
fast	O
as	O
what	O
happened	O
in	O
February	B-DATE
and	O
March	B-DATE
during	O
the	O
fifth	O
wave	O
,	O
â	O
Dr	O
Chuang	B-GIVEN_NAME
Shuk	B-FAMILY_NAME
-	O
kwan	O
from	O
the	O
Centre	B-ORGANIZATION
for	I-ORGANIZATION
Health	I-ORGANIZATION
Protection	I-ORGANIZATION
(	O
CHP	B-ORGANIZATION
)	O
said	O
.	O

â	O
But	O
we	O
observed	O
that	O
the	O
trend	O
has	O
been	O
gradually	O
rising	O
and	O
[	O
the	O
caseload	O
]	O
doubled	O
every	O
two	O
weeks	O
.	O
We	O
have	O
not	O
seen	O
a	O
decreasing	O
trend	O
for	O
the	O
time	O
being	O
.	O
â	O

Hospital	B-ORGANIZATION
Authority	I-ORGANIZATION
Chief	O
Manager	O
Dr	O
Larry	B-GIVEN_NAME
Lee	B-FAMILY_NAME
Lap	I-FAMILY_NAME
-	I-FAMILY_NAME
yip	I-FAMILY_NAME
said	O
a	O
trial	O
of	O
teleconsultation	O
services	O
for	O
patients	O
isolating	O
at	O
home	O
was	O
launched	O
to	O
ease	O
the	O
pressure	O
on	O
emergency	O
rooms	O
and	O
Covid	B-BRANDS
-	B-MISC
19	I-MISC
designated	O
clinics	O
.	O

Earlier	O
on	O
Thursday	B-DATE
,	O
Secretary	O
for	O
Health	O
Lo	B-GIVEN_NAME
Chung	B-FAMILY_NAME
-	I-FAMILY_NAME
mau	I-FAMILY_NAME
told	O
his	O
health	O
services	O
panel	O
in	O
the	O
Legislative	B-ORGANIZATION
Council	I-ORGANIZATION
that	O
he	O
would	O
soon	O
call	O
his	O
first	O
meeting	O
to	O
discuss	O
ways	O
to	O
curb	O
the	O
surge	O
in	O
cases	O
with	O
health	O
advisers	O
.	O

Four	O
experts	O
from	O
the	O
University	B-ORGANIZATION
of	I-ORGANIZATION
Hong	I-ORGANIZATION|B-LOCATION
Kong	I-ORGANIZATION|I-LOCATION
(	O
HKU	B-ORGANIZATION
)	O
,	O
including	O
two	O
government	O
advisers	O
,	O
last	O
week	O
called	O
for	O
boosting	O
â	O
hybrid	O
immunity	O
â	O
among	O
the	O
population	O
before	O
winter	O
by	O
easing	O
social	O
-	O
distancing	O
measures	O
.	O
The	O
approach	O
,	O
centred	O
on	O
exposing	O
people	O
to	O
infections	O
,	O
is	O
in	O
contrast	O
with	O
the	O
city	O
âs	O
â	O
dynamic	O
-	O
zero	O
â	O
stance	O
.	O

Responding	O
to	O
their	O
suggestions	O
,	O
Lo	B-GIVEN_NAME
said	O
the	O
expert	O
group	O
of	O
advisers	O
were	O
informed	O
in	O
late	O
June	B-DATE
that	O
pandemic	O
measures	O
had	O
to	O
take	O
into	O
account	O
the	O
local	O
situation	O
,	O
adding	O
authorities	O
would	O
centralise	O
the	O
release	O
of	O
information	O
to	O
avoid	O
confusing	O
the	O
public	O
.	O

â	O
Many	O
government	O
policies	O
cannot	O
solely	O
rely	O
on	O
foreign	O
theories	O
and	O
practices	O
.	O
We	O
also	O
have	O
to	O
consider	O
Hong	B-LOCATION
Kong	I-LOCATION
âs	O
situation	O
including	O
age	O
,	O
population	O
,	O
vaccination	O
rates	O
,	O
and	O
the	O
capacity	O
of	O
the	O
healthcare	O
system	O
,	O
â	O
he	O
said	O
.	O

â	O
We	O
will	O
continue	O
to	O
communicate	O
with	O
the	O
experts	O
.	O
We	O
emphasise	O
that	O
after	O
fully	O
communicating	O
with	O
the	O
expert	O
panel	O
,	O
we	O
will	O
explain	O
to	O
the	O
public	O
in	O
a	O
systematic	O
approach	O
â¦	O
so	O
the	O
public	O
will	O
not	O
receive	O
confusing	O
information	O
from	O
various	O
sources	O
.	O
â	O

The	O
government	O
last	O
week	O
expanded	O
the	O
Covid	B-BRANDS
-	B-MISC
19	I-MISC
Expert	B-BRANDS
Advisory	B-MISC
Panel	I-MISC
to	O
include	O
three	O
more	O
health	O
advisers	O
.	O
The	O
panel	O
now	O
comprises	O
six	O
members	O
,	O
including	O
HKU	B-ORGANIZATION
professors	O
Ivan	B-GIVEN_NAME
Hung	B-FAMILY_NAME
Fan	I-FAMILY_NAME
-	I-FAMILY_NAME
ngai	I-FAMILY_NAME
and	O
Yuen	B-GIVEN_NAME
Kwok	B-FAMILY_NAME
-	I-FAMILY_NAME
yung	I-FAMILY_NAME
,	O
who	O
last	O
week	O
published	O
an	O
article	O
on	O
possible	O
measures	O
in	O
preparation	O
for	O
a	O
potential	O
sixth	O
wave	O
.	O

They	O
proposed	O
hybrid	O
immunity	O
as	O
a	O
method	O
to	O
prevent	O
another	O
â	O
catastrophic	O
collapse	O
â	O
of	O
the	O
healthcare	O
system	O
,	O
suggesting	O
gradual	O
exposure	O
to	O
infections	O
through	O
the	O
easing	O
of	O
social	O
-	O
distancing	O
rules	O
and	O
quarantine	O
requirements	O
for	O
incoming	O
travellers	O
.	O

Hong	B-LOCATION
Kong	I-LOCATION
adopts	O
a	O
â	O
dynamic	O
-	O
zero	O
â	O
strategy	O
,	O
aligned	O
with	O
mainland	O
China	B-LOCATION
,	O
aimed	O
at	O
curbing	O
coronavirus	O
infections	O
by	O
containing	O
outbreaks	O
as	O
fast	O
as	O
possible	O
.	O

Separately	O
,	O
the	O
Social	B-ORGANIZATION
Welfare	I-ORGANIZATION
Department	I-ORGANIZATION
tightened	O
measures	O
at	O
care	O
homes	O
by	O
requiring	O
staff	O
to	O
undergo	O
a	O
polymerase	B-BRANDS
chain	B-MISC
reaction	I-MISC
(	O
PCR	B-BRANDS
)	O
test	O
every	O
seven	B-DURATION
days	I-DURATION
,	O
in	O
addition	O
to	O
daily	O
rapid	B-BRANDS
antigen	B-MISC
tests	I-MISC
(	O
RAT	B-BRANDS
)	O
,	O
starting	O
from	O
next	O
Wednesday	B-DATE
.	O

Starting	O
from	O
next	O
month	O
,	O
all	O
visitors	O
will	O
have	O
to	O
present	O
a	O
negative	O
PCR	B-BRANDS
test	O
result	O
obtained	O
within	O
4	O
8	B-DURATION
hours	I-DURATION
before	O
entering	O
care	O
homes	O
.	O
From	O
August	B-DATE
28	I-DATE
onwards	O
,	O
the	O
inoculation	O
requirement	O
will	O
be	O
the	O
same	O
as	O
the	O
vaccine	O
pass	O
scheme	O
,	O
under	O
which	O
residents	O
must	O
have	O
received	O
three	O
doses	O
or	O
two	O
jabs	O
within	O
six	O
months	O
to	O
enter	O
certain	O
premises	O
.	O

Previously	O
,	O
care	O
home	O
staff	O
were	O
only	O
required	O
to	O
do	O
a	O
PCR	B-BRANDS
test	O
every	O
two	O
weeks	O
and	O
a	O
daily	O
RAT	B-BRANDS
test	O
,	O
while	O
visitors	O
had	O
to	O
have	O
received	O
at	O
least	O
two	O
doses	O
of	O
a	O
vaccine	O
and	O
undergo	O
a	O
RAT	B-BRANDS
test	O
at	O
the	O
facilities	O
.	O

The	O
incoming	O
chairman	O
of	O
the	O
Elderly	B-ORGANIZATION
Commission	I-ORGANIZATION
said	O
boosting	O
the	O
vaccination	O
rate	O
among	O
elderly	O
residents	O
in	O
care	O
homes	O
remained	O
a	O
top	O
priority	O
,	O
but	O
rejected	O
the	O
idea	O
of	O
making	O
it	O
compulsory	O
.	O

â	O
We	O
should	O
continue	O
explaining	O
to	O
elderly	O
residents	O
the	O
benefits	O
of	O
vaccination	O
and	O
persuade	O
them	O
to	O
receive	O
a	O
jab	O
,	O
instead	O
of	O
making	O
it	O
compulsory	O
,	O
which	O
could	O
lead	O
to	O
low	O
acceptance	O
among	O
them	O
,	O
â	O
said	O
Li	B-GIVEN_NAME
,	O
adding	O
that	O
a	O
government	O
initiative	O
allowing	O
medical	O
teams	O
to	O
provide	O
vaccination	O
services	O
at	O
facilities	O
had	O
made	O
the	O
jabs	O
more	O
accessible	O
and	O
had	O
alleviated	O
residents	O
â	O
concerns	O
.	O

Chuang	B-GIVEN_NAME
of	O
CHP	B-ORGANIZATION
said	O
the	O
vaccination	O
rate	O
for	O
the	O
third	O
dose	O
was	O
not	O
ideal	O
,	O
especially	O
among	O
the	O
elderly	O
.	O
Only	O
59.35	O
per	O
cent	O
of	O
those	O
aged	O
between	O
70	O
and	O
79	O
were	O
triple	O
-	O
vaccinated	O
,	O
while	O
38.29	O
per	O
cent	O
of	O
those	O
aged	O
80	O
and	O
older	O
had	O
received	O
three	O
doses	O
.	O

Aside	O
from	O
inoculation	O
,	O
Li	B-GIVEN_NAME
said	O
elderly	O
care	O
homes	O
should	O
also	O
enhance	O
infection	O
screening	O
and	O
that	O
requiring	O
staff	O
members	O
to	O
take	O
PCR	B-BRANDS
tests	O
once	O
a	O
week	O
would	O
help	O
.	O

He	O
said	O
the	O
commission	O
was	O
also	O
examining	O
ventilation	O
systems	O
at	O
care	O
homes	O
,	O
and	O
had	O
sent	O
nurses	O
there	O
to	O
conduct	O
reviews	O
to	O
ensure	O
operators	O
were	O
complying	O
with	O
infection	O
control	O
measures	O
.	O
He	O
also	O
encouraged	O
facilities	O
to	O
resort	O
to	O
innovative	O
technologies	O
to	O
help	O
fight	O
the	O
pandemic	O
,	O
including	O
the	O
use	O
of	O
3	O
D	O
printing	O
antivirus	O
materials	O
.	O

â	O
We	O
hope	O
to	O
do	O
better	O
in	O
prevention	O
so	O
care	O
homes	O
will	O
not	O
have	O
out	O
-	O
of	O
-	O
control	O
outbreaks	O
which	O
can	O
overwhelm	O
the	O
healthcare	O
system	O
,	O
â	O
he	O
said	O
.	O

In	O
response	O
to	O
some	O
experts	O
â	O
suggestion	O
of	O
letting	O
infected	O
residents	O
at	O
care	O
homes	O
quarantine	O
at	O
the	O
facilities	O
,	O
Li	B-GIVEN_NAME
said	O
it	O
depended	O
on	O
the	O
circumstances	O
of	O
individual	O
homes	O
,	O
such	O
as	O
the	O
number	O
of	O
infected	O
cases	O
and	O
if	O
they	O
were	O
suitable	O
for	O
short	O
,	O
on	O
-	O
site	O
isolation	O
.	O

Respiratory	O
medicine	O
expert	O
Dr	O
Leung	B-GIVEN_NAME
Chi	B-FAMILY_NAME
-	I-FAMILY_NAME
chiu	I-FAMILY_NAME
said	O
although	O
daily	O
infections	O
had	O
surpassed	O
the	O
4,000	O
mark	O
,	O
the	O
increase	O
in	O
caseloads	O
had	O
slowed	O
down	O
from	O
90	O
per	O
cent	O
per	O
week	O
in	O
early	O
June	B-DATE
to	O
around	O
20	O
per	O
cent	O
.	O

â	O
With	O
an	O
increasing	O
number	O
of	O
cases	O
,	O
control	O
measures	O
are	O
slowly	O
overwhelmed	O
and	O
some	O
tracing	O
activities	O
,	O
say	O
at	O
scheduled	O
premises	O
,	O
have	O
been	O
stopped	O
.	O
This	O
may	O
sustain	O
the	O
rebound	O
for	O
a	O
few	O
more	O
weeks	O
before	O
it	O
stabilises	O
,	O
â	O
he	O
said	O
.	O

He	O
added	O
that	O
before	O
subvariant	O
BA	B-BRANDS
.	B-MISC
5	I-MISC
overtook	O
BA	B-BRANDS
.	B-MISC
2.2	I-MISC
to	O
become	O
the	O
dominant	O
strain	O
,	O
cases	O
of	O
BA	B-BRANDS
.	B-MISC
2.2	I-MISC
would	O
likely	O
stabilise	O
at	O
around	O
4,000	O
to	O
6,000	O
in	O
the	O
coming	O
weeks	O
depending	O
on	O
the	O
relaxation	O
of	O
anti	O
-	O
epidemic	O
measures	O
.	O

â	O
How	O
fast	O
BA	B-BRANDS
.	B-MISC
5	I-MISC
takes	O
over	O
will	O
depend	O
on	O
how	O
fast	O
we	O
relax	O
our	O
control	O
measures	O
at	O
the	O
border	O
and	O
internally	O
,	O
â	O
he	O
noted	O
,	O
adding	O
that	O
BA	B-BRANDS
.	B-MISC
5	I-MISC
cases	O
would	O
peak	O
at	O
a	O
low	O
five	O
-	O
digit	O
number	O
.	O

