&	O
pgtype	O
=	O
homepage	O

A	O
man	O
from	O
eastern	B-LOCATION
China	I-LOCATION
has	O
been	O
honoured	O
as	O
a	O
national	O
hero	O
after	O
he	O
caught	O
a	O
falling	O
toddler	O
who	O
had	O
tumbled	O
out	O
of	O
the	O
window	O
of	O
her	O
fifth	O
-	O
floor	O
flat	O
,	O
landed	O
on	O
a	O
first	O
-	O
floor	O
terrace	O
,	O
and	O
then	O
slid	O
over	O
that	O
edge	O
and	O
plummeted	O
towarda	O
the	O
pavement	O
.	O

Shen	B-GIVEN_NAME
Dong	B-FAMILY_NAME
,	O
31	O
,	O
was	O
parking	O
his	O
car	O
across	O
the	O
street	O
on	O
Tuesday	B-DATE
when	O
he	O
heard	O
a	O
loud	O
bang	O
caused	O
by	O
the	O
two	O
-	O
year	O
-	O
old	O
girl	O
landing	O
on	O
the	O
steel	O
roofing	O
on	O
the	O
first	O
-	O
floor	O
terrace	O
of	O
a	O
housing	O
complex	O
after	O
falling	O
four	O
stories	O
out	O
the	O
window	O
.	O

The	O
little	O
girl	O
then	O
fell	O
over	O
the	O
edge	O
of	O
the	O
terrace	O
when	O
she	O
started	O
to	O
move	O
and	O
fell	O
towards	O
the	O
pavement	O
,	O
but	O
Shen	B-GIVEN_NAME
caught	O
the	O
little	O
girl	O
before	O
she	O
landed	O
on	O
the	O
concrete	O
,	O
according	O
to	O
a	O
viral	O
video	O
released	O
by	O
local	O
police	O
on	O
Wednesday	B-DATE
.	O

The	O
girl	O
from	O
Tongxiang	B-LOCATION
in	I-LOCATION
Zhejiang	I-LOCATION
province	I-LOCATION
injured	O
her	O
legs	O
and	O
lungs	O
,	O
but	O
she	O
is	O
in	O
stable	O
condition	O
.	O

Shen	B-GIVEN_NAME
,	O
who	O
works	O
at	O
a	O
nearby	O
bank	O
,	O
called	O
emergency	O
personnel	O
while	O
he	O
was	O
rushing	O
with	O
a	O
female	O
colleague	O
to	O
help	O
the	O
girl	O
,	O
but	O
tossed	O
his	O
mobile	O
phone	O
immediately	O
and	O
reached	O
the	O
toddler	O
just	O
in	O
time	O
to	O
prevent	O
her	O
from	O
hitting	O
the	O
ground	O
.	O

He	O
said	O
he	O
did	O
not	O
realise	O
it	O
was	O
a	O
child	O
until	O
she	O
started	O
moving	O
a	O
few	O
seconds	O
after	O
landing	O
on	O
the	O
terrace	O
.	O
The	O
movement	O
made	O
her	O
fall	O
again	O
,	O
which	O
is	O
when	O
Shen	B-GIVEN_NAME
ran	O
over	O
to	O
catch	O
her	O
.	O

â	O
To	O
be	O
honest	O
,	O
I	O
cannot	O
remember	O
the	O
details	O
.	O
I	O
cannot	O
remember	O
if	O
my	O
arms	O
hurt	O
or	O
anything	O
.	O
It	O
was	O
just	O
instinct	O
to	O
reach	O
out	O
to	O
her	O
,	O
â	O
Shen	B-GIVEN_NAME
told	O
local	O
newspaper	O
Qianjiang	B-ORGANIZATION
Evening	I-ORGANIZATION
News	I-ORGANIZATION
.	O

â	O
It	O
was	O
lucky	O
I	O
made	O
it	O
in	O
time	O
.	O
Otherwise	O
,	O
I	O
would	O
feel	O
absolutely	O
horrible	O
,	O
â	O
he	O
said	O
.	O

He	O
said	O
the	O
child	O
survived	O
because	O
the	O
terrace	O
she	O
fell	O
onto	O
included	O
steel	O
roofing	O
materials	O
,	O
which	O
softened	O
the	O
fall	O
.	O

The	O
video	O
was	O
widely	O
shared	O
and	O
touched	O
millions	O
of	O
web	O
users	O
after	O
it	O
was	O
posted	O
on	O
the	O
Weibo	B-ORGANIZATION
account	O
of	O
the	O
police	O
bureau	O
of	O
Jiaxing	B-LOCATION
city	O
,	O
which	O
oversees	O
Tongxiang	B-LOCATION
.	O

â	O
He	O
is	O
a	O
superhero	O
,	O
stepping	O
forward	O
bravely	O
at	O
a	O
critical	O
moment	O
.	O
I	O
hope	O
he	O
can	O
get	O
a	O
mobile	O
phone	O
as	O
a	O
reward	O
because	O
the	O
old	O
one	O
must	O
have	O
broken	O
,	O
â	O
one	O
user	O
commented	O
.	O

In	O
a	O
similar	O
case	O
11	B-DURATION
years	I-DURATION
ago	O
,	O
a	O
young	O
mother	O
named	O
Wu	B-GIVEN_NAME
Juping	B-FAMILY_NAME
,	O
also	O
from	O
Zhejiang	B-LOCATION
province	I-LOCATION
,	O
won	O
national	O
applause	O
for	O
miraculously	O
catching	O
a	O
toddler	O
who	O
fell	O
from	O
her	O
9th	O
floor	O
home	O
while	O
walking	O
below	O
the	O
building	O
.	O

The	O
girl	O
survived	O
,	O
and	O
Wu	B-GIVEN_NAME
broke	O
her	O
arms	O
.	O
She	O
was	O
nicknamed	O
China	B-LOCATION
âs	O
â	O
most	O
beautiful	O
mother	O
â	O
for	O
her	O
heroism	O
.	O

