&	O
pgtype	O
=	O
homepage	O

The	O
absence	O
of	O
a	O
Chinese	B-AFFILIATION
official	O
at	O
the	O
recent	O
funeral	O
of	O
assassinated	O
Japanese	B-AFFILIATION
political	O
icon	O
Shinzo	B-GIVEN_NAME
Abe	B-FAMILY_NAME
was	O
a	O
telling	O
reminder	O
of	O
the	O
state	O
of	O
relations	O
between	O
the	O
countries	O
.	O
Many	O
nations	O
sent	O
representatives	O
to	O
the	O
private	O
ceremony	O
.	O

Taiwan	B-LOCATION
âs	O
vice	O
-	O
president	O
was	O
also	O
controversially	O
there	O
,	O
but	O
China	B-LOCATION
said	O
it	O
received	O
no	O
invitation	O
from	O
Tokyo	B-LOCATION
.	O
However	O
,	O
President	O
Xi	B-GIVEN_NAME
Jinping	B-FAMILY_NAME
sent	O
his	O
condolences	O
to	O
Prime	O
Minister	O
Fumio	B-GIVEN_NAME
Kishida	B-FAMILY_NAME
,	O
and	O
his	O
wife	O
,	O
Peng	B-GIVEN_NAME
Liyuan	B-FAMILY_NAME
,	O
did	O
likewise	O
for	O
widow	O
Akie	B-GIVEN_NAME
Abe	B-FAMILY_NAME
.	O

Vice	O
-	O
foreign	O
minister	O
Ma	B-GIVEN_NAME
Zhaoxu	B-FAMILY_NAME
also	O
paid	O
tribute	O
at	O
Japan	B-LOCATION
âs	O
embassy	O
in	O
Beijing	B-LOCATION
.	O
Neighbours	O
with	O
such	O
strong	O
economic	O
links	O
and	O
exchanges	O
should	O
strive	O
to	O
maintain	O
harmonious	O
ties	O
,	O
even	O
in	O
challenging	O
times	O
.	O

Abe	B-GIVEN_NAME
was	O
Japan	B-LOCATION
âs	O
longest	O
-	O
serving	O
prime	O
minister	O
and	O
,	O
after	O
leaving	O
office	O
,	O
the	O
leader	O
of	O
the	O
biggest	O
faction	O
in	O
the	O
ruling	O
Liberal	B-ORGANIZATION
Democratic	I-ORGANIZATION
Party	I-ORGANIZATION
(	O
LDP	B-ORGANIZATION
)	O
.	O
Upper	O
house	O
parliamentary	O
elections	O
on	O
Sunday	B-DATE
,	O
just	O
two	B-DURATION
days	I-DURATION
after	O
he	O
was	O
shot	O
dead	O
,	O
gave	O
most	O
seats	O
to	O
the	O
LDP	B-ORGANIZATION
and	O
junior	O
coalition	O
partner	O
Komeito	B-ORGANIZATION
.	O

They	O
have	O
overwhelming	O
numbers	O
in	O
both	O
chambers	O
and	O
Kishida	B-GIVEN_NAME
now	O
has	O
a	O
stable	O
power	O
base	O
from	O
which	O
to	O
direct	O
policies	O
.	O
High	O
on	O
the	O
agenda	O
is	O
changing	O
the	O
pacifist	O
constitution	O
,	O
which	O
requires	O
a	O
two	O
-	O
thirds	O
majority	O
.	O

Xi	B-GIVEN_NAME
highlighted	O
Abe	B-GIVEN_NAME
âs	O
efforts	O
to	O
improve	O
relations	O
with	O
China	B-LOCATION
;	O
he	O
was	O
the	O
last	O
Japanese	B-AFFILIATION
prime	O
minister	O
to	O
visit	O
Beijing	B-LOCATION
and	O
the	O
president	O
accepted	O
an	O
invitation	O
to	O
go	O
to	O
Tokyo	B-LOCATION
in	O
2019	B-DATE
,	O
although	O
that	O
never	O
happened	O
.	O
But	O
the	O
former	O
leader	O
was	O
also	O
a	O
nationalist	O
who	O
saw	O
China	B-LOCATION
âs	O
growing	O
might	O
as	O
a	O
threat	O
.	O

He	O
built	O
stronger	O
ties	O
with	O
the	O
United	B-LOCATION
States	I-LOCATION
,	O
India	B-LOCATION
and	O
Australia	B-LOCATION
through	O
the	O
Quad	B-BRANDS
security	B-MISC
alliance	I-MISC
,	O
advocated	O
relations	O
with	O
Taiwan	B-LOCATION
and	O
sought	O
to	O
amend	O
Article	B-BRANDS
9	B-MISC
of	O
the	O
constitution	O
,	O
which	O
renounces	O
the	O
right	O
of	O
war	O
and	O
offensive	O
forces	O
.	O

Kishida	B-GIVEN_NAME
has	O
seldom	O
called	O
for	O
constitutional	O
amendments	O
,	O
although	O
at	O
a	O
recent	O
Nato	B-ORGANIZATION
summit	O
he	O
said	O
he	O
felt	O
â	O
a	O
strong	O
sense	O
of	O
crisis	O
that	O
Ukraine	B-LOCATION
may	O
be	O
East	B-LOCATION
Asia	I-LOCATION
tomorrow	O
â	O
.	O
Without	O
naming	O
China	B-LOCATION
,	O
he	O
was	O
correlating	O
Russia	B-LOCATION
âs	O
invasion	O
of	O
Ukraine	B-LOCATION
to	O
claimed	O
Chinese	B-AFFILIATION
provocations	O
in	O
the	O
East	B-LOCATION
and	I-LOCATION
South	I-LOCATION
China	I-LOCATION
seas	O
.	O

In	O
the	O
50th	O
year	O
of	O
the	O
normalisation	O
of	O
Sino	B-AFFILIATION
-	O
Japanese	B-AFFILIATION
diplomatic	O
relations	O
,	O
such	O
words	O
are	O
worrying	O
.	O
So	O
important	O
a	O
relationship	O
should	O
be	O
handled	O
prudently	O
.	O

