&	O
pgtype	O
=	O
article	O

Henan	B-LOCATION
âs	O
local	O
authorities	O
assigned	O
a	O
bad	O
-	O
loans	O
manager	O
and	O
a	O
state	O
-	O
owned	O
real	O
estate	O
developer	O
to	O
clean	O
up	O
the	O
province	O
âs	O
property	O
mess	O
,	O
taking	O
drastic	O
action	O
to	O
contain	O
a	O
crisis	O
ahead	O
of	O
China	B-LOCATION
âs	O
twice	O
-	O
a	O
-	O
decade	O
leadership	O
conclave	O
.	O

A	O
working	O
team	O
set	O
up	O
by	O
Henan	B-ORGANIZATION|B-LOCATION
Asset	I-ORGANIZATION
Management	I-ORGANIZATION
Company	I-ORGANIZATION
and	O
Zhengzhou	B-ORGANIZATION|B-LOCATION
Real	I-ORGANIZATION
Estate	I-ORGANIZATION
Group	I-ORGANIZATION
will	O
help	O
cash	O
-	O
starved	O
developers	O
to	O
work	O
out	O
their	O
funding	O
woes	O
,	O
according	O
to	O
a	O
report	O
posted	O
on	O
the	O
asset	O
management	O
firm	O
âs	O
website	O
.	O
The	O
team	O
will	O
also	O
aim	O
to	O
revive	O
stalled	O
projects	O
,	O
sell	O
assets	O
and	O
restructure	O
businesses	O
to	O
ensure	O
the	O
completion	O
and	O
smooth	O
delivery	O
of	O
homes	O
to	O
contracted	O
buyers	O
,	O
the	O
report	O
added	O
.	O

Henan	B-ORGANIZATION|B-LOCATION
AMC	I-ORGANIZATION
is	O
40	O
-	O
per	O
cent	O
owned	O
by	O
Henan	B-ORGANIZATION|B-LOCATION
Investment	I-ORGANIZATION
Corporation	I-ORGANIZATION
,	O
the	O
provincial	O
investment	O
platform	O
in	O
central	O
China	B-LOCATION
.	O
Its	O
involvement	O
underscores	O
how	O
local	O
authorities	O
are	O
responding	O
to	O
Premier	O
Li	B-GIVEN_NAME
Keqiang	B-FAMILY_NAME
âs	O
instructions	O
to	O
fix	O
the	O
simmering	O
banking	O
and	O
property	O
crisis	O
that	O
is	O
spreading	O
throughout	O
the	O
country	O
.	O

Henan	B-LOCATION
âs	O
provincial	O
capital	O
Zhengzhou	B-LOCATION
is	O
ground	O
zero	O
in	O
the	O
mess	O
,	O
where	O
a	O
banking	O
scam	O
by	O
local	O
fraudsters	O
has	O
combined	O
with	O
a	O
mortgage	O
boycott	O
by	O
disgruntled	O
homebuyers	O
.	O
The	O
scam	O
has	O
run	O
up	O
a	O
tally	O
of	O
40	B-MONEY
billion	I-MONEY
yuan	I-MONEY
(	O
US	B-MONEY
$	I-MONEY
6	I-MONEY
billion	I-MONEY
)	O
in	O
missing	O
bank	O
deposits	O
and	O
a	O
rare	O
protest	O
by	O
nearly	O
1,000	O
depositors	O
.	O
Henan	B-LOCATION
,	O
the	O
home	O
province	O
of	O
China	B-ORGANIZATION|B-LOCATION
Evergrande	I-ORGANIZATION
Group	I-ORGANIZATION
âs	O
founder	O
Xu	B-GIVEN_NAME
Jiayin	B-FAMILY_NAME
,	O
also	O
had	O
more	O
unfinished	O
residential	O
projects	O
than	O
anywhere	O
else	O
in	O
China	B-LOCATION
,	O
according	O
to	O
mainland	O
Chinese	B-AFFILIATION
media	O
.	O

Henan	B-ORGANIZATION|B-LOCATION
AMC	I-ORGANIZATION
âs	O
involvement	O
mirrors	O
the	O
assignment	O
of	O
bad	O
-	O
debt	O
managers	O
at	O
the	O
national	O
level	O
to	O
help	O
China	B-LOCATION
âs	O
largest	O
banks	O
work	O
out	O
the	O
non	O
-	O
performing	O
loans	O
in	O
the	O
property	O
sector	O
.	O
Great	B-ORGANIZATION|B-LOCATION
Wall	I-ORGANIZATION|I-LOCATION
AMC	I-ORGANIZATION
is	O
already	O
cleaning	O
up	O
bad	O
debt	O
on	O
the	O
books	O
of	O
the	O
Agricultural	B-ORGANIZATION
Bank	I-ORGANIZATION
of	I-ORGANIZATION
China	I-ORGANIZATION|B-LOCATION
,	O
while	O
China	B-ORGANIZATION|B-LOCATION
Orient	I-ORGANIZATION
AMC	I-ORGANIZATION
is	O
working	O
with	O
Bank	B-ORGANIZATION
of	I-ORGANIZATION
China	I-ORGANIZATION|B-LOCATION
.	O

More	O
provinces	O
have	O
stepped	O
up	O
.	O
Gortune	B-ORGANIZATION
Investment	I-ORGANIZATION
in	O
southern	B-LOCATION
China	I-LOCATION
âs	O
economic	O
powerhouse	O
Guangdong	B-LOCATION
province	I-LOCATION
signed	O
an	O
agreement	O
in	O
April	B-DATE
with	O
the	O
bond	O
defaulter	O
Fantasia	B-ORGANIZATION
Holdings	I-ORGANIZATION
Group	I-ORGANIZATION
and	O
its	O
Colour	B-ORGANIZATION
Life	I-ORGANIZATION
Services	I-ORGANIZATION
Group	I-ORGANIZATION
unit	O
to	O
restructure	O
their	O
debt	O
.	O
Gortune	B-ORGANIZATION
is	O
an	O
investment	O
led	O
by	O
the	O
Guangdong	B-LOCATION
provincial	O
government	O
.	O

â	O
More	O
local	O
[	O
AMCs	B-ORGANIZATION
]	O
may	O
follow	O
suit	O
â	O
in	O
the	O
footsteps	O
of	O
Henan	B-ORGANIZATION|B-LOCATION
AMC	I-ORGANIZATION
in	O
helping	O
tackle	O
the	O
crisis	O
,	O
said	O
Zhu	B-GIVEN_NAME
Yiming	B-FAMILY_NAME
,	O
the	O
director	O
of	O
corporate	O
research	O
at	O
China	B-ORGANIZATION|B-LOCATION
Real	I-ORGANIZATION
Estate	I-ORGANIZATION
Information	I-ORGANIZATION
Corporation	I-ORGANIZATION
,	O
an	O
industry	O
consultant	O
.	O
â	O
The	O
pressure	O
is	O
huge	O
on	O
Henan	B-LOCATION
to	O
ensure	O
the	O
delivery	O
of	O
the	O
houses	O
,	O
so	O
the	O
collaboration	O
shows	O
the	O
determination	O
of	O
local	O
authorities	O
to	O
solve	O
the	O
problem	O
.	O
â	O

The	O
bad	O
debt	O
managers	O
had	O
issued	O
bonds	O
to	O
finance	O
the	O
mergers	O
and	O
acquisitions	O
of	O
distressed	O
property	O
projects	O
,	O
together	O
with	O
China	B-ORGANIZATION|B-LOCATION
Merchants	I-ORGANIZATION
Bank	I-ORGANIZATION
,	O
Industrial	B-ORGANIZATION
Bank	I-ORGANIZATION
,	O
Shanghai	B-ORGANIZATION|B-LOCATION
Pudong	I-ORGANIZATION|I-LOCATION
Development	I-ORGANIZATION
Bank	I-ORGANIZATION
,	O
Bank	B-ORGANIZATION
of	I-ORGANIZATION
Communications	I-ORGANIZATION
,	O
China	B-ORGANIZATION|B-LOCATION
Guangfa	I-ORGANIZATION
Bank	I-ORGANIZATION
and	O
Ping	B-ORGANIZATION
An	I-ORGANIZATION
Bank	I-ORGANIZATION
.	O

Still	O
,	O
the	O
AMCs	B-ORGANIZATION
face	O
an	O
uphill	O
challenge	O
in	O
cleaning	O
up	O
China	B-LOCATION
âs	O
property	O
mess	O
.	O
Of	O
the	O
mass	O
revolt	O
by	O
mortgage	O
borrowers	O
to	O
pay	O
their	O
loans	O
â	O
affecting	O
more	O
than	O
280	O
projects	O
in	O
86	O
Chinese	B-AFFILIATION
cities	O
â	O
over	O
grievances	O
from	O
shoddy	O
quality	O
to	O
non	O
-	O
completion	O
,	O
mostly	O
in	O
Henan	B-LOCATION
province	I-LOCATION
.	O

Great	B-ORGANIZATION|B-LOCATION
Wall	I-ORGANIZATION|I-LOCATION
AMC	I-ORGANIZATION
has	O
failed	O
for	O
the	O
second	O
time	O
to	O
announce	O
its	O
2021	B-DATE
financial	O
results	O
,	O
while	O
concerns	O
about	O
the	O
collective	O
exposure	O
of	O
Chinese	B-AFFILIATION
banks	O
to	O
the	O
mortgage	O
revolt	O
have	O
led	O
to	O
a	O
sell	O
-	O
off	O
in	O
banks	O
â	O
shares	O
.	O

â	O
The	O
previous	O
funds	O
for	O
helping	O
developers	O
were	O
for	O
resolving	O
debt	O
risks	O
,	O
while	O
the	O
one	O
by	O
Henan	B-LOCATION
is	O
likely	O
to	O
focus	O
on	O
ensuring	O
housing	O
delivery	O
,	O
â	O
said	O
Yan	B-GIVEN_NAME
Yuejin	B-FAMILY_NAME
,	O
director	O
of	O
Shanghai	B-LOCATION
-	O
based	O
E	B-ORGANIZATION
-	I-ORGANIZATION
house	I-ORGANIZATION
China	I-ORGANIZATION|B-LOCATION
Research	I-ORGANIZATION
and	I-ORGANIZATION
Development	I-ORGANIZATION
Institute	I-ORGANIZATION
.	O
â	O
When	O
it	O
comes	O
to	O
capital	O
resources	O
to	O
resume	O
construction	O
,	O
the	O
local	O
authorities	O
and	O
banks	O
face	O
pressure	O
,	O
so	O
the	O
fund	O
solves	O
the	O
core	O
problem	O
.	O
â	O

