China	B-LOCATION
has	O
been	O
lobbying	O
behind	O
the	O
scenes	O
at	O
the	O
UN	B-ORGANIZATION
âs	O
top	O
human	O
rights	O
body	O
to	O
block	O
the	O
publication	O
of	O
a	O
highly	O
anticipated	O
report	O
on	O
rights	O
conditions	O
for	O
Uygurs	B-AFFILIATION
and	O
other	O
minority	O
groups	O
in	O
China	B-LOCATION
âs	O
Xinjiang	B-LOCATION
region	O
,	O
according	O
to	O
a	O
document	O
circulating	O
among	O
UN	B-ORGANIZATION
diplomats	O
.	O

The	O
effort	O
comes	O
just	O
weeks	O
after	O
the	O
UN	B-ORGANIZATION
âs	O
human	O
rights	O
chief	O
,	O
Michelle	B-GIVEN_NAME
Bachelet	B-FAMILY_NAME
,	O
travelled	O
to	O
Xinjiang	B-LOCATION
on	O
a	O
controversial	O
tour	O
of	O
the	O
region	O
that	O
critics	O
said	O
was	O
a	O
propaganda	O
coup	O
for	O
Beijing	B-LOCATION
.	O

The	O
â	O
so	O
-	O
called	O
assessment	O
on	O
Xinjiang	B-LOCATION
is	O
of	O
grave	O
concern	O
to	O
us	O
â	O
,	O
the	O
document	O
said	O
.	O

â	O
The	O
assessment	O
,	O
if	O
published	O
,	O
will	O
intensify	O
politicisation	O
and	O
bloc	O
confrontation	O
in	O
the	O
area	O
of	O
human	O
rights	O
,	O
undermine	O
the	O
credibility	O
of	O
the	O
[	O
Office	B-ORGANIZATION|B-LOCATION
of	I-ORGANIZATION|I-LOCATION
the	I-ORGANIZATION|I-LOCATION
UN	I-ORGANIZATION|I-LOCATION|B-ORGANIZATION
High	I-ORGANIZATION|I-LOCATION
Commissioner	I-ORGANIZATION|I-LOCATION
for	I-ORGANIZATION|I-LOCATION
Human	I-ORGANIZATION|I-LOCATION
Rights	I-ORGANIZATION|I-LOCATION
]	O
,	O
and	O
harm	O
the	O
cooperation	O
between	O
OHCHR	B-ORGANIZATION|B-LOCATION
and	O
member	O
states	O
.	O
â	O

â	O
We	O
strongly	O
urge	O
Madame	O
High	O
Commissioner	O
not	O
to	O
publish	O
such	O
an	O
assessment	O
.	O
â	O

The	O
document	O
was	O
first	O
reported	O
by	O
Reuters	B-ORGANIZATION
and	O
seen	O
by	O
the	O
South	B-ORGANIZATION|B-LOCATION
China	I-ORGANIZATION|I-LOCATION|B-LOCATION
Morning	I-ORGANIZATION
Post	I-ORGANIZATION
.	O

The	O
closely	O
guarded	O
UN	B-ORGANIZATION|B-ORGANIZATION
Human	I-ORGANIZATION
Rights	I-ORGANIZATION
Council	I-ORGANIZATION
âs	O
report	O
on	O
Xinjiang	B-LOCATION
has	O
been	O
in	O
the	O
works	O
for	O
many	O
months	O
,	O
but	O
its	O
publication	O
has	O
been	O
repeatedly	O
delayed	O
despite	O
intense	O
pressure	O
from	O
Uygur	B-AFFILIATION
rights	O
activists	O
,	O
the	O
US	B-LOCATION
and	O
European	B-AFFILIATION
governments	O
,	O
and	O
others	O
.	O

Bachelet	B-GIVEN_NAME
had	O
planned	O
to	O
update	O
the	O
report	O
further	O
after	O
her	O
trip	O
to	O
Xinjiang	B-LOCATION
and	O
then	O
send	O
it	O
to	O
the	O
Chinese	B-AFFILIATION
government	O
to	O
review	O
for	O
â	O
factual	O
comments	O
â	O
before	O
publication	O
.	O

It	O
is	O
unclear	O
if	O
Beijing	B-LOCATION
has	O
seen	O
the	O
report	O
yet	O
.	O

In	O
recent	O
years	O
,	O
as	O
a	O
steady	O
stream	O
of	O
evidence	O
has	O
leaked	O
out	O
of	O
Xinjiang	B-LOCATION
of	O
mass	O
detentions	O
,	O
cultural	O
assimilation	O
programmes	O
,	O
forced	O
sterilisation	O
and	O
forced	O
labour	O
,	O
Beijing	B-LOCATION
has	O
vehemently	O
denied	O
that	O
any	O
human	O
rights	O
abuses	O
are	O
taking	O
place	O
in	O
Xinjiang	B-LOCATION
.	O

The	O
US	B-LOCATION
government	O
accuses	O
Beijing	B-LOCATION
of	O
committing	O
crimes	O
against	O
humanity	O
and	O
genocide	O
in	O
the	O
region	O
.	O

Chinese	B-AFFILIATION
leader	O
Xi	B-GIVEN_NAME
Jinping	B-FAMILY_NAME
last	O
week	O
travelled	O
to	O
Xinjiang	B-LOCATION
â	O
his	O
first	O
visit	O
since	O
2014	B-DATE
,	O
the	O
year	O
his	O
government	O
introduced	O
hardline	O
policies	O
in	O
the	O
region	O
â	O
and	O
called	O
for	O
â	O
sinicization	O
â	O
of	O
Islam	B-AFFILIATION
there	O
.	O

â	O
As	O
far	O
as	O
I	O
understand	O
,	O
China	B-LOCATION
is	O
lobbying	O
very	O
hard	O
in	O
Geneva	B-LOCATION
to	O
kill	O
the	O
report	O
,	O
â	O
said	O
a	O
senior	O
European	B-AFFILIATION
diplomat	O
.	O

â	O
So	O
will	O
there	O
be	O
a	O
report	O
?	O

I	O
âm	O
not	O
sure	O
.	O
â	O

â	O
The	O
UN	B-ORGANIZATION
system	O
today	O
is	O
very	O
dependent	O
on	O
China	B-LOCATION
,	O
which	O
is	O
a	O
problem	O
,	O
â	O
the	O
person	O
added	O
.	O

A	O
State	B-ORGANIZATION
Department	I-ORGANIZATION
spokesperson	O
on	O
Wednesday	B-DATE
said	O
the	O
international	O
community	O
had	O
been	O
calling	O
on	O
Bachelet	B-GIVEN_NAME
to	O
release	O
the	O
report	O
â	O
for	O
months	O
â	O
but	O
that	O
it	O
had	O
remained	O
unavailable	O
â	O
despite	O
frequent	O
assurances	O
by	O
the	O
Office	B-ORGANIZATION
of	I-ORGANIZATION
the	I-ORGANIZATION
High	I-ORGANIZATION
Commissioner	I-ORGANIZATION
that	O
the	O
report	O
would	O
be	O
released	O
in	O
short	O
order	O
â	O
.	O

â	O
We	O
call	O
on	O
the	O
High	O
Commissioner	O
to	O
release	O
the	O
report	O
without	O
delay	O
,	O
â	O
the	O
spokesperson	O
added	O
.	O

â	O
And	O
we	O
are	O
highly	O
concerned	O
about	O
any	O
effort	O
by	O
Beijing	B-LOCATION
to	O
suppress	O
the	O
report	O
âs	O
release	O
.	O
â	O

Asked	O
about	O
the	O
document	O
and	O
report	O
,	O
Chinese	B-AFFILIATION
foreign	O
ministry	O
spokesman	O
Wang	B-GIVEN_NAME
Wenbin	B-FAMILY_NAME
said	O
in	O
a	O
regular	O
briefing	O
in	O
Beijing	B-LOCATION
on	O
Wednesday	B-DATE
that	O
people	O
in	O
Xinjiang	B-LOCATION
were	O
living	O
â	O
a	O
happy	O
and	O
fulfilling	O
life	O
â	O
and	O
that	O
China	B-LOCATION
â	O
firmly	O
opposes	O
smears	O
and	O
attacks	O
against	O
China	B-LOCATION
using	O
disinformation	O
â	O
.	O

A	O
UN	B-ORGANIZATION
Human	I-ORGANIZATION
Rights	I-ORGANIZATION
Council	I-ORGANIZATION
spokesman	O
,	O
Jeremy	B-GIVEN_NAME
Laurence	B-FAMILY_NAME
,	O
said	O
the	O
report	O
would	O
be	O
published	O
before	O
the	O
end	O
of	O
Bachelet	B-GIVEN_NAME
âs	O
term	O
,	O
which	O
is	O
set	O
to	O
end	O
on	O
August	B-DATE
31	I-DATE
.	O

â	O
We	O
have	O
no	O
comment	O
concerning	O
the	O
document	O
raised	O
in	O
the	O
Reuters	B-ORGANIZATION
story	O
,	O
â	O
he	O
said	O
.	O

Bachelet	B-GIVEN_NAME
faced	O
fierce	O
criticism	O
for	O
her	O
trip	O
to	O
Xinjiang	B-LOCATION
in	O
May	B-DATE
.	O

Afterwards	O
,	O
she	O
said	O
she	O
lacked	O
open	O
access	O
during	O
the	O
visit	O
to	O
meet	O
people	O
of	O
her	O
own	O
choosing	O
,	O
including	O
Uygurs	B-AFFILIATION
in	O
detention	O
camps	O
and	O
their	O
families	O
.	O

She	O
also	O
said	O
she	O
was	O
accompanied	O
by	O
Chinese	B-AFFILIATION
authorities	O
during	O
the	O
trip	O
.	O

Bachelet	B-GIVEN_NAME
has	O
since	O
said	O
she	O
would	O
not	O
seek	O
a	O
second	O
term	O
as	O
UN	B-ORGANIZATION
High	O
Commissioner	O
for	O
Human	O
Rights	O
.	O

The	O
fight	O
over	O
the	O
UN	B-ORGANIZATION
report	O
comes	O
as	O
policymakers	O
in	O
Washington	B-LOCATION
show	O
no	O
signs	O
of	O
easing	O
off	O
their	O
efforts	O
to	O
punish	O
Beijing	B-LOCATION
over	O
the	O
rights	O
situation	O
in	O
Xinjiang	B-LOCATION
.	O

The	O
US	B-LOCATION
is	O
now	O
weeks	O
into	O
implementing	O
a	O
sweeping	O
new	O
law	O
more	O
than	O
a	O
year	O
in	O
the	O
making	O
that	O
effectively	O
blocks	O
all	O
imports	O
from	O
Xinjiang	B-LOCATION
.	O

In	O
a	O
survey	O
of	O
34	O
leading	O
US	B-LOCATION
fashion	O
companies	O
published	O
on	O
Tuesday	B-DATE
,	O
more	O
than	O
85	O
per	O
cent	O
of	O
the	O
respondents	O
said	O
they	O
planned	O
to	O
cut	O
their	O
cotton	O
apparel	O
imports	O
from	O
China	B-LOCATION
because	O
of	O
the	O
law	O
.	O

Xinjiang	B-LOCATION
produces	O
about	O
one	O
-	O
fifth	O
of	O
the	O
world	O
âs	O
cotton	O
.	O

Another	O
45	O
per	O
cent	O
said	O
they	O
planned	O
to	O
further	O
reduce	O
their	O
non	O
-	O
cotton	O
apparel	O
imports	O
from	O
China	B-LOCATION
as	O
well	O
,	O
according	O
to	O
the	O
survey	O
,	O
which	O
was	O
conducted	O
by	O
the	O
United	B-ORGANIZATION|B-LOCATION|B-LOCATION
States	I-ORGANIZATION|I-LOCATION|I-LOCATION
Fashion	I-ORGANIZATION
Industry	I-ORGANIZATION
Association	I-ORGANIZATION
and	O
Dr	O
Sheng	B-GIVEN_NAME
Lu	B-FAMILY_NAME
,	O
an	O
associate	O
professor	O
in	O
the	O
University	B-ORGANIZATION|B-LOCATION
of	I-ORGANIZATION|I-LOCATION
Delaware	I-ORGANIZATION|I-LOCATION|B-LOCATION
âs	O
department	O
of	O
fashion	O
and	O
apparel	O
studies	O
.	O

Also	O
on	O
Tuesday	B-DATE
,	O
the	O
Hong	B-LOCATION
Kong	I-LOCATION
-	O
based	O
textile	O
company	O
Changji	B-ORGANIZATION
Esquel	I-ORGANIZATION
was	O
blocked	O
by	O
a	O
US	B-LOCATION
federal	O
appellate	O
judge	O
from	O
its	O
efforts	O
to	O
be	O
removed	O
from	O
Washington	B-LOCATION
âs	O
so	O
-	O
called	O
â	O
entity	O
list	O
â	O
restricting	O
exports	O
to	O
firms	O
.	O

Changji	B-ORGANIZATION
Esquel	I-ORGANIZATION
was	O
added	O
to	O
the	O
list	O
two	B-DURATION
years	I-DURATION
ago	O
after	O
the	O
US	B-LOCATION
government	O
accused	O
it	O
of	O
engaging	O
in	O
â	O
the	O
practice	O
of	O
forced	O
labour	O
involving	O
members	O
of	O
Muslim	B-AFFILIATION
minority	O
groups	O
in	O
the	O
XUAR	B-LOCATION
â	O
,	O
using	O
an	O
acronym	O
for	O
the	O
region	O
âs	O
official	O
name	O
,	O
the	O
Xinjiang	B-LOCATION
Uygur	I-LOCATION|B-AFFILIATION
autonomous	I-LOCATION
region	I-LOCATION
.	O

In	O
a	O
statement	O
,	O
the	O
company	O
criticised	O
the	O
US	B-LOCATION
government	O
âs	O
â	O
shoddy	O
enforcement	O
action	O
,	O
which	O
relied	O
on	O
a	O
convenient	O
trope	O
,	O
paltry	O
evidence	O
,	O
and	O
poor	O
fact	O
-	O
finding	O
â	O
.	O

