The	O
results	O
are	O
in	O
and	O
Colombia	B-LOCATION
has	O
elected	O
Gustavo	B-GIVEN_NAME
Petro	B-FAMILY_NAME
as	O
its	O
new	O
president	O
.	O

Petro	B-GIVEN_NAME
will	O
lead	O
the	O
country	O
for	O
the	O
next	O
four	B-DURATION
years	I-DURATION
,	O
winning	O
what	O
was	O
an	O
extremely	O
close	O
-	O
run	O
race	O
.	O

At	O
time	O
of	O
writing	O
(	O
5pm	O
)	O
,	O
after	O
the	O
9th	O
bulletin	O
from	O
CNC	B-ORGANIZATION
,	O
Petro	B-GIVEN_NAME
had	O
50.88	O
%	O
of	O
the	O
vote	O
,	O
while	O
Rodolfo	B-GIVEN_NAME
took	O
46.85	O
%	O
.	O

With	O
89	O
%	O
of	O
the	O
tables	O
declared	O
,	O
the	O
numbers	O
are	O
unlikely	O
to	O
change	O
much	O
from	O
here	O
.	O

Voto	O
en	O
blanco	O
â	O
essentially	O
a	O
way	O
to	O
register	O
a	O
vote	O
without	O
supporting	O
either	O
candidate	O
â	O
took	O
2.23	O
%	O
.	O

Over	O
22	O
million	O
Colombians	B-AFFILIATION
voted	O
today	O
.	O

BogotÃ¡	B-LOCATION
âs	O
former	O
mayor	O
and	O
ex	O
-	O
M	B-BRANDS
-	B-MISC
19	I-MISC
guerilla	O
had	O
a	O
solid	O
core	O
of	O
support	O
for	O
much	O
of	O
the	O
campaign	O
.	O

Gustavo	B-GIVEN_NAME
Petro	B-FAMILY_NAME
â	O
who	O
also	O
reached	O
the	O
second	O
round	O
in	O
2018	B-DATE
âs	O
election	O
â	O
is	O
Colombia	B-LOCATION
âs	O
first	O
real	O
left	O
-	O
wing	O
president	O
.	O

The	O
last	O
election	O
descended	O
into	O
an	O
â	O
anyone	O
but	O
Petro	B-GIVEN_NAME
â	O
approach	O
.	O
That	O
happened	O
this	O
year	O
too	O
,	O
but	O
he	O
overcame	O
the	O
negativity	O
and	O
won	O
a	O
historic	O
mandate	O
.	O

Petro	B-GIVEN_NAME
tweeted	O
,	O
â	O
Today	O
is	O
a	O
holiday	O
for	O
the	O
people	O
.	O
Let	O
them	O
celebrate	O
the	O
first	O
popular	O
victory	O
.	O
â	O
As	O
a	O
former	O
member	O
of	O
the	O
M	B-BRANDS
-	B-MISC
19	I-MISC
guerilla	O
,	O
Petro	B-GIVEN_NAME
is	O
a	O
controversial	O
figure	O
for	O
many	O
.	O
However	O
,	O
others	O
believe	O
he	O
represents	O
a	O
necessary	O
change	O
to	O
the	O
established	O
order	O
.	O
He	O
is	O
a	O
notable	O
change	O
from	O
Colombia	B-LOCATION
âs	O
previous	O
presidents	O
,	O
although	O
he	O
is	O
far	O
from	O
the	O
communist	O
his	O
critics	O
make	O
him	O
out	O
to	O
be	O
.	O
As	O
a	O
left	O
-	O
wing	O
president	O
,	O
he	O
follows	O
a	O
strong	O
Latin	B-AFFILIATION
American	I-AFFILIATION
tradition	O
that	O
has	O
been	O
strangely	O
absent	O
from	O
Colombia	B-LOCATION
until	O
now	O
.	O

Rodolfo	B-GIVEN_NAME
HernÃ¡ndez	B-FAMILY_NAME
was	O
somewhat	O
of	O
a	O
wild	O
card	O
in	O
the	O
first	O
round	O
.	O
The	O
77	O
-	O
year	O
-	O
old	O
building	O
magnate	O
gained	O
ground	O
in	O
the	O
polls	O
in	O
the	O
final	O
weeks	O
of	O
the	O
race	O
,	O
eventually	O
taking	O
28	O
%	O
of	O
the	O
vote	O
.	O
His	O
non	O
-	O
traditional	O
campaign	O
focused	O
on	O
TikTok	B-BRANDS
and	O
other	O
social	O
media	O
but	O
did	O
not	O
involve	O
lots	O
of	O
rallies	O
.	O
Rodolfo	B-GIVEN_NAME
did	O
not	O
take	O
part	O
in	O
the	O
televised	O
presidential	O
debates	O
.	O
However	O
,	O
following	O
his	O
success	O
in	O
the	O
first	O
round	O
,	O
it	O
seems	O
voters	O
were	O
nât	O
as	O
convinced	O
by	O
the	O
engineer	O
when	O
they	O
delved	O
deeper	O
.	O
Hiding	O
in	O
Miami	B-LOCATION
and	O
avoiding	O
debates	O
has	O
not	O
gone	O
down	O
well	O
at	O
all	O
.	O

Today	O
was	O
a	O
day	O
of	O
firsts	O
for	O
Colombia	B-LOCATION
.	O
Not	O
only	O
did	O
it	O
elect	O
its	O
first	O
left	O
wing	O
president	O
,	O
it	O
also	O
elected	O
an	O
Afro	B-AFFILIATION
-	I-AFFILIATION
Colombian	I-AFFILIATION|B-AFFILIATION
woman	O
to	O
the	O
position	O
of	O
vice	O
president	O
for	O
the	O
first	O
time	O
.	O
Petro	B-GIVEN_NAME
âs	O
running	O
mate	O
,	O
Francia	B-GIVEN_NAME
MÃ¡rquez	B-FAMILY_NAME
,	O
is	O
a	O
prominent	O
social	O
and	O
environmental	O
campaigner	O
whose	O
straight	O
-	O
talking	O
appealed	O
to	O
a	O
large	O
swathe	O
of	O
voters	O
who	O
previously	O
felt	O
unrepresented	O
.	O
However	O
,	O
others	O
questioned	O
her	O
lack	O
of	O
political	O
and	O
governmental	O
experience	O
.	O

Rodolfo	B-GIVEN_NAME
also	O
chose	O
an	O
Afro	B-AFFILIATION
-	I-AFFILIATION
Colombian	I-AFFILIATION
woman	O
as	O
a	O
running	O
mate	O
.	O
Marelen	B-GIVEN_NAME
Castillo	B-FAMILY_NAME
was	O
the	O
least	O
known	O
of	O
the	O
four	O
faces	O
of	O
this	O
race	O
,	O
a	O
devout	O
catholic	B-AFFILIATION
and	O
â	O
until	O
she	O
joined	O
the	O
campaign	O
trail	O
â	O
the	O
academic	O
vice	O
-	O
rector	O
of	O
the	O
Minuto	B-ORGANIZATION
de	I-ORGANIZATION
Dios	I-ORGANIZATION
University	I-ORGANIZATION
in	O
BogotÃ¡	B-LOCATION
.	O

Predictably	O
,	O
in	O
a	O
campaign	O
that	O
âs	O
been	O
rife	O
with	O
misinformation	O
and	O
allegations	O
of	O
dirty	O
tricks	O
,	O
there	O
have	O
already	O
been	O
accusations	O
of	O
irregularity	O
.	O
Last	O
night	O
,	O
videos	O
and	O
screenshots	O
were	O
circulating	O
on	O
social	O
media	O
.	O
One	O
appeared	O
to	O
be	O
from	O
the	O
CNC	B-ORGANIZATION
itself	O
,	O
the	O
other	O
from	O
CNN	B-ORGANIZATION
EspaÃ±ol	I-ORGANIZATION
.	O
It	O
âs	O
most	O
likely	O
that	O
the	O
CNN	B-ORGANIZATION
one	O
is	O
simply	O
journalists	O
preparing	O
a	O
practice	O
run	O
for	O
results	O
day	O
â	O
fairly	O
standard	O
practice	O
in	O
journalism	O
â	O
whereas	O
the	O
CNC	B-ORGANIZATION
one	O
is	O
a	O
little	O
less	O
clear	O
.	O

The	O
initial	O
report	O
from	O
the	O
MOE	B-ORGANIZATION
,	O
the	O
country	O
âs	O
electoral	O
monitoring	O
system	O
,	O
at	O
midday	O
expressed	O
regret	O
for	O
two	O
murders	O
today	O
:	O
An	O
electoral	O
witness	O
from	O
the	O
Pacto	B-ORGANIZATION
HistÃ³rico	I-ORGANIZATION
party	O
in	O
Cauca	B-LOCATION
,	O
and	O
a	O
soldier	O
near	O
a	O
polling	O
station	O
in	O
CaquetÃ¡	B-LOCATION
.	O
According	O
to	O
the	O
MOE	B-ORGANIZATION
,	O
the	O
soldier	O
died	O
after	O
gunfire	O
broke	O
out	O
between	O
the	O
army	O
and	O
FARC	B-ORGANIZATION
dissidents	O
.	O
In	O
its	O
second	O
report	O
of	O
the	O
day	O
,	O
the	O
MOE	B-ORGANIZATION
reported	O
that	O
another	O
human	O
rights	O
defender	O
had	O
been	O
murdered	O
in	O
Cauca	B-LOCATION
and	O
an	O
explosion	O
near	O
a	O
polling	O
station	O
in	O
Norte	B-LOCATION
de	I-LOCATION
Santander	I-LOCATION
had	O
injured	O
three	O
soldiers	O
.	O
The	O
MOE	B-ORGANIZATION
also	O
said	O
there	O
had	O
been	O
various	O
complaints	O
of	O
dots	O
or	O
marks	O
on	O
ballot	O
papers	O
due	O
to	O
printing	O
errors	O
.	O

Gustavo	B-GIVEN_NAME
Petro	B-FAMILY_NAME
will	O
be	O
inaugurated	O
as	O
President	O
on	O
August	B-DATE
7	I-DATE
.	O
In	O
some	O
ways	O
,	O
winning	O
the	O
election	O
is	O
the	O
easy	O
bit	O
.	O
The	O
new	O
president	O
takes	O
on	O
a	O
divided	O
country	O
with	O
significant	O
economic	O
challenges	O
and	O
deep	O
rooted	O
inequality	O
.	O
Progress	O
on	O
implementing	O
the	O
country	O
âs	O
historic	O
peace	O
deal	O
with	O
the	O
FARC	B-ORGANIZATION
,	O
signed	O
in	O
2016	B-DATE
,	O
has	O
been	O
slow	O
at	O
best	O
.	O
But	O
Petro	B-GIVEN_NAME
has	O
promised	O
to	O
advance	O
the	O
peace	O
deal	O
and	O
to	O
reopen	O
talks	O
with	O
the	O
ELN	B-ORGANIZATION
.	O

More	O
problematic	O
still	O
will	O
be	O
the	O
challenge	O
of	O
delivering	O
on	O
what	O
has	O
been	O
promised	O
.	O
The	O
plan	O
de	O
gobierno	O
was	O
filled	O
with	O
a	O
lot	O
of	O
rich	O
promise	O
but	O
was	O
very	O
light	O
on	O
detail	O
.	O
The	O
sums	O
need	O
to	O
add	O
up	O
,	O
and	O
that	O
wo	O
nât	O
be	O
easy	O
.	O
It	O
may	O
not	O
matter	O
,	O
of	O
course	O
,	O
as	O
much	O
of	O
his	O
vote	O
is	O
likely	O
from	O
people	O
who	O
have	O
nât	O
read	O
the	O
manifesto	O
.	O
It	O
âs	O
an	O
â	O
anti	O
-	O
the	O
existing	O
order	O
â	O
vote	O
as	O
much	O
as	O
support	O
for	O
Petro	B-GIVEN_NAME
himself	O
.	O

It	O
was	O
clear	O
from	O
the	O
first	O
round	O
that	O
Colombians	B-AFFILIATION
wanted	O
change	O
.	O
Now	O
they	O
have	O
it	O
.	O
The	O
next	O
questions	O
are	O
what	O
shape	O
it	O
will	O
actually	O
take	O
,	O
whether	O
they	O
âll	O
be	O
happy	O
with	O
the	O
choice	O
they	O
âve	O
made	O
,	O
and	O
how	O
much	O
will	O
get	O
done	O
.	O

