IrazÃº	B-LOCATION
Volcano	I-LOCATION
National	I-LOCATION
Park	I-LOCATION
and	O
PoÃ¡s	B-LOCATION
Volcano	I-LOCATION
National	I-LOCATION
Park	I-LOCATION
inaugurated	O
a	O
store	O
,	O
cafeteria	O
,	O
and	O
parking	O
services	O
to	O
reactivate	O
the	O
economy	O
,	O
generating	O
employment	O
in	O
the	O
surrounding	O
communities	O
and	O
providing	O
better	O
facilities	O
for	O
tourist	O
enjoyment	O
.	O

Bringing	O
people	O
closer	O
to	O
natural	O
resources	O
and	O
promoting	O
ecotourism	O
demands	O
a	O
series	O
of	O
facilities	O
and	O
services	O
known	O
as	O
Non	B-BRANDS
-	B-MISC
Essential	I-MISC
Services	I-MISC
and	I-MISC
Activities	I-MISC
(	O
SANE	B-BRANDS
)	O
in	O
Wildlife	B-LOCATION
Protected	I-LOCATION
Areas	I-LOCATION
(	O
WPAs	B-LOCATION
)	O
.	O

At	O
the	O
PoÃ¡s	B-LOCATION
Volcano	I-LOCATION
National	I-LOCATION
Park	I-LOCATION
,	O
authorities	O
from	O
the	O
Ministry	B-ORGANIZATION
of	I-ORGANIZATION
Environment	I-ORGANIZATION
and	I-ORGANIZATION
Energy	I-ORGANIZATION
(	O
MINAE	B-ORGANIZATION
)	O
and	O
the	O
National	B-ORGANIZATION
System	I-ORGANIZATION
of	I-ORGANIZATION
Conservation	I-ORGANIZATION
Areas	I-ORGANIZATION
(	O
SINAC	B-ORGANIZATION
)	O
inaugurated	O
the	O
store	O
and	O
cafeteria	O
services	O
,	O
in	O
charge	O
of	O
Fredo	B-LOCATION
Fresas	I-LOCATION
S.	I-LOCATION
A.	I-LOCATION

In	O
addition	O
,	O
the	O
Costa	B-ORGANIZATION|B-AFFILIATION
Rican	I-ORGANIZATION|I-AFFILIATION
Red	I-ORGANIZATION
Cross	I-ORGANIZATION
,	O
San	B-ORGANIZATION|B-LOCATION
Pedro	I-ORGANIZATION|I-LOCATION
de	I-ORGANIZATION|I-LOCATION
PoÃ¡s	I-ORGANIZATION|I-LOCATION
Committee	I-ORGANIZATION
,	O
will	O
be	O
in	O
charge	O
of	O
the	O
parking	O
service	O
administration	O
.	O
The	O
price	O
for	O
this	O
service	O
for	O
motorcycles	O
is	O
1,200	B-MONEY
colones	I-MONEY
,	O
for	O
light	O
vehicles	O
2,750	B-MONEY
colones	I-MONEY
and	O
finally	O
for	O
small	O
and	O
large	O
buses	O
5,000	B-MONEY
colones	I-MONEY
.	O

In	O
the	O
IrazÃº	B-LOCATION
Volcano	I-LOCATION
National	I-LOCATION
Park	I-LOCATION
,	O
the	O
Red	B-ORGANIZATION
Cross	I-ORGANIZATION
,	O
Tierra	B-ORGANIZATION|B-LOCATION
Blanca	I-ORGANIZATION|I-LOCATION
Committee	I-ORGANIZATION
,	O
was	O
granted	O
a	O
concession	O
to	O
inaugurate	O
a	O
store	O
,	O
cafeteria	O
,	O
and	O
parking	O
services	O
.	O

Regarding	O
the	O
parking	O
service	O
at	O
the	O
IrazÃº	B-LOCATION
Volcano	I-LOCATION
National	I-LOCATION
Park	I-LOCATION
,	O
the	O
established	O
prices	O
are	O
for	O
motorcycles	O
1,000	B-MONEY
colones	I-MONEY
,	O
for	O
light	O
vehicles	O
2,500	B-MONEY
colones	I-MONEY
,	O
for	O
small	O
buses	O
2,500	B-MONEY
colones	I-MONEY
and	O
large	O
buses	O
3,000	B-MONEY
colones	I-MONEY
.	O

â	O
We	O
are	O
once	O
again	O
reaffirming	O
our	O
commitment	O
to	O
promote	O
a	O
green	O
economic	O
reactivation	O
through	O
the	O
strengthening	O
of	O
National	B-LOCATION
Parks	I-LOCATION
and	O
Protected	B-LOCATION
Wildlife	I-LOCATION
Areas	I-LOCATION
hand	O
in	O
hand	O
with	O
the	O
communities	O
and	O
always	O
safeguarding	O
Costa	B-LOCATION
Rica	I-LOCATION
âs	O
natural	O
resources	O
and	O
Natural	O
Heritage	O
,	O
â	O
said	O
Environment	O
Minister	O
Franz	B-GIVEN_NAME
Tattenbach	B-FAMILY_NAME
.	O

The	O
Minister	O
reiterated	O
the	O
importance	O
of	O
sustainable	O
tourism	O
as	O
a	O
driver	O
of	O
economic	O
activity	O
in	O
these	O
areas	O
.	O

â	O
Ecotourism	O
,	O
as	O
one	O
of	O
the	O
ecosystem	O
services	O
facilitated	O
and	O
developed	O
in	O
the	O
Protected	B-LOCATION
Wildlife	I-LOCATION
Areas	I-LOCATION
(	O
ASP	B-LOCATION
)	O
of	O
Costa	B-LOCATION
Rica	I-LOCATION
,	O
promotes	O
an	O
approach	O
of	O
people	O
to	O
natural	O
resources	O
and	O
a	O
demand	O
for	O
services	O
and	O
facilities	O
that	O
allow	O
a	O
better	O
enjoyment	O
in	O
their	O
contact	O
with	O
nature	O
,	O
â	O
he	O
said	O
.	O

Rafael	B-GIVEN_NAME
GutiÃ©rrez	B-FAMILY_NAME
Rojas	I-FAMILY_NAME
,	O
Vice	O
Minister	O
of	O
the	O
Environment	O
and	O
Executive	O
Director	O
of	O
SINAC	B-BRANDS
expressed	O
his	O
satisfaction	O
with	O
the	O
â	O
possibilities	O
for	O
the	O
communities	O
in	O
the	O
area	O
of	O
influence	O
of	O
this	O
Protected	B-BRANDS
Wildlife	B-MISC
Area	I-MISC
to	O
benefit	O
from	O
economic	O
activities	O
through	O
sustainable	O
employment	O
and	O
at	O
the	O
same	O
time	O
improve	O
the	O
quality	O
of	O
visits	O
and	O
enjoyment	O
of	O
nature	O
.	O
â	O

