The	O
Vulcanological	B-ORGANIZATION
and	I-ORGANIZATION
Seismological	I-ORGANIZATION
Observatory	I-ORGANIZATION
of	I-ORGANIZATION
Costa	I-ORGANIZATION|B-LOCATION
Rica	I-ORGANIZATION|I-LOCATION
(	O
Ovsicori	B-ORGANIZATION
)	O
announced	O
that	O
Costa	B-LOCATION
Rica	I-LOCATION
will	O
have	O
an	O
Earthquake	B-BRANDS
Early	B-MISC
Warning	I-MISC
System	I-MISC
(	O
SATT	B-BRANDS
)	O
.	O

The	O
institution	O
is	O
already	O
testing	O
the	O
implementation	O
of	O
this	O
early	O
warning	O
system	O
for	O
the	O
arrival	O
of	O
secondary	O
waves	O
.	O

The	O
system	O
would	O
work	O
by	O
providing	O
a	O
warning	O
thirty	O
to	O
forty	B-DURATION
seconds	I-DURATION
before	O
the	O
waves	O
of	O
an	O
earthquake	O
of	O
more	O
than	O
5.5	O
reach	O
the	O
Central	B-LOCATION
Valley	I-LOCATION
.	O

The	O
alerts	O
would	O
arrive	O
with	O
a	O
distinctive	O
sound	O
and	O
a	O
message	O
on	O
cell	O
phones	O
or	O
TV	O
screens	O
.	O

This	O
will	O
allow	O
people	O
to	O
get	O
to	O
safety	O
in	O
time	O
.	O

Such	O
alerts	O
have	O
already	O
been	O
implemented	O
in	O
highly	O
seismic	O
countries	O
such	O
as	O
Japan	B-LOCATION
,	O
Taiwan	B-LOCATION
,	O
Mexico	B-LOCATION
,	O
and	O
the	O
west	O
coast	O
of	O
the	O
United	B-LOCATION
States	I-LOCATION
.	O

Marino	B-GIVEN_NAME
Protti	B-FAMILY_NAME
Quesada	I-FAMILY_NAME
,	O
director	O
of	O
Ovsicori	B-ORGANIZATION
,	O
stated	O
that	O
the	O
connections	O
between	O
the	O
devices	O
have	O
already	O
been	O
tested	O
.	O

â	O
It	O
is	O
working	O
quite	O
well	O
.	O

It	O
is	O
a	O
simultaneous	O
project	O
throughout	O
the	O
Isthmus	B-LOCATION
and	O
is	O
more	O
developed	O
in	O
El	B-LOCATION
Salvador	I-LOCATION
,	O
Nicaragua	B-LOCATION
,	O
and	O
Costa	B-LOCATION
Rica	I-LOCATION
.	O

Each	O
nation	O
must	O
choose	O
the	O
mechanism	O
to	O
deliver	O
the	O
alerts	O
,	O
â	O
he	O
said	O
.	O

In	O
coordination	O
with	O
Channel	B-ORGANIZATION
13	I-ORGANIZATION
of	O
the	O
National	B-ORGANIZATION
Radio	I-ORGANIZATION
and	I-ORGANIZATION
Television	I-ORGANIZATION
System	I-ORGANIZATION
(	O
Sinart	B-ORGANIZATION
)	O
,	O
the	O
seismic	O
alert	O
tests	O
broadcast	O
to	O
digital	O
television	O
have	O
also	O
worked	O
out	O
.	O

Additionally	O
,	O
there	O
will	O
be	O
a	O
preparation	O
process	O
for	O
the	O
public	O
since	O
a	O
signal	O
cannot	O
be	O
sent	O
if	O
the	O
population	O
is	O
not	O
sensitized	O
to	O
receive	O
it	O
.	O

Without	O
adequate	O
training	O
,	O
an	O
alert	O
could	O
generate	O
panic	O
and	O
chaos	O
.	O

â	O
Rehearsals	O
should	O
be	O
held	O
so	O
that	O
when	O
the	O
alert	O
comes	O
,	O
people	O
will	O
know	O
what	O
to	O
do	O
,	O
â	O
Marino	B-GIVEN_NAME
Protti	B-FAMILY_NAME
said	O
.	O

Furthermore	O
,	O
Ovsicori	B-ORGANIZATION
is	O
focused	O
on	O
perfecting	O
the	O
technological	O
platform	O
to	O
reduce	O
false	O
alarms	O
.	O

While	O
the	O
system	O
is	O
not	O
infallible	O
and	O
may	O
generate	O
false	O
alerts	O
,	O
it	O
is	O
expected	O
that	O
these	O
will	O
be	O
kept	O
to	O
a	O
minimum	O
.	O

â	O
People	O
must	O
be	O
tolerant	O
of	O
technological	O
failures	O
because	O
it	O
is	O
a	O
susceptible	O
service	O
.	O

It	O
will	O
be	O
available	O
365	B-DURATION
days	I-DURATION
a	O
year	O
,	O
2	O
4	B-DURATION
hours	I-DURATION
a	O
day	O
,	O
â	O
he	O
explained	O
.	O

An	O
effort	O
will	O
be	O
made	O
to	O
calibrate	O
the	O
mechanism	O
so	O
only	O
an	O
earthquake	O
greater	O
than	O
5.5	O
will	O
activate	O
it	O
.	O

Currently	O
,	O
as	O
the	O
service	O
is	O
in	O
a	O
trial	O
period	O
for	O
several	O
Ovsicori	B-ORGANIZATION
people	O
,	O
it	O
is	O
activated	O
for	O
mild	O
earthquakes	O
.	O

The	O
early	O
warning	O
system	O
works	O
for	O
those	O
who	O
live	O
50	O
to	O
150	O
kilometers	O
from	O
the	O
epicenter	O
.	O

According	O
to	O
Lidier	B-GIVEN_NAME
Esquivel	B-FAMILY_NAME
,	O
head	O
of	O
the	O
CNE	B-ORGANIZATION
âs	I-ORGANIZATION
Risk	I-ORGANIZATION
Analysis	I-ORGANIZATION
Unit	I-ORGANIZATION
,	O
although	O
the	O
early	O
alert	O
plan	O
has	O
been	O
under	O
design	O
for	O
some	O
time	O
,	O
it	O
is	O
estimated	O
that	O
it	O
will	O
take	O
at	O
least	O
a	O
year	O
and	O
a	O
half	O
to	O
implement	O
it	O
.	O

â	O
The	O
limited	O
technology	O
available	O
a	O
decade	O
ago	O
made	O
it	O
impossible	O
to	O
visualize	O
a	O
worthwhile	O
notice	O
.	O

However	O
,	O
with	O
the	O
development	O
of	O
smartphones	O
and	O
the	O
arrival	O
of	O
digital	O
television	O
,	O
an	O
interesting	O
opportunity	O
opened	O
up	O
,	O
â	O
Esquivel	B-GIVEN_NAME
explained	O
.	O

Coordination	O
with	O
Ovsicori	B-ORGANIZATION
,	O
Sinart	B-ORGANIZATION
,	O
and	O
the	O
Ministry	B-ORGANIZATION
of	I-ORGANIZATION
Science	I-ORGANIZATION
and	I-ORGANIZATION
Technology	I-ORGANIZATION
is	O
expected	O
to	O
be	O
completed	O
this	O
year	O
.	O

Subsequently	O
,	O
the	O
campaign	O
to	O
instruct	O
the	O
population	O
will	O
begin	O
.	O

