Excellent	O
news	O
for	O
travelers	O
:	O
on	O
Friday	B-DATE
,	O
July	B-DATE
15	I-DATE
,	O
Avianca	B-ORGANIZATION
inaugurated	O
flights	O
between	O
Washington	B-LOCATION
DC	I-LOCATION
(	O
IAD	B-LOCATION
)	O
and	O
San	B-LOCATION
JosÃ©	I-LOCATION
(	O
SJO	B-LOCATION
)	O
.	O

This	O
first	O
flight	O
departed	O
from	O
Juan	B-LOCATION|B-GIVEN_NAME
Santamaria	I-LOCATION|B-FAMILY_NAME
Airport	I-LOCATION
with	O
more	O
than	O
100	O
passengers	O
at	O
17	O
:	O
10	O
.	O
Flight	O
AV	O
662	O
was	O
headed	O
non	O
-	O
stop	O
to	O
Washington	B-LOCATION|B-LOCATION
Dulles	I-LOCATION|B-GIVEN_NAME
International	I-LOCATION
Airport	I-LOCATION
.	O

The	O
airline	O
offers	O
eight	O
weekly	O
flights	O
on	O
Mondays	B-DATE
,	O
Fridays	B-DATE
,	O
Saturdays	B-DATE
,	O
and	O
Sundays	B-DATE
,	O
making	O
it	O
particularly	O
easy	O
to	O
plan	O
a	O
trip	O
.	O

Aviacion	B-ORGANIZATION
Online	I-ORGANIZATION
published	O
the	O
flight	O
itinerary	O
,	O
which	O
is	O
:	O

Washington	B-LOCATION
DC	I-LOCATION
â	O
San	B-LOCATION
JosÃ©	I-LOCATION
Flight	O
AV	O
663	O
IAD	O
02	O
:	O
30	O
â	O
SJO	O
05	O
:	O
30	O
Monday	B-DATE
,	O
Tuesday	B-DATE
,	O
Saturday	B-DATE
,	O
and	O
Sunday	B-DATE
.	O

San	B-LOCATION
JosÃ©	I-LOCATION
â	O
Washington	B-LOCATION
DC	I-LOCATION
Flight	O
AV	O
662	O
SJO	B-LOCATION
17	O
:	O
10	O
â	O
IAD	O
23	O
:	O
50	O
Monday	B-DATE
,	O
Friday	B-DATE
,	O
Saturday	B-DATE
,	O
and	O
Sunday	B-DATE
.	O

â	O
We	O
know	O
that	O
travel	O
is	O
now	O
a	O
necessity	O
,	O
both	O
for	O
commerce	O
,	O
tourism	O
,	O
the	O
economy	O
,	O
and	O
for	O
family	O
ties	O
,	O
â	O
said	O
Rolando	B-GIVEN_NAME
Damas	B-FAMILY_NAME
,	O
Avianca	B-ORGANIZATION
âs	O
director	O
of	O
sales	O
for	O
North	B-LOCATION
America	I-LOCATION
,	O
Central	B-LOCATION
America	I-LOCATION
,	O
and	O
the	O
Caribbean	B-LOCATION
.	O

According	O
to	O
data	O
from	O
the	O
Costa	B-ORGANIZATION|B-AFFILIATION
Rican	I-ORGANIZATION|I-AFFILIATION
Tourism	I-ORGANIZATION
Institute	I-ORGANIZATION
,	O
during	O
the	O
first	O
semester	O
of	O
2022	B-DATE
,	O
the	O
arrival	O
of	O
690	O
,	O
249	O
Americans	B-AFFILIATION
was	O
registered	O
,	O
confirming	O
the	O
North	B-AFFILIATION
American	I-AFFILIATION
nation	O
as	O
the	O
main	O
tourist	O
issuing	O
market	O
to	O
Costa	B-LOCATION
Rica	I-LOCATION
.	O

In	O
addition	O
,	O
Washington	B-LOCATION
,	I-LOCATION
D.	I-LOCATION
C.	I-LOCATION
,	O
is	O
one	O
of	O
the	O
cities	O
in	O
the	O
United	B-LOCATION
States	I-LOCATION
with	O
the	O
largest	O
Costa	B-AFFILIATION
Rican	I-AFFILIATION
community	O
.	O

This	O
is	O
the	O
airline	O
âs	O
fourth	O
U.	B-LOCATION
S.	I-LOCATION
destination	O
from	O
Costa	B-LOCATION
Rica	I-LOCATION
after	O
Los	B-LOCATION
Angeles	I-LOCATION
(	O
LAX	B-LOCATION
)	O
,	O
New	B-LOCATION
York	I-LOCATION
(	O
JFK	B-LOCATION
)	O
,	O
and	O
Miami	B-LOCATION
(	O
MIA	B-LOCATION
)	O
.	O

â	O
From	O
AERIS	B-ORGANIZATION
,	O
we	O
know	O
the	O
importance	O
of	O
the	O
North	B-AFFILIATION
American	I-AFFILIATION
market	O
for	O
the	O
country	O
since	O
,	O
in	O
the	O
first	O
five	O
months	O
of	O
the	O
year	O
,	O
we	O
recorded	O
the	O
entry	O
of	O
570,634	O
passengers	O
from	O
the	O
United	B-LOCATION
States	I-LOCATION
.	O
For	O
this	O
reason	O
,	O
we	O
celebrate	O
the	O
expansion	O
of	O
Avianca	B-ORGANIZATION
flights	O
that	O
allows	O
us	O
to	O
provide	O
a	O
new	O
travel	O
option	O
for	O
tourists	O
to	O
the	O
city	O
of	O
Washington	B-LOCATION
and	O
continue	O
strengthening	O
the	O
national	O
economy	O
,	O
â	O
said	O
Ricardo	B-GIVEN_NAME
Hernandez	B-FAMILY_NAME
,	O
General	O
Director	O
of	O
AERIS	B-ORGANIZATION
.	O

Prices	O
will	O
depend	O
on	O
the	O
options	O
chosen	O
by	O
the	O
traveler	O
and	O
the	O
season	O
in	O
which	O
the	O
trip	O
takes	O
place	O
.	O
As	O
published	O
by	O
Avianca	B-ORGANIZATION
on	O
its	O
website	O
,	O
promotional	O
fares	O
are	O
available	O
,	O
depending	O
on	O
the	O
dates	O
of	O
travel	O
,	O
from	O
US	B-LOCATION
$	B-MONEY
164	I-MONEY
each	O
way	O
.	O

