The	O
Ministry	B-ORGANIZATION
of	I-ORGANIZATION
Health	I-ORGANIZATION
confirmed	O
today	O
the	O
first	O
case	O
of	O
simian	B-BRANDS
smallpox	B-MISC
,	O
a	O
34	O
-	O
year	O
-	O
old	O
man	O
from	O
the	O
United	B-LOCATION
States	I-LOCATION
who	O
has	O
resided	O
in	O
Costa	B-LOCATION
Rica	I-LOCATION
for	O
two	B-DURATION
years	I-DURATION
.	O

He	O
entered	O
the	O
country	O
last	O
week	O
from	O
a	O
trip	O
abroad	O
and	O
is	O
considered	O
an	O
imported	O
case	O
.	O

â	O
Unfortunately	O
,	O
we	O
have	O
the	O
first	O
case	O
of	O
monkeypox	O
in	O
Costa	B-LOCATION
Rica	I-LOCATION
,	O
â	O
said	O
Josselyn	B-GIVEN_NAME
ChacÃ³n	B-FAMILY_NAME
,	O
Minister	O
of	O
Health	O
.	O

According	O
to	O
the	O
Ministry	B-ORGANIZATION
of	I-ORGANIZATION
Health	I-ORGANIZATION
,	O
the	O
patient	O
went	O
to	O
a	O
private	O
health	O
center	O
on	O
July	B-DATE
17	I-DATE
due	O
to	O
health	O
problems	O
and	O
was	O
admitted	O
on	O
July	B-DATE
19	I-DATE
when	O
he	O
presented	O
lesions	O
on	O
his	O
tonsils	O
compatible	O
with	O
monkeypox	B-BRANDS
.	O

Therefore	O
,	O
the	O
sample	O
was	O
taken	O
and	O
sent	O
to	O
the	O
Costa	B-ORGANIZATION|B-AFFILIATION
Rican	I-ORGANIZATION|I-AFFILIATION
Institute	I-ORGANIZATION
for	I-ORGANIZATION
Research	I-ORGANIZATION
and	I-ORGANIZATION
Education	I-ORGANIZATION
in	I-ORGANIZATION
Nutrition	I-ORGANIZATION
and	I-ORGANIZATION
Health	I-ORGANIZATION
(	O
INCIENSA	B-ORGANIZATION
)	O
,	O
which	O
confirmed	O
the	O
diagnosis	O
by	O
performing	O
a	O
real	O
-	O
time	O
PCR	B-BRANDS
test	O
for	O
this	O
disease	O
.	O

Additionally	O
,	O
the	O
health	O
authorities	O
indicated	O
that	O
the	O
person	O
was	O
stable	O
,	O
and	O
an	O
isolation	O
order	O
was	O
issued	O
for	O
21	B-DURATION
days	I-DURATION
,	O
according	O
to	O
the	O
general	O
guidelines	O
for	O
Smallpox	B-BRANDS
Surveillance	B-MISC
.	O

He	O
will	O
be	O
followed	O
up	O
according	O
to	O
his	O
clinical	O
evolution	O
.	O

The	O
Ministry	B-ORGANIZATION
of	I-ORGANIZATION
Health	I-ORGANIZATION
also	O
follows	O
up	O
with	O
five	O
people	O
living	O
in	O
the	O
same	O
house	O
.	O

Minister	O
ChacÃ³n	B-GIVEN_NAME
confirmed	O
that	O
the	O
contagion	O
of	O
this	O
disease	O
is	O
much	O
lower	O
,	O
and	O
there	O
is	O
no	O
airborne	O
transmission	O
.	O

â	O
I	O
call	O
on	O
you	O
to	O
remain	O
calm	O
;	O
it	O
is	O
a	O
self	O
-	O
limiting	O
disease	O
;	O
it	O
âs	O
not	O
like	O
covid	O
,	O
â	O
the	O
Minister	O
of	O
Health	O
said	O
during	O
the	O
press	O
conference	O
.	O

ChacÃ³n	B-GIVEN_NAME
also	O
highlighted	O
that	O
Costa	B-AFFILIATION
Rican	I-AFFILIATION
laboratories	O
can	O
now	O
detect	O
the	O
virus	O
.	O

Previously	O
,	O
tests	O
had	O
to	O
be	O
sent	O
out	O
to	O
other	O
countries	O
for	O
analysis	O
.	O

The	O
virus	O
â	O
main	O
symptoms	O
are	O
fever	O
,	O
headache	O
,	O
swelling	O
,	O
back	O
pain	O
,	O
general	O
discomfort	O
,	O
and	O
muscle	O
pain	O
.	O

Once	O
the	O
fever	O
is	O
gone	O
,	O
a	O
rash	O
may	O
develop	O
on	O
the	O
face	O
and	O
can	O
spread	O
to	O
the	O
hands	O
and	O
feet	O
.	O

Health	O
authorities	O
confirmed	O
that	O
the	O
infected	O
person	O
is	O
recovering	O
at	O
home	O
and	O
following	O
established	O
protocols	O
.	O

The	O
Ministry	B-ORGANIZATION
of	I-ORGANIZATION
Health	I-ORGANIZATION
will	O
provide	O
appropriate	O
follow	O
-	O
up	O
.	O

