The	O
Dr	B-ORGANIZATION
.	I-ORGANIZATION
Ana	I-ORGANIZATION|B-GIVEN_NAME
Sittenfeld	I-ORGANIZATION|B-FAMILY_NAME
Scholarship	I-ORGANIZATION
Program	I-ORGANIZATION
for	I-ORGANIZATION
Specialized	I-ORGANIZATION
Technicians	I-ORGANIZATION
opens	O
its	O
annual	O
application	O
process	O
for	O
students	O
from	O
technical	O
or	O
public	O
schools	O
to	O
apply	O
for	O
one	O
of	O
the	O
seven	O
full	O
scholarships	O
awarded	O
by	O
the	O
CRUSA	B-ORGANIZATION
Foundation	I-ORGANIZATION
to	O
study	O
in	O
the	O
United	B-LOCATION
States	I-LOCATION
.	O

These	O
students	O
must	O
also	O
be	O
enrolled	O
in	O
International	B-BRANDS
Baccalaureate	B-MISC
Program	I-MISC
.	O

Selected	O
individuals	O
will	O
spend	O
two	B-DURATION
years	I-DURATION
at	O
a	O
community	O
college	O
pursuing	O
technical	O
studies	O
in	O
science	O
,	O
technology	O
,	O
engineering	O
,	O
and	O
mathematics	O
(	O
STEM	B-BRANDS
)	O
.	O

They	O
will	O
also	O
be	O
able	O
to	O
complement	O
their	O
academic	O
training	O
with	O
internships	O
in	O
U.	B-LOCATION
S.	I-LOCATION
companies	O
with	O
operations	O
in	O
Costa	B-LOCATION
Rica	I-LOCATION
.	O

Each	O
scholarship	O
is	O
worth	O
approximately	O
US	B-MONEY|B-LOCATION
$	I-MONEY
50,000	I-MONEY
and	O
includes	O
tuition	O
,	O
airfare	O
,	O
book	O
and	O
material	O
fees	O
,	O
medical	O
insurance	O
,	O
and	O
living	O
expenses	O
.	O

Those	O
selected	O
will	O
receive	O
technical	O
and	O
financial	O
support	O
from	O
Education	B-ORGANIZATION
USA	I-ORGANIZATION|B-LOCATION
for	O
the	O
preparation	O
process	O
,	O
with	O
funding	O
from	O
the	O
U.	B-ORGANIZATION|B-LOCATION
S.	I-ORGANIZATION|I-LOCATION
Department	I-ORGANIZATION
of	I-ORGANIZATION
State	I-ORGANIZATION
âs	O
Opportunity	B-ORGANIZATION
Funds	I-ORGANIZATION
scholarship	O
program	O
.	O

Flora	B-GIVEN_NAME
Montealegre	B-FAMILY_NAME
,	O
executive	O
director	O
of	O
the	O
CRUSA	B-ORGANIZATION
Foundation	I-ORGANIZATION
,	O
mentioned	O
the	O
importance	O
of	O
training	O
in	O
science	O
,	O
technology	O
,	O
engineering	O
,	O
and	O
mathematics	O
.	O

She	O
also	O
explained	O
that	O
job	O
opportunities	O
have	O
increased	O
in	O
these	O
areas	O
.	O

â	O
At	O
CRUSA	B-ORGANIZATION
Foundation	I-ORGANIZATION
,	O
we	O
are	O
pleased	O
to	O
announce	O
the	O
opening	O
of	O
these	O
scholarships	O
.	O

We	O
call	O
on	O
people	O
who	O
meet	O
the	O
requirements	O
to	O
participate	O
in	O
this	O
opportunity	O
to	O
train	O
in	O
areas	O
of	O
high	O
labor	O
demand	O
and	O
professional	O
development	O
opportunities	O
,	O
â	O
said	O
Montealegre	B-GIVEN_NAME
.	O

The	O
Dr	O
.	O
Ana	B-BRANDS|B-GIVEN_NAME
Sittenfeld	B-MISC|B-FAMILY_NAME
Scholarship	I-MISC
Program	I-MISC
for	O
Specialized	O
Technicians	O
supports	O
the	O
country	O
in	O
its	O
need	O
for	O
talent	O
in	O
strategic	O
areas	O
.	O

This	O
is	O
the	O
fifth	O
year	O
the	O
program	O
has	O
been	O
held	O
,	O
and	O
24	O
people	O
have	O
benefited	O
.	O

In	O
Costa	B-LOCATION
Rica	I-LOCATION
,	O
studies	O
have	O
shown	O
a	O
great	O
demand	O
for	O
human	O
talent	O
in	O
the	O
aforementioned	O
fields	O
.	O

Therefore	O
,	O
training	O
professionals	O
in	O
such	O
areas	O
help	O
economic	O
reactivation	O
to	O
generate	O
quality	O
jobs	O
,	O
increased	O
productivity	O
,	O
and	O
financial	O
income	O
to	O
promote	O
more	O
prosperous	O
,	O
sustainable	O
,	O
and	O
inclusive	O
welfare	O
.	O

This	O
initiative	O
is	O
possible	O
thanks	O
to	O
the	O
US	B-ORGANIZATION|B-LOCATION|B-LOCATION
Embassy	I-ORGANIZATION
in	O
Costa	B-LOCATION
Rica	I-LOCATION
and	O
the	O
Costa	B-LOCATION|B-AFFILIATION
Rican	I-LOCATION|I-AFFILIATION
-	I-LOCATION
North	I-LOCATION|B-AFFILIATION
American	I-LOCATION|I-AFFILIATION
Cultural	I-LOCATION
Center	I-LOCATION
through	O
its	O
educational	O
advisory	O
office	O
Education	B-ORGANIZATION
USA	I-ORGANIZATION|B-LOCATION
.	O

â	O
The	O
contributions	O
international	O
students	O
bring	O
to	O
U.	B-LOCATION
S.	I-LOCATION
classrooms	O
and	O
communities	O
are	O
invaluable	O
.	O

Student	O
exchange	O
strengthens	O
much	O
-	O
needed	O
relationships	O
to	O
address	O
shared	O
challenges	O
,	O
improve	O
prosperity	O
and	O
contribute	O
to	O
world	O
peace	O
.	O

We	O
invite	O
young	O
Costa	B-AFFILIATION
Ricans	I-AFFILIATION
in	O
the	O
public	O
education	O
system	O
to	O
take	O
advantage	O
of	O
the	O
opportunity	O
and	O
continue	O
to	O
shine	O
the	O
light	O
together	O
for	O
a	O
better	O
Costa	B-LOCATION
Rica	I-LOCATION
,	O
â	O
said	O
Kristin	B-GIVEN_NAME
Haworth	B-FAMILY_NAME
,	O
Public	O
Diplomacy	O
Advisor	O
at	O
U.	B-LOCATION
S.	I-LOCATION
Headquarters	I-LOCATION
.	O

The	O
United	B-ORGANIZATION|B-LOCATION|B-LOCATION
States	I-ORGANIZATION|I-LOCATION|I-LOCATION
Embassy	I-ORGANIZATION
has	O
always	O
supported	O
Costa	B-AFFILIATION
Rican	I-AFFILIATION
human	O
talent	O
in	O
their	O
efforts	O
to	O
improve	O
their	O
skills	O
in	O
the	O
English	B-AFFILIATION
language	O
and	O
careers	O
related	O
to	O
science	O
,	O
technology	O
,	O
engineering	O
,	O
and	O
mathematics	O
.	O

