Visitors	O
to	O
Costa	B-LOCATION
Rica	I-LOCATION
during	O
the	O
rainy	O
season	O
will	O
come	O
across	O
the	O
pejibaye	O
harvest	O
in	O
local	O
markets	O
.	O

This	O
unusual	O
fruit	O
comes	O
from	O
a	O
tropical	O
palm	O
,	O
often	O
called	O
peach	O
palm	O
in	O
English	B-AFFILIATION
,	O
and	O
has	O
a	O
starchy	O
,	O
orange	O
mesocarp	O
or	O
midsection	O
that	O
is	O
edible	O
when	O
cooked	O
.	O

The	O
fruit	O
is	O
boiled	O
in	O
salted	O
water	O
and	O
peeled	O
,	O
and	O
the	O
seed	O
is	O
removed	O
before	O
eating	O
.	O

The	O
texture	O
and	O
flavor	O
of	O
the	O
cooked	O
pejibaye	O
has	O
been	O
compared	O
to	O
dry	O
squash	O
.	O

The	O
fruit	O
halves	O
are	O
often	O
filled	O
with	O
mayonnaise	O
,	O
ketchup	O
or	O
sour	O
cream	O
;	O
most	O
pejibaye	O
vendors	O
offer	O
cooked	O
pejibayes	O
,	O
which	O
you	O
âll	O
see	O
in	O
steaming	O
trays	O
in	O
carts	O
or	O
market	O
stalls	O
,	O
so	O
give	O
them	O
a	O
try	O
.	O

Indigenous	O
peoples	O
highly	O
esteem	O
pejibaye	O
as	O
a	O
food	O
crop	O
,	O
and	O
today	O
it	O
are	O
considered	O
one	O
of	O
the	O
most	O
nutritional	O
foods	O
on	O
the	O
planet	O
:	O

The	O
pejibaye	O
is	O
a	O
good	O
source	O
of	O
carbohydrates	O
,	O
proteins	O
,	O
vitamins	O
A	O
,	O
B	O
1	O
,	O
B	O
2	O
,	O
B	O
3	O
,	O
and	O
C	O
,	O
as	O
well	O
as	O
minerals	O
calcium	O
,	O
phosphorus	O
,	O
and	O
iron	O
.	O

The	O
palms	O
that	O
produce	O
pejibayes	O
have	O
another	O
gourmet	O
harvest	O
â	O
they	O
also	O
produce	O
new	O
vegetative	O
offshoot	O
palms	O
,	O
which	O
can	O
be	O
harvested	O
for	O
heart	O
of	O
palm	O
.	O

The	O
palm	O
heart	O
is	O
excellent	O
raw	O
or	O
cooked	O
,	O
served	O
in	O
salads	O
or	O
prepared	O
with	O
eggs	O
and	O
vegetables	O
in	O
a	O
casserole	O
.	O

This	O
useful	O
palm	O
is	O
indigenous	O
to	O
Amazonian	B-AFFILIATION
areas	O
of	O
Colombia	B-LOCATION
,	O
Ecuador	B-LOCATION
,	O
Peru	B-LOCATION
and	O
Brazil	B-LOCATION
,	O
but	O
has	O
been	O
cultivated	O
and	O
distributed	O
since	O
ancient	O
times	O
throughout	O
the	O
neotropics	O
.	O

Today	O
,	O
Costa	B-LOCATION
Rica	I-LOCATION
is	O
a	O
major	O
producer	O
of	O
pejibaye	O
palms	O
.	O

Local	O
gardeners	O
who	O
have	O
plenty	O
of	O
space	O
to	O
plant	O
can	O
take	O
advantage	O
of	O
growing	O
these	O
valuable	O
palms	O
.	O

The	O
photo	O
is	O
from	O
our	O
homegrown	O
pejibaye	O
harvest	O
.	O

Local	O
nurseries	O
often	O
offer	O
spineless	O
pejibaye	O
seedling	O
palms	O
,	O
or	O
you	O
can	O
try	O
your	O
luck	O
starting	O
them	O
from	O
seed	O
:	O

Tips	O
on	O
Planting	O

This	O
crop	O
is	O
not	O
recommended	O
for	O
small	O
home	O
gardens	O
,	O
due	O
to	O
its	O
spiny	O
fronds	O
.	O

Plant	O
the	O
seeds	O
in	O
plastic	O
nursery	O
bags	O
five	O
centimeters	O
deep	O
in	O
rich	O
potting	O
soil	O
.	O

Keep	O
them	O
watered	O
and	O
shaded	O
until	O
they	O
germinate	O
,	O
then	O
slowly	O
move	O
them	O
into	O
the	O
sunlight	O
.	O

Transplant	O
them	O
to	O
permanent	O
sites	O
before	O
they	O
become	O
root	O
-	O
bound	O
(	O
around	O
six	O
months	O
)	O
.	O

Pejibayes	O
do	O
well	O
on	O
a	O
wide	O
range	O
of	O
soils	O
,	O
but	O
grow	O
best	O
with	O
applications	O
of	O
manure	O
composts	O
and	O
soil	O
amendments	O
.	O

New	O
varieties	O
are	O
now	O
offered	O
that	O
do	O
not	O
have	O
as	O
many	O
spines	O
and	O
are	O
much	O
easy	O
to	O
manage	O
.	O

The	O
fruits	O
begin	O
to	O
appear	O
in	O
five	O
to	O
seven	B-DURATION
years	I-DURATION
and	O
can	O
be	O
harvested	O
with	O
long	O
bamboo	O
poles	O
.	O

Once	O
you	O
âve	O
grown	O
your	O
own	O
pejibayes	O
(	O
or	O
picked	O
some	O
up	O
at	O
the	O
market	O
)	O
,	O
how	O
can	O
you	O
prepare	O
them	O
at	O
home	O
?	O

Some	O
folks	O
love	O
cooked	O
pejibayes	O
and	O
others	O
do	O
nât	O
find	O
them	O
very	O
appealing	O
,	O
but	O
here	O
is	O
a	O
gourmet	O
pejibaye	O
recipe	O
the	O
whole	O
family	O
will	O
enjoy	O
:	O

How	O
to	O
make	O
Creamed	O
Pejibaye	O
Soup	O

Peel	O
a	O
dozen	O
cooked	O
pejibayes	O
and	O
blend	O
them	O
in	O
two	O
batches	O
with	O
the	O
following	O
ingredients	O
to	O
your	O
own	O
taste	O
:	O

onions	O

garlic	O

curry	O
to	O
taste	O

about	O
eight	O
cups	O
good	O
soup	O
stock	O
or	O
milk	O

Simmer	O
the	O
finely	O
blended	O
soup	O
and	O
add	O
finely	O
chopped	O
,	O
fresh	O
cilantro	O
as	O
a	O
garnish	O
to	O
each	O
bowl	O
.	O

