On	O
Thursday	B-DATE
,	O
July	B-DATE
21	I-DATE
,	O
President	O
Rodrigo	B-GIVEN_NAME
Chaves	B-FAMILY_NAME
Robles	I-FAMILY_NAME
answered	O
a	O
call	O
from	O
Volodymyr	B-GIVEN_NAME
Zelensky	B-FAMILY_NAME
,	O
President	O
of	O
Ukraine	B-LOCATION
,	O
after	O
the	O
latter	O
requested	O
a	O
conversation	O
with	O
him	O
to	O
discuss	O
the	O
situation	O
in	O
his	O
country	O
.	O

During	O
the	O
conversation	O
,	O
President	O
Zelensky	B-GIVEN_NAME
expressed	O
to	O
President	O
Rodrigo	B-GIVEN_NAME
Chaves	B-FAMILY_NAME
his	O
concern	O
about	O
the	O
constant	O
disinformation	O
circulating	O
in	O
Central	B-LOCATION
America	I-LOCATION
about	O
Russia	B-LOCATION
âs	O
invasion	O
of	O
Ukraine	B-LOCATION
.	O

Thus	O
,	O
President	O
Chaves	B-GIVEN_NAME
mentioned	O
his	O
support	O
for	O
Ukraine	B-LOCATION
and	O
for	O
the	O
actions	O
that	O
,	O
from	O
international	O
organizations	O
such	O
as	O
the	O
United	B-ORGANIZATION
Nations	I-ORGANIZATION
,	O
are	O
carried	O
out	O
in	O
the	O
face	O
of	O
this	O
armed	O
conflict	O
.	O

Zelensky	B-GIVEN_NAME
also	O
asked	O
President	O
Rodrigo	B-GIVEN_NAME
Chaves	B-FAMILY_NAME
for	O
Costa	B-LOCATION
Rica	I-LOCATION
âs	O
support	O
to	O
achieve	O
Ukraine	B-LOCATION
âs	O
admission	O
to	O
the	O
Organization	B-ORGANIZATION
for	I-ORGANIZATION
Economic	I-ORGANIZATION
Cooperation	I-ORGANIZATION
and	I-ORGANIZATION
Development	I-ORGANIZATION
(	O
OECD	B-ORGANIZATION
)	O
.	O

â	O
We	O
have	O
just	O
finished	O
a	O
conversation	O
requested	O
by	O
the	O
President	O
of	O
Ukraine	B-LOCATION
,	O
Mr.	O
Zelenski	B-GIVEN_NAME
;	O
he	O
called	O
us	O
by	O
phone	O
to	O
ask	O
for	O
the	O
support	O
of	O
the	O
people	O
of	O
Costa	B-LOCATION
Rica	I-LOCATION
in	O
the	O
struggle	O
they	O
are	O
waging	O
against	O
the	O
aggressive	O
and	O
unjustified	O
invasion	O
of	O
Russia	B-LOCATION
in	O
Ukraine	B-LOCATION
,	O
â	O
said	O
Costa	B-AFFILIATION
Rican	I-AFFILIATION
President	O
Rodrigo	B-GIVEN_NAME
Chaves	B-FAMILY_NAME
.	O

The	O
President	O
also	O
explained	O
the	O
effects	O
and	O
consequences	O
of	O
the	O
Russian	B-AFFILIATION
invasion	O
on	O
the	O
global	O
economy	O
.	O

â	O
We	O
already	O
feel	O
the	O
consequences	O
of	O
this	O
war	O
in	O
terms	O
of	O
energy	O
prices	O
,	O
basic	O
food	O
prices	O
,	O
in	O
world	O
inflation	O
;	O
however	O
,	O
we	O
also	O
feel	O
the	O
consequences	O
in	O
our	O
hearts	O
because	O
an	O
armed	O
invasion	O
of	O
world	O
power	O
into	O
a	O
neighboring	O
and	O
peaceful	O
country	O
is	O
unjustifiable	O
,	O
â	O
President	O
Chaves	B-GIVEN_NAME
emphasized	O
.	O

Chaves	B-GIVEN_NAME
confirmed	O
Costa	B-LOCATION
Rica	I-LOCATION
âs	O
support	O
for	O
the	O
Ukrainian	B-AFFILIATION
people	O
.	O

He	O
also	O
emphasized	O
the	O
â	O
firm	O
and	O
committed	O
â	O
support	O
to	O
the	O
Ukrainian	B-AFFILIATION
president	O
âs	O
requests	O
.	O

â	O
We	O
are	O
going	O
to	O
support	O
them	O
because	O
the	O
freedom	O
of	O
all	O
the	O
peoples	O
of	O
the	O
world	O
is	O
the	O
freedom	O
of	O
Costa	B-LOCATION
Rica	I-LOCATION
and	O
the	O
whole	O
world	O
,	O
â	O
said	O
Rodrigo	B-GIVEN_NAME
Chaves	B-FAMILY_NAME
.	O

Finally	O
,	O
he	O
stressed	O
that	O
Zelensky	B-GIVEN_NAME
is	O
the	O
â	O
leader	O
of	O
the	O
people	O
who	O
are	O
defending	O
themselves	O
with	O
their	O
fingernails	O
against	O
a	O
military	O
attack	O
.	O
â	O

