Summer	O
officially	O
began	O
in	O
Cuba	B-LOCATION
on	O
July	B-DATE
2	I-DATE
.	O

This	O
is	O
a	O
time	O
of	O
the	O
year	O
when	O
,	O
all	O
over	O
the	O
world	O
,	O
most	O
families	O
try	O
to	O
take	O
a	O
break	O
from	O
school	O
or	O
work	O
activities	O
to	O
enjoy	O
rivers	O
and	O
beaches	O
,	O
travel	O
to	O
visit	O
relatives	O
in	O
other	O
places	O
and	O
,	O
in	O
some	O
cases	O
,	O
when	O
their	O
finances	O
allow	O
,	O
go	O
sightseeing	O
.	O

This	O
year	O
the	O
summer	O
will	O
not	O
be	O
restricted	O
by	O
the	O
Covid	B-BRANDS
-	B-MISC
19	I-MISC
,	O
which	O
has	O
not	O
been	O
stamped	O
out	O
,	O
but	O
remains	O
at	O
controllable	O
levels	O
â	O
or	O
at	O
least	O
that	O
is	O
what	O
the	O
official	O
data	O
say	O
â	O
.	O

The	O
main	O
calamity	O
remains	O
,	O
however	O
:	O
the	O
crisis	O
of	O
the	O
socialist	O
state	O
's	O
planned	O
economic	O
system	O
,	O
which	O
clashes	O
with	O
those	O
around	O
the	O
rest	O
of	O
the	O
world	O
and	O
limits	O
Cubans	B-AFFILIATION
â	O
access	O
to	O
any	O
level	O
of	O
leisure	O
or	O
recreation	O
.	O

"	O
If	O
it	O
were	O
n't	O
for	O
the	O
fact	O
that	O
they	O
are	O
announcing	O
summer	O
on	O
television	O
as	O
something	O
extraordinary	O
,	O
I	O
would	O
n't	O
have	O
even	O
noticed	O
.	O

Who	O
's	O
going	O
to	O
think	O
of	O
any	O
kind	O
of	O
fun	O
with	O
this	O
situation	O
we	O
are	O
living	O
in	O
,	O
with	O
no	O
electricity	O
,	O
no	O
sugar	O
,	O
no	O
oil	O
,	O
no	O
anything	O
?	O

There	O
's	O
no	O
time	O
for	O
that	O
when	O
you	O
?	O
re	O
busy	O
just	O
trying	O
to	O
get	O
by	O
,	O
day	O
after	O
day	O
,	O
"	O
said	O
Ismaray	O
,	O
a	O
mother	O
from	O
Holguin	B-GIVEN_NAME
whose	O
family	O
's	O
summer	O
is	O
looking	O
bleak	O
.	O

"	O
The	O
children	O
are	O
even	O
still	O
in	O
school	O
.	O
What	O
kind	O
of	O
summer	O
is	O
that	O
!	O
This	O
is	O
a	O
hell	O
hole	O
we	O
are	O
living	O
in	O
!	O
Besides	O
,	O
who	O
has	O
money	O
to	O
go	O
anywhere	O
?	O
Everything	O
is	O
sold	O
in	O
MLC	B-ORGANIZATION
and	O
,	O
if	O
it	O
's	O
not	O
,	O
it	O
's	O
even	O
more	O
expensive	O
,	O
because	O
the	O
MLC	B-ORGANIZATION
items	O
are	O
resold	O
.	O
You	O
have	O
to	O
have	O
family	O
outside	O
the	O
country	O
to	O
send	O
you	O
dollars	O
.	O
There	O
?	O
s	O
no	O
other	O
way	O
and	O
I	O
do	O
n't	O
have	O
any	O
,	O
"	O
he	O
lamented	O
.	O

Dania	B-GIVEN_NAME
and	O
Rafael	B-GIVEN_NAME
are	O
more	O
fortunate	O
.	O
They	O
will	O
spend	O
a	O
weekend	O
on	O
the	O
beach	O
in	O
Guardalavaca	B-LOCATION
staying	O
at	O
a	O
hotel	O
paid	O
for	O
by	O
their	O
daughter	O
,	O
who	O
emigrated	O
to	O
Texas	B-LOCATION
.	O
"	O
My	O
little	O
girl	O
went	O
for	O
this	O
,	O
so	O
that	O
we	O
would	O
be	O
well	O
off	O
here	O
.	O
She	O
's	O
pole	O
dancing	O
there	O
,	O
she	O
makes	O
sacrifices	O
for	O
us	O
,	O
and	O
for	O
her	O
son	O
,	O
who	O
we	O
have	O
here	O
.	O
We	O
lack	O
nothing	O
,	O
thanks	O
to	O
her	O
,	O
"	O
Dania	B-GIVEN_NAME
said	O
.	O

"	O
She	O
always	O
pays	O
for	O
everything	O
we	O
need	O
:	O
medicine	O
,	O
food	O
,	O
everything	O
.	O
Even	O
a	O
good	O
vacation	O
.	O
We	O
go	O
to	O
hotel	O
pools	O
from	O
time	O
to	O
time	O
,	O
and	O
also	O
campgrounds	O
,	O
which	O
are	O
now	O
very	O
expensive	O
,	O
"	O
he	O
adds	O
.	O

"	O
The	O
truth	O
is	O
that	O
if	O
you	O
do	O
n't	O
have	O
someone	O
helping	O
from	O
abroad	O
,	O
it	O
's	O
impossible	O
with	O
what	O
you	O
earn	O
here	O
.	O
My	O
husband	O
is	O
retired	O
on	O
1,540	B-MONEY
pesos	I-MONEY
a	O
month	O
.	O
That	O
's	O
barely	O
enough	O
to	O
pay	O
for	O
the	O
electricity	O
.	O
This	O
country	O
is	O
designed	O
for	O
those	O
who	O
receive	O
remittances	O
.	O
Luckily	O
,	O
we	O
are	O
in	O
that	O
group	O
,	O
"	O
she	O
explained	O
.	O

But	O
the	O
life	O
of	O
21	O
-	O
year	O
-	O
old	O
Javier	B-GIVEN_NAME
is	O
,	O
like	O
most	O
,	O
at	O
the	O
opposite	O
extreme	O
.	O
"	O
Here	O
there	O
is	O
no	O
fun	O
or	O
life	O
of	O
any	O
kind	O
.	O
I	O
finished	O
my	O
preparation	O
and	O
began	O
studying	O
Hydraulic	B-BRANDS
Engineering	B-MISC
in	O
Santiago	B-LOCATION
de	I-LOCATION
Cuba	I-LOCATION
,	O
but	O
I	O
dropped	O
out	O
.	O
Many	O
are	O
leaving	O
because	O
there	O
's	O
no	O
future	O
for	O
those	O
who	O
are	O
studying	O
.	O
They	O
're	O
all	O
thinking	O
of	O
some	O
kind	O
of	O
business	O
to	O
make	O
money	O
and	O
leave	O
.	O
Nothing	O
else	O
.	O
"	O

"	O
What	O
fun	O
is	O
there	O
here	O
?	O
Where	O
can	O
you	O
go	O
with	O
everything	O
as	O
expensive	O
as	O
it	O
is	O
,	O
and	O
the	O
state	O
of	O
things	O
?	O
What	O
chance	O
does	O
a	O
young	O
person	O
have	O
to	O
get	O
what	O
they	O
need	O
,	O
and	O
go	O
somewhere	O
to	O
have	O
a	O
little	O
fun	O
,	O
being	O
a	O
student	O
or	O
working	O
for	O
the	O
state	O
,	O
even	O
if	O
they	O
're	O
a	O
professional	O
?	O
Absolutely	O
none	O
.	O
Young	O
people	O
are	O
n't	O
stupid	O
.	O
This	O
country	O
is	O
only	O
good	O
to	O
come	O
to	O
visit	O
,	O
and	O
with	O
money	O
,	O
so	O
you	O
can	O
enjoy	O
it	O
.	O
Those	O
who	O
have	O
to	O
stay	O
here	O
are	O
screwed	O
,	O
and	O
their	O
lives	O
just	O
pass	O
them	O
by	O
,	O
"	O
the	O
young	O
man	O
said	O
.	O

On	O
July	B-DATE
3	I-DATE
,	O
Miguel	B-GIVEN_NAME
DÃ­az	B-FAMILY_NAME
-	I-FAMILY_NAME
Canel	I-FAMILY_NAME
,	O
the	O
official	O
responsible	O
for	O
the	O
policy	O
of	O
sustaining	O
the	O
same	O
system	O
that	O
led	O
to	O
this	O
crisis	O
,	O
urged	O
Cubans	B-AFFILIATION
via	O
Twitter	B-ORGANIZATION
to	O
"	O
look	O
for	O
and	O
find	O
the	O
charms	O
of	O
this	O
intense	O
hot	O
weather	O
.	O
"	O
Many	O
took	O
his	O
words	O
as	O
a	O
bad	O
joke	O
.	O
It	O
is	O
hard	O
for	O
the	O
average	O
Cuban	B-AFFILIATION
to	O
understand	O
their	O
ruler	O
when	O
they	O
have	O
no	O
electricity	O
,	O
transportation	O
,	O
food	O
or	O
enough	O
money	O
to	O
pay	O
the	O
soaring	O
prices	O
generated	O
by	O
inflation	O
.	O

