If	O
there	O
were	O
no	O
"	O
Revolution	O
"	O
,	O
today	O
Cuba	B-LOCATION
could	O
be	O
producing	O
up	O
to	O
300,000	O
tons	O
of	O
nickel	O
annually	O
and	O
receiving	O
billions	B-MONEY
of	I-MONEY
dollars	I-MONEY
from	O
the	O
export	O
of	O
this	O
mineral	O
,	O
essential	O
in	O
the	O
modern	O
world	O
.	O

The	O
international	O
price	O
of	O
nickel	O
has	O
been	O
breaking	O
historical	O
records	O
lately	O
,	O
last	O
March	B-DATE
8	I-DATE
hitting	O
the	O
unbelievable	O
figure	O
of	O
$	B-MONEY
100,000	I-MONEY
per	O
ton	O
,	O
after	O
which	O
it	O
however	O
above	O
$	B-MONEY
55,000	I-MONEY
.	O

In	O
the	O
first	O
quarter	O
of	O
2022	B-DATE
the	O
price	O
of	O
nickel	O
was	O
$	B-MONEY
48,241	I-MONEY
per	O
ton	O
,	O
the	O
highest	O
average	O
ever	O
,	O
and	O
is	O
now	O
fluctuating	O
between	O
$	B-MONEY
28,000	I-MONEY
and	O
$	B-MONEY
30,000	I-MONEY
a	O
ton	O
.	O

But	O
let	O
's	O
get	O
to	O
the	O
point	O
:	O
since	O
the	O
middle	O
of	O
the	O
20th	O
century	O
Cuba	B-LOCATION
has	O
been	O
in	O
the	O
grip	O
of	O
a	O
statist	O
,	O
aberrant	O
"	O
Revolution	O
,	O
"	O
which	O
is	O
why	O
it	O
produces	O
very	O
little	O
nickel	O
.	O

Thus	O
,	O
it	O
is	O
not	O
benefiting	O
from	O
the	O
current	O
very	O
high	O
prices	O
of	O
this	O
precious	O
mineral	O
,	O
despite	O
the	O
fact	O
that	O
it	O
has	O
the	O
fifth	O
largest	O
nickel	O
reserves	O
in	O
the	O
world	O
,	O
with	O
5.6	O
million	O
tons	O
,	O
behind	O
Indonesia	B-LOCATION
(	O
21	O
million	O
tons	O
)	O
,	O
Australia	B-LOCATION
(	O
20	O
million	O
)	O
,	O
Brazil	B-LOCATION
(	O
16	O
million	O
)	O
,	O
and	O
Russia	B-LOCATION
(	O
6.9	O
million	O
)	O
.	O

The	O
demand	O
for	O
nickel	O
to	O
obtain	O
stainless	O
steel	O
has	O
grown	O
steadily	O
due	O
to	O
new	O
cutting	O
-	O
edge	O
technologies	O
in	O
sectors	O
like	O
Aerospace	O
,	O
Automotive	O
,	O
Telecommunications	O
,	O
Medicine	O
,	O
and	O
,	O
lately	O
,	O
for	O
electric	O
car	O
batteries	O
.	O

Now	O
it	O
has	O
been	O
bolstered	O
even	O
further	O
by	O
fears	O
of	O
shortages	O
due	O
to	O
Russia	B-LOCATION
's	O
aggression	O
against	O
Ukraine	B-LOCATION
and	O
sanctions	O
on	O
Moscow	B-LOCATION
,	O
a	O
major	O
nickel	O
exporter	O
.	O

Well	O
,	O
Cuba	B-LOCATION
has	O
squandered	O
this	O
historic	O
opportunity	O
for	O
a	O
bonanza	O
,	O
when	O
before	O
Castroism	B-AFFILIATION
it	O
was	O
one	O
of	O
the	O
world	O
leaders	O
in	O
the	O
production	O
and	O
export	O
of	O
nickel	O
.	O

Here	O
it	O
is	O
necessary	O
to	O
take	O
a	O
step	O
back	O
in	O
time	O
:	O
in	O
1960	B-DATE
Indonesia	B-LOCATION
and	O
Cuba	B-LOCATION
produced	O
almost	O
the	O
same	O
amount	O
of	O
nickel	O
;	O
the	O
Asian	B-AFFILIATION
country	O
,	O
19,753	O
tons	O
,	O
and	O
Cuba	B-LOCATION
in	O
1958	B-DATE
produced	O
18,000	O
tons	O
.	O

Since	O
then	O
,	O
capitalist	O
Indonesia	B-LOCATION
has	O
multiplied	O
its	O
production	O
43	O
times	O
,	O
reaching	O
850,000	O
tons	O
in	O
2019	B-DATE
,	O
before	O
the	O
pandemic	O
;	O
760,000	O
tons	O
in	O
2020	B-DATE
and	O
2021	B-DATE
.	O

It	O
expects	O
to	O
surpass	O
900,000	O
tons	O
in	O
2022	B-DATE
.	O

Meanwhile	O
,	O
"	O
revolutionary	O
"	O
Cuba	B-LOCATION
increased	O
its	O
production	O
capacity	O
by	O
a	O
mere	O
4.1	O
times	O
,	O
to	O
74,000	O
tons	O
of	O
nickel	O
at	O
the	O
beginning	O
of	O
this	O
century	O
,	O
before	O
receding	O
.	O

Lately	O
it	O
has	O
been	O
producing	O
between	O
45,000	O
and	O
49,000	O
tons	O
of	O
nickel	O
,	O
17	O
times	O
less	O
than	O
Indonesia	B-LOCATION
and	O
6.5	O
times	O
less	O
than	O
the	O
Philippines	B-LOCATION
,	O
which	O
,	O
with	O
320,000	O
tons	O
per	O
year	O
,	O
is	O
the	O
world	O
's	O
second	O
largest	O
producer	O
.	O

In	O
Cuba	B-LOCATION
today	O
there	O
are	O
only	O
two	O
nickel	O
plants	O
,	O
since	O
the	O
RenÃ©	B-LOCATION
Ramos	I-LOCATION
Latour	I-LOCATION
facility	O
,	O
in	O
Nicaro	B-LOCATION
,	O
built	O
during	O
World	B-BRANDS
War	B-MISC
II	I-MISC
by	O
a	O
U.	B-LOCATION
S.	I-LOCATION
company	O
,	O
was	O
closed	O
in	O
2012	B-DATE
due	O
to	O
technological	O
problems	O
that	O
the	O
regime	O
was	O
unable	O
to	O
solve	O
,	O
despite	O
heavy	O
Canadian	B-AFFILIATION
and	O
Soviet	B-AFFILIATION
investments	O
.	O

A	O
technician	O
at	O
the	O
plant	O
,	O
who	O
gave	O
us	O
the	O
name	O
â	O
JosÃ©	B-GIVEN_NAME
,	O
â	O
assured	O
us	O
that	O
all	O
those	O
technological	O
problems	O
could	O
have	O
been	O
solved	O
,	O
but	O
that	O
"	O
the	O
bad	O
work	O
of	O
those	O
in	O
charge	O
"	O
made	O
the	O
task	O
impossible	O
.	O

Cuba	B-LOCATION
,	O
from	O
a	O
global	O
leader	O
to	O
the	O
bottom	O
of	O
the	O
list	O
in	O
nickel	O
production	O

Contrary	O
to	O
all	O
logic	O
and	O
reason	O
,	O
Cuba	B-LOCATION
's	O
nickel	O
industry	O
,	O
instead	O
of	O
growing	O
,	O
is	O
shrinking	O
,	O
and	O
today	O
ranks	O
ninth	O
or	O
tenth	O
on	O
the	O
global	O
list	O
of	O
nickel	O
producers	O
,	O
in	O
close	O
competition	O
with	O
the	O
Dominican	B-LOCATION
Republic	I-LOCATION
and	O
Guatemala	B-LOCATION
,	O
which	O
sometimes	O
surpass	O
Cuba	B-LOCATION
,	O
despite	O
the	O
fact	O
that	O
both	O
countries	O
began	O
producing	O
nickel	O
decades	O
later	O
.	O

According	O
to	O
US	B-ORGANIZATION|B-LOCATION|B-LOCATION
Government	I-ORGANIZATION
statistics	O
,	O
in	O
2020	B-DATE
the	O
ten	O
largest	O
nickel	O
producers	O
in	O
the	O
world	O
were	O
:	O
Indonesia	B-LOCATION
(	O
760,000	O
tons	O
)	O
;	O
Philippines	B-LOCATION
(	O
320,000	O
tons	O
)	O
,	O
Russia	B-LOCATION
(	O
280,000	O
tons	O
)	O
,	O
New	B-LOCATION
Caledonia	I-LOCATION
(	O
200,000	O
tons	O
)	O
Australia	B-LOCATION
(	O
170,000	O
tons	O
)	O
,	O
Canada	B-LOCATION
(	O
150,000	O
tons	O
)	O
,	O
China	B-LOCATION
(	O
120,000	O
tons	O
)	O
,	O
Brazil	B-LOCATION
(	O
73,000	O
tons	O
)	O
,	O
Cuba	B-LOCATION
(	O
49,000	O
tons	O
)	O
and	O
the	O
Dominican	B-LOCATION
Republic	I-LOCATION
(	O
47,000	O
tons	O
)	O
.	O

Between	O
2000	B-DATE
and	O
2010	B-DATE
,	O
before	O
the	O
closure	O
of	O
the	O
Nicaro	B-BRANDS
plant	O
,	O
Cuban	B-AFFILIATION
nickel	O
production	O
averaged	O
74,000	O
tons	O
per	O
year	O
,	O
and	O
the	O
goal	O
was	O
to	O
reach	O
120,000	O
.	O

Now	O
the	O
objective	O
is	O
to	O
reach	O
50,000	O
tons	O
.	O

Obviously	O
,	O
all	O
the	O
competing	O
countries	O
took	O
advantage	O
of	O
the	O
market	O
niche	O
left	O
by	O
Cuba	B-LOCATION
and	O
their	O
increased	O
production	O
.	O

Ramiro	B-GIVEN_NAME
ValdÃ©s	B-FAMILY_NAME
scolded	O
workers	O
in	O
Moa	B-LOCATION

Last	O
May	B-DATE
Ramiro	B-GIVEN_NAME
ValdÃ©s	B-FAMILY_NAME
,	O
Vice	O
President	O
of	O
the	O
Castro	B-GIVEN_NAME
government	O
,	O
went	O
to	O
the	O
headquarters	O
of	O
CubanÃ­quel	B-ORGANIZATION
,	O
the	O
state	O
nickel	O
monopoly	O
in	O
Moa	B-LOCATION
,	I-LOCATION
HolguÃ­n	I-LOCATION
,	O
where	O
he	O
scolded	O
workers	O
and	O
managers	O
at	O
the	O
two	O
Cuban	B-AFFILIATION
nickel	O
plants	O
,	O
the	O
Comandante	O
Ernesto	B-GIVEN_NAME
Che	B-FAMILY_NAME
Guevara	I-FAMILY_NAME
and	O
the	O
Pedro	B-GIVEN_NAME
Soto	B-FAMILY_NAME
Alba	I-FAMILY_NAME
,	O
the	O
latter	O
operated	O
by	O
the	O
regime	O
on	O
a	O
50/50	O
basis	O
with	O
the	O
Canadian	B-AFFILIATION
company	O
Sherrit	B-ORGANIZATION
International	I-ORGANIZATION
Corporation	I-ORGANIZATION
.	O

Ramiro	B-GIVEN_NAME
ValdÃ©s	B-FAMILY_NAME
chided	O
them	O
because	O
they	O
are	O
producing	O
less	O
and	O
less	O
,	O
with	O
many	O
problems	O
and	O
labor	O
productivity	O
at	O
rock	O
bottom	O
;	O
in	O
the	O
last	O
three	O
months	O
alone	O
their	O
output	O
dropped	O
by	O
5,000	O
tons	O
.	O

Sherrit	B-ORGANIZATION
International	I-ORGANIZATION
Corporation	I-ORGANIZATION
,	O
based	O
in	O
Toronto	B-LOCATION
,	O
reported	O
that	O
in	O
2020	B-DATE
it	O
suffered	O
losses	O
in	O
Moa	B-LOCATION
,	O
and	O
in	O
December	B-DATE
2021	I-DATE
it	O
revealed	O
that	O
Cuba	B-LOCATION
its	O
Cuban	B-AFFILIATION
partner	O
,	O
the	O
Castroist	B-AFFILIATION
state	O
,	O
owed	O
it	O
$	B-MONEY
156	I-MONEY
million	I-MONEY
.	O

It	O
has	O
also	O
complained	O
of	O
interruptions	O
in	O
the	O
rail	O
service	O
and	O
water	O
supply	O
for	O
plant	O
operation	O
,	O
and	O
unplanned	O
repairs	O
.	O

Although	O
it	O
has	O
not	O
stated	O
it	O
publicly	O
,	O
the	O
Moa	B-LOCATION
plant	O
is	O
the	O
least	O
efficient	O
and	O
productive	O
of	O
those	O
that	O
Sherrit	B-ORGANIZATION
manages	O
in	O
the	O
world	O
.	O

At	O
said	O
meeting	O
with	O
Ramiro	B-GIVEN_NAME
ValdÃ©s	B-FAMILY_NAME
,	O
the	O
issues	O
of	O
the	O
factories	O
'	O
low	O
productivity	O
levels	O
and	O
multiple	O
problems	O
were	O
broached	O
,	O
but	O
the	O
general	O
manager	O
of	O
the	O
industry	O
,	O
Leonardo	B-GIVEN_NAME
Rosell	B-FAMILY_NAME
,	O
surprised	O
no	O
one	O
by	O
blaming	O
Covid	B-BRANDS
-	B-MISC
19	I-MISC
and	O
the	O
"	O
blockade	O
.	O
"	O

He	O
said	O
nothing	O
about	O
the	O
fact	O
that	O
due	O
to	O
technological	O
backwardness	O
,	O
typical	O
of	O
communism	O
,	O
and	O
inefficiency	O
in	O
general	O
,	O
nickel	O
production	O
costs	O
in	O
Cuba	B-LOCATION
are	O
among	O
the	O
highest	O
on	O
the	O
planet	O
,	O
and	O
too	O
much	O
petroleum	O
is	O
consumed	O
per	O
ton	O
of	O
nickel	O
ore	O
.	O

Of	O
course	O
,	O
neither	O
did	O
Rosell	B-GIVEN_NAME
state	O
that	O
the	O
main	O
cause	O
of	O
the	O
low	O
productivity	O
there	O
is	O
the	O
acute	O
apathy	O
and	O
weariness	O
among	O
the	O
mine	O
workers	O
,	O
who	O
,	O
fed	O
up	O
with	O
their	O
miserable	O
wages	O
,	O
hunger	O
and	O
the	O
poor	O
living	O
conditions	O
they	O
suffer	O
,	O
are	O
unwilling	O
to	O
make	O
an	O
effort	O
for	O
such	O
an	O
abusive	O
employer	O
.	O

The	O
same	O
is	O
the	O
case	O
with	O
workers	O
at	O
the	O
country	O
's	O
thermoelectric	O
plants	O
,	O
demoralized	O
by	O
constant	O
blackouts	O
due	O
to	O
"	O
breakdowns	O
"	O
and	O
"	O
errors	O
,	O
"	O
now	O
daily	O
and	O
unstoppable	O
.	O

In	O
the	O
first	O
decade	O
of	O
this	O
century	O
nickel	O
was	O
Cuba	B-LOCATION
's	O
top	O
export	O
,	O
worth	O
between	B-MONEY
2	I-MONEY
and	I-MONEY
2.2	I-MONEY
billion	I-MONEY
dollars	I-MONEY
a	O
year	O
.	O

Now	O
it	O
is	O
almost	O
at	O
the	O
bottom	O
of	O
the	O
list	O
.	O

Still	O
one	O
of	O
Cuba	B-LOCATION
's	O
four	O
main	O
export	O
items	O
,	O
in	O
2018	B-DATE
,	O
before	O
the	O
pandemic	O
,	O
external	O
sales	O
of	O
nickel	O
accounted	O
for	O
14.6	O
%	O
of	O
the	O
island	O
's	O
total	O
exports	O
,	O
below	O
tobacco	O
,	O
at	O
23.4	O
%	O
;	O
and	O
sugar	O
,	O
at	O
17.9	O
%	O
.	O

In	O
2019	B-DATE
,	O
it	O
dropped	O
further	O
and	O
accounted	O
for	O
just	O
11	O
%	O
of	O
overall	O
Cuban	B-AFFILIATION
exports	O
.	O

The	O
main	O
buyer	O
of	O
Cuban	B-AFFILIATION
nickel	O
is	O
China	B-LOCATION
,	O
followed	O
by	O
Canada	B-LOCATION
,	O
Spain	B-LOCATION
,	O
Germany	B-LOCATION
,	O
Portugal	B-LOCATION
and	O
Hong	B-LOCATION
Kong	I-LOCATION
.	O

Che	B-GIVEN_NAME
's	O
same	O
foolish	O
formula	O
for	O
more	O
efficiency	O
and	O
output	O

What	O
can	O
be	O
done	O
to	O
boost	O
productivity	O
and	O
increase	O
nickel	O
exports	O
?	O

The	O
magic	O
recipe	O
was	O
dictated	O
by	O
Ramiro	B-GIVEN_NAME
ValdÃ©s	B-FAMILY_NAME
:	O
"	O
strengthen	O
links	O
with	O
the	O
universities	O
and	O
raise	O
the	O
quality	O
of	O
life	O
of	O
the	O
human	O
capital	O
.	O
"	O

He	O
demanded	O
"	O
greater	O
commitment	O
and	O
responsibility	O
from	O
the	O
workers	O
"	O
and	O
,	O
obviously	O
,	O
also	O
blamed	O
the	O
"	O
blockade	O
"	O
as	O
the	O
main	O
reason	O
for	O
the	O
low	O
productivity	O
.	O

In	O
other	O
words	O
,	O
the	O
"	O
historic	O
"	O
commander	O
proposed	O
the	O
same	O
misguided	O
(	O
idiotic	O
,	O
actually	O
)	O
formulas	O
cited	O
60	B-DURATION
years	I-DURATION
ago	O
by	O
the	O
then	O
-	O
Minister	O
of	O
Industry	O
,	O
surname	O
Guevara	B-GIVEN_NAME
,	O
which	O
fit	O
Albert	B-GIVEN_NAME
Einstein	B-FAMILY_NAME
's	O
definition	O
of	O
insanity	O
:	O
"	O
doing	O
the	O
same	O
thing	O
over	O
and	O
over	O
again	O
,	O
expecting	O
different	O
results	O
,	O
is	O
a	O
symptom	O
.	O
"	O

Conclusion	O
:	O
if	O
Cuba	B-LOCATION
had	O
not	O
been	O
"	O
liberated	O
from	O
capitalism	O
"	O
by	O
the	O
Castro	B-GIVEN_NAME
brothers	O
,	O
"	B-GIVEN_NAME
Che	B-FAMILY_NAME
"	I-FAMILY_NAME
Guevara	I-FAMILY_NAME
,	O
and	O
Ramiro	B-GIVEN_NAME
ValdÃ©s	B-FAMILY_NAME
himself	O
,	O
today	O
it	O
would	O
still	O
be	O
among	O
the	O
largest	O
nickel	O
producers	O
in	O
the	O
world	O
,	O
earning	O
billions	B-MONEY
of	I-MONEY
dollars	I-MONEY
with	O
its	O
nickel	O
exports	O
and	O
,	O
most	O
probably	O
,	O
a	O
manufacturer	O
of	O
nickel	O
-	O
based	O
technological	O
parts	O
,	O
pieces	O
and	O
components	O
for	O
the	O
most	O
sophisticated	O
cutting	O
-	O
edge	O
industries	O
around	O
the	O
world	O
.	O

But	O
Cuba	B-LOCATION
was	O
"	O
liberated	O
,	O
"	O
and	O
now	O
Moa	B-LOCATION
produces	O
less	O
and	O
less	O
.	O

