Cuban	B-AFFILIATION
scientist	O
Ariel	B-GIVEN_NAME
Ruiz	B-FAMILY_NAME
Urquiola	I-FAMILY_NAME
has	O
resorted	O
to	O
a	O
hunger	O
strike	O
at	O
the	O
United	B-ORGANIZATION
Nations	I-ORGANIZATION
headquarters	O
in	O
Geneva	B-LOCATION
after	O
his	O
sister	O
,	O
Omara	B-GIVEN_NAME
Ruiz	B-FAMILY_NAME
Urquiola	I-FAMILY_NAME
,	O
saw	O
her	O
right	O
to	O
enter	O
Cuba	B-LOCATION
violated	O
.	O

Why	O
?	O

Do	O
n't	O
she	O
and	O
other	O
Cubans	B-AFFILIATION
in	O
the	O
same	O
situation	O
have	O
legal	O
recourse	O
in	O
the	O
face	O
of	O
violations	O
of	O
a	O
right	O
recognized	O
in	O
the	O
Constitution	O
of	O
the	O
Republic	B-LOCATION
and	O
in	O
the	O
Declaration	O
of	O
Human	O
Rights	O
,	O
of	O
which	O
Cuba	B-LOCATION
is	O
a	O
signatory	O
?	O

Reading	O
the	O
phrase	O
"	O
a	O
right	O
recognized	O
in	O
the	O
Constitution	O
of	O
the	O
Republic	O
"	O
could	O
bring	O
to	O
mind	O
,	O
for	O
some	O
readers	O
,	O
the	O
Constitutional	B-BRANDS
Rights	B-MISC
Protection	I-MISC
Law	I-MISC
,	O
finally	O
adopted	O
in	O
May	B-DATE
after	O
being	O
postponed	O
by	O
the	O
regime	O
several	O
times	O
.	O

But	O
,	O
as	O
an	O
analysis	O
of	O
the	O
preliminary	O
draft	O
by	O
DIARIO	B-ORGANIZATION
DE	I-ORGANIZATION
CUBA	I-ORGANIZATION|B-LOCATION
showed	O
,	O
this	O
law	O
does	O
not	O
protect	O
all	O
the	O
rights	O
recognized	O
in	O
the	O
Constitution	O
,	O
or	O
all	O
Cubans	B-AFFILIATION
.	O

Under	O
its	O
Article	O
6	O
,	O
national	O
defense	O
and	O
security	O
will	O
continue	O
to	O
be	O
invoked	O
as	O
pretexts	O
for	O
the	O
violation	O
of	O
any	O
constitutional	O
right	O
in	O
Cuba	B-LOCATION
,	O
even	O
if	O
the	O
country	O
is	O
not	O
at	O
war	O
or	O
the	O
site	O
of	O
a	O
natural	O
disaster	O
.	O

Rights	O
such	O
as	O
freedom	O
of	O
expression	O
,	O
assembly	O
,	O
demonstration	O
for	O
peaceful	O
purposes	O
,	O
and	O
movement	O
-	O
violated	O
in	O
the	O
cases	O
of	O
Omara	B-GIVEN_NAME
Ruiz	B-FAMILY_NAME
Urquiola	I-FAMILY_NAME
,	O
Anamely	B-GIVEN_NAME
Ramos	B-FAMILY_NAME
,	O
Karla	B-GIVEN_NAME
PÃ	B-FAMILY_NAME
Â©	I-FAMILY_NAME
rez	I-FAMILY_NAME
and	O
other	O
Cubans	B-AFFILIATION
-	O
will	O
continue	O
to	O
be	O
breached	O
with	O
national	O
security	O
being	O
invoked	O
to	O
justify	O
this	O
.	O

Therefore	O
,	O
it	O
is	O
of	O
no	O
use	O
that	O
,	O
according	O
to	O
Article	O
13	O
,	O
"	O
the	O
organs	O
of	O
the	O
State	O
,	O
its	O
leaders	O
,	O
officials	O
or	O
employees	O
accused	O
of	O
the	O
alleged	O
violation	O
"	O
can	O
be	O
sued	O
,	O
in	O
addition	O
to	O
"	O
individuals	O
and	O
non	O
-	O
State	O
entities	O
accused	O
of	O
violating	O
constitutional	O
law	O
,	O
"	O
as	O
Act	B-BRANDS
No	B-MISC
.	I-MISC
1312	I-MISC
of	I-MISC
1976	I-MISC|B-DATE
,	O
the	O
Migration	B-BRANDS
Act	B-MISC
,	O
as	O
amended	O
by	O
Decree	B-BRANDS
-	B-MISC
Law	I-MISC
No	I-MISC
.	I-MISC
302	I-MISC
of	O
11	B-DATE
October	I-DATE
2012	I-DATE
,	O
authorizes	O
preventing	O
persons	O
who	O
do	O
not	O
even	O
have	O
criminal	O
records	O
from	O
leaving	O
or	O
returning	O
to	O
Cuba	B-LOCATION
,	O
"	O
when	O
defence	O
and	O
national	O
security	O
considerations	O
warrant	O
it	O
.	O
"	O

But	O
,	O
what	O
national	O
defense	O
or	O
security	O
factors	O
justify	O
Professor	O
Ruiz	B-GIVEN_NAME
Urquiola	B-FAMILY_NAME
's	O
exile	O
?	O

If	O
she	O
constituted	O
a	O
threat	O
,	O
how	O
is	O
it	O
that	O
she	O
has	O
not	O
been	O
imprisoned	O
,	O
or	O
"	O
even	O
fined	O
for	O
stepping	O
on	O
the	O
lawn	O
,	O
"	O
as	O
she	O
stated	O
after	O
being	O
prevented	O
from	O
boarding	O
the	O
plane	O
bound	O
for	O
the	O
island	O
?	O

The	O
abovementioned	O
immigration	O
law	O
prohibits	O
people	O
who	O
organize	O
,	O
foment	O
,	O
carry	O
out	O
or	O
participate	O
in	O
"	O
hostile	O
actions	O
against	O
the	O
political	O
,	O
economic	O
and	O
social	O
foundations	O
of	O
the	O
Cuban	B-AFFILIATION
State	O
"	O
from	O
entering	O
the	O
country	O
.	O

What	O
hostile	O
actions	O
has	O
Omara	B-GIVEN_NAME
Ruiz	B-FAMILY_NAME
Urquiola	I-FAMILY_NAME
ever	O
organized	O
,	O
encouraged	O
or	O
carried	O
out	O
?	O

The	O
regime	O
has	O
not	O
even	O
bothered	O
to	O
specify	O
them	O
,	O
and	O
the	O
professor	O
has	O
yet	O
to	O
receive	O
an	O
explanation	O
as	O
to	O
why	O
she	O
has	O
been	O
prevented	O
from	O
entering	O
her	O
country	O
of	O
birth	O
,	O
where	O
her	O
home	O
and	O
mother	O
are	O
located	O
.	O

The	O
regime	O
must	O
be	O
very	O
afraid	O
of	O
women	O
like	O
Omara	B-GIVEN_NAME
Ruiz	B-FAMILY_NAME
Urquiola	I-FAMILY_NAME
,	O
Anamely	B-GIVEN_NAME
Ramos	B-FAMILY_NAME
and	O
Karla	B-GIVEN_NAME
PÃ	B-FAMILY_NAME
Â©	I-FAMILY_NAME
rez	I-FAMILY_NAME
when	O
it	O
subjects	O
them	O
to	O
a	O
form	O
of	O
violence	O
,	O
as	O
barring	O
them	O
from	O
Cuba	B-LOCATION
means	O
stripping	O
them	O
of	O
their	O
homes	O
,	O
their	O
property	O
,	O
their	O
legal	O
residence	O
in	O
the	O
country	O
,	O
and	O
the	O
possibility	O
of	O
being	O
with	O
their	O
families	O
.	O

Cubans	B-AFFILIATION
deprived	O
of	O
their	O
right	O
to	O
enter	O
the	O
country	O
also	O
find	O
no	O
recourse	O
under	O
the	O
Administrative	B-BRANDS
Process	B-MISC
Law	I-MISC
approved	O
in	O
2021	B-DATE
,	O
as	O
it	O
establishes	O
that	O
issues	O
of	O
a	O
military	O
nature	O
,	O
or	O
related	O
to	O
national	O
defense	O
,	O
State	O
security	O
,	O
or	O
measures	O
adopted	O
in	O
exceptional	O
and	O
disaster	O
situations	O
to	O
safeguard	O
the	O
general	O
interests	O
,	O
are	O
excluded	O
from	O
its	O
jurisdiction	O
.	O

What	O
peaceful	O
course	O
remains	O
,	O
then	O
,	O
for	O
Cubans	B-AFFILIATION
in	O
the	O
face	O
of	O
the	O
lack	O
of	O
protections	O
afforded	O
them	O
by	O
rules	O
clearly	O
designed	O
to	O
quell	O
and	O
punish	O
dissent	O
,	O
except	O
to	O
protest	O
before	O
the	O
United	B-ORGANIZATION
Nations	I-ORGANIZATION
?	O

But	O
Ariel	B-GIVEN_NAME
Ruiz	B-FAMILY_NAME
Urquiola	I-FAMILY_NAME
's	O
protest	O
at	O
the	O
UN	B-ORGANIZATION
is	O
doing	O
more	O
than	O
highlighting	O
,	O
yet	O
again	O
,	O
the	O
human	O
rights	O
violations	O
committed	O
by	O
the	O
Cuban	B-AFFILIATION
regime	O
.	O

It	O
is	O
also	O
calling	O
into	O
question	O
the	O
credibility	O
of	O
the	O
institution	O
itself	O
,	O
as	O
the	O
Cuban	B-AFFILIATION
state	O
has	O
a	O
seat	O
on	O
its	O
Human	B-ORGANIZATION
Rights	I-ORGANIZATION
Council	I-ORGANIZATION
.	O

Every	O
minute	O
that	O
the	O
regime	O
mantains	O
that	O
seat	O
the	O
UN	B-ORGANIZATION
's	O
credibility	O
wanes	O
,	O
as	O
the	O
situation	O
constitutes	O
a	O
mockery	O
of	O
Cubans	B-AFFILIATION
and	O
defenders	O
of	O
human	O
rights	O
around	O
the	O
world	O
.	O

