If	O
there	O
were	O
any	O
doubts	O
as	O
to	O
the	O
subordination	O
to	O
the	O
regime	O
of	O
those	O
charged	O
with	O
administering	O
justice	O
in	O
Cuba	B-LOCATION
(	O
and	O
therefore	O
,	O
in	O
theory	O
,	O
being	O
impartial	O
)	O
the	O
president	O
of	O
the	O
Supreme	B-ORGANIZATION
People	I-ORGANIZATION
's	I-ORGANIZATION
Court	I-ORGANIZATION
(	O
TSP	B-ORGANIZATION
)	O
,	O
RubÃ©n	B-GIVEN_NAME
Remigio	B-FAMILY_NAME
Ferro	I-FAMILY_NAME
,	O
dispelled	O
them	O
in	O
a	O
video	O
revealed	O
by	O
DIARIO	B-ORGANIZATION
DE	I-ORGANIZATION
CUBA	I-ORGANIZATION|B-LOCATION
entitled	O
"	O
How	B-BRANDS
Justice	B-MISC
Is	I-MISC
Decided	I-MISC
in	I-MISC
Cuba	I-MISC|B-LOCATION
.	O
"	O

The	O
material	O
is	O
of	O
a	O
meeting	O
chaired	O
by	O
the	O
TSP	B-ORGANIZATION
's	O
president	O
,	O
with	O
Attorney	O
General	O
Yamila	B-GIVEN_NAME
PeÃ±a	B-FAMILY_NAME
Ojeda	I-FAMILY_NAME
and	O
TSP	B-ORGANIZATION
Vice	O
-	O
President	O
Marisela	B-GIVEN_NAME
Sosa	B-FAMILY_NAME
Ravelo	I-FAMILY_NAME
in	O
attendance	O
.	O

Also	O
present	O
are	O
the	O
president	O
of	O
the	O
TSP	B-ORGANIZATION
's	O
Criminal	B-ORGANIZATION
Court	I-ORGANIZATION
,	O
that	O
of	O
the	O
State	B-ORGANIZATION
Security	I-ORGANIZATION
Crimes	I-ORGANIZATION
Court	I-ORGANIZATION
,	O
and	O
all	O
the	O
heads	O
,	O
at	O
the	O
national	O
and	O
provincial	O
levels	O
,	O
of	O
the	O
Ministry	B-ORGANIZATION
of	I-ORGANIZATION
the	I-ORGANIZATION
Interior	I-ORGANIZATION
's	O
(	O
MININT	B-ORGANIZATION
)	O
General	B-ORGANIZATION
Directorate	I-ORGANIZATION
of	I-ORGANIZATION
Criminal	I-ORGANIZATION
Investigation	I-ORGANIZATION
and	I-ORGANIZATION
Operations	I-ORGANIZATION
.	O

Although	O
it	O
is	O
a	O
November	B-DATE
2018	I-DATE
video	O
,	O
the	O
trials	O
of	O
the	O
11	B-BRANDS
J	B-MISC
protesters	O
,	O
and	O
the	O
magistrate	O
's	O
words	O
when	O
referring	O
to	O
the	O
"	O
current	O
and	O
prospective	O
context	O
,	O
"	O
show	O
that	O
nothing	O
had	O
changed	O
in	O
2021	B-DATE
,	O
two	B-DURATION
years	I-DURATION
after	O
the	O
entry	O
into	O
force	O
of	O
the	O
Constitution	O
approved	O
in	O
2019	B-DATE
,	O
or	O
in	O
2022	B-DATE
,	O
when	O
the	O
trials	O
and	O
sentences	O
continue	O
against	O
Cubans	B-AFFILIATION
who	O
dared	O
in	O
July	B-DATE
2021	I-DATE
to	O
demand	O
changes	O
and	O
the	O
end	O
of	O
Communism	B-AFFILIATION
on	O
the	O
island	O
.	O

Remigio	B-GIVEN_NAME
Ferro	B-FAMILY_NAME
makes	O
it	O
clear	O
that	O
judges	O
in	O
Cuba	B-LOCATION
are	O
"	O
judges	O
of	O
the	O
Revolution	O
and	O
the	O
Party	O
.	O
"	O

The	O
TSP	B-ORGANIZATION
president	O
himself	O
recognizes	O
that	O
a	O
meeting	O
like	O
the	O
one	O
we	O
see	O
in	O
the	O
video	O
would	O
be	O
"	O
unthinkable	O
"	O
in	O
another	O
country	O
.	O

In	O
democratic	O
countries	O
,	O
where	O
there	O
is	O
a	O
separation	O
of	O
powers	O
,	O
and	O
where	O
defendants	O
have	O
the	O
right	O
to	O
a	O
fair	O
trial	O
,	O
where	O
judges	O
have	O
the	O
duty	O
to	O
recuse	O
themselves	O
if	O
for	O
any	O
reason	O
they	O
have	O
a	O
conflict	O
of	O
interest	O
compromising	O
their	O
impartiality	O
in	O
a	O
certain	O
judicial	O
process	O
,	O
there	O
are	O
no	O
meetings	O
in	O
which	O
the	O
president	O
of	O
a	O
court	O
arranges	O
with	O
the	O
prosecutor	O
,	O
behind	O
the	O
defense	O
lawyers	O
'	O
backs	O
,	O
how	O
he	O
should	O
proceed	O
.	O

The	O
President	O
of	O
the	O
TSP	B-ORGANIZATION
forgot	O
about	O
Article	O
57	O
of	O
the	O
Constitution	O
,	O
which	O
states	O
that	O
"	O
the	O
function	O
of	O
dispensing	O
justice	O
emanates	O
from	O
the	O
people	O
and	O
is	O
exercised	O
on	O
their	O
behalf	O
by	O
the	O
People	B-ORGANIZATION
's	I-ORGANIZATION
Supreme	I-ORGANIZATION|B-ORGANIZATION
Court	I-ORGANIZATION
and	O
the	O
other	O
courts	O
established	O
by	O
law	O
.	O
"	O

The	O
people	O
of	O
Cuba	B-LOCATION
,	O
however	O
,	O
are	O
not	O
the	O
Communist	B-ORGANIZATION|B-AFFILIATION
Party	I-ORGANIZATION
of	I-ORGANIZATION
Cuba	B-LOCATION|B-LOCATION
(	O
CCP	B-ORGANIZATION
)	O
.	O

In	O
fact	O
,	O
president	O
Miguel	B-GIVEN_NAME
DÃ­az	B-FAMILY_NAME
-	I-FAMILY_NAME
Canel	I-FAMILY_NAME
himself	O
recently	O
acknowledged	O
that	O
of	O
the	O
little	O
more	O
than	O
10	O
million	O
people	O
who	O
live	O
on	O
the	O
island	O
,	O
only	O
a	O
little	O
more	O
than	O
1	O
million	O
(	O
including	O
members	O
of	O
the	O
UJC	B-ORGANIZATION
,	O
the	O
Young	B-ORGANIZATION
Communists	I-ORGANIZATION|B-AFFILIATION
Union	I-ORGANIZATION
,	O
even	O
though	O
not	O
all	O
of	O
them	O
wish	O
to	O
join	O
the	O
ranks	O
of	O
the	O
Party	O
)	O
belong	O
to	O
the	O
PCC	B-ORGANIZATION
.	O

Therefore	O
,	O
judges	O
in	O
Cuba	B-LOCATION
represent	O
just	O
only	O
10	O
%	O
of	O
the	O
population	O
-	O
the	O
10	O
%	O
that	O
belongs	O
to	O
the	O
Party	O
.	O

And	O
,	O
as	O
the	O
disproportionate	O
prosecutorial	O
demands	O
and	O
sentences	O
of	O
the	O
11	B-BRANDS
J	B-MISC
protesters	O
have	O
shown	O
,	O
those	O
who	O
challenge	O
the	O
Party	O
and	O
the	O
Revolution	O
,	O
to	O
which	O
the	O
judges	O
bear	O
allegiance	O
,	O
do	O
not	O
receive	O
justice	O
.	O

Remigio	B-GIVEN_NAME
Ferro	B-FAMILY_NAME
himself	O
contradicted	O
the	O
regime	O
's	O
position	O
when	O
,	O
after	O
the	O
protests	O
,	O
he	O
stated	O
that	O
demonstrating	O
,	O
or	O
exercising	O
one	O
's	O
freedom	O
of	O
opinion	O
,	O
of	O
the	O
press	O
,	O
of	O
belief	O
,	O
and	O
even	O
of	O
political	O
and	O
ideological	O
affiliation	O
,	O
does	O
not	O
constitute	O
a	O
crime	O
.	O

In	O
his	O
own	O
words	O
,	O
protesting	O
was	O
"	O
an	O
individual	O
's	O
constitutional	O
right	O
.	O
"	O

But	O
constitutional	O
rights	O
in	O
Cuba	B-LOCATION
are	O
curtailed	O
,	O
as	O
evidenced	O
by	O
the	O
new	O
Penal	O
Code	O
,	O
which	O
criminalizes	O
the	O
"	O
excessive	O
exercise	O
of	O
constitutional	O
rights	O
.	O
"	O

And	O
the	O
parameters	O
governing	O
the	O
enjoyment	O
of	O
these	O
rights	O
are	O
not	O
determined	O
by	O
the	O
freedom	O
or	O
rights	O
of	O
other	O
citizens	O
,	O
but	O
rather	O
by	O
the	O
interests	O
of	O
the	O
Party	O
to	O
which	O
,	O
RubÃ©n	B-GIVEN_NAME
Remigio	B-FAMILY_NAME
Ferro	I-FAMILY_NAME
acknowledges	O
,	O
judges	O
in	O
Cuba	B-LOCATION
are	O
beholden	O
.	O

It	O
should	O
also	O
be	O
kept	O
in	O
mind	O
that	O
this	O
video	O
,	O
recorded	O
with	O
the	O
knowledge	O
of	O
those	O
present	O
,	O
to	O
be	O
circulated	O
only	O
between	O
the	O
presidents	O
and	O
vice	O
-	O
presidents	O
of	O
the	O
Cuban	B-AFFILIATION
provincial	O
courts	O
,	O
dates	O
from	O
to	O
a	O
time	O
when	O
the	O
approval	O
of	O
the	O
Constitution	O
,	O
to	O
replace	O
that	O
of	O
1976	B-DATE
,	O
was	O
being	O
promoted	O

The	O
Constitution	O
approved	O
in	O
2019	B-DATE
,	O
on	O
paper	O
,	O
and	O
according	O
to	O
the	O
Cuban	B-AFFILIATION
regime	O
and	O
the	O
TSP	B-ORGANIZATION
president	O
himself	O
,	O
does	O
more	O
to	O
guarantee	O
individuals	O
rights	O
than	O
the	O
previous	O
one	O
.	O

For	O
Remigio	B-GIVEN_NAME
Ferro	B-FAMILY_NAME
,	O
however	O
,	O
these	O
guarantees	O
are	O
a	O
problem	O
,	O
as	O
is	O
the	O
fact	O
that	O
the	O
defendants	O
in	O
a	O
trial	O
can	O
count	O
on	O
defense	O
lawyers	O
,	O
from	O
the	O
beginning	O
.	O

The	O
magistrate	O
refers	O
to	O
defense	O
lawyers	O
as	O
"	O
dogs	O
in	O
the	O
tobacco	O
"	O
(	O
that	O
is	O
,	O
a	O
nuisance	O
)	O
,	O
a	O
position	O
at	O
odds	O
with	O
the	O
impartiality	O
that	O
judges	O
are	O
supposed	O
to	O
embrace	O
,	O
especially	O
him	O
,	O
as	O
president	O
of	O
the	O
TSP	B-ORGANIZATION
and	O
its	O
Governing	O
Council	O
.	O

It	O
is	O
somewhat	O
understandable	O
for	O
the	O
police	O
and	O
State	B-ORGANIZATION
Security	I-ORGANIZATION
officers	O
to	O
consider	O
the	O
presence	O
of	O
defense	O
lawyers	O
from	O
the	O
beginning	O
of	O
the	O
justice	O
process	O
to	O
be	O
irksome	O
,	O
but	O
it	O
is	O
outrageous	O
that	O
this	O
is	O
the	O
view	O
of	O
those	O
charged	O
with	O
ensuring	O
that	O
justice	O
,	O
absolute	O
equality	O
between	O
the	O
parties	O
,	O
and	O
respect	O
for	O
due	O
process	O
,	O
prevail	O
.	O

The	O
collusion	O
between	O
the	O
president	O
of	O
the	O
TSP	B-ORGANIZATION
,	O
the	O
Prosecutor	B-ORGANIZATION
's	I-ORGANIZATION
Office	I-ORGANIZATION
and	O
the	O
MININT	B-ORGANIZATION
against	O
lawyers	O
and	O
defendants	O
(	O
note	O
that	O
any	O
lawyers	O
from	O
the	O
state	O
âs	O
Organization	B-ORGANIZATION
of	I-ORGANIZATION
Collective	I-ORGANIZATION
Law	I-ORGANIZATION
Firms	I-ORGANIZATION
were	O
conspicuously	O
missing	O
from	O
the	O
meeting	O
)	O
is	O
completely	O
laid	O
bare	O
when	O
Remigio	B-GIVEN_NAME
Ferro	B-FAMILY_NAME
addressed	O
the	O
issue	O
of	O
returning	O
case	O
files	O
to	O
the	O
prosecution	O
,	O
which	O
usually	O
rankles	O
public	O
prosecutors	O
and	O
investigators	O
.	O

By	O
returning	O
the	O
files	O
,	O
however	O
,	O
the	O
courts	O
send	O
"	O
a	O
signal	O
,	O
"	O
as	O
explained	O
by	O
the	O
TSP	B-ORGANIZATION
president	O
,	O
for	O
the	O
prosecution	O
to	O
redress	O
deficiencies	O
and	O
weaknesses	O
in	O
the	O
evidence	O
that	O
could	O
end	O
up	O
forcing	O
the	O
judge	O
to	O
acquit	O
the	O
accused	O
.	O

Remigio	B-GIVEN_NAME
Ferro	B-FAMILY_NAME
explains	O
that	O
if	O
there	O
are	O
fewer	O
returns	O
there	O
will	O
be	O
more	O
acquittals	O
(	O
which	O
in	O
Cuba	B-LOCATION
only	O
constitute	O
between	O
6	O
%	O
and	O
8	O
%	O
of	O
the	O
cases	O
processed	O
,	O
which	O
he	O
considers	O
good	O
numbers	O
)	O
.	O

His	O
words	O
were	O
"	O
we	O
could	O
remove	O
the	O
stress	O
entailed	O
by	O
the	O
returns	O
(	O
...	O
)	O
but	O
you	O
'd	O
see	O
the	O
number	O
of	O
acquittals	O
rise	O
.	O
"	O

The	O
president	O
of	O
the	O
TSP	B-ORGANIZATION
admits	O
that	O
,	O
according	O
to	O
the	O
theory	O
of	O
criminal	O
law	O
,	O
it	O
is	O
not	O
proper	O
for	O
the	O
court	O
to	O
return	O
files	O
,	O
as	O
this	O
means	O
that	O
it	O
is	O
compromising	O
its	O
impartiality	O
,	O
and	O
that	O
this	O
is	O
a	O
"	O
universal	O
theory	O
taught	O
at	O
universities	O
.	O
"	O

But	O
these	O
universal	O
theories	O
do	O
not	O
count	O
in	O
Cuba	B-LOCATION
,	O
where	O
justice	O
is	O
imparted	O
"	O
the	O
Cuban	B-AFFILIATION
way	O
,	O
"	O
the	O
magistrate	O
acknowledged	O
.	O

Although	O
the	O
meeting	O
addressed	O
common	O
crimes	O
and	O
made	O
no	O
reference	O
to	O
prosecutions	O
against	O
citizens	O
for	O
opposing	O
the	O
regime	O
(	O
though	O
this	O
is	O
never	O
recognized	O
in	O
the	O
country	O
,	O
where	O
dissidents	O
and	O
activists	O
are	O
,	O
formally	O
,	O
imprisoned	O
for	O
alleged	O
common	O
crimes	O
)	O
it	O
is	O
easy	O
to	O
deduce	O
what	O
those	O
who	O
openly	O
demonstrate	O
against	O
the	O
Government	O
and	O
the	O
PCC	B-ORGANIZATION
can	O
expect	O
from	O
the	O
justice	O
system	O
.	O

The	O
President	O
of	O
the	O
TSP	B-ORGANIZATION
's	O
remarks	O
at	O
this	O
meeting	O
in	O
2018	B-DATE
bear	O
out	O
the	O
statements	O
given	O
by	O
former	O
prosecutor	O
Raucel	B-GIVEN_NAME
OcaÃ±a	B-FAMILY_NAME
Parada	I-FAMILY_NAME
,	O
from	O
Palma	B-LOCATION
Soriano	I-LOCATION
(	O
Santiago	B-LOCATION
de	I-LOCATION
Cuba	I-LOCATION
)	O
to	O
the	O
Cuban	B-ORGANIZATION|B-AFFILIATION
Observatory	I-ORGANIZATION
of	I-ORGANIZATION
Human	I-ORGANIZATION
Rights	I-ORGANIZATION
(	O
OCDH	B-ORGANIZATION
)	O
in	O
early	O
May	B-DATE
2022	I-DATE
.	O

OcaÃ±a	B-GIVEN_NAME
Parada	B-FAMILY_NAME
,	O
now	O
in	O
exile	O
,	O
protested	O
that	O
the	O
trials	O
against	O
11	B-BRANDS
J	B-MISC
demonstrators	O
were	O
being	O
manipulated	O
by	O
"	O
bodies	O
and	O
institutions	O
subject	O
to	O
the	O
interests	O
of	O
the	O
State	O
,	O
the	O
Government	O
and	O
the	O
Communist	B-ORGANIZATION|B-AFFILIATION
Party	I-ORGANIZATION
of	I-ORGANIZATION
Cuba	I-ORGANIZATION|B-LOCATION
"	O
and	O
that	O
it	O
was	O
"	O
in	O
the	O
interest	O
of	O
the	O
Government	O
,	O
the	O
State	O
and	O
the	O
Party	O
"	O
that	O
they	O
be	O
sanctioned	O
with	O
the	O
greatest	O
possible	O
severity	O
,	O
"	O
without	O
any	O
kind	O
of	O
benevolence	O
.	O
"	O

