While	O
in	O
Las	B-LOCATION
Tunas	I-LOCATION
the	O
Cuban	B-AFFILIATION
authorities	O
have	O
imposed	O
price	O
caps	O
on	O
some	O
producers	O
'	O
goods	O
in	O
agricultural	O
markets	O
,	O
in	O
Artemisa	B-LOCATION
18,000	O
hectares	O
of	O
staple	O
crops	O
have	O
ceased	O
to	O
be	O
cultivated	O
in	O
the	O
midst	O
of	O
inflation	O
and	O
shortages	O
that	O
have	O
a	O
direct	O
impact	O
on	O
Cubans	B-AFFILIATION
â	O
wallets	O
and	O
diets	O
.	O

According	O
to	O
a	O
report	O
by	O
the	O
local	O
official	O
publication	O
PeriÃ³dico	B-ORGANIZATION
26	I-ORGANIZATION
,	O
the	O
Price	B-ORGANIZATION
Negotiation	I-ORGANIZATION
Committees	I-ORGANIZATION
and	O
the	O
Council	B-ORGANIZATION
of	I-ORGANIZATION
the	I-ORGANIZATION
Municipal	I-ORGANIZATION
Administration	I-ORGANIZATION
of	I-ORGANIZATION
Las	I-ORGANIZATION|B-LOCATION
Tunas	I-ORGANIZATION|I-LOCATION
decided	O
to	O
cap	O
the	O
prices	O
of	O
some	O
agricultural	O
products	O
and	O
to	O
ensure	O
that	O
merchants	O
comply	O
with	O
the	O
new	O
limits	O
.	O

In	O
a	O
measure	O
that	O
affects	O
producers	O
,	O
but	O
which	O
,	O
according	O
to	O
the	O
authorities	O
,	O
seeks	O
to	O
"	O
protect	O
the	O
purchasing	O
power	O
of	O
the	O
population	O
,	O
"	O
a	O
pound	O
of	O
bananas	O
was	O
capped	O
at	O
12	B-MONEY
CUP	I-MONEY
,	O
the	O
current	O
price	O
of	O
7	B-MONEY
CUP	I-MONEY
for	O
a	O
pound	O
of	O
"	O
donkey	O
banana	O
"	O
was	O
maintained	O
,	O
with	O
8	B-MONEY
CUP	I-MONEY
being	O
the	O
figure	O
for	O
sweet	O
potatoes	O
,	O
7	B-MONEY
CUP	I-MONEY
for	O
cassava	O
,	O
6	B-MONEY
CUP	I-MONEY
for	O
pumpkin	O
,	O
10	B-MONEY
CUP	I-MONEY
for	O
lettuce	O
,	O
30	B-MONEY
CUP	I-MONEY
for	O
tomatoes	O
and	O
20	B-MONEY
CUP	I-MONEY
for	O
cabbage	O
.	O

At	O
a	O
previous	O
meeting	O
held	O
with	O
the	O
main	O
"	O
economic	O
actors	O
"	O
linked	O
to	O
this	O
activity	O
in	O
the	O
territory	O
,	O
Manuel	B-GIVEN_NAME
PÃ©rez	B-FAMILY_NAME
Gallego	I-FAMILY_NAME
,	O
a	O
member	O
of	O
the	O
Central	B-ORGANIZATION
Committee	I-ORGANIZATION
and	O
first	O
secretary	O
of	O
the	O
Communist	B-ORGANIZATION|B-AFFILIATION
Party	I-ORGANIZATION
of	I-ORGANIZATION
Cuba	I-ORGANIZATION|B-LOCATION
in	O
the	O
province	O
,	O
said	O
that	O
it	O
was	O
necessary	O
to	O
"	O
promote	O
an	O
enhanced	O
commercialization	O
process	O
for	O
agricultural	O
products	O
,	O
making	O
them	O
profitable	O
for	O
those	O
who	O
produce	O
without	O
being	O
abusive	O
for	O
consumers	O
.	O
"	O

PÃ©rez	B-GIVEN_NAME
Gallego	B-FAMILY_NAME
was	O
categorical	O
in	O
stating	O
that	O
"	O
disorganization	O
in	O
commercial	O
activity	O
will	O
not	O
be	O
allowed	O
,	O
"	O
warning	O
that	O
the	O
inspection	O
bodies	O
would	O
be	O
responsible	O
for	O
ensuring	O
compliance	O
with	O
the	O
prices	O
approved	O
.	O

No	O
food	O
and	O
no	O
cultivation	O

Meanwhile	O
,	O
in	O
the	O
midst	O
of	O
the	O
food	O
shortage	O
suffered	O
by	O
the	O
Cuban	B-AFFILIATION
population	O
,	O
18,000	O
hectares	O
of	O
primary	O
crops	O
â	O
such	O
as	O
plantain	O
,	O
cassava	O
,	O
sweet	O
potato	O
and	O
malanga	O
â	O
were	O
wasted	O
in	O
the	O
province	O
of	O
Artemisa	B-LOCATION
,	O
according	O
to	O
the	O
newspaper	O
El	B-ORGANIZATION
ArtemiseÃ±o	I-ORGANIZATION
.	O

The	O
information	O
was	O
made	O
public	O
after	O
an	O
exchange	O
between	O
Vice	O
President	O
Salvador	B-GIVEN_NAME
ValdÃ©s	B-FAMILY_NAME
Mesa	I-FAMILY_NAME
and	O
authorities	O
in	O
the	O
territory	O
,	O
in	O
which	O
the	O
official	O
stated	O
that	O
it	O
was	O
necessary	O
to	O
"	O
increase	O
planting	O
areas	O
and	O
organize	O
agricultural	O
commercialization	O
.	O
"	O

"	O
If	O
there	O
is	O
something	O
we	O
have	O
in	O
Artemisa	B-LOCATION
,	O
it	O
's	O
land	O
,	O
and	O
the	O
work	O
experience	O
of	O
our	O
farmers	O
,	O
"	O
Mesa	B-GIVEN_NAME
said	O
,	O
although	O
he	O
called	O
the	O
goals	O
of	O
adding	O
100,000	O
cultivable	O
hectares	O
in	O
the	O
next	O
cold	O
season	O
,	O
and	O
the	O
same	O
number	O
in	O
the	O
spring	O
,	O
a	O
real	O
challenge	O
.	O

ValdÃ©s	B-GIVEN_NAME
Mesa	B-FAMILY_NAME
called	O
for	O
the	O
"	O
optimal	O
use	O
of	O
agricultural	O
machinery	O
,	O
the	O
use	O
of	O
bioproducts	O
,	O
which	O
should	O
be	O
consolidated	O
in	O
the	O
wake	O
of	O
the	O
completion	O
of	O
several	O
plants	O
in	O
the	O
country	O
,	O
in	O
addition	O
to	O
the	O
planting	O
of	O
short	O
-	O
cycle	O
crops	O
on	O
idle	O
land	O
of	O
the	O
AZCUBA	B-ORGANIZATION
sugar	O
group	O
,	O
Los	B-ORGANIZATION
Naranjos	I-ORGANIZATION
,	O
tobacco	O
companies	O
or	O
any	O
other	O
owner	O
"	O
.	O

ValdÃ©s	B-GIVEN_NAME
Mesa	B-FAMILY_NAME
said	O
that	O
it	O
is	O
imperative	O
to	O
decrease	O
the	O
crop	O
cycles	O
and	O
to	O
follow	O
through	O
on	O
the	O
commitment	O
of	O
12	B-MONEY
pounds	I-MONEY
per	O
capita	O
with	O
Havana	B-LOCATION
.	O

However	O
,	O
the	O
Party	O
's	O
first	O
secretary	O
in	O
Artemisa	B-LOCATION
,	O
Gladys	B-GIVEN_NAME
MartÃ­nez	B-FAMILY_NAME
Verdecia	I-FAMILY_NAME
,	O
complained	O
about	O
the	O
marabou	O
-	O
infested	O
lands	O
,	O
and	O
described	O
as	O
fundamental	O
a	O
"	O
clearing	O
and	O
construction	O
brigade	O
with	O
specialized	O
equipment	O
to	O
help	O
clear	O
the	O
overgrown	O
lands	O
in	O
the	O
south	O
of	O
the	O
territory	O
.	O
"	O

"	O
Producing	O
our	O
own	O
grains	O
and	O
cereals	O
,	O
so	O
that	O
we	O
do	O
not	O
have	O
to	O
import	O
them	O
,	O
and	O
so	O
that	O
the	O
municipalities	O
can	O
become	O
self	O
-	O
sufficient	O
,	O
are	O
the	O
best	O
options	O
,	O
"	O
ValdÃ©s	B-GIVEN_NAME
Mesa	B-FAMILY_NAME
said	O
,	O
according	O
to	O
the	O
local	O
media	O
.	O

The	O
meeting	O
also	O
discussed	O
a	O
program	O
for	O
the	O
delivery	O
of	O
five	O
kilograms	O
of	O
protein	O
,	O
for	O
which	O
the	O
plans	O
include	O
"	O
expanding	O
aquaculture	O
,	O
the	O
breeding	O
of	O
black	O
pigs	O
,	O
as	O
well	O
as	O
the	O
completion	O
of	O
the	O
livestock	O
farms	O
so	O
that	O
their	O
different	O
varieties	O
can	O
receive	O
veterinary	O
certification	O
.	O
"	O

Cuban	B-AFFILIATION
farmers	O
and	O
producers	O
complain	O
of	O
numerous	O
obstacles	O
to	O
their	O
work	O
,	O
and	O
that	O
they	O
receive	O
little	O
help	O
to	O
grow	O
their	O
crops	O
.	O

This	O
week	O
the	O
official	O
press	O
has	O
published	O
reports	O
of	O
losses	O
due	O
to	O
a	O
lack	O
of	O
supplies	O
,	O
fuel	O
,	O
and	O
the	O
rotting	O
of	O
basic	O
products	O
that	O
are	O
subsidized	O
by	O
the	O
State	O
,	O
such	O
as	O
potatoes	O
.	O

Recently	O
,	O
Leonel	B-GIVEN_NAME
Capote	B-FAMILY_NAME
,	O
from	O
GÃ¼ira	B-LOCATION
de	I-LOCATION
Melena	I-LOCATION
,	O
predicted	O
on	O
Twitter	B-ORGANIZATION
:	O
"	O
In	O
a	O
few	O
months	O
,	O
agricultural	O
products	O
will	O
be	O
scarcer	O
.	O

The	O
cold	O
season	O
crops	O
are	O
finished	O
.	O

It	O
was	O
n't	O
possible	O
to	O
prepare	O
the	O
lands	O
to	O
sow	O
summer	O
products	O
due	O
to	O
the	O
lack	O
of	O
fuel	O
.	O

We	O
lost	O
that	O
precious	O
time	O
when	O
it	O
did	O
not	O
rain	O
.	O
"	O

"	O
Now	O
the	O
rains	O
have	O
already	O
started	O
,	O
the	O
grass	O
is	O
growing	O
,	O
and	O
the	O
land	O
hasn	O
?	O
t	O
been	O
plowed	O
.	O

But	O
,	O
even	O
if	O
you	O
get	O
fuel	O
,	O
nothing	O
can	O
be	O
done	O
.	O

It	O
's	O
a	O
waste	O
of	O
time	O
and	O
the	O
days	O
are	O
going	O
by	O
.	O

What	O
cannot	O
be	O
sown	O
today	O
,	O
will	O
be	O
missing	O
in	O
the	O
coming	O
months	O
,	O
"	O
he	O
stressed	O
.	O

"	O
That	O
's	O
why	O
with	O
agriculture	O
you	O
have	O
to	O
strike	O
when	O
the	O
iron	O
is	O
hot	O
,	O
plowing	O
,	O
preparing	O
land	O
and	O
sowing	O
at	O
the	O
right	O
times	O
.	O

Later	O
,	O
it	O
's	O
too	O
late	O
.	O

That	O
will	O
be	O
food	O
missing	O
from	O
tables	O
,	O
"	O
he	O
finished	O
.	O

Capote	B-GIVEN_NAME
himself	O
is	O
an	O
example	O
of	O
the	O
fact	O
that	O
it	O
is	O
not	O
only	O
the	O
lack	O
of	O
resources	O
that	O
is	O
affecting	O
agricultural	O
production	O
in	O
a	O
country	O
whose	O
authorities	O
are	O
demanding	O
more	O
crops	O
so	O
the	O
country	O
can	O
stop	O
importing	O
food	O
.	O

In	O
April	B-DATE
he	O
complained	O
about	O
the	O
loss	O
of	O
his	O
pumpkin	O
harvest	O
,	O
just	O
two	O
months	O
after	O
the	O
government	O
claimed	O
that	O
food	O
was	O
being	O
wasted	O
in	O
Cuba	B-LOCATION
due	O
to	O
"	O
food	O
-	O
related	O
ignorance	O
.	O
"	O

