The	O
fact	O
that	O
Cuba	B-LOCATION
's	O
ruling	O
caste	O
does	O
not	O
want	O
to	O
fully	O
imitate	O
China	B-LOCATION
's	O
reforms	O
is	O
clear	O
,	O
due	O
to	O
its	O
reluctance	O
to	O
take	O
the	O
steps	O
that	O
yielded	O
economic	O
results	O
in	O
the	O
Asian	B-AFFILIATION
nation	O
,	O
dramatically	O
improved	O
the	O
well	O
-	O
being	O
of	O
its	O
population	O
,	O
and	O
even	O
increased	O
individual	O
rights	O
,	O
albeit	O
in	O
the	O
context	O
of	O
a	O
political	O
dictatorship	O
.	O

It	O
is	O
also	O
obvious	O
that	O
Castroism	B-AFFILIATION
is	O
reluctant	O
to	O
do	O
so	O
because	O
it	O
has	O
calculated	O
that	O
,	O
given	O
Cuba	B-LOCATION
's	O
specific	O
circumstances	O
â	O
sociological	O
,	O
geographical	O
,	O
demographic	O
â	O
the	O
people	O
's	O
rapid	O
economic	O
advancement	O
does	O
not	O
behoove	O
those	O
in	O
power	O
.	O

The	O
power	O
pyramid	O
hinges	O
,	O
to	O
a	O
large	O
extent	O
,	O
on	O
keeping	O
the	O
civilian	O
population	O
,	O
poor	O
and	O
uncoordinated	O
,	O
dependent	O
on	O
the	O
State	O
,	O
and	O
inert	O
.	O

However	O
,	O
in	O
need	O
of	O
external	O
revenue	O
to	O
compensate	O
for	O
the	O
congenital	O
unproductivity	O
of	O
the	O
Castroist	B-AFFILIATION
economic	O
system	O
,	O
copying	O
a	O
political	O
strategy	O
similar	O
to	O
that	O
followed	O
by	O
the	O
Chinese	B-AFFILIATION
government	O
in	O
the	O
late	O
1970s	B-DATE
,	O
based	O
on	O
cultivating	O
economic	O
development	O
in	O
isolated	O
enclaves	O
of	O
the	O
population	O
and	O
local	O
bureaucracies	O
,	O
in	O
2013	B-DATE
Castroism	B-AFFILIATION
inaugurated	O
the	O
Mariel	B-LOCATION|B-GIVEN_NAME
Special	I-LOCATION
Development	I-LOCATION
Zone	I-LOCATION
(	O
ZEDM	B-LOCATION
)	O
,	O
inspired	O
by	O
and	O
modelled	O
on	O
China	B-LOCATION
's	O
Special	B-LOCATION
Economic	I-LOCATION
Zones	I-LOCATION
(	O
SEZs	B-LOCATION
)	O
,	O
which	O
were	O
and	O
are	O
one	O
of	O
the	O
cornerstones	O
of	O
that	O
country	O
's	O
rebirth	O
.	O

EEZs	B-LOCATION
have	O
specific	O
rules	O
,	O
mainly	O
in	O
terms	O
of	O
investment	O
conditions	O
,	O
international	O
trade	O
,	O
Customs	O
,	O
taxes	O
and	O
administrative	O
regulations	O
.	O

They	O
strive	O
to	O
create	O
a	O
liberal	O
(	O
from	O
a	O
political	O
/	O
economic	O
perspective	O
)	O
and	O
effective	O
(	O
from	O
an	O
administrative	O
perspective	O
)	O
business	O
environment	O
.	O

Unlike	O
FTZs	B-LOCATION
,	O
EEZs	B-LOCATION
are	O
more	O
inclusive	O
,	O
offering	O
incentives	O
not	O
only	O
for	O
manufacturing	O
,	O
but	O
also	O
for	O
agriculture	O
,	O
tourism	O
,	O
trade	O
,	O
finance	O
,	O
real	O
estate	O
development	O
and	O
technological	O
innovation	O
.	O

Specifically	O
,	O
Chinese	B-AFFILIATION
-	O
type	O
EEZs	B-LOCATION
,	O
which	O
Mariel	B-GIVEN_NAME
seeks	O
to	O
replicate	O
,	O
attempt	O
to	O
turn	O
a	O
small	O
portion	O
of	O
a	O
country	O
historically	O
resistant	O
to	O
free	O
market	O
and	O
private	O
property	O
into	O
an	O
oasis	O
for	O
direct	O
foreign	O
investment	O
,	O
areas	O
where	O
socialism	O
is	O
suspended	O
and	O
market	O
laws	O
are	O
allowed	O
to	O
function	O
.	O

Their	O
success	O
is	O
measured	O
by	O
the	O
volume	O
of	O
investment	O
they	O
manage	O
to	O
attract	O
.	O

The	O
first	O
opened	O
in	O
China	B-LOCATION
was	O
Shenzhen	B-LOCATION
,	O
in	O
1980	B-DATE
.	O

In	O
1982	B-DATE
,	O
that	O
city	O
was	O
already	O
so	O
attractive	O
that	O
it	O
accounted	O
for	O
50.6	O
per	O
cent	O
of	O
the	O
country	O
's	O
foreign	O
investment	O
,	O
quintupled	O
its	O
inhabitants	O
'	O
income	O
,	O
and	O
saw	O
the	O
construction	O
of	O
more	O
than	O
300	O
factories	O
.	O

During	O
the	O
first	O
five	B-DURATION
years	I-DURATION
,	O
local	O
GDP	B-BRANDS
growth	O
exceeded	O
50	O
%	O
.	O

It	O
was	O
so	O
successful	O
that	O
,	O
in	O
the	O
following	O
nine	B-DURATION
years	I-DURATION
China	B-LOCATION
replicated	O
the	O
experience	O
in	O
another	O
24	O
enclaves	O
,	O
and	O
not	O
small	O
areas	O
,	O
but	O
even	O
larger	O
provinces	O
and	O
geographical	O
areas	O
,	O
where	O
EEZS	B-LOCATION
have	O
multiplied	O
.	O

After	O
nine	B-DURATION
years	I-DURATION
,	O
the	O
first	O
EEZ	B-LOCATION
inaugurated	O
in	O
Cuba	B-LOCATION
,	O
the	O
Mariel	B-LOCATION|B-GIVEN_NAME
Special	I-LOCATION
Development	I-LOCATION
Zone	I-LOCATION
(	O
ZEDM	B-LOCATION
)	O
,	O
is	O
still	O
the	O
only	O
area	O
of	O
the	O
country	O
with	O
these	O
characteristics	O
,	O
which	O
is	O
logical	O
,	O
as	O
there	O
are	O
only	O
62	O
approved	O
businesses	O
,	O
with	O
only	O
36	O
operating	O
,	O
and	O
,	O
of	O
the	O
22	O
billion	O
in	O
investment	O
(	O
2.5	O
billion	O
annually	O
)	O
that	O
the	O
ZEDM	B-LOCATION
was	O
supposed	O
to	O
attract	O
,	O
at	O
this	O
point	O
only	O
3	B-MONEY
billion	I-MONEY
dollars	I-MONEY
have	O
been	O
"	O
committed	O
,	O
"	O
and	O
the	O
concretized	O
ones	O
barely	O
exceed	O
one	O
third	O
of	O
this	O
limited	O
amount	O
.	O

Each	O
year	O
,	O
it	O
has	O
invested	O
25	O
times	O
less	O
than	O
expected	O
when	O
the	O
ZEDM	B-LOCATION
was	O
promoted	O
.	O

Can	O
you	O
see	O
the	O
difference	O
between	O
Cuba	B-LOCATION
's	O
first	O
EEZ	B-LOCATION
and	O
China	B-LOCATION
's	O
?	O

Though	O
RaÃºl	B-GIVEN_NAME
Castro	B-FAMILY_NAME
personally	O
visited	O
Mariel	B-GIVEN_NAME
and	O
stated	O
that	O
"	O
it	O
's	O
coming	O
along	O
,	O
there	O
is	O
much	O
more	O
experience	O
,	O
it	O
's	O
going	O
well	O
"	O
,	O
no	O
,	O
it	O
is	O
not	O
going	O
well	O
,	O
at	O
least	O
in	O
economic	O
terms	O
...	O
because	O
in	O
political	O
terms	O
it	O
conforms	O
to	O
the	O
Raulista	B-BRANDS
strategy	O
.	O

RaÃºl	B-GIVEN_NAME
Castro	B-FAMILY_NAME
's	O
government	O
,	O
directly	O
or	O
through	O
front	O
men	O
,	O
has	O
implemented	O
a	O
litany	O
of	O
economic	O
reforms	O
that	O
project	O
the	O
impression	O
of	O
an	O
opening	O
up	O
,	O
but	O
that	O
are	O
only	O
a	O
mirage	O
,	O
a	O
ruse	O
to	O
buy	O
time	O
by	O
keeping	O
the	O
people	O
believing	O
that	O
it	O
is	O
evolving	O
towards	O
a	O
"	O
more	O
normal	O
"	O
country	O
,	O
while	O
the	O
government	O
pursues	O
a	O
strategy	O
of	O
fraudulent	O
change	O
,	O
striving	O
to	O
transform	O
Fidel	B-GIVEN_NAME
's	O
failed	O
and	O
unsustainable	O
socialism	O
into	O
a	O
mercantilist	O
one	O
supported	O
by	O
a	O
base	O
of	O
economic	O
privileges	O
with	O
political	O
connections	O
,	O
with	O
future	O
oligarchs	O
operating	O
in	O
the	O
shadows	O
and	O
real	O
power	O
remaining	O
in	O
the	O
hands	O
of	O
the	O
political	O
/	O
military	O
aristocracy	O
.	O

They	O
have	O
created	O
an	O
EEZ	B-LOCATION
,	O
and	O
they	O
have	O
also	O
updated	O
the	O
foreign	O
investment	O
regulations	O
,	O
offering	O
very	O
advantageous	O
fiscal	O
and	O
labor	O
conditions	O
,	O
financing	O
,	O
access	O
to	O
sectors	O
prohibited	O
for	O
nationals	O
,	O
a	O
captive	O
market	O
of	O
11	O
million	O
consumers	O
,	O
protection	O
against	O
foreign	O
competition	O
,	O
and	O
the	O
agility	O
of	O
a	O
"	O
one	O
-	O
stop	O
shop	O
.	O
"	O

All	O
this	O
is	O
done	O
to	O
feign	O
that	O
Cuba	B-LOCATION
is	O
opening	O
up	O
to	O
the	O
world	O
,	O
but	O
the	O
real	O
result	O
is	O
that	O
,	O
of	O
the	O
400	O
companies	O
that	O
were	O
interested	O
in	O
investing	O
in	O
the	O
ZEDM	B-LOCATION
in	O
2016	B-DATE
(	O
we	O
do	O
n't	O
know	O
how	O
many	O
more	O
may	O
have	O
expressed	O
interest	O
since	O
)	O
the	O
government	O
has	O
only	O
approved	O
62	O
,	O
of	O
which	O
,	O
as	O
we	O
said	O
,	O
just	O
36	O
are	O
operating	O
.	O

What	O
this	O
reveals	O
is	O
that	O
the	O
scant	O
foreign	O
investment	O
in	O
the	O
island	O
is	O
not	O
due	O
to	O
the	O
US	B-LOCATION
embargo	O
.	O

Not	O
at	O
all	O
.	O

The	O
real	O
problem	O
is	O
that	O
,	O
of	O
the	O
investments	O
that	O
arrive	O
,	O
Castroism	B-AFFILIATION
blocks	O
more	O
than	O
90	O
%	O
,	O
rejecting	O
hundreds	O
,	O
even	O
thousands	O
,	O
of	O
companies	O
willing	O
to	O
bring	O
development	O
and	O
well	O
-	O
being	O
to	O
the	O
Cuban	B-AFFILIATION
people	O
.	O

Cuba	B-LOCATION
is	O
changing	O
,	O
but	O
while	O
Cubans	B-AFFILIATION
are	O
made	O
to	O
believe	O
that	O
the	O
government	O
is	O
trying	O
to	O
evolve	O
towards	O
something	O
better	O
for	O
the	O
people	O
,	O
a	O
freer	O
and	O
more	O
modern	O
economy	O
,	O
the	O
truth	O
is	O
that	O
the	O
change	O
sought	O
is	O
something	O
better	O
for	O
the	O
government	O
.	O

