Gisela	B-GIVEN_NAME
is	O
the	O
only	O
woman	O
in	O
the	O
group	O
who	O
wears	O
jeans	O
and	O
not	O
the	O
typical	O
embroidered	O
and	O
colorful	O
skirt	O
.	O

In	O
full	O
harvest	O
,	O
in	O
a	O
potato	O
field	O
in	O
the	O
Peruvian	B-AFFILIATION
community	O
of	O
Huayana	B-LOCATION
,	O
this	O
young	O
woman	O
is	O
pleased	O
that	O
the	O
role	O
of	O
women	O
,	O
who	O
have	O
traditionally	O
always	O
been	O
behind	O
men	O
,	O
is	O
changing	O
.	O

â	O
The	O
women	O
tell	O
me	O
that	O
the	O
man	O
spoke	O
for	O
them	O
,	O
their	O
opinion	O
did	O
not	O
count	O
and	O
the	O
decision	O
they	O
made	O
did	O
not	O
count	O
either	O
.	O

But	O
this	O
is	O
changing	O
,	O
little	O
by	O
little	O
the	O
woman	O
is	O
empowering	O
herself	O
and	O
she	O
is	O
taking	O
important	O
roles	O
in	O
each	O
situation	O
,	O
â	O
she	O
told	O
EFE	B-ORGANIZATION
,	O
hopeful	O
Gisela	B-GIVEN_NAME
Ubaqui	B-FAMILY_NAME
,	O
21	B-DURATION
years	I-DURATION
old	O
.	O

Slow	O
forward	O

Ubaqui	B-GIVEN_NAME
studies	O
environmental	O
engineering	O
in	O
Andahuaylas	B-LOCATION
,	O
a	O
small	O
town	O
in	O
the	O
department	O
of	O
ApurÃ­mac	B-LOCATION
,	O
to	O
learn	O
and	O
thus	O
promote	O
the	O
family	O
agricultural	O
business	O
.	O

But	O
next	O
to	O
her	O
,	O
two	O
women	O
barely	O
10	B-DURATION
years	I-DURATION
older	O
did	O
not	O
have	O
the	O
same	O
luck	O
.	O

One	O
of	O
them	O
said	O
that	O
she	O
could	O
not	O
study	O
because	O
her	O
older	O
brother	O
did	O
it	O
and	O
there	O
was	O
no	O
more	O
economic	O
capacity	O
in	O
her	O
house	O
;	O

The	O
other	O
young	O
woman	O
recognized	O
that	O
she	O
is	O
the	O
one	O
in	O
charge	O
of	O
taking	O
care	O
of	O
her	O
parents	O
who	O
are	O
older	O
.	O

â	O
Women	O
are	O
gradually	O
gaining	O
access	O
to	O
more	O
education	O
,	O
which	O
until	O
a	O
few	O
years	O
ago	O
was	O
intended	O
only	O
for	O
men	O
,	O
due	O
to	O
the	O
legacy	O
of	O
the	O
hacienda	O
systems	O
,	O
â	O
environmental	O
engineer	O
Javier	B-GIVEN_NAME
Llacsa	B-FAMILY_NAME
told	O
EFE	B-ORGANIZATION
.	O

