%	O
E	O
2	O
%	O
80	O
%	O
98	O
huge	O
-	O
investments	O
%	O
E	O
2	O
%	O
80	O
%	O
99	O
-	O
in	O
-	O
Egypt	O
-	O
to	O
-	O
complete	O

CAIRO	B-LOCATION
â	O
26	B-DATE
July	I-DATE
2022	I-DATE
:	O
Saudi	B-LOCATION
Arabia	I-LOCATION
will	O
make	O
â	O
huge	O
investments	O
â	O
in	O
Egypt	B-LOCATION
to	O
complete	O
its	O
$	B-MONEY
500	I-MONEY
billion	I-MONEY
NEOM	B-LOCATION
project	O
,	O
BBC	B-ORGANIZATION
cited	O
Crown	O
Prince	O
Mohammed	B-GIVEN_NAME
bin	B-FAMILY_NAME
Salman	I-FAMILY_NAME
as	O
saying	O
to	O
the	O
reporters	O
on	O
Tuesday	B-DATE
.	O

NEOM	B-LOCATION
is	O
a	O
Saudi	B-AFFILIATION
city	O
being	O
constructed	O
in	O
Tabuk	B-LOCATION
province	I-LOCATION
in	O
northern	O
Saudi	B-LOCATION
Arabia	I-LOCATION
east	O
of	O
Egypt	B-LOCATION
where	O
it	O
is	O
slated	O
to	O
become	O
a	O
hub	O
for	O
smart	O
city	O
technologies	O
and	O
to	O
serve	O
as	O
a	O
tourist	O
destination	O
.	O

The	O
project	O
will	O
cover	O
an	O
area	O
of	O
more	O
than	O
26,000	O
square	O
kilometers	O
and	O
will	O
extend	O
along	O
the	O
Red	B-LOCATION
Sea	I-LOCATION
coast	O
.	O

In	O
2018	B-DATE
,	O
Egypt	B-LOCATION
announced	O
that	O
it	O
will	O
contribute	O
some	O
land	O
to	O
the	O
NEOM	B-LOCATION
city	O
project	O
after	O
the	O
city	O
was	O
announced	O
by	O
bin	B-GIVEN_NAME
Salman	B-FAMILY_NAME
in	O
2017	B-DATE
.	O

Within	O
that	O
initiative	O
,	O
Egypt	B-LOCATION
would	O
allocate	O
more	O
than	O
1,000	O
square	O
kilometers	O
of	O
land	O
to	O
the	O
project	O
in	O
the	O
South	B-LOCATION
Sinai	I-LOCATION
governorate	O
.	O

During	O
his	O
Tuesday	B-DATE
remarks	O
to	O
the	O
press	O
,	O
bin	B-GIVEN_NAME
Salman	B-FAMILY_NAME
said	O
Saudi	B-LOCATION
Arabia	I-LOCATION
will	O
heavily	O
invest	O
in	O
Egypt	B-LOCATION
to	O
complete	O
the	O
NEOM	B-LOCATION
project	O
including	O
in	O
Sharm	B-LOCATION
El	I-LOCATION
-	I-LOCATION
Sheikh	I-LOCATION
city	O
.	O

He	O
added	O
that	O
NEOM	B-LOCATION
project	O
is	O
likely	O
to	O
be	O
listed	O
by	O
2024	B-DATE
.	O

NEOM	B-LOCATION
is	O
the	O
first	O
private	O
zone	O
to	O
span	O
Egypt	B-LOCATION
,	O
Saudi	B-LOCATION
Arabia	I-LOCATION
and	O
Jordan	B-LOCATION
and	O
to	O
be	O
funded	O
by	O
the	O
Saudi	B-ORGANIZATION
Arabian	I-ORGANIZATION
Public	I-ORGANIZATION
Investment	I-ORGANIZATION
Fund	I-ORGANIZATION
,	O
as	O
well	O
as	O
local	O
and	O
international	O
investors	O
.	O

In	O
2018	B-DATE
,	O
Saudi	B-LOCATION
Arabia	I-LOCATION
and	O
Egypt	B-LOCATION
agreed	O
on	O
creating	O
a	O
$	B-MONEY
10	I-MONEY
billion	I-MONEY
joint	O
fund	O
with	O
the	O
aim	O
of	O
developing	O
a	O
mega	O
NEOM	B-LOCATION
city	O
in	O
Egypt	B-LOCATION
's	O
Sinai	B-LOCATION
.	O
The	O
mega	O
-	O
city	O
,	O
with	O
its	O
own	O
judicial	O
system	O
and	O
legislation	O
is	O
designed	O
to	O
attract	O
international	O
investors	O
.	O

The	O
first	O
phase	O
of	O
the	O
NEOM	B-LOCATION
project	O
is	O
expected	O
to	O
end	O
in	O
2025	B-DATE
while	O
the	O
project	O
is	O
expected	O
to	O
be	O
completed	O
within	O
a	O
period	O
that	O
extends	O
to	O
50	B-DURATION
years	I-DURATION
.	O

NEOM	B-LOCATION
overlooks	O
the	O
Red	B-LOCATION
Sea	I-LOCATION
,	O
one	O
of	O
the	O
world	O
âs	O
most	O
prominent	O
economic	O
arteries	O
,	O
through	O
which	O
nearly	O
one	O
tenth	O
of	O
the	O
world	O
âs	O
trade	O
flows	O
;	O
facilitating	O
NEOM	B-LOCATION
's	O
rapid	O
emergence	O
as	O
a	O
global	O
hub	O
that	O
has	O
potential	O
to	O
bring	O
together	O
trade	O
from	O
Asia	B-LOCATION
,	O
Africa	B-LOCATION
,	O
Europe	B-LOCATION
and	O
America	B-LOCATION
.	O

The	O
mega	O
city	O
is	O
set	O
to	O
transform	O
the	O
economy	O
and	O
society	O
by	O
introducing	O
a	O
raft	O
of	O
liberalizing	O
reforms	O
as	O
planned	O
by	O
President	O
Sisi	B-GIVEN_NAME
and	O
King	O
Salman	B-GIVEN_NAME
.	O

The	O
city	O
aims	O
to	O
embrace	O
digital	O
technologies	O
and	O
services	O
to	O
make	O
it	O
a	O
major	O
commercial	O
location	O
in	O
the	O
Middle	B-LOCATION
East	I-LOCATION
.	O
Consequently	O
,	O
such	O
development	O
will	O
be	O
a	O
major	O
driver	O
of	O
tourism	O
.	O

