CAIRO	B-LOCATION
-	O
7	B-DATE
July	I-DATE
2022	I-DATE
:	O
El	B-ORGANIZATION
Sewedy	I-ORGANIZATION
Electric	I-ORGANIZATION
for	I-ORGANIZATION
Trade	I-ORGANIZATION
and	I-ORGANIZATION
Distribution	I-ORGANIZATION
,	O
a	O
subsidiary	O
of	O
Elsewedy	B-ORGANIZATION
Electric	I-ORGANIZATION
Co	I-ORGANIZATION
,	O
signed	O
a	O
contract	O
with	O
the	O
Egyptian	B-ORGANIZATION|B-AFFILIATION
National	I-ORGANIZATION
Railways	I-ORGANIZATION
Authority	I-ORGANIZATION
to	O
implement	O
the	O
works	O
of	O
the	O
project	O
to	O
develop	O
signaling	O
and	O
communication	O
systems	O
on	O
the	O
Nagaa	B-LOCATION
Hammadi	I-LOCATION
-	I-LOCATION
Luxor	I-LOCATION
line	I-LOCATION
.	O

The	O
contract	O
was	O
signed	O
in	O
partnership	O
with	O
the	O
Egyptian	B-ORGANIZATION|B-AFFILIATION
company	I-ORGANIZATION
for	I-ORGANIZATION
the	I-ORGANIZATION
renovation	I-ORGANIZATION
and	I-ORGANIZATION
maintenance	I-ORGANIZATION
of	I-ORGANIZATION
railways	I-ORGANIZATION
(	O
ERTRAC	B-ORGANIZATION
)	O
and	O
Gharably	B-ORGANIZATION
Integrated	I-ORGANIZATION
Engineering	I-ORGANIZATION
Company	I-ORGANIZATION
(	O
GIECO	B-ORGANIZATION
)	O
.	O

The	O
company	O
noted	O
in	O
a	O
filing	O
to	O
the	O
Egyptian	B-ORGANIZATION|B-AFFILIATION
exchange	I-ORGANIZATION
(	O
EGX	B-BRANDS
)	O
Thursday	B-DATE
that	O
the	O
total	O
value	O
of	O
the	O
project	O
is	O
LE	B-MONEY
1.29	I-MONEY
billion	I-MONEY
,	O
and	O
the	O
proportion	O
of	O
El	B-ORGANIZATION
Sewedy	I-ORGANIZATION
Electric	I-ORGANIZATION
Trading	I-ORGANIZATION
Company	I-ORGANIZATION
is	O
about	O
LE	B-MONEY
545	I-MONEY
million	I-MONEY
,	O
provided	O
that	O
the	O
contract	O
is	O
executed	O
within	O
24	O
months	O
from	O
the	O
date	O
of	O
signing	O
.	O

El	B-ORGANIZATION
Sewedy	I-ORGANIZATION
Electric	I-ORGANIZATION
achieved	O
a	O
net	O
profit	O
of	O
LE	B-MONEY
828.2	I-MONEY
million	I-MONEY
during	O
the	O
period	O
from	O
January	B-DATE
to	O
the	O
end	O
of	O
March	B-DATE
2022	I-DATE
,	O
compared	O
to	O
profits	O
of	O
LE	B-MONEY
769.49	I-MONEY
million	I-MONEY
during	O
the	O
first	O
quarter	O
of	O
2021	B-DATE
,	O
taking	O
into	O
account	O
minority	O
rights	O
.	O

Elsewedy	B-ORGANIZATION
Electric	I-ORGANIZATION
operates	O
within	O
the	O
capital	O
goods	O
sector	O
focusing	O
on	O
electrical	O
components	O
and	O
equipment	O
.	O

It	O
has	O
37	O
subsidiaries	O
operating	O
across	O
Northern	B-LOCATION
Africa	I-LOCATION
,	O
Eastern	B-LOCATION
Africa	I-LOCATION
,	O
Middle	B-LOCATION
East	I-LOCATION
and	O
Southern	B-LOCATION
Europe	I-LOCATION
.	O

