Egypt	B-LOCATION
,	I-LOCATION
Cairo	I-LOCATION
,	O
June	B-DATE
2022	I-DATE
:	O
As	O
part	O
of	O
its	O
celebration	O
of	O
10	B-DURATION
year	I-DURATION
of	O
success	O
in	O
Egypt	B-LOCATION
,	O
Jumia	B-ORGANIZATION
,	O
the	O
leading	O
e	O
-	O
commerce	O
platform	O
has	O
organized	O
the	O
forum	O
around	O
â	O
A	O
decade	O
of	O
e	O
-	O
commerce	O
in	O
Egypt	B-LOCATION
â	O
with	O
the	O
participation	O
of	O
Dr	O
.	O
Ibrahim	B-GIVEN_NAME
Ashmawy	B-FAMILY_NAME
,	O
Vice	O
Minister	O
of	O
Supply	O
&	O
Internal	O
Trade	O
,	O
Chairman	O
of	O
the	O
Board	B-ORGANIZATION
,	O
Internal	B-ORGANIZATION
Trade	I-ORGANIZATION
Development	I-ORGANIZATION
Authority	I-ORGANIZATION
,	O
Chairman	O
of	O
the	O
Board	B-ORGANIZATION
,	O
Egyptian	B-ORGANIZATION|B-AFFILIATION
Mercantile	I-ORGANIZATION
Exchange	I-ORGANIZATION
who	O
gave	O
the	O
keynote	O
speech	O
addressing	O
the	O
economic	O
development	O
that	O
Egypt	B-LOCATION
has	O
witnessed	O
recently	O
and	O
the	O
future	O
of	O
e	O
-	O
commerce	O
in	O
light	O
of	O
the	O
support	O
of	O
the	O
Egyptian	B-AFFILIATION
state	O
.	O

A	O
number	O
of	O
banking	O
leaders	O
,	O
logistic	O
companies	O
,	O
decision	O
makers	O
and	O
businessmen	O
have	O
also	O
participated	O
in	O
the	O
forum	O
.	O

Engineer	O
Hesham	B-GIVEN_NAME
Safwat	B-FAMILY_NAME
,	O
CEO	O
of	O
Jumia	B-ORGANIZATION
Egypt	I-ORGANIZATION|B-LOCATION
,	O
and	O
a	O
number	O
of	O
prominent	O
officials	O
from	O
different	O
sectors	O
also	O
participated	O
in	O
the	O
forum	O
,	O
have	O
discussed	O
with	O
the	O
attendees	O
through	O
three	O
main	O
sessions	O
about	O
important	O
topics	O
including	O
the	O
global	O
development	O
of	O
e	O
-	O
commerce	O
and	O
the	O
state	O
âs	O
incentive	O
measures	O
,	O
as	O
well	O
as	O
the	O
role	O
of	O
finance	O
technology	O
in	O
promoting	O
Egypt	B-LOCATION
âs	O
leadership	O
in	O
the	O
field	O
of	O
electronic	O
payments	O
and	O
the	O
transformation	O
to	O
a	O
cashless	O
society	O
in	O
implementation	O
of	O
Egypt	B-LOCATION
âs	O
2030	B-DATE
strategy	O
.	O

During	O
the	O
first	O
session	O
,	O
the	O
participants	O
reviewed	O
the	O
measures	O
taken	O
in	O
partnership	O
with	O
Jumia	B-ORGANIZATION
to	O
advance	O
the	O
e	O
-	O
commerce	O
market	O
which	O
has	O
increased	O
in	O
numbers	O
in	O
the	O
past	O
two	B-DURATION
years	I-DURATION
thanks	O
to	O
the	O
efforts	O
made	O
by	O
all	O
parties	O
.	O

Jumia	B-ORGANIZATION
âs	O
commercial	O
partners	O
participating	O
in	O
the	O
forum	O
,	O
for	O
example	O
:	O
Halwani	B-GIVEN_NAME
,	B-FAMILY_NAME
GSK	I-FAMILY_NAME
which	O
is	O
the	O
owner	O
of	O
brands	O
like	O
Sensodyne	B-BRANDS
,	O
Unilever	B-BRANDS
(	O
Lipton	B-BRANDS
and	O
Dove	B-ORGANIZATION|B-BRANDS
)	O
,	O
and	O
OMD	B-ORGANIZATION
one	O
of	O
the	O
largest	O
advertising	O
companies	O
,	O
also	O
collaboratively	O
discussed	O
the	O
role	O
of	O
e	O
-	O
commerce	O
in	O
reshaping	O
their	O
brands	O
and	O
increasing	O
their	O
growth	O
and	O
how	O
this	O
reflected	O
on	O
revenue	O
increase	O
and	O
opening	O
a	O
new	O
market	O
that	O
was	O
nât	O
available	O
in	O
the	O
past	O
years	O
.	O

The	O
discussions	O
also	O
included	O
the	O
reengineering	O
of	O
retail	O
through	O
e	O
-	O
commerce	O
,	O
in	O
addition	O
to	O
discussing	O
the	O
guidelines	O
recommended	O
by	O
Jumia	B-ORGANIZATION
to	O
further	O
advance	O
e	O
-	O
commerce	O
and	O
drive	O
its	O
growth	O
forward	O
,	O
and	O
how	O
this	O
will	O
affect	O
the	O
Egyptian	B-AFFILIATION
economy	O
after	O
merging	O
the	O
informal	O
economy	O
with	O
the	O
formal	O
economy	O
.	O

During	O
the	O
second	O
session	O
,	O
which	O
was	O
attended	O
by	O
a	O
number	O
of	O
leaders	O
from	O
the	O
National	B-ORGANIZATION
Bank	I-ORGANIZATION
of	I-ORGANIZATION
Egypt	I-ORGANIZATION|B-LOCATION
,	O
the	O
Egyptian	B-ORGANIZATION|B-AFFILIATION
Banks	I-ORGANIZATION
Company	I-ORGANIZATION
,	O
and	O
ValU	B-ORGANIZATION
,	O
the	O
participants	O
discussed	O
the	O
measures	O
taken	O
in	O
the	O
field	O
of	O
digital	O
payment	O
and	O
the	O
growing	O
revolution	O
in	O
contactless	O
payments	O
especially	O
with	O
the	O
interest	O
of	O
the	O
political	O
leadership	O
in	O
the	O
electronic	O
payment	O
system	O
and	O
the	O
inauguration	O
of	O
the	O
National	B-ORGANIZATION
Payments	I-ORGANIZATION
Council	I-ORGANIZATION
headed	O
by	O
His	O
Excellency	O
the	O
President	O
Abdel	B-GIVEN_NAME
Fattah	B-FAMILY_NAME
el	I-FAMILY_NAME
-	I-FAMILY_NAME
Sisi	I-FAMILY_NAME
.	O

The	O
attendees	O
also	O
discussed	O
the	O
laws	O
and	O
legislations	O
put	O
in	O
place	O
for	O
the	O
regulation	O
of	O
electronic	O
transactions	O
in	O
Egypt	B-LOCATION
which	O
would	O
drive	O
forward	O
the	O
growth	O
of	O
e	O
-	O
commerce	O
in	O
Egypt	B-LOCATION
,	O
and	O
the	O
most	O
prominent	O
addition	O
to	O
the	O
field	O
of	O
e	O
-	O
commerce	O
Buy	B-BRANDS
Now	B-MISC
Pay	I-MISC
Later	I-MISC
(	O
BNPL	B-BRANDS
)	O
.	O

During	O
the	O
discussion	O
of	O
logistics	O
partners	O
in	O
the	O
forum	O
,	O
which	O
included	O
the	O
participation	O
of	O
the	O
following	O
parties	O
:	O
Presto	B-ORGANIZATION
,	O
R	B-ORGANIZATION
2	I-ORGANIZATION
S	I-ORGANIZATION
and	O
FDS	B-ORGANIZATION
,	O
the	O
attendees	O
reviewed	O
the	O
impact	O
of	O
e	O
-	O
commerce	O
on	O
the	O
market	O
and	O
on	O
the	O
supply	O
chains	O
in	O
Egypt	B-LOCATION
especially	O
considering	O
that	O
this	O
sector	O
has	O
recently	O
started	O
to	O
grow	O
considerably	O
.	O

The	O
attendees	O
also	O
discussed	O
the	O
future	O
of	O
the	O
supply	O
chains	O
and	O
its	O
role	O
in	O
supporting	O
the	O
growth	O
of	O
e	O
-	O
commerce	O
in	O
Egypt	B-LOCATION
.	O

At	O
the	O
end	O
of	O
the	O
forum	O
,	O
under	O
the	O
slogan	O
â	O
Ten	B-DURATION
Years	I-DURATION
Together	B-DATE
,	O
â	O
Jumia	B-ORGANIZATION
honored	O
a	O
number	O
of	O
employees	O
,	O
leaders	O
,	O
partners	O
and	O
customers	O
who	O
started	O
their	O
journey	O
with	O
Jumia	B-ORGANIZATION
ten	B-DURATION
years	I-DURATION
ago	O
.	O

