Ministry	O
denies	O
torture	O
reports	O

Anti	O
-	O
torture	O
group	O
responds	O
to	O
Ministry	B-ORGANIZATION
of	I-ORGANIZATION
Interior	I-ORGANIZATION
âs	O
letter	O

A	O
report	O
issued	O
by	O
the	O
Egyptian	B-ORGANIZATION|B-AFFILIATION
Association	I-ORGANIZATION
against	I-ORGANIZATION
Torture	I-ORGANIZATION
(	O
EAAT	B-ORGANIZATION
)	O
on	O
21	B-DATE
June	I-DATE
provides	O
evidence	O
of	O
abuse	O
in	O
prisons	O
nationwide	O
.	O
The	O
report	O
followed	O
an	O
unprecedented	O
letter	O
from	O
the	O
Ministry	B-ORGANIZATION
of	I-ORGANIZATION
the	I-ORGANIZATION
Interior	I-ORGANIZATION
to	O
members	O
of	O
the	O
New	B-LOCATION
York	I-LOCATION
-	O
based	O
Human	B-ORGANIZATION
Rights	I-ORGANIZATION
Watch	I-ORGANIZATION
,	O
denying	O
accusations	O
that	O
38	O
incidents	O
of	O
torture	O
and	O
seven	O
deaths	O
occurred	O
at	O
the	O
hands	O
of	O
state	O
security	O
intelligence	O
officers	O
.	O

In	O
the	O
letter	O
,	O
issued	O
29	B-DATE
February	I-DATE
,	O
the	O
ministry	O
claimed	O
that	O
all	O
seven	O
deaths	O
could	O
be	O
attributed	O
to	O
suicide	O
or	O
infighting	O
among	O
prisoners	O
,	O
and	O
that	O
19	O
of	O
the	O
38	O
alleged	O
cases	O
of	O
torture	O
â	O
did	O
not	O
happen	O
.	O
â	O
Investigations	O
are	O
pending	O
in	O
the	O
remaining	O
cases	O
.	O

When	O
EAAT	B-ORGANIZATION
announced	O
its	O
findings	O
,	O
the	O
group	O
accused	O
the	O
government	O
of	O
operating	O
solely	O
to	O
defend	O
its	O
reputation	O
abroad	O
.	O

â	O
With	O
Egypt	B-LOCATION
âs	O
public	O
image	O
at	O
stake	O
,	O
the	O
ministry	O
âs	O
reaction	O
is	O
a	O
form	O
of	O
damage	O
control	O
,	O
â	O
said	O
EAAT	B-ORGANIZATION
founder	O
and	O
president	O
,	O
Aida	B-GIVEN_NAME
Seif	B-FAMILY_NAME
Al	I-FAMILY_NAME
Dawla	I-FAMILY_NAME
.	O
â	O
As	O
a	O
result	O
,	O
not	O
a	O
single	O
police	O
officer	O
or	O
prison	O
guard	O
has	O
ever	O
been	O
prosecuted	O
for	O
the	O
mistreatment	O
of	O
prisoners	O
and	O
detainees	O
.	O
â	O

The	O
denial	O
by	O
the	O
Interior	B-ORGANIZATION
Ministry	I-ORGANIZATION
came	O
despite	O
a	O
collection	O
of	O
photographs	O
,	O
interview	O
transcripts	O
and	O
forensic	O
reports	O
,	O
detailed	O
in	O
the	O
report	O
.	O
The	O
organization	O
also	O
said	O
it	O
felt	O
threatened	O
by	O
the	O
ministry	O
âs	O
letter	O
,	O
which	O
referred	O
to	O
its	O
activities	O
as	O
a	O
â	O
suspect	O
organized	O
campaign	O
against	O
the	O
country	O
in	O
the	O
field	O
of	O
human	O
rights	O
.	O
â	O

Positioning	O
itselves	O
as	O
part	O
of	O
a	O
public	O
campaign	O
,	O
EAAT	B-ORGANIZATION
officials	O
said	O
its	O
research	O
is	O
particularly	O
important	O
after	O
the	O
torture	O
scandal	O
in	O
Iraq	B-LOCATION
.	O

â	O
What	O
America	B-LOCATION
is	O
doing	O
,	O
Egypt	B-LOCATION
is	O
doing	O
.	O
If	O
Rumsfeld	B-GIVEN_NAME
and	O
Bush	B-GIVEN_NAME
apologized	O
,	O
where	O
is	O
our	O
apology	O
?	O
â	O
said	O
Seif	B-GIVEN_NAME
Al	B-FAMILY_NAME
Dawla	I-FAMILY_NAME
.	O

The	O
EAAT	B-ORGANIZATION
âs	O
most	O
recent	O
accusation	O
came	O
on	O
9	B-DATE
June	I-DATE
,	O
when	O
40	O
-	O
year	O
-	O
old	O
Akram	B-GIVEN_NAME
Al	B-FAMILY_NAME
Zoheiry	I-FAMILY_NAME
,	O
a	O
Muslim	B-ORGANIZATION
Brotherhood	I-ORGANIZATION
member	O
,	O
died	O
in	O
police	O
custody	O
.	O
Al	B-GIVEN_NAME
Zoheiri	B-FAMILY_NAME
and	O
53	O
other	O
Brothers	O
were	O
arrested	O
for	O
allegedly	O
conducting	O
military	O
training	O
.	O

Though	O
many	O
incidents	O
in	O
the	O
report	O
involved	O
members	O
of	O
the	O
Muslim	B-ORGANIZATION
Brotherhood	I-ORGANIZATION
,	O
the	O
EAAT	B-ORGANIZATION
stressed	O
the	O
cases	O
it	O
investigated	O
involved	O
a	O
variety	O
of	O
detainees	O
,	O
including	O
women	O
.	O

â	O
These	O
acts	O
often	O
occur	O
without	O
any	O
kind	O
of	O
provocation	O
,	O
â	O
said	O
EAAT	B-ORGANIZATION
legal	O
spokesman	O
,	O
Taher	B-GIVEN_NAME
Abou	B-FAMILY_NAME
Al	I-FAMILY_NAME
Nasr	I-FAMILY_NAME
.	O
â	O
It	O
may	O
just	O
be	O
a	O
matter	O
of	O
a	O
guard	O
not	O
liking	O
the	O
way	O
a	O
prisoner	O
looks	O
.	O
â	O

â	O
The	O
mistreatment	O
of	O
prisoners	O
is	O
a	O
conscious	O
choice	O
,	O
â	O
Seif	B-GIVEN_NAME
Al	B-FAMILY_NAME
Dawla	I-FAMILY_NAME
added	O
,	O
â	O
You	O
do	O
nât	O
put	O
a	O
cigarette	O
out	O
on	O
someone	O
âs	O
chest	O
just	O
because	O
they	O
do	O
nât	O
cooperate	O
during	O
an	O
interrogation	O
.	O
â	O

Though	O
the	O
EAAT	B-ORGANIZATION
was	O
denied	O
official	O
NGO	O
status	O
last	O
August	B-DATE
,	O
the	O
group	O
announced	O
last	O
week	O
it	O
would	O
join	O
with	O
12	O
other	O
organizations	O
to	O
form	O
the	O
Egyptian	B-ORGANIZATION|B-AFFILIATION
Human	I-ORGANIZATION
Rights	I-ORGANIZATION
Organizations	I-ORGANIZATION
Collective	I-ORGANIZATION
.	O
Representatives	O
hope	O
that	O
the	O
merger	O
will	O
put	O
added	O
pressure	O
on	O
the	O
government	O
to	O
reform	O
penal	O
legislation	O
and	O
abandon	O
its	O
policy	O
of	O
using	O
emergency	O
laws	O
to	O
prosecute	O
political	O
prisoners	O
.	O

