CAIRO	B-LOCATION
-	O
27	B-DATE
June	I-DATE
2022	I-DATE
:	O
Prime	O
Minister	O
Moustafa	B-GIVEN_NAME
Madbouli	B-FAMILY_NAME
asserted	O
the	O
government	O
is	O
paying	O
greater	O
attention	O
to	O
developing	O
and	O
strengthening	O
the	O
auto	O
industry	O
in	O
the	O
country	O
.	O

The	O
premier	O
commended	O
-	O
while	O
chairing	O
a	O
meeting	O
Monday	B-DATE
-	O
the	O
launch	O
of	O
the	O
national	O
strategy	O
for	O
developing	O
the	O
domestic	O
auto	O
industry	O
,	O
in	O
which	O
various	O
incentives	O
are	O
included	O
to	O
turn	O
Egypt	B-LOCATION
into	O
a	O
hub	O
for	O
manufacturing	O
cars	O
,	O
especially	O
electric	O
vehicles	O
.	O

A	O
number	O
of	O
ministers	O
and	O
senior	O
state	O
officials	O
attended	O
the	O
meeting	O
.	O

Spokesman	O
for	O
the	O
Cabinet	B-ORGANIZATION
Nader	B-GIVEN_NAME
Saad	B-FAMILY_NAME
said	O
that	O
Madbouli	B-GIVEN_NAME
is	O
following	O
up	O
on	O
ways	O
to	O
ease	O
customs	O
clearance	O
procedures	O
for	O
imported	O
cars	O
around	O
-	O
the	O
-	O
clock	O
with	O
the	O
ministers	O
and	O
bodies	O
concerned	O
.	O

Despite	O
unsuitable	O
,	O
difficult	O
economic	O
circumstances	O
globally	O
,	O
the	O
Egyptian	B-AFFILIATION
state	O
is	O
keen	O
to	O
achieve	O
a	O
balance	O
between	O
meeting	O
essential	O
needs	O
,	O
especially	O
when	O
it	O
comes	O
to	O
foodstuffs	O
and	O
petroleum	O
products	O
imported	O
from	O
abroad	O
and	O
maintaining	O
the	O
market	O
movement	O
,	O
in	O
addition	O
to	O
making	O
it	O
easy	O
for	O
companies	O
,	O
including	O
those	O
working	O
in	O
the	O
automobile	O
sector	O
,	O
to	O
do	O
business	O
in	O
the	O
country	O
,	O
according	O
to	O
him	O
.	O

The	O
state	O
is	O
very	O
much	O
interested	O
in	O
maintaining	O
the	O
performance	O
of	O
economic	O
activities	O
in	O
the	O
coming	O
period	O
,	O
added	O
the	O
prime	O
minister	O
.	O

