One	O
of	O
the	O
commitments	O
of	O
the	O
government	O
of	O
President	O
Nayib	B-GIVEN_NAME
Bukele	B-FAMILY_NAME
is	O
to	O
offer	O
recreational	O
spaces	O
and	O
first	O
-	O
class	O
services	O
to	O
national	O
and	O
foreign	O
tourists	O
,	O
for	O
which	O
the	O
authorities	O
are	O
promoting	O
an	O
infrastructure	O
strategy	O
on	O
a	O
national	O
scale	O
.	O

As	O
part	O
of	O
this	O
commitment	O
are	O
the	O
tourism	O
projects	O
that	O
are	O
being	O
carried	O
out	O
in	O
La	B-LOCATION
Libertad	I-LOCATION
,	O
such	O
as	O
the	O
amusement	O
park	O
and	O
the	O
gastronomic	O
plaza	O
,	O
which	O
will	O
be	O
inaugurated	O
in	O
the	O
coming	O
days	O
,	O
said	O
the	O
Minister	O
of	O
Tourism	O
,	O
Morena	B-GIVEN_NAME
Valdez	B-FAMILY_NAME
.	O

Â«	O
We	O
are	O
in	O
the	O
stage	O
of	O
finalizing	O
details	O
and	O
we	O
are	O
going	O
to	O
do	O
tests	O
in	O
every	O
sense	O
,	O
both	O
of	O
the	O
restaurants	O
and	O
of	O
the	O
mechanical	O
games	O
,	O
and	O
then	O
we	O
will	O
do	O
the	O
inauguration	O
.	O

Let	O
âs	O
be	O
patient	O
,	O
but	O
it	O
will	O
be	O
done	O
in	O
the	O
next	O
few	O
days	O
Â»	O
,	O
said	O
the	O
minister	O
,	O
who	O
did	O
not	O
specify	O
an	O
exact	O
date	O
for	O
the	O
start	O
of	O
operations	O
.	O

The	O
Amusement	B-LOCATION
Park	I-LOCATION
is	O
a	O
first	O
-	O
class	O
space	O
that	O
will	O
have	O
five	O
mechanical	O
games	O
:	O
the	O
Ferris	O
Wheel	O
,	O
Roller	O
Coaster	O
,	O
Carousel	O
,	O
Frog	O
Jump	O
,	O
and	O
Boat	O
,	O
which	O
have	O
been	O
donated	O
by	O
the	O
cooperation	O
of	O
the	O
People	B-LOCATION
âs	I-LOCATION
Republic	I-LOCATION
of	I-LOCATION
China	I-LOCATION
.	O

The	O
investment	O
in	O
this	O
ambitious	O
project	O
amounts	O
to	O
$	B-MONEY
4	I-MONEY
million	I-MONEY
for	O
the	O
improvement	O
work	O
of	O
the	O
place	O
,	O
informed	O
the	O
Ministry	B-ORGANIZATION
of	I-ORGANIZATION
Tourism	I-ORGANIZATION
(	O
Mitur	B-ORGANIZATION
)	O
.	O

He	O
also	O
explained	O
that	O
the	O
Gastronomic	B-LOCATION
Plaza	I-LOCATION
will	O
have	O
12	O
spaces	O
for	O
restaurants	O
,	O
which	O
have	O
a	O
history	O
of	O
serving	O
the	O
Salvadoran	B-AFFILIATION
people	O
.	O

The	O
projects	O
are	O
part	O
of	O
the	O
development	O
of	O
the	O
La	B-LOCATION
Libertad	I-LOCATION
port	O
.	O

Currently	O
,	O
the	O
owners	O
of	O
the	O
restaurants	O
,	O
which	O
have	O
a	O
high	O
percentage	O
of	O
progress	O
,	O
are	O
in	O
the	O
contract	O
stage	O
,	O
to	O
later	O
move	O
on	O
to	O
the	O
installation	O
phase	O
and	O
start	O
of	O
operations	O
.	O

Â«	O
With	O
the	O
amusement	B-LOCATION
park	I-LOCATION
and	O
the	O
new	O
gastronomic	B-LOCATION
plaza	I-LOCATION
,	O
we	O
are	O
calculating	O
that	O
we	O
will	O
have	O
more	O
than	O
five	O
million	O
national	O
and	O
international	O
visitors	O
in	O
the	O
area	O
,	O
Â»	O
said	O
the	O
official	O
.	O

Minister	O
Valdez	B-GIVEN_NAME
stated	O
that	O
in	O
El	B-LOCATION
Salvador	I-LOCATION
,	O
the	O
tourism	O
sector	O
continues	O
with	O
positive	O
figures	O
and	O
is	O
positioning	O
itself	O
as	O
one	O
of	O
the	O
most	O
visited	O
countries	O
in	O
the	O
region	O
.	O

To	O
date	O
,	O
according	O
to	O
Mitur	B-ORGANIZATION
data	O
,	O
El	B-LOCATION
Salvador	I-LOCATION
has	O
received	O
1.1	O
million	O
international	O
tourists	O
,	O
which	O
has	O
generated	O
about	O
$	B-MONEY
1,189	I-MONEY
million	I-MONEY
in	O
foreign	O
currency	O
,	O
43	O
%	O
more	O
than	O
in	O
the	O
same	O
period	O
in	O
2019	B-DATE
.	O

Â«	O
There	O
are	O
thousands	O
of	O
travelers	O
from	O
different	O
parts	O
of	O
the	O
world	O
who	O
arrive	O
in	O
Salvadoran	B-AFFILIATION
lands	O
,	O
especially	O
tourists	O
from	O
the	O
United	B-LOCATION
States	I-LOCATION
,	O
from	O
where	O
the	O
influx	O
has	O
increased	O
by	O
76	O
%	O
in	O
the	O
country	O
,	O
Â»	O
she	O
commented	O
.	O

Â«	O
We	O
have	O
more	O
foreign	O
exchange	O
earnings	O
than	O
in	O
2019	B-DATE
tourists	O
are	O
spending	O
more	O
.	O

There	O
is	O
a	O
76	O
%	O
increase	O
in	O
Americans	B-AFFILIATION
,	O
who	O
have	O
entered	O
within	O
that	O
1.1	O
million	O
visitors	O
from	O
January	B-DATE
to	O
June	B-DATE
Â»	O
,	O
she	O
stated	O
.	O

The	O
official	O
also	O
reported	O
that	O
the	O
government	O
âs	O
commitment	O
includes	O
promoting	O
more	O
tourism	O
in	O
the	O
eastern	O
part	O
of	O
the	O
country	O
,	O
for	O
which	O
they	O
are	O
in	O
the	O
process	O
of	O
negotiating	O
with	O
the	O
Inter	B-ORGANIZATION
-	I-ORGANIZATION
American	I-ORGANIZATION|B-AFFILIATION
Development	I-ORGANIZATION
Bank	I-ORGANIZATION
(	O
IDB	B-ORGANIZATION
)	O
to	O
obtain	O
more	O
than	O
$	B-MONEY
100	I-MONEY
million	I-MONEY
for	O
investment	O
in	O
said	O
region	O
.	O

The	O
funds	O
also	O
include	O
support	O
for	O
Salvadoran	B-AFFILIATION
micro	O
,	O
small	O
and	O
medium	O
enterprises	O
.	O

