An	O
estimated	O
7,500	O
coffee	O
growers	O
will	O
benefit	O
over	O
a	O
five	O
-	O
year	O
period	O
from	O
the	O
Climate	B-BRANDS
Resilience	B-MISC
Program	I-MISC
for	I-MISC
Coffee	I-MISC
Forests	I-MISC
in	O
El	B-LOCATION
Salvador	I-LOCATION
,	O
recently	O
inaugurated	O
by	O
the	O
Minister	O
of	O
Agriculture	O
,	O
Enrique	B-GIVEN_NAME
Parada	B-FAMILY_NAME
.	O

Â«	O
The	O
coffee	O
sector	O
represents	O
the	O
support	O
of	O
thousands	O
of	O
families	O
who	O
work	O
in	O
the	O
coffee	O
plantations	O
from	O
the	O
cultivation	O
of	O
the	O
grain	O
to	O
the	O
harvest	O
;	O
a	O
sector	O
that	O
has	O
historically	O
represented	O
one	O
of	O
the	O
most	O
thriving	O
pillars	O
in	O
the	O
national	O
economy	O
.	O

However	O
,	O
during	O
the	O
last	O
government	O
it	O
deteriorated	O
due	O
to	O
the	O
little	O
interest	O
shown	O
by	O
past	O
presidents	O
,	O
Â»	O
said	O
the	O
official	O
.	O

The	O
official	O
assured	O
that	O
during	O
2022	B-DATE
,	O
the	O
Ministry	B-ORGANIZATION
of	I-ORGANIZATION
Agriculture	I-ORGANIZATION
and	I-ORGANIZATION
Livestock	I-ORGANIZATION
(	O
MAG	B-ORGANIZATION
)	O
will	O
execute	O
the	O
first	O
phase	O
of	O
the	O
program	O
with	O
the	O
renovation	O
of	O
8,500	O
acres	O
of	O
the	O
coffee	O
park	O
,	O
which	O
will	O
benefit	O
1,000	O
small	O
coffee	O
producers	O
.	O

Likewise	O
,	O
he	O
pointed	O
out	O
that	O
the	O
reactivation	O
of	O
coffee	O
farming	O
is	O
one	O
of	O
the	O
government	O
âs	O
priorities	O
because	O
it	O
is	O
a	O
catalyst	O
for	O
the	O
rural	O
economy	O
.	O

The	O
MAG	B-ORGANIZATION
affirmed	O
that	O
during	O
this	O
year	O
the	O
delivery	O
of	O
12.5	O
million	O
plants	O
will	O
be	O
made	O
,	O
which	O
will	O
be	O
distributed	O
in	O
the	O
coffee	O
mountain	O
ranges	O
of	O
Apaneca	B-LOCATION
â	O
Ilamatepec	B-LOCATION
,	O
BÃ¡lsamo	B-LOCATION
â	O
Quezaltepec	B-LOCATION
and	O
Chichontepec	B-LOCATION
,	O
in	O
the	O
departments	O
of	O
Santa	B-LOCATION
Ana	I-LOCATION
,	O
AhuachapÃ¡n	B-LOCATION
,	O
Sonsonate	B-LOCATION
,	O
La	B-LOCATION
Libertad	I-LOCATION
,	O
San	B-LOCATION
Salvador	I-LOCATION
,	O
La	B-LOCATION
Paz	I-LOCATION
,	O
Cuscatlan	B-LOCATION
and	O
San	B-LOCATION
Vicente	I-LOCATION
.	O

Â«	O
This	O
action	O
seeks	O
to	O
improve	O
coffee	O
agroecosystems	O
and	O
conserve	O
natural	O
resources	O
.	O

The	O
repopulation	O
of	O
the	O
coffee	O
park	O
began	O
in	O
2021	B-DATE
,	O
benefiting	O
2,380	O
producers	O
,	O
Â»	O
the	O
minister	O
reported	O
.	O

In	O
this	O
process	O
,	O
he	O
continued	O
,	O
the	O
producers	O
will	O
receive	O
six	O
varieties	O
of	O
coffee	O
trees	O
:	O
AnacafÃ©	B-BRANDS
14	B-MISC
,	O
Catisic	B-BRANDS
,	O
Marsellesa	B-BRANDS
,	O
BourbÃ³n	B-BRANDS
,	O
Cuscatleco	B-BRANDS
,	O
San	B-BRANDS
Pacho	B-MISC
and	O
Pacamara	B-BRANDS
,	O
a	O
variant	O
native	O
to	O
El	B-LOCATION
Salvador	I-LOCATION
recognized	O
in	O
the	O
world	O
for	O
its	O
quality	O
and	O
its	O
versatility	O
for	O
gourmet	O
tastings	O
.	O

Likewise	O
,	O
he	O
indicated	O
that	O
all	O
the	O
plants	O
were	O
analyzed	O
by	O
MAG	B-ORGANIZATION
technicians	O
who	O
determined	O
that	O
they	O
were	O
free	O
of	O
pests	O
and	O
diseases	O
;	O
in	O
addition	O
to	O
having	O
a	O
percentage	O
of	O
genetic	O
conformity	O
(	O
purity	O
)	O
with	O
a	O
minimum	O
of	O
80	O
%	O
.	O

Agriculture	O
stated	O
that	O
35	O
extension	O
technicians	O
specializing	O
in	O
coffee	O
were	O
assigned	O
to	O
this	O
effort	O
,	O
who	O
are	O
carrying	O
out	O
more	O
than	O
1,000	O
diagnoses	O
and	O
farm	O
plans	O
for	O
small	O
producers	O
to	O
guarantee	O
the	O
best	O
use	O
of	O
resources	O
.	O

In	O
addition	O
,	O
the	O
specialists	O
will	O
provide	O
technical	O
assistance	O
for	O
three	B-DURATION
years	I-DURATION
in	O
a	O
personalized	O
way	O
,	O
through	O
50	O
coffee	O
innovation	O
plots	O
,	O
and	O
two	O
more	O
years	O
in	O
a	O
massive	O
way	O
,	O
through	O
training	O
.	O

