Salvadoran	B-AFFILIATION
authorities	O
from	O
the	O
Ministries	B-ORGANIZATION
of	I-ORGANIZATION
Economy	I-ORGANIZATION
and	I-ORGANIZATION
Finance	I-ORGANIZATION
participated	O
,	O
along	O
with	O
their	O
counterparts	O
from	O
Guatemala	B-LOCATION
and	O
Honduras	B-LOCATION
and	O
representatives	O
of	O
the	O
General	B-ORGANIZATION
Secretariat	I-ORGANIZATION
of	I-ORGANIZATION
the	I-ORGANIZATION
Central	I-ORGANIZATION|B-AFFILIATION
American	I-ORGANIZATION|I-AFFILIATION
Economic	I-ORGANIZATION
Integration	I-ORGANIZATION
System	I-ORGANIZATION
(	O
Sieca	B-ORGANIZATION
)	O
,	O
in	O
the	O
High	B-BRANDS
-	B-MISC
Level	I-MISC
Meeting	I-MISC
of	I-MISC
the	I-MISC
Deep	I-MISC
Integration	I-MISC
Process	I-MISC
between	O
the	O
three	O
nations	O
.	O

At	O
the	O
meeting	O
,	O
the	O
roadmap	O
for	O
the	O
incorporation	O
of	O
El	B-LOCATION
Salvador	I-LOCATION
was	O
presented	O
and	O
the	O
Minister	O
of	O
Economy	O
,	O
MarÃ­a	B-GIVEN_NAME
Luisa	B-FAMILY_NAME
Hayem	I-FAMILY_NAME
,	O
highlighted	O
the	O
commitment	O
of	O
the	O
Government	O
of	O
President	O
Nayib	B-GIVEN_NAME
Bukele	B-FAMILY_NAME
to	O
promote	O
the	O
facilitation	O
of	O
Central	B-AFFILIATION
American	I-AFFILIATION
trade	O
,	O
where	O
the	O
Northern	B-LOCATION
Triangle	I-LOCATION
constitutes	O
the	O
48	O
%	O
in	O
the	O
region	O
,	O
which	O
translated	O
to	O
$	B-MONEY
6,238	I-MONEY
million	I-MONEY
in	O
2021	B-DATE
.	O

Â«	O
El	B-LOCATION
Salvador	I-LOCATION
maintains	O
a	O
firm	O
commitment	O
to	O
the	O
deep	O
integration	O
process	O
,	O
which	O
will	O
bring	O
significant	O
benefits	O
to	O
our	O
populations	O
,	O
Â»	O
said	O
Hayem	B-GIVEN_NAME
.	O

For	O
her	O
part	O
,	O
the	O
general	O
director	O
of	O
Customs	O
,	O
Samadhy	B-GIVEN_NAME
MartÃ­nez	B-FAMILY_NAME
,	O
pointed	O
out	O
that	O
Â«	O
deep	O
integration	O
implies	O
that	O
customs	O
posts	O
and	O
processes	O
will	O
work	O
for	O
the	O
three	O
countries	O
at	O
the	O
same	O
time	O
,	O
instead	O
of	O
doing	O
the	O
process	O
country	O
by	O
country	O
.	O
Â»	O

This	O
new	O
customs	O
dynamic	O
also	O
represents	O
a	O
significant	O
reduction	O
for	O
businessmen	O
who	O
use	O
the	O
system	O
and	O
who	O
in	O
the	O
past	O
faced	O
the	O
obstacle	O
of	O
customs	O
without	O
homologation	O
of	O
procedures	O
and	O
will	O
help	O
Â«	O
expedite	O
trade	O
and	O
make	O
the	O
Central	B-AFFILIATION
American	I-AFFILIATION
region	O
more	O
competitive	O
and	O
a	O
benchmark	O
on	O
an	O
international	O
scale	O
,	O
â	O
added	O
MartÃ­nez	B-GIVEN_NAME
.	O

During	O
Bukele	B-GIVEN_NAME
âs	O
administration	O
,	O
foreign	O
trade	O
operations	O
have	O
achieved	O
a	O
historically	O
positive	O
performance	O
,	O
with	O
a	O
growth	O
of	O
17	O
%	O
as	O
of	O
May	B-DATE
this	O
year	O
,	O
compared	O
to	O
the	O
accumulated	O
movement	O
of	O
the	O
first	O
five	O
months	O
of	O
last	O
year	O
.	O

According	O
to	O
the	O
authorities	O
,	O
this	O
is	O
due	O
to	O
internal	O
efforts	O
to	O
eliminate	O
bureaucracy	O
,	O
facilitate	O
commercial	O
procedures	O
,	O
and	O
a	O
more	O
productive	O
relationship	O
with	O
the	O
business	O
sector	O
.	O

Minister	O
Hayem	B-GIVEN_NAME
reported	O
that	O
,	O
in	O
the	O
specific	O
case	O
of	O
Guatemala	B-LOCATION
,	O
the	O
Salvadoran	B-ORGANIZATION|B-AFFILIATION
Government	I-ORGANIZATION
plans	O
to	O
generate	O
several	O
projects	O
,	O
such	O
as	O
the	O
creation	O
of	O
a	O
new	O
trade	O
route	O
with	O
Guatemala	B-LOCATION
and	O
that	O
as	O
part	O
of	O
this	O
initiative	O
,	O
the	O
Ministry	B-ORGANIZATION
of	I-ORGANIZATION
Public	I-ORGANIZATION
Works	I-ORGANIZATION
(	O
MOP	B-ORGANIZATION
)	O
has	O
already	O
is	O
building	O
multiple	O
works	O
in	O
the	O
west	O
of	O
the	O
country	O
.	O

Among	O
these	O
works	O
is	O
the	O
construction	O
of	O
the	O
commercial	O
route	O
between	O
El	B-LOCATION
Salvador	I-LOCATION
and	O
Guatemala	B-LOCATION
,	O
La	B-LOCATION
Magdalena	I-LOCATION
-	O
El	B-LOCATION
Coco	I-LOCATION
,	O
which	O
will	O
cover	O
an	O
estimated	O
14	O
kilometers	O
.	O

There	O
is	O
also	O
the	O
reconstruc	O

tion	O
of	O
the	O
road	O
to	O
Las	B-LOCATION
Chinamas	I-LOCATION
(	O
more	O
than	O
30	O
kilometers	O
)	O
,	O
the	O
rehabilitation	O
of	O
the	O
road	O
from	O
kilometer	O
5	O
to	O
La	B-LOCATION
Hachadura	I-LOCATION
(	O
43	O
kilometers	O
)	O
,	O
and	O
the	O
construction	O
of	O
the	O
Manuel	B-LOCATION
JosÃ©	I-LOCATION
Arce	I-LOCATION
international	I-LOCATION
bridge	I-LOCATION
(	O
160	O
meters	O
)	O
.	O

