Salvadoran	B-AFFILIATION
products	O
are	O
again	O
showcased	O
at	O
foreign	O
fairs	O
,	O
and	O
this	O
time	O
the	O
Cocoa	B-LOCATION
and	I-LOCATION
Chocolate	I-LOCATION
Hall	I-LOCATION
in	O
Lima	B-LOCATION
,	I-LOCATION
Peru	I-LOCATION
,	O
is	O
the	O
host	O
.	O

Many	O
people	O
are	O
coming	O
to	O
try	O
the	O
excellent	O
flavor	O
and	O
quality	O
of	O
Salvadoran	B-AFFILIATION
cocoa	O
,	O
from	O
the	O
hand	O
of	O
Noya	B-BRANDS
,	O
reported	O
the	O
Ministry	B-ORGANIZATION
of	I-ORGANIZATION
Agriculture	I-ORGANIZATION
and	I-ORGANIZATION
Livestock	I-ORGANIZATION
(	O
MAG	B-ORGANIZATION
)	O
.	O

As	O
part	O
of	O
the	O
exhibit	O
presented	O
,	O
the	O
representatives	O
took	O
advantage	O
of	O
the	O
inauguration	O
to	O
wear	O
typical	O
dresses	O
from	O
El	B-LOCATION
Salvador	I-LOCATION
,	O
in	O
addition	O
to	O
cocoa	O
,	O
which	O
represents	O
a	O
bit	O
of	O
Salvadoran	B-AFFILIATION
culture	O
and	O
tradition	O
in	O
Peru	B-LOCATION
.	O

The	O
Cocoa	B-BRANDS
and	B-MISC
Chocolate	I-MISC
Show	I-MISC
launched	O
its	O
Latin	B-AFFILIATION
American	I-AFFILIATION
version	O
for	O
the	O
first	O
time	O
,	O
so	O
the	O
fair	O
will	O
be	O
available	O
to	O
the	O
public	O
from	O
Thursday	B-DATE
,	I-DATE
July	I-DATE
14	I-DATE
to	O
Sunday	B-DATE
,	I-DATE
July	I-DATE
17	I-DATE
,	O
at	O
the	O
Lima	B-LOCATION
Convention	I-LOCATION
Center	I-LOCATION
,	O
where	O
it	O
is	O
estimated	O
that	O
more	O
than	O
25,000	O
people	O
will	O
attend	O
.	O

At	O
this	O
international	O
event	O
,	O
where	O
the	O
best	O
chocolatiers	O
will	O
be	O
,	O
representatives	O
from	O
Colombia	B-LOCATION
,	O
Ecuador	B-LOCATION
,	O
Venezuela	B-LOCATION
,	O
and	O
El	B-LOCATION
Salvador	I-LOCATION
will	O
participate	O
.	O

In	O
addition	O
to	O
Australia	B-LOCATION
,	O
Belgium	B-LOCATION
,	O
Italy	B-LOCATION
,	O
and	O
Switzerland	B-LOCATION
will	O
share	O
their	O
experiences	O
with	O
the	O
250	O
national	O
brands	O
,	O
including	O
cocoa	O
organizations	O
and	O
companies	O
,	O
as	O
well	O
as	O
suppliers	O
of	O
inputs	O
and	O
services	O
for	O
the	O
sector	O
.	O

On	O
the	O
other	O
hand	O
,	O
the	O
organizers	O
pointed	O
out	O
that	O
the	O
objective	O
is	O
to	O
turn	O
Lima	B-LOCATION
into	O
the	O
chocolate	O
capital	O
of	O
Latin	B-LOCATION
America	I-LOCATION
and	O
that	O
is	O
why	O
they	O
present	O
great	O
novelties	O
,	O
such	O
as	O
the	O
presentation	O
of	O
the	O
first	O
chocolate	O
minichefs	O
in	O
the	O
country	O
,	O
the	O
implementation	O
of	O
the	O
first	O
Choco	O
Tour	O
of	O
the	O
Hall	O
,	O
and	O
the	O
launch	O
of	O
70	O
%	O
caramelized	O
chocolate	O
sprinkles	O
with	O
freeze	O
-	O
dried	O
fruits	O
and	O
suri	O
butter	O
(	O
edible	O
larva	O
from	O
the	O
jungle	O
,	O
rich	O
in	O
protein	O
)	O
,	O
indicates	O
a	O
publication	O
by	O
the	O
Peruvian	B-AFFILIATION
digital	O
media	O
El	B-ORGANIZATION
Comercio	I-ORGANIZATION
.	O

