The	O
exception	O
regime	O
implemented	O
by	O
the	O
government	O
since	O
March	B-DATE
27	I-DATE
has	O
borne	O
fruit	O
in	O
the	O
industrial	O
sector	O
.	O

According	O
to	O
the	O
executive	O
director	O
of	O
the	O
Salvadoran	B-ORGANIZATION|B-AFFILIATION
Association	I-ORGANIZATION
of	I-ORGANIZATION
Industrialists	I-ORGANIZATION
(	O
ASI	B-ORGANIZATION
)	O
,	O
Jorge	B-GIVEN_NAME
Arriaza	B-FAMILY_NAME
,	O
more	O
than	O
50	O
%	O
of	O
the	O
member	O
companies	O
have	O
reported	O
positive	O
results	O
in	O
their	O
operations	O
.	O

Â«	O
The	O
reports	O
we	O
have	O
from	O
the	O
companies	O
reveal	O
that	O
extortions	O
have	O
decreased	O
and	O
that	O
they	O
are	O
taking	O
place	O
in	O
a	O
calmer	O
way	O
and	O
with	O
the	O
normal	O
activities	O
of	O
the	O
industry	O
,	O
Â»	O
Arriaza	B-GIVEN_NAME
said	O
.	O

According	O
to	O
the	O
ASI	B-ORGANIZATION
spokesman	O
,	O
the	O
country	O
has	O
approximately	O
3,000	O
formal	O
industrial	O
companies	O
,	O
both	O
large	O
and	O
small	O
.	O

Â»	O
A	O
high	O
percentage	O
of	O
our	O
partners	O
,	O
I	O
would	O
say	O
it	O
could	O
be	O
more	O
than	O
50	O
%	O
of	O
our	O
partners	O
who	O
give	O
us	O
that	O
information	O
,	O
Â»	O
he	O
stressed	O
.	O

In	O
this	O
sense	O
,	O
he	O
affirmed	O
that	O
the	O
companies	O
that	O
report	O
improvements	O
are	O
mainly	O
small	O
and	O
medium	O
-	O
sized	O
,	O
since	O
large	O
companies	O
have	O
their	O
own	O
security	O
mechanisms	O
.	O

More	O
investments	O

Regarding	O
exports	O
,	O
he	O
affirmed	O
that	O
they	O
will	O
continue	O
with	O
a	O
growth	O
trend	O
due	O
to	O
the	O
fact	O
that	O
companies	O
are	O
innovating	O
in	O
the	O
elaboration	O
and	O
distribution	O
of	O
their	O
products	O
.	O

Regarding	O
new	O
investments	O
,	O
he	O
affirmed	O
that	O
the	O
industry	O
constantly	O
needs	O
to	O
be	O
innovating	O
in	O
equipment	O
and	O
tools	O
,	O
for	O
which	O
it	O
invests	O
around	O
$	B-MONEY
200	I-MONEY
million	I-MONEY
per	O
year	O
.	O

Â«	O
We	O
believe	O
that	O
there	O
will	O
be	O
more	O
investment	O
in	O
terms	O
of	O
construction	O
with	O
all	O
the	O
public	O
works	O
that	O
are	O
being	O
planned	O
and	O
those	O
that	O
are	O
being	O
carried	O
out	O
.	O

We	O
believe	O
that	O
this	O
and	O
next	O
year	O
can	O
be	O
positive	O
for	O
new	O
investment	O
Â»	O
,	O
he	O
said	O
.	O

He	O
also	O
highlighted	O
that	O
the	O
construction	O
sector	O
is	O
one	O
of	O
the	O
fastest	O
growing	O
and	O
that	O
there	O
is	O
almost	O
$	B-MONEY
1,200	I-MONEY
million	I-MONEY
of	O
investment	O
in	O
public	O
and	O
private	O
works	O
.	O

Other	O
sectors	O
linked	O
to	O
construction	O
,	O
which	O
also	O
report	O
growth	O
,	O
are	O
:	O
metalworking	O
,	O
plastics	O
,	O
and	O
packaging	O
.	O

The	O
best	O
of	O
exports	O
.	O

Arriaza	B-GIVEN_NAME
highlighted	O
the	O
performance	O
of	O
the	O
sector	O
during	O
the	O
presentation	O
of	O
the	O
Ranking	B-BRANDS
of	B-MISC
Industrial	I-MISC
Exporters	I-MISC
2022	I-MISC|B-BRANDS
.	O

At	O
the	O
event	O
,	O
he	O
reported	O
that	O
the	O
companies	O
that	O
lead	O
the	O
ranking	O
are	O
:	O
in	O
the	O
textile	O
and	O
clothing	O
sector	O
:	O
Hanes	B-ORGANIZATION
Brands	I-ORGANIZATION
Inc	I-ORGANIZATION
;	O
in	O
food	O
:	O
Calvo	B-ORGANIZATION
Group	I-ORGANIZATION
;	O
in	O
beverages	O
:	O
Livsmart	B-ORGANIZATION
;	O
in	O
plastic	O
:	O
Ternova	B-ORGANIZATION
;	O
in	O
the	O
paper	O
,	O
cardboard	O
,	O
and	O
graphic	O
arts	O
sector	O
:	O
Kimberly	B-ORGANIZATION
Clark	I-ORGANIZATION
El	I-ORGANIZATION
Salvador	I-ORGANIZATION
.	O

The	O
union	O
also	O
recognized	O
the	O
performance	O
of	O
other	O
sectors	O
,	O
such	O
as	O
pharmaceuticals	O
,	O
Laboratories	B-ORGANIZATION
Vijosa	I-ORGANIZATION
;	O
metalworking	O
sector	O
,	O
Galvanissa	B-ORGANIZATION
;	O
in	O
furniture	O
,	O
Indufoam	B-ORGANIZATION
;	O
in	O
the	O
electronic	O
,	O
Kyocera	B-ORGANIZATION
AVX	I-ORGANIZATION
;	O
Industrial	O
companies	O
with	O
the	O
highest	O
local	O
sales	O
,	O
La	B-ORGANIZATION
Constancia	I-ORGANIZATION
;	O
largest	O
exporter	O
to	O
Central	B-LOCATION
America	I-LOCATION
and	O
largest	O
industrial	O
exporter	O
in	O
El	B-LOCATION
Salvador	I-LOCATION
,	O
Hanes	B-ORGANIZATION
Brands	I-ORGANIZATION
;	O
and	O
the	O
financial	O
institution	O
that	O
most	O
supports	O
the	O
industry	O
,	O
BancoagrÃ­cola	B-ORGANIZATION
.	O

