Â«	O
Las	B-BRANDS
Pupusas	B-MISC
Â»	O
,	O
is	O
the	O
first	O
Salvadoran	B-AFFILIATION
miniseries	O
that	O
managed	O
to	O
enter	O
the	O
Amazon	B-BRANDS|B-LOCATION
Prime	B-MISC|I-ORGANIZATION
Video	I-MISC
catalog	O
.	O

It	O
is	O
already	O
available	O
in	O
the	O
United	B-LOCATION
States	I-LOCATION
and	O
England	B-LOCATION
.	O

Different	O
users	O
have	O
already	O
begun	O
to	O
enjoy	O
the	O
production	O
that	O
enhances	O
Salvadoran	B-AFFILIATION
gastronomy	O
and	O
culture	O
,	O
and	O
that	O
has	O
already	O
begun	O
to	O
position	O
El	B-LOCATION
Salvador	I-LOCATION
in	O
the	O
minds	O
of	O
different	O
people	O
around	O
the	O
world	O
.	O

The	O
miniseries	O
Â«	O
Las	B-BRANDS
Pupusas	B-MISC
Â»	O
has	O
managed	O
to	O
enter	O
Amazon	B-BRANDS|B-LOCATION
Prime	B-MISC|I-ORGANIZATION
Video	I-MISC
thanks	O
to	O
its	O
producer	O
,	O
the	O
Guatemalan	B-AFFILIATION
Kenneth	B-GIVEN_NAME
MÃ¼ller	B-FAMILY_NAME
,	O
winner	O
of	O
the	O
Netflix	B-BRANDS
award	O
in	O
Mexico	B-LOCATION
,	O
because	O
it	O
already	O
has	O
films	O
on	O
the	O
world	O
-	O
renowned	O
streaming	O
platform	O
.	O

The	O
production	O
has	O
already	O
received	O
positive	O
feedback	O
from	O
users	O
in	O
the	O
United	B-LOCATION
States	I-LOCATION
and	O
England	B-LOCATION
after	O
its	O
debut	O
on	O
June	B-DATE
28	I-DATE
and	O
in	O
less	O
than	O
2	O
4	B-DURATION
hours	I-DURATION
.	O
Â»	O
They	O
have	O
sent	O
us	O
photographs	O
of	O
people	O
who	O
are	O
already	O
watching	O
the	O
series	O
.	O
They	O
have	O
revealed	O
it	O
to	O
us	O
.	O
I	O
have	O
received	O
congratulatory	O
calls	O
,	O
and	O
they	O
are	O
happy	O
because	O
they	O
tell	O
me	O
that	O
it	O
is	O
time	O
for	O
El	B-LOCATION
Salvador	I-LOCATION
to	O
make	O
itself	O
known	O
for	O
its	O
gastronomy	O
,	O
Â»	O
explained	O
the	O
director	O
of	O
the	O
miniseries	O
,	O
Salvadoran	B-AFFILIATION
HÃ©ctor	B-GIVEN_NAME
Mojica	B-FAMILY_NAME
.	O

When	O
will	O
Â«	O
Las	B-BRANDS
Pupusas	B-MISC
Â»	O
be	O
available	O
in	O
Latin	B-LOCATION
America	I-LOCATION
?	O

Director	O
HÃ©ctor	B-GIVEN_NAME
Mojica	B-FAMILY_NAME
explained	O
that	O
the	O
production	O
team	O
is	O
waiting	O
for	O
the	O
response	O
of	O
users	O
in	O
the	O
United	B-LOCATION
States	I-LOCATION
and	O
England	B-LOCATION
to	O
start	O
promoting	O
it	O
in	O
Latin	B-LOCATION
America	I-LOCATION
.	O

Â«	O
It	O
is	O
likely	O
that	O
the	O
miniseries	O
will	O
not	O
be	O
available	O
on	O
Amazon	B-BRANDS|B-LOCATION
Prime	B-MISC
Video	I-MISC
for	O
Latin	B-LOCATION
America	I-LOCATION
because	O
our	O
idea	O
is	O
to	O
show	O
it	O
on	O
other	O
large	O
streaming	O
platforms	O
worldwide	O
,	O
but	O
we	O
do	O
not	O
rule	O
out	O
the	O
possibility	O
.	O
Â»	O

HÃ©ctor	B-GIVEN_NAME
Mojica	B-FAMILY_NAME
,	O
director	O
of	O
the	O
miniseries	O
Â«	O
Las	B-BRANDS
Pupusas	B-MISC
Â»	O
.	O

The	O
vision	O
of	O
the	O
producers	O
of	O
Â«	O
Las	B-BRANDS
Pupusas	B-MISC
Â»	O
is	O
not	O
only	O
to	O
spread	O
Salvadoran	B-AFFILIATION
gastronomy	O
,	O
but	O
to	O
arouse	O
interest	O
in	O
the	O
country	O
and	O
encourage	O
people	O
from	O
all	O
over	O
the	O
world	O
to	O
visit	O
El	B-LOCATION
Salvador	I-LOCATION
.	O

