Books	O
and	O
workbooks	O
were	O
delivered	O
this	O
day	O
by	O
the	O
Ministry	B-ORGANIZATION
of	I-ORGANIZATION
Education	I-ORGANIZATION
to	O
students	O
of	O
the	O
Catholic	B-ORGANIZATION|B-AFFILIATION
School	I-ORGANIZATION
Center	I-ORGANIZATION
â¹â¹	O
CorazÃ³n	B-ORGANIZATION
de	I-ORGANIZATION
MarÃ­a	I-ORGANIZATION
âºâº	O
,	O
in	O
San	B-LOCATION
Salvador	I-LOCATION
.	O

The	O
activity	O
was	O
led	O
by	O
the	O
interim	O
minister	O
of	O
the	O
institution	O
,	O
Mauricio	B-GIVEN_NAME
Pineda	B-FAMILY_NAME
.	O

â¹â¹	O
What	O
we	O
want	O
is	O
for	O
this	O
to	O
be	O
one	O
more	O
tool	O
,	O
so	O
that	O
boys	O
and	O
girls	O
learn	O
in	O
a	O
more	O
effective	O
way	O
,	O
âºâº	O
said	O
Minister	O
Pineda	B-GIVEN_NAME
.	O

The	O
benefited	O
students	O
attend	O
fourth	O
,	O
fifth	O
and	O
sixth	O
grade	O
in	O
said	O
center	O
of	O
studies	O
.	O

The	O
books	O
will	O
be	O
used	O
in	O
the	O
subject	O
of	O
Science	B-BRANDS
and	B-MISC
Technology	I-MISC
,	O
which	O
will	O
be	O
the	O
first	O
subject	O
in	O
the	O
country	O
to	O
be	O
taught	O
through	O
augmented	O
reality	O
,	O
in	O
order	O
to	O
improve	O
learning	O
.	O

In	O
this	O
sense	O
,	O
the	O
national	O
director	O
of	O
Curriculum	O
,	O
Wilfredo	B-GIVEN_NAME
Alexander	B-FAMILY_NAME
Granados	I-FAMILY_NAME
,	O
expressed	O
:	O
â¹â¹	O
It	O
is	O
no	O
longer	O
just	O
about	O
transforming	O
information	O
,	O
but	O
about	O
studying	O
science	O
by	O
doing	O
science	O
in	O
the	O
classroom	O
âºâº	O
.	O

With	O
the	O
delivery	O
of	O
this	O
pedagogical	O
material	O
,	O
the	O
aim	O
is	O
to	O
generate	O
interest	O
in	O
science	O
in	O
students	O
.	O
The	O
tablets	O
given	O
to	O
children	O
will	O
be	O
a	O
complementary	O
tool	O
to	O
access	O
the	O
content	O
in	O
augmented	O
reality	O
.	O

