Officials	O
from	O
the	O
Government	B-ORGANIZATION
of	I-ORGANIZATION
El	I-ORGANIZATION|B-LOCATION
Salvador	I-ORGANIZATION|I-LOCATION
and	O
the	O
Central	B-ORGANIZATION|B-AFFILIATION
American	I-ORGANIZATION|I-AFFILIATION
Bank	I-ORGANIZATION
for	I-ORGANIZATION
Economic	I-ORGANIZATION
Integration	I-ORGANIZATION
(	O
CABEI	B-ORGANIZATION
)	O
met	O
this	O
Thursday	B-DATE
with	O
a	O
delegation	O
from	O
Korea	B-ORGANIZATION|B-LOCATION
Eximbank	I-ORGANIZATION
intending	O
to	O
discuss	O
progress	O
in	O
the	O
process	O
of	O
financing	O
strategic	O
projects	O
in	O
the	O
country	O
.	O

According	O
to	O
the	O
president	O
of	O
the	O
Autonomous	B-ORGANIZATION
Executive	I-ORGANIZATION
Port	I-ORGANIZATION
Commission	I-ORGANIZATION
,	O
Federico	B-GIVEN_NAME
Anliker	B-FAMILY_NAME
LÃ³pez	I-FAMILY_NAME
,	O
this	O
meeting	O
is	O
one	O
more	O
step	O
to	O
finalize	O
projects	O
in	O
terms	O
of	O
logistics	O
infrastructure	O
and	O
road	O
connectivity	O
in	O
El	B-LOCATION
Salvador	I-LOCATION
.	O

Â«	O
We	O
are	O
glad	O
to	O
have	O
Eximbank	B-ORGANIZATION
as	O
a	O
strategic	O
ally	O
that	O
is	O
interested	O
in	O
supporting	O
emblematic	O
development	O
projects	O
for	O
our	O
country	O
,	O
Â»	O
he	O
said	O
,	O
explaining	O
that	O
one	O
of	O
the	O
projects	O
being	O
discussed	O
is	O
the	O
expansion	O
of	O
the	O
Port	B-LOCATION
of	I-LOCATION
Acajutla	I-LOCATION
and	O
Los	B-LOCATION
Chorros	I-LOCATION
,	O
the	O
whose	O
purpose	O
is	O
to	O
quadruple	O
the	O
logistics	O
capacity	O
.	O

â	O
We	O
are	O
very	O
happy	O
about	O
this	O
visit	O
they	O
are	O
making	O
to	O
our	O
country	O
.	O

A	O
Master	O
Plan	O
for	O
Infrastructure	O
and	O
Connectivity	O
has	O
been	O
developed	O
to	O
generate	O
growth	O
and	O
economic	O
development	O
for	O
El	B-LOCATION
Salvador	I-LOCATION
,	O
Â»	O
said	O
the	O
Minister	O
of	O
Public	O
Works	O
,	O
Romeo	B-GIVEN_NAME
RodrÃ­guez	B-FAMILY_NAME
Herrera	I-FAMILY_NAME
,	O
to	O
the	O
Korea	B-ORGANIZATION|B-LOCATION
Eximbank	I-ORGANIZATION
delegation	O
.	O

For	O
his	O
part	O
,	O
the	O
Minister	O
of	O
Finance	O
,	O
Alejandro	B-GIVEN_NAME
Zelaya	B-FAMILY_NAME
,	O
referred	O
to	O
the	O
work	O
that	O
Korea	B-LOCATION
has	O
done	O
for	O
the	O
country	O
.	O

â	O
Korea	B-LOCATION
has	O
long	O
represented	O
a	O
very	O
important	O
partner	O
for	O
El	B-LOCATION
Salvador	I-LOCATION
in	O
development	O
and	O
especially	O
in	O
infrastructure	O
projects	O
,	O
â	O
he	O
commented	O
,	O
adding	O
:	O

â	O
The	O
Port	B-LOCATION
of	I-LOCATION
Acajutla	I-LOCATION
,	O
which	O
is	O
the	O
project	O
that	O
concerns	O
us	O
today	O
,	O
has	O
been	O
abandoned	O
for	O
a	O
long	O
time	O
.	O

This	O
is	O
the	O
first	O
government	O
that	O
thinks	O
of	O
intervening	O
in	O
a	O
transcendental	O
way	O
in	O
the	O
infrastructure	O
of	O
the	O
port	O
Â»	O
,	O
he	O
said	O
.	O

The	O
director	O
of	O
the	O
Department	B-ORGANIZATION
of	I-ORGANIZATION
Multilateral	I-ORGANIZATION
Operations	I-ORGANIZATION
of	I-ORGANIZATION
Korea	I-ORGANIZATION|B-LOCATION
Eximbank	I-ORGANIZATION
,	O
Woo	B-GIVEN_NAME
Young	B-FAMILY_NAME
CHOI	I-FAMILY_NAME
,	O
reacted	O
to	O
the	O
projects	O
that	O
are	O
being	O
worked	O
on	O
in	O
conjunction	O
with	O
the	O
Government	B-ORGANIZATION
of	I-ORGANIZATION
El	I-ORGANIZATION|B-GIVEN_NAME
Salvador	I-ORGANIZATION|B-FAMILY_NAME
.	O

Â«	O
Korea	B-ORGANIZATION|B-LOCATION
Eximbank	I-ORGANIZATION
has	O
held	O
talks	O
with	O
El	B-LOCATION
Salvador	I-LOCATION
for	O
two	O
important	O
projects	O
:	O
development	O
of	O
the	O
Port	B-LOCATION
of	I-LOCATION
Acajutla	I-LOCATION
and	O
Los	B-LOCATION
Chorros	I-LOCATION
Project	I-LOCATION
,	O
Â»	O
reiterated	O
the	O
director	O
of	O
the	O
Department	B-ORGANIZATION
of	I-ORGANIZATION
Multilateral	I-ORGANIZATION
Operations	I-ORGANIZATION
of	I-ORGANIZATION
Korea	I-ORGANIZATION|B-LOCATION
Eximbank	I-ORGANIZATION
,	O
Woo	B-GIVEN_NAME
Young	B-FAMILY_NAME
CHOI	I-FAMILY_NAME
,	O
who	O
commented	O
:	O

Â«	O
We	O
hope	O
that	O
Korea	B-ORGANIZATION|B-LOCATION
Eximbank	I-ORGANIZATION
and	O
Korea	B-LOCATION
will	O
become	O
good	O
allies	O
of	O
El	B-LOCATION
Salvador	I-LOCATION
,	O
Â»	O
he	O
emphasized	O
.	O

