In	O
order	O
to	O
explore	O
opportunities	O
to	O
establish	O
an	O
alliance	O
to	O
strengthen	O
the	O
country	O
âs	O
technological	O
capabilities	O
,	O
the	O
Minister	O
of	O
Foreign	O
Affairs	O
,	O
Alexandra	B-GIVEN_NAME
Hill	B-FAMILY_NAME
,	O
held	O
a	O
meeting	O
with	O
the	O
president	O
of	O
Samsung	B-ORGANIZATION
Electronics	I-ORGANIZATION
for	O
Latin	B-LOCATION
America	I-LOCATION
,	O
Hong	B-GIVEN_NAME
Sang	B-FAMILY_NAME
Jo	I-FAMILY_NAME
.	O

The	O
representative	O
of	O
the	O
firm	O
expressed	O
that	O
one	O
of	O
the	O
bets	O
is	O
to	O
train	O
young	O
people	O
to	O
be	O
able	O
to	O
Â«	O
access	O
a	O
high	O
-	O
value	O
labor	O
market	O
.	O
Â»	O

Samsung	B-ORGANIZATION
Electronics	I-ORGANIZATION
has	O
promoted	O
initiatives	O
in	O
El	B-LOCATION
Salvador	I-LOCATION
that	O
have	O
benefited	O
the	O
educational	O
community	O
.	O

An	O
example	O
of	O
this	O
is	O
the	O
support	O
for	O
the	O
project	O
developed	O
at	O
the	O
Â«	O
BenjamÃ­n	B-ORGANIZATION|B-GIVEN_NAME
Estrada	I-ORGANIZATION|B-FAMILY_NAME
Valiente	I-ORGANIZATION|I-FAMILY_NAME
Â»	I-ORGANIZATION
School	I-ORGANIZATION
Center	I-ORGANIZATION
,	O
located	O
in	O
MetapÃ¡n	B-LOCATION
,	I-LOCATION
Santa	I-LOCATION
Ana	I-LOCATION
.	O

In	O
addition	O
,	O
there	O
is	O
the	O
Â«	O
Solutions	B-BRANDS
for	B-MISC
the	I-MISC
Future	I-MISC
Â»	O
program	O
,	O
which	O
stimulates	O
creativity	O
,	O
innovation	O
,	O
and	O
problem	O
solving	O
.	O

problems	O
.	O

El	B-LOCATION
Salvador	I-LOCATION
is	O
one	O
of	O
the	O
17	O
countries	O
in	O
which	O
it	O
is	O
implemented	O
.	O

Â«	O
Training	O
in	O
the	O
areas	O
of	O
Science	B-BRANDS
,	B-MISC
Technology	I-MISC
,	I-MISC
Engineering	I-MISC
,	I-MISC
and	I-MISC
Mathematics	I-MISC
(	O
STEM	B-BRANDS
)	O
is	O
expanding	O
in	O
our	O
country	O
.	O

Technological	O
development	O
is	O
a	O
priority	O
for	O
President	O
Nayib	B-GIVEN_NAME
Bukele	B-FAMILY_NAME
.	O

Count	O
on	O
us	O
,	O
our	O
doors	O
are	O
open	O
,	O
Â»	O
Chancellor	O
Hill	B-GIVEN_NAME
told	O
the	O
Samsung	B-ORGANIZATION
team	O
.	O

During	O
the	O
meeting	O
,	O
the	O
chancellor	O
also	O
made	O
reference	O
to	O
the	O
2030	B-BRANDS
Digital	B-MISC
Agenda	I-MISC
,	O
a	O
public	O
policy	O
that	O
was	O
presented	O
by	O
the	O
Undersecretary	O
for	O
Innovation	O
,	O
Fabrizio	B-GIVEN_NAME
Mena	B-FAMILY_NAME
,	O
during	O
his	O
visit	O
to	O
South	B-LOCATION
Korea	I-LOCATION
in	O
early	O
July	B-DATE
.	O

Tinoco	B-GIVEN_NAME
also	O
referred	O
to	O
the	O
National	B-BRANDS
Connectivity	B-MISC
Plan	I-MISC
,	O
an	O
initiative	O
established	O
in	O
the	O
axis	O
of	O
Innovation	O
,	O
Education	O
,	O
and	O
Competitiveness	O
,	O
in	O
charge	O
of	O
the	O
government	O
.	O

Samsung	B-ORGANIZATION
Electronics	I-ORGANIZATION
is	O
a	O
multinational	O
firm	O
headquartered	O
in	O
Seoul	B-LOCATION
,	I-LOCATION
South	I-LOCATION
Korea	I-LOCATION
,	O
with	O
assembly	O
plants	O
and	O
sales	O
outlets	O
in	O
more	O
than	O
60	O
countries	O
.	O

The	O
firm	O
executes	O
,	O
as	O
part	O
of	O
its	O
corporate	O
social	O
responsibility	O
,	O
initiatives	O
for	O
digital	O
education	O
,	O
children	O
âs	O
education	O
,	O
and	O
the	O
improvement	O
of	O
technical	O
capacities	O
.	O

