Last	O
week	O
âs	O
article	O
,	O
on	O
â	O
Enbaqom	B-BRANDS
of	B-MISC
Debra	I-MISC
Libanos	I-MISC
,	O
was	O
inspired	O
by	O
an	O
important	O
literary	O
event	O
in	O
Ethiopian	B-AFFILIATION
studies	O
:	O
the	O
publication	O
by	O
Tsehai	B-ORGANIZATION
Publishers	I-ORGANIZATION
in	O
Hollywood	B-LOCATION
,	O
California	B-LOCATION
,	O
of	O
Paul	B-GIVEN_NAME
Stenhouse	B-FAMILY_NAME
âs	O
English	B-AFFILIATION
translation	O
of	O
the	O
FUTUH	B-BRANDS
AL	B-MISC
-	I-MISC
HABASHA	I-MISC
,	O
or	O
16th	O
.	O

century	O
â	O
Conquest	B-BRANDS
of	B-MISC
Abyssinia	I-MISC
â	O
.	O

This	O
interesting	O
work	O
was	O
written	O
in	O
Arabic	B-AFFILIATION
by	O
a	O
Yemeni	B-AFFILIATION
scholar	O
,	O
Shihab	B-GIVEN_NAME
ad	B-FAMILY_NAME
-	I-FAMILY_NAME
din	I-FAMILY_NAME
Ahmed	I-FAMILY_NAME
bin	I-FAMILY_NAME
â	I-FAMILY_NAME
Abd	I-FAMILY_NAME
al	I-FAMILY_NAME
-	I-FAMILY_NAME
Qader	I-FAMILY_NAME
bin	I-FAMILY_NAME
Salem	I-FAMILY_NAME
bin	I-FAMILY_NAME
â	I-FAMILY_NAME
Utman	I-FAMILY_NAME
bin	I-FAMILY_NAME
â	I-FAMILY_NAME
Uthman	I-FAMILY_NAME
,	O
also	O
known	O
,	O
more	O
simply	O
,	O
as	O
â	O
Arab	B-GIVEN_NAME|B-AFFILIATION
Faqih	B-FAMILY_NAME
.	O

He	O
was	O
,	O
you	O
will	O
recall	O
,	O
the	O
historian	O
of	O
the	O
notable	O
Adal	B-AFFILIATION
leader	O
Imam	B-GIVEN_NAME
Ahmed	B-FAMILY_NAME
ibn	I-FAMILY_NAME
Ibrahim	I-FAMILY_NAME
,	O
better	O
known	O
as	O
Ahmed	B-GIVEN_NAME
Gragn	B-FAMILY_NAME
,	O
or	O
the	O
Left	O
-	O
handed	O
,	O
who	O
overran	O
much	O
of	O
southern	O
,	O
central	O
and	O
northern	O
Ethiopia	B-LOCATION
in	O
the	O
early	O
sixteenth	O
century	O
.	O

Really	O
Left	O
-	O
handed	O

And	O
it	O
is	O
worthy	O
of	O
note	O
that	O
Imam	B-GIVEN_NAME
Ahmed	B-FAMILY_NAME
was	O
in	O
fact	O
truly	O
left	O
-	O
handed	O
(	O
and	O
in	O
no	O
way	O
a	O
term	O
of	O
abuse	O
)	O
,	O
as	O
the	O
FUTUH	B-BRANDS
AL	B-MISC
-	I-MISC
HABASHA	I-MISC
makes	O
perfectly	O
clear	O
.	O

Last	O
week	O
we	O
used	O
the	O
occasion	O
of	O
this	O
new	O
publication	O
to	O
re	O
-	O
tell	O
the	O
story	O
of	O
â	O
Enbaqom	B-GIVEN_NAME
,	O
an	O
Arab	B-AFFILIATION
immigrant	O
to	O
Ethiopia	B-LOCATION
of	O
probably	O
Yemeni	B-AFFILIATION
origin	O
,	O
who	O
was	O
converted	O
from	O
Islam	B-AFFILIATION
to	O
Christianity	B-AFFILIATION
,	O
and	O
rose	O
to	O
the	O
position	O
of	O
Abbot	O
of	O
the	O
all	O
-	O
important	O
Ethiopian	B-AFFILIATION
monastery	O
of	O
Debra	B-LOCATION
Libanos	I-LOCATION
â	O
a	O
dramatic	O
move	O
which	O
shows	O
how	O
a	O
foreigner	O
could	O
be	O
accepted	O
unreservedly	O
into	O
the	O
Ethiopian	B-ORGANIZATION|B-AFFILIATION
Church	I-ORGANIZATION
.	O

And	O
,	O
perhaps	O
even	O
more	O
importantly	O
,	O
we	O
saw	O
that	O
â	O
Enbaqom	B-GIVEN_NAME
translated	O
a	O
number	O
of	O
Arabic	B-AFFILIATION
texts	O
into	O
the	O
Ethiopian	B-AFFILIATION
classical	O
language	O
Ge	B-BRANDS
â	B-MISC
ez	I-MISC
,	O
and	O
emerged	O
as	O
one	O
of	O
sixteenth	O
century	O
Ethiopia	B-LOCATION
âs	O
greatest	O
and	O
most	O
productive	O
scholars	O
.	O

He	O
earned	O
a	O
place	O
of	O
honour	O
in	O
the	O
Ethiopian	B-AFFILIATION
synaxarium	O
,	O
or	O
Lives	B-BRANDS
of	B-MISC
Saints	I-MISC
.	O

A	O
Sixteenth	O
century	O
Polemic	O

We	O
saw	O
too	O
that	O
â	O
Enbaqom	B-GIVEN_NAME
exchanged	O
correspondence	O
with	O
Imam	B-GIVEN_NAME
Ahmed	B-FAMILY_NAME
,	O
arguing	O
that	O
Islam	B-AFFILIATION
had	O
a	O
base	O
in	O
Christianity	B-AFFILIATION
,	O
and	O
urging	O
that	O
the	O
Adal	B-AFFILIATION
armies	O
should	O
respect	O
Ethiopian	B-AFFILIATION
churches	O
.	O

We	O
saw	O
too	O
that	O
when	O
he	O
failed	O
to	O
bring	O
the	O
Imam	O
round	O
to	O
his	O
point	O
of	O
view	O
he	O
later	O
wrote	O
a	O
polemical	O
work	O
in	O
Ge	B-BRANDS
â	B-MISC
ez	I-MISC
,	O
which	O
is	O
still	O
extant	O
:	O
a	O
classic	O
,	O
in	O
its	O
way	O
,	O
of	O
sixteenth	O
century	O
Ethiopian	B-AFFILIATION
literature	O
.	O

This	O
brings	O
us	O
to	O
the	O
question	O
for	O
today	O
:	O
Did	O
the	O
Imam	O
,	O
in	O
his	O
campaigns	O
,	O
ever	O
reach	O
Lalibela	B-LOCATION
?	O

Did	O
the	O
Imam	O
reach	O
Lalibela	B-LOCATION
?	O

We	O
can	O
only	O
answer	O
on	O
the	O
basis	O
the	O
known	O
text	O
of	O
the	O
FUTUH	B-BRANDS
AL	B-MISC
-	I-MISC
HABASHA	I-MISC
â	O
for	O
we	O
have	O
no	O
other	O
available	O
source	O
.	O

Even	O
that	O
is	O
slightly	O
problematic	O
in	O
that	O
it	O
tells	O
the	O
story	O
only	O
up	O
to	O
the	O
Imam	O
âs	O
journey	O
to	O
the	O
Lake	B-LOCATION
Tana	I-LOCATION
area	O
in	O
1537	B-DATE
,	O
i	O
.	O
e	O
.	O
four	B-DURATION
years	I-DURATION
before	O
the	O
intervention	O
of	O
the	O
Portuguese	B-AFFILIATION
on	O
the	O
Imperial	O
side	O
,	O
and	O
six	B-DURATION
years	I-DURATION
before	O
Gragn	B-GIVEN_NAME
âs	O
death	O
.	O
The	O
text	O
stops	O
there	O
,	O
and	O
we	O
have	O
no	O
means	O
of	O
telling	O
whether	O
any	O
continuation	O
was	O
ever	O
written	O
.	O
It	O
is	O
,	O
however	O
,	O
doubtful	O
whether	O
the	O
Imam	O
would	O
have	O
returned	O
to	O
the	O
Lalibela	B-LOCATION
area	O
after	O
the	O
time	O
described	O
in	O
the	O
existing	O
text	O
of	O
the	O
FUTUH	B-BRANDS
.	O

We	O
can	O
therefore	O
probably	O
restrict	O
ourselves	O
to	O
the	O
question	O
of	O
Lalibela	B-LOCATION
as	O
indicated	O
in	O
that	O
text	O
,	O
now	O
available	O
in	O
the	O
Stenhouse	B-GIVEN_NAME
translation	O
,	O
for	O
which	O
you	O
should	O
approach	O
the	O
publishers	O
,	O
at	O
:	O
info@tsehaipublisher.com	O

Two	O
Lalibelas	B-LOCATION

The	O
FUTUH	B-BRANDS
tells	O
of	O
two	O
places	O
called	O
Lalibela	B-LOCATION
.	O
The	O
first	O
,	O
which	O
need	O
not	O
at	O
this	O
moment	O
concern	O
us	O
unduly	O
,	O
was	O
in	O
Fatagar	B-LOCATION
,	O
in	O
the	O
south	O
-	O
east	O
of	O
the	O
country	O
,	O
and	O
not	O
so	O
far	O
removed	O
from	O
Mount	B-LOCATION
Zuqwala	I-LOCATION
.	O

The	O
second	O
Lalibela	B-LOCATION
,	O
which	O
interests	O
us	O
today	O
,	O
was	O
the	O
currently	O
more	O
renowned	O
Lalibela	B-LOCATION
in	O
Lasta	B-LOCATION
:	O
the	O
site	O
of	O
the	O
famous	O
rock	O
-	O
hewn	O
churches	O
.	O

About	O
this	O
second	O
Lalibela	B-LOCATION
the	O
text	O
recalls	O
that	O
the	O
Adal	B-AFFILIATION
army	O
(	O
well	O
before	O
the	O
time	O
of	O
the	O
â	O
Enbaqom	B-GIVEN_NAME
correspondence	O
)	O
entered	O
the	O
Amhara	B-AFFILIATION
area	O
.	O
This	O
area	O
it	O
describes	O
as	O
â	O
a	O
region	O
of	O
flat	O
arable	O
land	O
,	O
standing	O
crops	O
,	O
rivers	O
and	O
copious	O
rain	O
,	O
of	O
wheat	O
and	O
barley	O
â	O
.	O
In	O
it	O
,	O
we	O
are	O
told	O
,	O
were	O
â	O
scribes	O
(	O
presumably	O
debteras	O
)	O
,	O
priests	O
and	O
monks	O
â	O
.	O
It	O
was	O
moreover	O
reportedly	O
â	O
the	O
residence	O
of	O
kings	O
â¦	O
though	O
the	O
king	O
does	O
not	O
reside	O
there	O
permanently	O
â	O
.	O

The	O
FUTUH	B-BRANDS
then	O
proceeds	O
to	O
refer	O
to	O
a	O
battle	O
which	O
the	O
Imam	O
fought	O
in	O
the	O
Amhara	B-AFFILIATION
area	O
,	O
and	O
continues	O
by	O
stating	O
that	O
on	O
the	O
third	O
day	O
after	O
the	O
engagement	O
the	O
Imam	O
and	O
his	O
men	O
â	O
passed	O
the	O
night	O
in	O
a	O
place	O
called	O
Lalibela	B-LOCATION
where	O
the	O
water	O
was	O
so	O
frozen	O
that	O
some	O
Muslims	B-AFFILIATION
perished	O
from	O
the	O
cold	O
.	O
When	O
somebody	O
wanted	O
to	O
drink	O
â	O
,	O
the	O
text	O
adds	O
,	O
â	O
he	O
had	O
to	O
stab	O
the	O
ice	O
with	O
an	O
iron	O
pick	O
and	O
smash	O
it	O
to	O
get	O
the	O
last	O
drop	O
of	O
water	O
â	O
.	O

The	O
FUTUH	B-BRANDS
later	O
reports	O
that	O
the	O
Imam	O
and	O
his	O
army	O
assembled	O
â	O
near	O
a	O
church	O
called	O
Lalibela	B-LOCATION
â	O
,	O
after	O
which	O
they	O
â	O
set	O
out	O
into	O
the	O
mountains	O
,	O
by	O
a	O
difficult	O
route	O
,	O
to	O
attack	O
â	O
.	O
They	O
marched	O
,	O
we	O
are	O
told	O
,	O
by	O
night	O
,	O
and	O
â	O
some	O
of	O
their	O
number	O
died	O
from	O
the	O
piercing	O
cold	O
before	O
he	O
reached	O
the	O
church	O
â	O
.	O

On	O
reaching	O
this	O
church	O
,	O
Ahmed	B-GIVEN_NAME
â	O
found	O
its	O
monks	O
there	O
,	O
milling	O
around	O
and	O
willing	O
to	O
die	O
for	O
its	O
sake	O
.	O
The	O
Imam	O
â	O
,	O
according	O
to	O
the	O
FUTUH	B-BRANDS
,	O
then	O
â	O
gazed	O
at	O
the	O
church	O
.	O
He	O
had	O
never	O
seen	O
its	O
like	O
.	O
It	O
was	O
carved	O
out	O
of	O
the	O
mountain	O
.	O
Its	O
pillars	O
were	O
likewise	O
cut	O
from	O
the	O
mountain	O
â¦	O
It	O
had	O
a	O
large	O
water	O
cistern	O
carved	O
out	O
of	O
the	O
mountainside	O
â	O
.	O

A	O
Stone	O
âs	O
Throw	O
of	O
Each	O
Other	O

The	O
above	O
is	O
undoubtedly	O
a	O
fair	O
description	O
of	O
an	O
Ethiopian	B-AFFILIATION
rock	O
-	O
church	O
,	O
as	O
seen	O
for	O
example	O
at	O
Lalibela	B-LOCATION
.	O
But	O
what	O
is	O
special	O
about	O
Lalibela	B-LOCATION
(	O
as	O
every	O
tourist	O
knows	O
)	O
is	O
that	O
it	O
is	O
the	O
site	O
of	O
eleven	O
or	O
so	O
rock	O
churches	O
,	O
not	O
just	O
one	O
â	O
and	O
they	O
are	O
all	O
within	O
more	O
or	O
less	O
a	O
stone	O
âs	O
throw	O
of	O
each	O
other	O
!	O

We	O
are	O
therefore	O
left	O
with	O
the	O
question	O
:	O
Did	O
the	O
Imam	O
actually	O
reach	O
Lalibela	B-LOCATION
?	O
Did	O
he	O
see	O
only	O
one	O
church	O
,	O
and	O
somehow	O
miss	O
the	O
other	O
adjacent	O
ones	O
?	O
Was	O
he	O
deceived	O
by	O
his	O
guides	O
,	O
and	O
taken	O
only	O
to	O
the	O
one	O
described	O
above	O
?	O
Was	O
the	O
supposed	O
Lalibela	B-LOCATION
church	O
seen	O
by	O
the	O
Imam	O
in	O
fact	O
an	O
entirely	O
different	O
building	O
?	O
Or	O
did	O
his	O
scribe	O
,	O
the	O
illustrious	O
â	O
Arab	B-GIVEN_NAME|B-AFFILIATION
-	B-FAMILY_NAME
Faqih	I-FAMILY_NAME
,	O
for	O
some	O
reason	O
or	O
other	O
fail	O
to	O
mention	O
the	O
other	O
churches	O
â	O
most	O
of	O
which	O
were	O
no	O
less	O
remarkable	O
than	O
that	O
the	O
single	O
one	O
referred	O
to	O
in	O
the	O
above	O
-	O
cited	O
text	O
.	O

These	O
are	O
questions	O
on	O
which	O
I	O
,	O
for	O
one	O
,	O
can	O
only	O
wonder	O
.	O

