The	B-ORGANIZATION
Liaison	I-ORGANIZATION
Group	I-ORGANIZATION
overseeing	O
mining	O
in	O
production	O
forest	O
reserves	O
,	O
has	O
presented	O
quantities	O
of	O
maternal	O
and	O
neonatal	O
healthcare	O
equipment	O
to	O
the	O
Bibiani	B-LOCATION
Municipal	I-LOCATION
and	O
the	O
Sefwi	B-LOCATION
Wiawso	I-LOCATION
Government	I-LOCATION
Hospitals	I-LOCATION
.	O

The	O
donation	O
worth	O
GH	B-MONEY
âµ	I-MONEY
180,000.00	I-MONEY
was	O
aimed	O
at	O
equipping	O
the	O
beneficiary	O
health	O
institutions	O
to	O
deliver	O
quality	O
services	O
to	O
mothers	O
and	O
their	O
new	O
borns	O
in	O
the	O
facilities	O
.	O

The	O
equipment	O
included	O
3	O
-	O
crank	O
fouler	O
beds	O
,	O
wheelchairs	O
,	O
bedside	O
lockers	O
,	O
treatment	O
trolleys	O
,	O
infant	O
swaddling	O
tables	O
,	O
ambubags	O
for	O
infants	O
and	O
toddlers	O
,	O
foetal	O
doppler	O
,	O
nebulizers	O
,	O
blood	O
pressure	O
apparatuses	O
,	O
gynaecological	O
/	O
suturing	O
sets	O
,	O
IV	O
stand	O
and	O
infant	O
incubators	O
.	O

Others	O
were	O
baby	O
weighing	O
scales	O
,	O
autoclave	O
machines	O
,	O
phototherapy	O
lights	O
,	O
suction	O
machines	O
,	O
pulse	O
oximeters	O
,	O
maternal	O
examination	O
couches	O
,	O
hospital	O
infant	O
baby	O
cots	O
and	O
visitor	O
âs	O
bedside	O
chairs	O
.	O

The	B-ORGANIZATION
Liaison	I-ORGANIZATION
Group	I-ORGANIZATION
is	O
a	O
multi	O
-	O
stakeholder	O
body	O
of	O
institutions	O
responsible	O
for	O
the	O
proper	O
and	O
sustainable	O
management	O
of	O
mining	O
operations	O
within	O
forest	O
reserves	O
in	O
Ghana	B-LOCATION
.	O

The	O
institutions	O
comprise	O
the	O
Environmental	B-ORGANIZATION
Protection	I-ORGANIZATION
Agency	I-ORGANIZATION
(	O
EPA	B-ORGANIZATION
)	O
,	O
Forestry	B-ORGANIZATION
Commission	I-ORGANIZATION
(	O
FC	B-ORGANIZATION
)	O
,	O
Minerals	B-ORGANIZATION
Commission	I-ORGANIZATION
,	O
Water	B-ORGANIZATION
Resource	I-ORGANIZATION
Commission	I-ORGANIZATION
,	O
Chamber	B-ORGANIZATION
of	I-ORGANIZATION
Mines	I-ORGANIZATION
,	O
and	O
the	O
Ghana	B-ORGANIZATION|B-LOCATION
Geological	I-ORGANIZATION
Survey	I-ORGANIZATION
Authority	I-ORGANIZATION
,	O

Dr	O
Henry	B-GIVEN_NAME
Kwabena	B-FAMILY_NAME
Kokofu	I-FAMILY_NAME
,	O
Executive	O
Director	O
of	O
EPA	B-ORGANIZATION
,	O
presenting	O
the	O
items	O
at	O
separate	O
ceremonies	O
to	O
hand	O
-	O
over	O
the	O
items	O
,	O
said	O
neonatal	O
and	O
maternal	O
healthcare	O
were	O
very	O
critical	O
in	O
attaining	O
quality	O
health	O
status	O
in	O
Ghana	B-LOCATION
.	O

â	O
There	O
is	O
no	O
reason	O
why	O
an	O
expectant	O
mother	O
should	O
suffer	O
mortality	O
when	O
simple	O
equipment	O
could	O
make	O
a	O
difference	O
between	O
saving	O
a	O
life	O
and	O
losing	O
it	O
,	O
our	O
babies	O
are	O
born	O
to	O
live	O
,	O
no	O
matter	O
the	O
challenges	O
,	O
â	O
he	O
observed	O
.	O

He	O
said	O
this	O
was	O
why	O
such	O
equipment	O
must	O
be	O
made	O
available	O
to	O
health	O
facilities	O
to	O
render	O
top	O
notch	O
services	O
for	O
their	O
clients	O
.	O

Dr	O
Kokofu	B-GIVEN_NAME
said	O
as	O
part	O
of	O
activities	O
to	O
ensure	O
sustainable	O
mining	O
in	O
forest	O
reserves	O
,	O
the	B-ORGANIZATION
Liaison	I-ORGANIZATION
Group	I-ORGANIZATION
in	O
2014	B-DATE
resolved	O
to	O
provide	O
support	O
to	O
affected	O
communities	O
by	O
using	O
part	O
of	O
the	O
0.5	O
per	O
cent	O
of	O
the	O
contributions	O
made	O
by	O
mining	O
firms	O
operating	O
legally	O
within	O
production	O
forest	O
for	O
community	O
development	O
.	O

Funding	O
for	O
this	O
particular	O
donation	O
were	O
contributions	O
from	O
Chirano	B-ORGANIZATION
Gold	I-ORGANIZATION
Mines	I-ORGANIZATION
Limited	I-ORGANIZATION
and	O
other	O
affiliate	O
mines	O
.	O

Apart	O
from	O
funds	O
used	O
to	O
procure	O
the	O
hospital	O
equipment	O
,	O
cultural	O
and	O
heritage	O
disbursement	O
were	O
also	O
made	O
to	O
the	O
traditional	O
authorities	O
.	O

Dr	O
Kokofu	B-GIVEN_NAME
said	O
the	O
initiative	O
had	O
contributed	O
immensely	O
to	O
developmental	O
needs	O
of	O
communities	O
in	O
the	O
Bibiani	B-LOCATION
-	O
Anwiaso	B-LOCATION
-	O
Bekwai	B-LOCATION
and	O
Sefwi	B-LOCATION
Wiawso	I-LOCATION
Municipalities	I-LOCATION
,	O
including	O
schools	O
,	O
markets	O
,	O
palaces	O
,	O
and	O
health	O
facilities	O
.	O

Dr	O
Akwasi	B-GIVEN_NAME
Adu	B-FAMILY_NAME
Gyamfi	I-FAMILY_NAME
,	O
Medical	O
Superintendent	O
of	O
Bibiani	B-LOCATION
Government	I-LOCATION
Hospital	I-LOCATION
,	O
expressed	O
appreciation	O
to	O
the	O
Liaison	B-ORGANIZATION
Group	I-ORGANIZATION
for	O
the	O
continuous	O
support	O
and	O
pledged	O
to	O
put	O
the	O
items	O
to	O
good	O
use	O
.	O

He	O
said	O
the	O
Hospital	O
had	O
in	O
the	O
last	O
few	O
years	O
made	O
progress	O
in	O
maternal	O
and	O
neonatal	O
services	O
and	O
was	O
hopeful	O
the	O
new	O
equipment	O
would	O
complement	O
efforts	O
at	O
rendering	O
excellent	O
services	O
in	O
the	O
unit	O
.	O

