Ms	O
Mavis	B-GIVEN_NAME
Adams	B-FAMILY_NAME
Lariba	I-FAMILY_NAME
,	O
2022	B-DATE
Miss	B-BRANDS
Tourism	B-MISC
Ghana	I-MISC|B-LOCATION
contestant	O
,	O
has	O
advocate	O
that	O
women	O
are	O
empowered	O
to	O
serve	O
as	O
tourism	O
ambassadors	O
for	O
a	O
change	O
in	O
the	O
hospitality	O
industry	O
.	O

â	O
Women	O
play	O
a	O
critical	O
role	O
in	O
the	O
hospitality	O
industry	O
,	O
but	O
are	O
often	O
overlooked	O
,	O
Ghana	B-LOCATION
as	O
a	O
nation	O
must	O
begin	O
to	O
acknowledge	O
the	O
vital	O
role	O
of	O
women	O
and	O
empower	O
them	O
to	O
transform	O
the	O
sector	O
to	O
attract	O
more	O
tourists	O
into	O
the	O
country	O
.	O

â	O
We	O
must	O
begin	O
to	O
brand	O
specific	O
sector	O
ambassadors	O
who	O
would	O
be	O
equipped	O
with	O
resources	O
to	O
market	O
the	O
brand	O
both	O
locally	O
and	O
internationally	O
,	O
â	O
Miss	O
Lariba	B-GIVEN_NAME
stated	O
in	O
an	O
interview	O
with	O
the	O
Ghana	B-ORGANIZATION|B-LOCATION
News	I-ORGANIZATION
Agency	I-ORGANIZATION
in	O
Tema	B-LOCATION
.	O

â	O
In	O
all	O
,	O
the	O
main	O
pillars	O
of	O
the	O
tourism	O
industry	O
â	O
destination	O
,	O
marketing	O
,	O
industry	O
,	O
institutions	O
,	O
and	O
human	O
resources	O
,	O
women	O
are	O
the	O
champions	O
,	O
let	O
âs	O
empower	O
the	O
gender	O
factor	O
of	O
the	O
tourism	O
sector	O
and	O
the	O
nation	O
would	O
be	O
the	O
greatest	O
beneficiary	O
,	O
â	O
she	O
said	O
.	O

Miss	O
Lariba	B-GIVEN_NAME
noted	O
that	O
even	O
though	O
some	O
traditional	O
authorities	O
as	O
part	O
of	O
the	O
annual	O
celebration	O
of	O
festivals	O
usually	O
the	O
occasion	O
brand	O
a	O
â	O
Miss	O
â	O
the	O
project	O
ends	O
there	O
at	O
the	O
festival	O
grounds	O
.	O

â	O
We	O
need	O
capacity	O
building	O
,	O
funding	O
,	O
equipment	O
and	O
tools	O
,	O
support	O
and	O
other	O
incentives	O
to	O
enhance	O
the	O
task	O
of	O
selling	O
a	O
national	O
brand	O
,	O
whether	O
local	O
food	O
,	O
traditional	O
dress	O
,	O
customs	O
,	O
waterfalls	O
,	O
parks	O
,	O
and	O
gardens	O
,	O
â	O
she	O
said	O
.	O

Miss	O
Lariba	B-GIVEN_NAME
also	O
called	O
on	O
the	O
public	O
to	O
vote	O
for	O
her	O
through	O
the	O
short	O
Code	O
:	O
*447*124#13	O
to	O
enable	O
her	O
to	O
continue	O
to	O
champion	O
the	O
tourism	O
sector	O
as	O
its	O
ambassador	O
.	O

The	O
2022	B-DATE
Miss	B-BRANDS
Tourism	B-MISC
Ghana	I-MISC|B-LOCATION
is	O
on	O
the	O
theme	O
:	O
â	O
Tourism	O
,	O
The	O
Heart	O
of	O
Ghana	B-LOCATION
,	O
â	O
which	O
seeks	O
to	O
explore	O
what	O
the	O
heart	O
of	O
Ghana	B-LOCATION
means	O
per	O
tourism	O
,	O
culture	O
,	O
heritage	O
,	O
traditions	O
,	O
and	O
many	O
more	O
.	O

Meanwhile	O
,	O
Madam	O
Delphine	B-GIVEN_NAME
Brew	B-FAMILY_NAME
-	I-FAMILY_NAME
Hammond	I-FAMILY_NAME
,	O
Director	O
of	O
Events	O
and	O
Operations	O
at	O
Miss	B-ORGANIZATION
Tourism	I-ORGANIZATION
Ghana	I-ORGANIZATION|B-LOCATION
said	O
the	O
2022	B-DATE
pageant	O
will	O
cover	O
chieftaincy	O
,	O
entertainment	O
,	O
social	O
media	O
,	O
culture	O
,	O
heritage	O
and	O
many	O
more	O
.	O

â	O
Tourism	O
is	O
not	O
just	O
about	O
travel	O
,	O
so	O
we	O
want	O
to	O
explore	O
the	O
real	O
heart	O
of	O
Ghana	B-LOCATION
,	O
our	O
warmth	O
,	O
cultural	O
heritage	O
.	O

â	O
We	O
will	O
be	O
going	O
to	O
villages	O
to	O
continue	O
doing	O
our	O
orphanage	O
work	O
,	O
helping	O
the	O
needy	O
,	O
women	O
advocacy	O
for	O
women	O
âs	O
health	O
and	O
we	O
also	O
want	O
to	O
open	O
up	O
Ghana	B-LOCATION
to	O
more	O
of	O
the	O
diaspora	O
,	O
â	O
she	O
said	O
.	O

The	O
grand	O
finale	O
is	O
expected	O
to	O
take	O
place	O
on	O
September	B-DATE
2	I-DATE
at	O
the	O
National	B-LOCATION
Theatre	I-LOCATION
.	O

Madam	O
Brew	B-GIVEN_NAME
-	B-FAMILY_NAME
Hammond	I-FAMILY_NAME
noted	O
that	O
at	O
Miss	B-BRANDS
Tourism	B-MISC
,	O
â	O
contestants	O
do	O
nât	O
represent	O
the	O
region	O
they	O
hail	O
from	O
because	O
we	O
want	O
them	O
to	O
learn	O
about	O
the	O
other	O
regions	O
,	O
we	O
want	O
them	O
to	O
be	O
tolerant	O
.	O
â	O

