Unicorn	B-BRANDS
Hunters	B-MISC
,	O
the	O
groundbreaking	O
series	O
that	O
connects	O
entrepreneurs	O
seeking	O
funding	O
with	O
millions	O
of	O
potential	O
investors	O
around	O
the	O
world	O
,	O
announced	O
it	O
is	O
now	O
airing	O
on	O
TV	B-ORGANIZATION
3	I-ORGANIZATION
Network	I-ORGANIZATION
,	O
Ghana	B-LOCATION
âs	O
largest	O
and	O
most	O
watched	O
free	O
-	O
to	O
-	O
air	O
television	O
broadcaster	O
with	O
nationwide	O
coverage	O
.	O

The	O
Unicorn	B-BRANDS
Hunters	B-MISC
show	O
will	O
premiere	O
on	O
August	B-DATE
6th	I-DATE
and	O
air	O
on	O
Saturdays	B-DATE
at	O
5	B-TIME
:	I-TIME
30	B-TIME
pm	I-TIME
local	O
time	O
,	O
giving	O
millions	O
of	O
people	O
in	O
Ghana	B-LOCATION
the	O
opportunity	O
to	O
watch	O
the	O
groundbreaking	O
series	O
and	O
access	O
pre	O
-	O
IPO	O
opportunities	O
that	O
were	O
previously	O
reserved	O
for	O
Wall	B-ORGANIZATION
Street	I-ORGANIZATION
and	O
Silicon	B-LOCATION
Valley	I-LOCATION
insiders	O
.	O

The	O
series	O
is	O
produced	O
in	O
Hollywood	B-LOCATION
by	O
reality	O
TV	O
icon	O
Craig	B-GIVEN_NAME
Plestis	B-FAMILY_NAME
(	O
I	B-BRANDS
Can	B-MISC
See	I-MISC
Your	I-MISC
Voice	I-MISC
,	O
The	B-BRANDS
Masked	B-MISC
Singer	I-MISC
)	O
.	O

â	O
Our	O
partnership	O
with	O
TV	B-ORGANIZATION
3	I-ORGANIZATION
Network	I-ORGANIZATION
is	O
an	O
important	O
step	O
in	O
our	O
objective	O
of	O
becoming	O
the	O
most	O
impactful	O
business	O
series	O
in	O
the	O
world	O
.	O

Entering	O
the	O
African	B-AFFILIATION
continent	O
,	O
which	O
is	O
experiencing	O
record	O
growth	O
in	O
the	O
entrepreneurial	O
ecosystem	O
-	O
approaching	O
$	B-MONEY
5	I-MONEY
billion	I-MONEY
in	O
known	O
funding	O
in	O
2021	B-DATE
-	O
propels	O
our	O
mission	O
to	O
democratize	O
wealth	O
creation	O
,	O
â	O
said	O
Alex	B-GIVEN_NAME
Konanykhin	B-FAMILY_NAME
,	O
CEO	O
of	O
Unicorn	B-ORGANIZATION
Hunters	I-ORGANIZATION
.	O

â	O
We	O
look	O
forward	O
to	O
creating	O
opportunities	O
for	O
Ghana	B-LOCATION
âs	O
growing	O
individual	O
investors	O
by	O
providing	O
transparent	O
access	O
to	O
select	O
pre	O
-	O
IPO	O
companies	O
,	O
and	O
we	O
are	O
also	O
hopeful	O
that	O
Ghana	B-LOCATION
âs	O
greatest	O
entrepreneurs	O
will	O
apply	O
to	O
be	O
a	O
part	O
of	O
the	O
show	O
.	O
â	O

â	O
We	O
are	O
thrilled	O
to	O
partner	O
with	O
Unicorn	B-ORGANIZATION
Hunters	I-ORGANIZATION
to	O
broadcast	O
this	O
groundbreaking	O
show	O
that	O
provides	O
an	O
opportunity	O
to	O
entrepreneurs	O
to	O
pitch	O
their	O
businesses	O
to	O
investors	O
,	O
â	O
said	O
Francis	B-GIVEN_NAME
Doku	B-FAMILY_NAME
,	O
General	O
Manager	O
of	O
3	B-ORGANIZATION
Group	I-ORGANIZATION
,	O
a	O
division	O
that	O
manages	O
TV	B-ORGANIZATION
3	I-ORGANIZATION
Network	I-ORGANIZATION
in	O
the	O
Media	B-ORGANIZATION
General	I-ORGANIZATION
Group	I-ORGANIZATION
.	O

â	O
We	O
think	O
it	O
will	O
have	O
a	O
positive	O
impact	O
and	O
connect	O
with	O
the	O
growing	O
entrepreneurial	O
emboldened	O
Ghanaians	B-AFFILIATION
to	O
further	O
pursue	O
their	O
dreams	O
.	O
â	O

Unicorn	B-ORGANIZATION
Hunters	I-ORGANIZATION
,	O
a	O
global	O
platform	O
that	O
connects	O
companies	O
looking	O
for	O
expansion	O
capital	O
to	O
achieve	O
a	B-MONEY
billion	I-MONEY
-	I-MONEY
dollar	I-MONEY
valuation	O
with	O
millions	O
of	O
investors	O
around	O
the	O
world	O
,	O
pioneered	O
a	O
new	O
genre	O
â	O
enrichtainment	O
â	O
that	O
combines	O
entertainment	O
with	O
the	O
wealth	O
-	O
growth	O
potential	O
for	O
individual	O
investors	O
.	O

Its	O
cast	O
,	O
known	O
as	O
the	O
â	O
Circle	B-BRANDS
of	B-MISC
Money	I-MISC
,	O
â	O
includes	O
Steve	B-GIVEN_NAME
Wozniak	B-FAMILY_NAME
,	O
co	O
-	O
founder	O
of	O
Apple	B-ORGANIZATION
,	O
celebrity	O
entrepreneurs	O
Lance	B-GIVEN_NAME
Bass	B-FAMILY_NAME
and	O
Chris	B-GIVEN_NAME
Diamantopoulos	B-FAMILY_NAME
,	O
policymakers	O
Rosie	B-GIVEN_NAME
Rios	B-FAMILY_NAME
,	O
former	O
Treasurer	O
of	O
the	O
United	B-LOCATION
States	I-LOCATION
,	O
Moe	B-GIVEN_NAME
Vela	B-FAMILY_NAME
,	O
former	O
White	B-ORGANIZATION
House	I-ORGANIZATION
Advisor	O
,	O
and	O
other	O
special	O
guests	O
.	O

In	O
February	B-DATE
of	O
this	O
year	O
,	O
Unicorn	B-ORGANIZATION
Hunters	I-ORGANIZATION
launched	O
Unicoin	B-BRANDS
,	O
its	O
official	O
cryptocurrency	O
,	O
which	O
is	O
a	O
next	O
-	O
generation	O
coin	O
designed	O
to	O
solve	O
extreme	O
volatility	O
,	O
the	O
major	O
problem	O
of	O
traditional	O
tokens	O
.	O

Unicoin	B-BRANDS
is	O
intended	O
to	O
be	O
asset	O
-	O
backed	O
and	O
dividend	O
-	O
paying	O
and	O
this	O
differentiation	O
is	O
especially	O
relevant	O
in	O
today	O
âs	O
cryptocurrency	O
market	O
,	O
which	O
has	O
experienced	O
an	O
unprecedented	O
downturn	O
.	O

In	O
the	O
new	O
episodes	O
of	O
Unicorn	B-BRANDS
Hunters	B-MISC
,	O
founders	O
who	O
pitch	O
the	O
Circle	B-BRANDS
of	B-MISC
Money	I-MISC
and	O
obtain	O
a	O
yes	O
from	O
more	O
than	O
one	O
panelist	O
will	O
receive	O
Unicoins	B-BRANDS
.	O

Those	O
who	O
receive	O
a	O
commitment	O
to	O
invest	O
from	O
all	O
Circle	B-BRANDS
of	B-MISC
Money	I-MISC
members	O
will	O
receive	O
up	O
to	O
10	O
million	O
Unicoins	B-BRANDS
.	O

The	O
Unicorn	B-BRANDS
Hunters	B-MISC
show	O
is	O
streaming	O
now	O
on	O
UnicornHunters	B-ORGANIZATION
.	O
com	O
,	O
LinkedIn	B-ORGANIZATION
Broadcast	I-ORGANIZATION
,	O
Binge	B-ORGANIZATION
Networks	I-ORGANIZATION
,	O
Facebook	B-ORGANIZATION
Video	I-ORGANIZATION
,	O
YouTube	B-ORGANIZATION
,	O
and	O
Vimeo	B-ORGANIZATION
.	O

In	O
Latin	B-LOCATION
America	I-LOCATION
,	O
it	O
also	O
streams	O
on	O
Claro	B-ORGANIZATION
Video	I-ORGANIZATION
,	O
one	O
of	O
the	O
largest	O
streaming	O
platforms	O
in	O
the	O
region	O
.	O

The	O
first	O
12	O
episodes	O
are	O
available	O
to	O
stream	O
on	O
-	O
demand	O
now	O
and	O
new	O
episodes	O
premiere	O
in	O
late	O
July	B-DATE
.	O

About	O
Unicorn	B-BRANDS
Hunters	B-MISC

Unicorn	B-BRANDS
Hunters	B-MISC
(	O
a	O
DBA	O
name	O
of	O
TransparentBusiness	B-ORGANIZATION
,	I-ORGANIZATION
Inc	I-ORGANIZATION
.	O
)	O
is	O
a	O
pioneering	O
business	O
show	O
that	O
democratizes	O
access	O
to	O
funding	O
,	O
giving	O
founders	O
the	O
possibility	O
to	O
raise	O
expansion	O
capital	O
from	O
millions	O
of	O
viewers	O
around	O
the	O
world	O
,	O
and	O
gives	O
people	O
the	O
opportunity	O
to	O
invest	O
in	O
pre	O
-	O
IPO	O
opportunities	O
alongside	O
business	O
luminaries	O
,	O
like	O
Steve	B-GIVEN_NAME
Wozniak	B-FAMILY_NAME
,	O
the	O
co	O
-	O
founder	O
of	O
Apple	B-ORGANIZATION
.	O

Unicoin	B-BRANDS
is	O
a	O
next	O
-	O
generation	O
coin	O
from	O
the	O
producers	O
of	O
Unicorn	B-BRANDS
Hunters	B-MISC
that	O
solves	O
for	O
volatility	O
,	O
the	O
greatest	O
challenge	O
of	O
traditional	O
crypto	O
,	O
by	O
offering	O
inherent	O
value	O
instead	O
of	O
perceived	O
value	O
through	O
equity	O
positions	O
in	O
the	O
high	O
-	O
growth	O
companies	O
that	O
are	O
part	O
of	O
the	O
Unicorn	B-ORGANIZATION
Hunters	I-ORGANIZATION
platform	O
.	O

