A	O
slight	O
,	O
weather	O
-	O
beaten	O
lady	O
stands	O
before	O
me	O
.	O

To	O
her	O
side	O
sits	O
the	O
eldest	O
son	O
,	O
a	O
Pink	O
Boa	O
snake	O
dangles	O
loosely	O
around	O
the	O
boy	O
âs	O
neck	O
.	O
The	O
little	O
lady	O
smiles	O
whilst	O
hoisting	O
her	O
plastic	O
tub	O
of	O
coconut	O
bread	O
up	O
towards	O
my	O
face	O
so	O
that	O
my	O
reddened	O
nose	O
can	O
smell	O
this	O
freshly	O
made	O
island	O
delicacy	O
.	O
â	O
Deme	O
dos	O
por	O
fa	O
â	O
â	O
â	O
give	O
me	O
two	O
please	O
â	O
I	O
say	O
.	O
As	O
she	O
does	O
I	O
casually	O
turn	O
and	O
take	O
in	O
the	O
sheer	O
beauty	O
of	O
my	O
surroundings	O
.	O
The	O
white	O
sand	O
on	O
which	O
I	O
stand	O
separates	O
centuries	O
old	O
jungle	O
from	O
the	O
crystal	O
clear	O
,	O
light	O
blue	O
ocean	O
out	O
beyond	O
.	O
Tropical	O
birds	O
soar	O
overhead	O
,	O
their	O
mixed	O
songs	O
gently	O
vibrating	O
from	O
the	O
countless	O
palm	O
branches	O
.	O
I	O
take	O
the	O
bread	O
and	O
await	O
their	O
price	O
.	O
â	O
Diez	O
mi	O
amor	O
â	O
she	O
says	O
with	O
her	O
kind	O
smile	O
glistening	O
.	O
Ten	B-MONEY
Lempira	I-MONEY
(	O
around	O
40	B-MONEY
pence	I-MONEY
)	O
for	O
two	O
buns	O
of	O
homemade	O
coconut	O
bread	O
on	O
an	O
isolated	O
desert	O
island	O
in	O
the	O
Honduran	B-AFFILIATION
Caribbean	B-LOCATION
Sea	I-LOCATION
.	O

Los	B-LOCATION
Cayos	I-LOCATION
Cochinos	I-LOCATION
are	O
an	O
untouched	O
,	O
relatively	O
unknown	O
and	O
without	O
doubt	O
â	O
unforgettable	O
paradise	O
.	O
Having	O
being	O
selected	O
as	O
one	O
of	O
the	O
top	O
10	O
destinations	O
to	O
be	O
visited	O
around	O
the	O
world	O
,	O
their	O
allure	O
is	O
that	O
they	O
belong	O
to	O
the	O
world	O
âs	O
second	O
largest	O
barrier	O
reef	O
,	O
forming	O
an	O
archipelago	O
of	O
13	O
coral	O
cays	O
of	O
origin	O
and	O
2	O
volcanic	O
islands	O
.	O
Populated	O
solely	O
by	O
small	O
self	O
-	O
sustained	O
â	O
Garifuna	B-AFFILIATION
â	O
communities	O
,	O
they	O
maintain	O
an	O
undiscovered	O
romance	O
for	O
each	O
and	O
every	O
visitor	O
.	O
The	O
name	O
itself	O
can	O
be	O
literally	O
translated	O
into	O
English	B-AFFILIATION
as	O
â	O
The	O
dirty	O
cays	O
â	O
.	O
â	O
Cochino	O
â	O
is	O
a	O
Spanish	B-AFFILIATION
word	O
for	O
something	O
â	O
dirty	O
â	O
.	O
In	O
English	B-AFFILIATION
though	O
,	O
these	O
hidden	O
Caribbean	B-LOCATION
gems	O
are	O
known	O
as	O
â	O
The	O
hog	O
islands	O
â	O
.	O
The	O
history	O
to	O
these	O
names	O
in	O
both	O
languages	O
â	O
being	O
utterly	O
intriguing	O
.	O

During	O
the	O
age	O
of	O
discovery	O
,	O
around	O
the	O
16th	O
and	O
17th	O
centuries	O
,	O
these	O
exotic	O
islands	O
became	O
the	O
domain	O
of	O
British	B-AFFILIATION
pirates	O
or	O
â	O
Buccaneers	O
â	O
.	O
Ironic	O
perhaps	O
,	O
that	O
such	O
a	O
truly	O
splendid	O
and	O
beautiful	O
chain	O
of	O
islands	O
should	O
have	O
become	O
the	O
haunt	O
of	O
violent	O
,	O
avaricious	O
rogues	O
.	O
The	O
Pirates	O
themselves	O
being	O
a	O
collection	O
of	O
thieves	O
,	O
murderers	O
,	O
rapists	O
and	O
fortune	O
seekers	O
â	O
captained	O
by	O
men	O
such	O
as	O
the	O
infamous	O
Henry	B-GIVEN_NAME
Morgan	B-FAMILY_NAME
.	O
Such	O
characters	O
being	O
titled	O
as	O
â	O
Privateers	O
â	O
â	O
royal	O
subjects	O
armed	O
with	O
the	O
Queen	O
âs	O
blessing	O
to	O
plunder	O
all	O
Spanish	B-AFFILIATION
ships	O
,	O
towns	O
and	O
ports	O
in	O
the	O
â	O
New	B-LOCATION
World	I-LOCATION
â	O
.	O
The	O
Pirates	O
used	O
these	O
cays	O
as	O
a	O
base	O
whereupon	O
they	O
introduced	O
the	O
hogs	O
that	O
they	O
kept	O
for	O
food	O
.	O
They	O
then	O
became	O
known	O
as	O
â	O
The	O
hog	O
islands	O
â	O
whilst	O
the	O
Spaniards	B-AFFILIATION
knew	O
them	O
as	O
â	O
the	O
dirty	O
cays	O
â	O
on	O
account	O
of	O
the	O
â	O
dirty	O
â	O
cut	O
-	O
throat	O
Buccaneers	O
lurking	O
within	O
them	O
.	O

The	O
Cayos	B-LOCATION
consist	O
of	O
two	O
small	O
islands	O
(	O
Cayo	B-LOCATION
Menor	I-LOCATION
and	O
Cayo	B-LOCATION
Grande	I-LOCATION
)	O
and	O
13	O
more	O
small	O
coral	O
cays	O
.	O
The	O
zone	O
is	O
situated	O
roughly	O
30	O
kilometres	O
northeast	O
of	O
the	O
large	O
coastal	O
city	O
La	B-LOCATION
Ceiba	I-LOCATION
on	O
the	O
northern	O
shores	O
of	O
Honduras	B-LOCATION
.	O
Despite	O
their	O
being	O
geographically	O
separate	O
,	O
the	B-LOCATION
Cayos	I-LOCATION
belong	O
to	O
the	O
Bay	B-LOCATION
Islands	I-LOCATION
department	O
(	O
RÃ³atan	B-LOCATION
,	O
Utila	B-LOCATION
and	O
Guanaja	B-LOCATION
)	O
.	O
The	O
tiny	O
population	O
numbered	O
only	O
108	O
on	O
a	O
2001	B-DATE
census	O
.	O
Managed	O
by	O
the	O
Honduran	B-ORGANIZATION|B-AFFILIATION
Coral	I-ORGANIZATION
Reef	I-ORGANIZATION
Foundation	I-ORGANIZATION
,	O
the	O
entire	O
zone	O
is	O
a	O
Marine	B-BRANDS
Protected	B-MISC
Area	I-MISC
.	O
The	O
coral	O
reef	O
being	O
part	O
of	O
the	O
world	O
âs	O
second	O
largest	O
and	O
subsequently	O
known	O
as	O
the	O
Meso	B-LOCATION|B-AFFILIATION
-	I-LOCATION|I-AFFILIATION
American	I-LOCATION|I-AFFILIATION
Barrier	I-LOCATION
Reef	I-LOCATION
.	O
A	O
scientific	O
research	O
station	O
is	O
located	O
on	O
Cayo	B-LOCATION
Menor	I-LOCATION
,	O
which	O
is	O
the	O
smaller	O
of	O
the	O
two	O
main	O
islands	O
.	O
You	O
can	O
learn	O
more	O
by	O
reading	O
about	O
it	O
in	O
libraries	O
near	O
Manassas	B-LOCATION
,	I-LOCATION
VA	I-LOCATION
.	O

On	O
entering	O
the	O
domain	O
of	O
these	O
gorgeous	O
cays	O
,	O
one	O
escapes	O
everything	O
.	O
This	O
is	O
without	O
any	O
doubt	O
one	O
of	O
the	O
few	O
places	O
within	O
the	O
world	O
where	O
someone	O
can	O
quite	O
simply	O
leave	O
all	O
behind	O
.	O
There	O
exist	O
no	O
roads	O
,	O
cars	O
or	O
even	O
bikes	O
.	O
The	O
exclusive	O
Resort	O
within	O
the	O
Cayos	B-LOCATION
is	O
Turtle	B-LOCATION
Bay	I-LOCATION
Eco	I-LOCATION
Resort	I-LOCATION
(	O
Turtle	B-LOCATION
Bay	I-LOCATION
Eco	I-LOCATION
Resort	I-LOCATION
â	O
Cayos	B-LOCATION
Cochinos	I-LOCATION
â	I-LOCATION
Honduras	I-LOCATION
)	O
.	O
If	O
one	O
opts	O
for	O
this	O
kind	O
of	O
visit	O
â	O
of	O
a	O
more	O
luxurious	O
sort	O
,	O
spacious	O
and	O
comfortable	O
accommodations	O
can	O
be	O
obtained	O
with	O
all	O
modern	O
amenities	O
.	O
Fully	O
stocked	O
bars	O
and	O
fine	O
dining	O
featuring	O
with	O
an	O
all	O
out	O
â	O
gringo	O
â	O
tourist	O
âs	O
itinerary	O
of	O
Diving	O
,	O
Snorkeling	O
,	O
Kayaking	O
and	O
Paddle	O
Boarding	O
.	O
Guided	O
tours	O
of	O
the	O
islands	O
are	O
naturally	O
offered	O
as	O
well	O
by	O
the	O
Resort	O
.	O
Small	O
trails	O
connect	O
residences	O
to	O
the	O
beaches	O
on	O
Cayo	B-LOCATION
Grande	I-LOCATION
.	O
A	O
lighthouse	O
stands	O
on	O
the	O
highest	O
point	O
of	O
this	O
particular	O
island	O
.	O
The	O
hike	O
takes	O
one	O
through	O
the	O
most	O
scenic	O
and	O
entirely	O
untouched	O
jungles	O
,	O
home	O
furthermore	O
to	O
the	O
only	O
pink	O
Boa	O
Constrictors	O
in	O
the	O
world	O
.	O
Moving	O
onto	O
the	O
inhabitants	O
of	O
these	O
islands	O
,	O
only	O
two	O
fishing	O
villages	O
exist	O
â	O
named	O
â	O
Chachahuate	B-LOCATION
â	O
and	O
â	O
East	B-LOCATION
End	I-LOCATION
â	O
.	O
The	O
inhabitants	O
or	O
rather	O
the	O
Garifuna	B-AFFILIATION
people	O
are	O
of	O
an	O
extraordinary	O
sort	O
.	O

More	O
often	O
than	O
not	O
referred	O
to	O
as	O
â	O
Garifuna	B-AFFILIATION
â	O
,	O
they	O
are	O
truly	O
called	O
â	O
Garinagu	B-AFFILIATION
â	O
whilst	O
the	O
culture	O
and	O
language	O
themselves	O
are	O
â	O
Garifuna	B-AFFILIATION
â	O
.	O
The	O
epic	O
story	O
of	O
the	O
Garinagu	B-AFFILIATION
begun	O
during	O
the	O
early	O
1600	B-DATE
âs	O
on	O
the	O
Caribbean	B-LOCATION
island	O
of	O
St	B-LOCATION
.	I-LOCATION
Vincent	I-LOCATION
.	O
In	O
1635	B-DATE
,	O
two	O
Spanish	B-AFFILIATION
ships	O
carrying	O
Nigerian	B-AFFILIATION
slaves	O
sank	O
directly	O
off	O
the	O
coast	O
of	O
St	B-LOCATION
.	I-LOCATION
Vincent	I-LOCATION
.	O
The	O
surviving	O
slaves	O
swam	O
ashore	O
and	O
found	O
shelter	O
within	O
Carib	B-AFFILIATION
Amerindian	B-AFFILIATION
settlements	O
.	O
Over	O
the	O
next	O
century	O
and	O
a	O
half	O
,	O
these	O
two	O
peoples	O
intermixed	O
and	O
eventually	O
fused	O
into	O
a	O
single	O
culture	O
â	O
the	O
Black	B-AFFILIATION
Caribs	I-AFFILIATION
or	O
Garinagu	B-AFFILIATION
.	O
A	O
series	O
of	O
wars	O
between	O
the	O
French	B-AFFILIATION
and	O
British	B-AFFILIATION
on	O
St	B-LOCATION
.	I-LOCATION
Vincent	I-LOCATION
culminated	O
in	O
a	O
final	O
battle	O
on	O
June	B-DATE
10th	I-DATE
,	I-DATE
1796	I-DATE
.	O
The	O
French	B-AFFILIATION
and	O
their	O
Carib	B-AFFILIATION
allies	O
where	O
ultimately	O
forced	O
to	O
surrender	O
and	O
leave	O
the	O
island	O
.	O

It	O
was	O
then	O
the	O
British	B-AFFILIATION
who	O
simply	O
marooned	O
Caribs	B-AFFILIATION
on	O
the	O
island	O
of	O
Roatan	B-LOCATION
,	I-LOCATION
Honduras	I-LOCATION
.	O
Shortly	O
after	O
,	O
the	O
entire	O
marooned	O
population	O
migrated	O
to	O
the	O
mainland	O
of	O
Honduras	B-LOCATION
and	O
allied	O
with	O
the	O
Spanish	B-AFFILIATION
in	O
the	O
fortress	O
town	O
of	O
Trujillo	B-LOCATION
.	O
However	O
,	O
a	O
brief	O
civil	O
war	O
in	O
1832	B-DATE
found	O
the	O
Caribs	B-AFFILIATION
on	O
the	O
wrong	O
side	O
and	O
once	O
again	O
many	O
were	O
forced	O
to	O
flee	O
to	O
neighboring	O
British	B-LOCATION|B-AFFILIATION
Honduras	I-LOCATION
â	O
now	O
Belize	B-LOCATION
.	O
The	O
Garifuna	B-AFFILIATION
of	O
the	O
Cayos	B-LOCATION
arrived	O
reportedly	O
from	O
the	O
nearby	O
Bay	B-LOCATION
Islands	I-LOCATION
in	O
1965	B-DATE
.	O
They	O
have	O
been	O
there	O
ever	O
since	O
â	O
greatly	O
contributing	O
to	O
the	O
unique	O
charm	O
of	O
these	O
cays	O
.	O
Tourists	O
can	O
stay	O
in	O
these	O
communities	O
,	O
with	O
the	O
Garifuna	B-AFFILIATION
providing	O
accommodation	O
such	O
as	O
their	O
traditional	O
Palm	O
-	O
thatched	O
huts	O
.	O
The	O
food	O
provided	O
as	O
part	O
of	O
the	O
tours	O
is	O
always	O
local	O
Garifuna	B-AFFILIATION
cuisine	O
and	O
sometimes	O
small	O
shows	O
are	O
put	O
on	O
whereupon	O
historical	O
dances	O
are	O
performed	O
.	O
Spanish	B-AFFILIATION
is	O
the	O
primary	O
communication	O
language	O
of	O
these	O
residents	O
yet	O
many	O
are	O
impressively	O
bi	O
or	O
trilingual	O
.	O

Tours	O
to	O
the	O
Cayos	B-LOCATION
can	O
range	O
from	O
$	B-MONEY
40	I-MONEY
upwards	O
with	O
tourist	O
packages	O
such	O
as	O
2	B-DURATION
days	I-DURATION
and	O
1	O
night	O
at	O
Cayo	B-LOCATION
Chachahuate	I-LOCATION
going	O
at	O
$	B-MONEY
70	I-MONEY
per	O
person	O
.	O
The	O
tours	O
begin	O
generally	O
in	O
the	O
city	O
La	B-LOCATION
Ceiba	I-LOCATION
and	O
from	O
there	O
one	O
is	O
transported	O
to	O
the	O
Garifuna	B-AFFILIATION
coastal	O
village	O
of	O
Sambo	B-LOCATION
Creek	I-LOCATION
.	O
From	O
this	O
point	O
of	O
departure	O
,	O
one	O
boards	O
a	O
wooden	O
â	O
lancha	O
â	O
or	O
speedboat	O
for	O
the	O
breathtaking	O
ride	O
to	O
the	O
islands	O
.	O
The	O
boat	O
whips	O
across	O
deep	O
blue	O
waters	O
leaving	O
the	O
mighty	O
mountains	O
of	O
the	O
Honduras	B-LOCATION
coastline	O
behind	O
.	O
Turtle	B-LOCATION
Bay	I-LOCATION
Eco	I-LOCATION
Resort	I-LOCATION
offers	O
its	O
own	O
transportation	O
as	O
part	O
of	O
its	O
packages	O
â	O
these	O
being	O
available	O
for	O
charters	O
directly	O
from	O
La	B-LOCATION
Ceiba	I-LOCATION
.	O
There	O
are	O
in	O
fact	O
daily	O
trips	O
from	O
La	B-LOCATION
Ceiba	I-LOCATION
,	O
small	O
boats	O
also	O
leave	O
from	O
the	O
Bay	B-LOCATION
Island	I-LOCATION
Utila	I-LOCATION
and	O
charter	O
companies	O
exist	O
on	O
the	O
other	O
island	O
of	O
RÃ³atan	B-LOCATION
.	O
A	O
good	O
website	O
is	O
Honduras	B-BRANDS|B-LOCATION
Tourist	I-BRANDS
Options	I-BRANDS
for	O
more	O
information	O
.	O
Travellers	O
landing	O
in	O
Honduras	B-LOCATION
can	O
take	O
direct	O
buses	O
to	O
La	B-LOCATION
Ceiba	I-LOCATION
from	O
the	O
San	B-LOCATION|B-LOCATION
Pedro	I-LOCATION|I-LOCATION
Sula	I-LOCATION|I-LOCATION
international	I-LOCATION
airport	I-LOCATION
with	O
safe	O
,	O
reliable	O
companies	O
like	O
HedmanAlas	B-ORGANIZATION
â	I-ORGANIZATION
Hedman	I-ORGANIZATION
Alas	I-ORGANIZATION
.	O

