Honduras	B-LOCATION
Presidential	O
Candidates	O
Chosen	O
during	O
2017	B-DATE
Primary	O
Elections	O
-	O
President	O
Juan	B-GIVEN_NAME
Orlando	B-FAMILY_NAME
Hernandez	I-FAMILY_NAME
,	O
Luis	B-GIVEN_NAME
Zelaya	B-FAMILY_NAME
,	O
and	O
Former	O
First	O
Lady	O
Xiomara	B-GIVEN_NAME
Castro	B-FAMILY_NAME

Tegucigalpa	B-LOCATION
â	O
The	O
first	O
official	O
results	O
of	O
the	O
primaries	O
held	O
in	O
Honduras	B-LOCATION
today	O
show	O
the	O
electoral	O
trend	O
that	O
would	O
happen	O
in	O
the	O
general	O
elections	O
of	O
November	B-DATE
,	O
once	O
the	O
presidential	O
candidates	O
of	O
the	O
main	O
political	O
parties	O
are	O
defined	O
.	O

â	O
The	O
Honduran	B-AFFILIATION
people	O
have	O
acted	O
with	O
civism	O
,	O
â	O

the	O
president	O
of	O
the	O
Supreme	B-ORGANIZATION
Electoral	I-ORGANIZATION
Tribunal	I-ORGANIZATION
(	O
TSE	B-ORGANIZATION
)	O
,	O
Erick	B-GIVEN_NAME
RodrÃ­guez	B-FAMILY_NAME
remarked	O
,	O
presenting	O
on	O
Sunday	B-DATE
the	O
initial	O
report	O
of	O
the	O
vote	O
,	O
prolonged	O
from	O
16	O
:	O
00	O
to	O
17	O
:	O
00	O
(	O
local	O
time	O
)	O
by	O
the	O
late	O
opening	O
of	O
some	O
schools	O
.	O

In	O
its	O
report	O
,	O
the	O
electoral	O
body	O
confirmed	O
that	O
President	O
Juan	B-GIVEN_NAME
Orlando	B-FAMILY_NAME
HernÃ¡ndez	I-FAMILY_NAME
could	O
aspire	O
to	O
re	O
-	O
election	O
,	O
by	O
beating	O
Roberto	B-GIVEN_NAME
RamÃ³n	B-FAMILY_NAME
Castillo	I-FAMILY_NAME
,	O
with	O
92.9	O
percent	O
of	O
102	O
thousand	O
votes	O
counted	O
in	O
the	O
National	B-ORGANIZATION
Party	I-ORGANIZATION
polls	O
.	O

Meanwhile	O
,	O
the	O
former	O
First	O
Lady	O
Xiomara	B-GIVEN_NAME
Castro	B-FAMILY_NAME
will	O
run	O
for	O
president	O
again	O
for	O
the	O
party	O
Freedom	B-ORGANIZATION
and	I-ORGANIZATION
Refoundation	I-ORGANIZATION
(	O
Libre	B-ORGANIZATION
)	O
,	O
after	O
another	O
overwhelming	O
triumph	O
,	O
with	O
94	O
percent	O
of	O
45	O
thousand	O
votes	O
.	O

In	O
the	O
ranks	O
of	O
the	O
Liberal	B-ORGANIZATION
Party	I-ORGANIZATION
,	O
with	O
about	O
67	O
thousand	O
338	O
votes	O
counted	O
,	O
the	O
academic	O
Luis	B-GIVEN_NAME
Zelaya	B-FAMILY_NAME
surprisingly	O
beat	O
with	O
56.7	O
percent	O
his	O
main	O
rival	O
Gabriela	B-GIVEN_NAME
NÃºÃ±ez	B-FAMILY_NAME
,	O
who	O
obtained	O
little	O
more	O
than	O
34	O
percent	O
.	O

Although	O
perhaps	O
the	O
most	O
revealing	O
fact	O
is	O
in	O
the	O
intention	O
of	O
vote	O
that	O
presented	O
each	O
of	O
the	O
presidential	O
candidates	O
,	O
as	O
well	O
as	O
their	O
parties	O
,	O
before	O
the	O
general	O
elections	O
of	O
November	B-DATE
26	I-DATE
.	O

Preliminary	O
figures	O
showed	O
that	O
the	O
National	B-ORGANIZATION
Party	I-ORGANIZATION
maintains	O
its	O
calling	O
power	O
intact	O
,	O
with	O
56	O
percent	O
of	O
voters	O
,	O
followed	O
by	O
the	O
Liberal	B-ORGANIZATION
Party	I-ORGANIZATION
,	O
which	O
regained	O
its	O
role	O
as	O
the	O
main	O
opposition	O
force	O
,	O
with	O
a	O
quarter	O
of	O
the	O
votes	O
against	O
19	O
percent	O
of	O
Libre	B-ORGANIZATION
Party	I-ORGANIZATION
.	O

One	O
of	O
the	O
leaders	O
of	O
the	O
nationalists	O
in	O
Tegucigalpa	B-LOCATION
,	O
RenÃ¡n	B-GIVEN_NAME
Inestroza	B-FAMILY_NAME
,	O
considered	O
that	O
â	O
the	O
low	O
vote	O
of	O
the	O
opposition	O
parties	O
only	O
means	O
that	O
the	O
Honduran	B-AFFILIATION
people	O
are	O
not	O
liking	O
their	O
strategies	O
.	O
â	O

Meanwhile	O
,	O
political	O
analysts	O
said	O
the	O
most	O
striking	O
thing	O
was	O
the	O
wear	O
and	O
tear	O
exhibited	O
by	O
Libre	B-ORGANIZATION
,	O
the	O
force	O
coordinated	O
by	O
former	O
President	O
Manuel	B-GIVEN_NAME
Zelaya	B-FAMILY_NAME
,	O
despite	O
reinforcements	O
that	O
could	O
be	O
provided	O
in	O
November	B-DATE
by	O
his	O
alliance	O
with	O
the	O
parties	O
Anticorruption	B-ORGANIZATION
(	O
PAC	B-ORGANIZATION
)	O
and	O
National	B-ORGANIZATION
Innovation	I-ORGANIZATION
and	I-ORGANIZATION
Unity	I-ORGANIZATION
(	O
Pinu	B-ORGANIZATION
)	O
.	O

As	O
for	O
the	O
candidates	O
,	O
the	O
scrutiny	O
reinforced	O
the	O
current	O
president	O
,	O
Juan	B-GIVEN_NAME
Orlando	B-FAMILY_NAME
Hernandez	I-FAMILY_NAME
,	O
with	O
53	O
percent	O
of	O
the	O
votes	O
despite	O
the	O
controversy	O
unleashed	O
by	O
his	O
decision	O
to	O
re	O
-	O
elect	O
against	O
what	O
was	O
stipulated	O
in	O
the	O
country	O
âs	O
constitution	O
.	O

In	O
contrast	O
,	O
Xiomara	B-GIVEN_NAME
Castro	B-FAMILY_NAME
reached	O
20.27	O
percent	O
and	O
Luis	B-GIVEN_NAME
Zelaya	B-FAMILY_NAME
14.02	O
,	O
and	O
who	O
would	O
win	O
the	O
votes	O
of	O
the	O
also	O
liberal	O
Gabriela	B-GIVEN_NAME
NÃºÃ±ez	B-FAMILY_NAME
,	O
who	O
obtained	O
8.55	O
percent	O
,	O
remains	O
a	O
mystery	O
.	O
In	O
addition	O
to	O
the	O
country	O
âs	O
presidency	O
,	O
some	O
5.8	O
million	O
Hondurans	B-AFFILIATION
will	O
be	O
able	O
to	O
vote	O
in	O
the	O
electoral	O
process	O
this	O
year	O
to	O
elect	O
the	O
occupants	O
of	O
almost	O
three	O
thousand	O
public	O
positions	O
,	O
including	O
128	O
deputies	O
of	O
the	O
National	B-ORGANIZATION
Congress	I-ORGANIZATION
and	O
20	O
to	O
the	O
Central	B-ORGANIZATION|B-LOCATION
American	I-ORGANIZATION|I-LOCATION|B-AFFILIATION
Parliament	I-ORGANIZATION
,	O
as	O
well	O
as	O
298	O
Municipalities	O
.	O

