Honduras	B-LOCATION
-	O
based	O
airline	O
,	O
Easy	B-ORGANIZATION
Sky	I-ORGANIZATION
,	O
has	O
signed	O
an	O
agreement	O
with	O
Caribbean	B-LOCATION
travel	O
agency	O
â	O
BEDY	B-ORGANIZATION
Travel	I-ORGANIZATION
â	O
registered	O
in	O
Grenada	B-LOCATION
and	O
others	O
Caribbean	B-LOCATION
countries	O
,	O
to	O
offer	O
flights	O
from	O
Honduras	B-LOCATION
via	O
Cuba	B-LOCATION
to	O
Saint	B-LOCATION
Lucia	I-LOCATION
and	O
others	O
destinations	O
in	O
the	O
Caribbean	B-LOCATION
.	O

Chief	O
Executive	O
Officer	O
of	O
BEDY	B-ORGANIZATION
Easy	I-ORGANIZATION
Sky	I-ORGANIZATION
,	O
Benjamin	B-GIVEN_NAME
Ross	B-FAMILY_NAME
,	O
told	O
St	B-ORGANIZATION
.	I-ORGANIZATION
Lucia	I-ORGANIZATION
News	I-ORGANIZATION
Online	I-ORGANIZATION
(	O
SNO	B-ORGANIZATION
)	O
in	O
an	O
exclusive	O
interview	O
on	O
Wednesday	B-DATE
(	B-BRANDS
Feb	B-DATE
.	I-DATE
24	I-DATE
)	B-BRANDS
that	O
the	O
first	O
flight	O
out	O
of	O
Saint	B-LOCATION
Lucia	I-LOCATION
will	O
be	O
announced	O
as	O
soon	O
as	O
the	O
license	O
is	O
delivered	O
.	O

Grenada	B-LOCATION
was	O
the	O
first	O
island	O
to	O
grant	O
the	O
landing	O
license	O
to	O
Easy	B-ORGANIZATION
Sky	I-ORGANIZATION
,	O
while	O
Saint	B-LOCATION
Lucia	I-LOCATION
and	O
other	O
islands	O
are	O
in	O
the	O
process	O
doing	O
the	O
same	O
.	O

The	O
company	O
looks	O
forward	O
to	O
getting	O
results	O
by	O
the	O
end	O
of	O
February	B-DATE
2016	I-DATE
.	O

Ross	B-GIVEN_NAME
explained	O
that	O
his	O
company	O
and	O
associates	O
saw	O
the	O
need	O
for	O
connecting	O
Caribbean	B-LOCATION
families	O
,	O
by	O
offering	O
flights	O
from	O
Saint	B-LOCATION
Lucia	I-LOCATION
to	O
other	O
destinations	O
,	O
especially	O
between	O
Honduras	B-LOCATION
and	O
Cuba	B-LOCATION
.	O

The	O
company	O
also	O
plans	O
to	O
extend	O
flights	O
to	O
Havana	B-LOCATION
,	O
as	O
well	O
as	O
Santiago	B-LOCATION
de	I-LOCATION
Cuba	I-LOCATION
,	O
as	O
business	O
progress	O
.	O

Ross	B-GIVEN_NAME
said	O
he	O
would	O
like	O
to	O
thank	O
all	O
regional	O
stakeholders	O
involved	O
with	O
this	O
project	O
for	O
their	O
support	O
and	O
said	O
more	O
details	O
about	O
the	O
company	O
âs	O
operation	O
in	O
Saint	B-LOCATION
Lucia	I-LOCATION
will	O
be	O
announced	O
shortly	O
.	O

The	O
airline	O
will	O
be	O
operating	O
two	O
Boeing	B-BRANDS
737-232	I-BRANDS
between	O
these	O
destinations	O
,	O
with	O
each	O
plane	O
having	O
accommodation	O
for	O
120	O
passengers	O
.	O

The	O
operation	O
would	O
be	O
focused	O
on	O
providing	O
its	O
air	O
transportation	O
service	O
for	O
:	O
passengers	O
/	O
tourist	O
,	O
light	O
cargo	O
and	O
courier	O
,	O
and	O
health	O
and	O
tourism	O
program	O
packages	O
.	O

