THE	O
GUJARAT	B-ORGANIZATION|B-LOCATION
Special	I-ORGANIZATION
Investigation	I-ORGANIZATION
Team	I-ORGANIZATION
(	O
SIT	B-ORGANIZATION
)	O
probing	O
charges	O
of	O
fabrication	O
of	O
evidence	O
and	O
conspiracy	O
linked	O
to	O
the	O
2002	B-DATE
riots	O
against	O
activist	O
Teesta	B-GIVEN_NAME
Setalvad	B-FAMILY_NAME
,	O
retired	O
DGP	O
R	B-GIVEN_NAME
B	B-FAMILY_NAME
Sreekumar	I-FAMILY_NAME
and	O
former	O
IPS	B-ORGANIZATION
officer	O
Sanjiv	B-GIVEN_NAME
Bhatt	B-FAMILY_NAME
has	O
stated	O
in	O
an	O
affidavit	O
that	O
the	O
accused	O
were	O
allegedly	O
part	O
of	O
a	O
â	O
larger	O
conspiracy	O
â	O
for	O
â	O
dismissal	O
or	O
destabilisation	O
â	O
by	O
â	O
hook	O
or	O
by	O
crook	O
â	O
of	O
the	O
then	O
state	O
government	O
.	O

It	O
stated	O
that	O
this	O
was	O
done	O
allegedly	O
at	O
the	O
â	O
behest	O
â	O
of	O
the	O
late	O
Ahmed	B-GIVEN_NAME
Patel	B-FAMILY_NAME
,	O
who	O
was	O
political	O
advisor	O
to	O
Congress	B-ORGANIZATION
chief	O
Sonia	B-GIVEN_NAME
Gandhi	B-FAMILY_NAME
at	O
the	O
time	O
.	O

The	O
affidavit	O
was	O
filed	O
by	O
the	O
SIT	B-ORGANIZATION
âs	O
Investigating	O
Officer	O
B	B-GIVEN_NAME
C	B-FAMILY_NAME
Solanki	I-FAMILY_NAME
before	O
the	O
City	B-ORGANIZATION
Civil	I-ORGANIZATION
and	I-ORGANIZATION
Sessions	I-ORGANIZATION
Court	I-ORGANIZATION
in	O
Ahmedabad	B-LOCATION
on	O
Friday	B-DATE
.	O

It	O
states	O
that	O
Setalvad	B-GIVEN_NAME
allegedly	O
obtained	O
â	O
illegal	O
financial	O
and	O
other	O
benefits	O
and	O
rewards	O
from	O
the	O
political	O
party	O
â	O
for	O
implicating	O
and	O
prosecuting	O
â	O
various	O
authorities	O
and	O
other	O
innocent	O
persons	O
in	O
the	O
State	B-LOCATION
of	I-LOCATION
Gujarat	I-LOCATION
including	O
the	O
then	O
Chief	O
Minister	O
â	O
.	O

Setalvad	B-GIVEN_NAME
,	O
Sreekumar	B-GIVEN_NAME
and	O
Bhatt	B-GIVEN_NAME
are	O
being	O
investigated	O
in	O
relation	O
to	O
an	O
FIR	B-BRANDS
lodged	O
in	O
Ahmedabad	B-LOCATION
on	O
June	B-DATE
25	I-DATE
,	O
a	O
day	O
after	O
the	O
Supreme	B-ORGANIZATION
Court	I-ORGANIZATION
dismissed	O
a	O
plea	O
against	O
the	O
clean	O
chit	O
given	O
to	O
Narendra	B-GIVEN_NAME
Modi	B-FAMILY_NAME
,	O
who	O
was	O
then	O
Gujarat	B-LOCATION
âs	O
chief	O
minister	O
,	O
and	O
others	O
in	O
cases	O
related	O
to	O
the	O
2002	B-DATE
riots	O
.	O

In	O
its	O
order	O
,	O
the	O
apex	O
court	O
had	O
pointed	O
to	O
a	O
â	O
coalesced	O
effort	O
of	O
the	O
disgruntled	O
officials	O
of	O
the	O
state	O
of	O
Gujarat	B-LOCATION
along	O
with	O
others	O
â¦	O
to	O
create	O
sensation	O
by	O
making	O
revelations	O
which	O
were	O
false	O
to	O
their	O
own	O
knowledge	O
â	O
.	O

It	O
had	O
said	O
that	O
those	O
responsible	O
for	O
keeping	O
the	O
â	O
pot	O
boiling	O
â	O
for	O
16	B-DURATION
years	I-DURATION
â	O
need	O
to	O
be	O
in	O
the	O
dock	O
and	O
proceeded	O
with	O
in	O
accordance	O
with	O
law	O
.	O
â	O

The	O
FIR	B-BRANDS
lodged	O
in	O
Ahmedabad	B-LOCATION
accuses	O
Setalvad	B-GIVEN_NAME
,	O
Bhatt	B-GIVEN_NAME
and	O
Sreekumar	B-GIVEN_NAME
of	O
forging	O
evidence	O
,	O
conspiracy	O
and	O
other	O
charges	O
pertaining	O
to	O
the	O
riots	O
.	O

Friday	B-DATE
âs	O
affidavit	O
submits	O
that	O
statements	O
of	O
two	O
witnesses	O
taken	O
during	O
the	O
ongoing	O
probe	O
â	O
establish	O
that	O
the	O
conspiracy	O
was	O
enacted	O
by	O
the	O
present	O
applicant	O
(	O
Setalvad	B-GIVEN_NAME
)	O
,	O
along	O
with	O
other	O
accused	O
persons	O
at	O
the	O
behest	O
of	O
Late	O
Shri	B-GIVEN_NAME
Ahmed	B-FAMILY_NAME
Patel	I-FAMILY_NAME
,	O
the	O
then	O
Member	O
of	O
Parliament	O
from	O
Rajya	B-LOCATION
Sabha	I-LOCATION
and	O
Political	O
Advisor	O
to	O
the	O
President	O
of	O
the	O
Indian	B-ORGANIZATION
National	I-ORGANIZATION
Congress	I-ORGANIZATION
â	O
.	O

The	O
affidavit	O
states	O
that	O
Setalvad	B-GIVEN_NAME
allegedly	O
â	O
started	O
to	O
act	O
as	O
part	O
of	O
this	O
conspiracy	O
from	O
the	O
very	O
beginning	O
,	O
as	O
just	O
few	O
days	O
after	O
Godhra	B-LOCATION
train	O
incident	O
the	O
applicant	O
had	O
held	O
meetings	O
with	O
Late	O
Shri	B-GIVEN_NAME
Ahmed	B-FAMILY_NAME
Patel	I-FAMILY_NAME
and	O
had	O
received	O
Rs	B-MONEY
5	I-MONEY
lakh	I-MONEY
at	O
the	O
first	O
instance	O
where	O
the	O
money	O
was	O
given	O
to	O
her	O
by	O
one	O
witness	O
on	O
the	O
instructions	O
of	O
Late	O
Shri	B-GIVEN_NAME
Ahmed	B-FAMILY_NAME
Patel	I-FAMILY_NAME
â	O
.	O

It	O
alleges	O
that	O
â	O
two	B-DURATION
days	I-DURATION
later	O
,	O
in	O
a	O
meeting	O
conducted	O
at	O
the	O
Government	B-LOCATION
Circuit	I-LOCATION
House	I-LOCATION
Shahibaug	B-LOCATION
between	O
late	O
Shri	O
Ahmed	B-GIVEN_NAME
Patel	B-FAMILY_NAME
and	O
the	O
applicant	O
(	O
Setalvad	B-GIVEN_NAME
)	O
â¦	O
the	O
said	O
witness	O
had	O
handed	O
over	O
Rs	B-MONEY
25	I-MONEY
lakh	I-MONEY
more	O
to	O
the	O
applicant	O
(	O
Setalvad	B-GIVEN_NAME
)	O
on	O
instruction	O
of	O
Late	O
Shri	B-GIVEN_NAME
Ahmed	B-FAMILY_NAME
Patel	I-FAMILY_NAME
â	O
.	O

The	O
affidavit	O
claims	O
that	O
the	O
â	O
money	O
given	O
to	O
the	O
applicant	O
(	O
Setalvad	B-GIVEN_NAME
)	O
was	O
not	O
part	O
of	O
any	O
relief	O
-	O
related	O
corpus	O
as	O
all	O
relief	O
material	O
in	O
the	O
form	O
of	O
food	O
materials	O
and	O
other	O
essential	O
commodities	O
was	O
provided	O
across	O
Gujarat	B-LOCATION
by	O
one	O
Gujarat	B-ORGANIZATION|B-LOCATION
Relief	I-ORGANIZATION
Committee	I-ORGANIZATION
.	O

The	O
presence	O
of	O
several	O
political	O
leaders	O
at	O
Shahibaug	B-LOCATION|B-LOCATION
Circuit	I-LOCATION
House	I-LOCATION
during	O
this	O
period	O
of	O
meeting	O
including	O
that	O
of	O
Late	O
Shri	B-GIVEN_NAME
Ahmed	B-FAMILY_NAME
Patel	I-FAMILY_NAME
is	O
corroborated	O
by	O
material	O
collecting	O
in	O
the	O
investigation	O
â	O
.	O

Referring	O
to	O
the	O
purported	O
witness	O
statements	O
,	O
the	O
affidavit	O
claims	O
they	O
â	O
further	O
reflect	O
that	O
meetings	O
were	O
also	O
held	O
at	O
the	O
New	B-LOCATION
Delhi	I-LOCATION
residence	O
of	O
Late	O
Shri	O
Ahmed	B-GIVEN_NAME
Patel	B-FAMILY_NAME
where	O
the	O
applicant	O
(	O
Setalvad	B-GIVEN_NAME
)	O
and	O
other	O
accused	O
person	O
,	O
Sanjiv	B-GIVEN_NAME
Bhatt	B-FAMILY_NAME
,	O
had	O
met	O
Shri	O
Ahmed	B-GIVEN_NAME
Patel	B-FAMILY_NAME
,	O
approximately	O
four	O
months	O
after	O
the	O
riots	O
in	O
clandestine	O
manner	O
â	O
.	O

When	O
contacted	O
by	O
The	B-ORGANIZATION
Indian	I-ORGANIZATION|B-AFFILIATION
Express	I-ORGANIZATION
,	O
Patel	B-GIVEN_NAME
âs	O
daughter	O
Mumtaz	B-GIVEN_NAME
Patel	B-FAMILY_NAME
described	O
the	O
SIT	B-ORGANIZATION
âs	O
charges	O
as	O
â	O
really	O
unfortunate	O
â	O
.	O

â	O
All	O
I	O
would	O
like	O
to	O
say	O
is	O
that	O
it	O
âs	O
unfair	O
but	O
very	O
easy	O
to	O
use	O
a	O
deceased	O
person	O
âs	O
name	O
for	O
headlines	O
and	O
sensationalism	O
.	O

He	O
is	O
not	O
here	O
to	O
defend	O
himself	O
and	O
as	O
family	O
,	O
we	O
do	O
nât	O
have	O
any	O
more	O
comments	O
as	O
we	O
were	O
not	O
involved	O
in	O
his	O
work	O
.	O
â	O

The	O
affidavit	O
also	O
states	O
that	O
the	O
statements	O
of	O
witnesses	O
allegedly	O
â	O
shows	O
that	O
on	O
various	O
occasions	O
when	O
Teesta	B-GIVEN_NAME
Setalvad	B-FAMILY_NAME
and	O
Sanjiv	B-GIVEN_NAME
Bhatt	B-FAMILY_NAME
used	O
to	O
meet	O
at	O
the	O
latter	O
âs	O
residence	O
,	O
talks	O
used	O
to	O
be	O
concerning	O
the	O
collection	O
of	O
fund	O
in	O
the	O
name	O
of	O
riot	O
-	O
affected	O
persons	O
â	O
.	O

It	O
states	O
that	O
â	O
ocular	O
evidence	O
collected	O
by	O
the	O
investigating	O
officer	O
points	O
to	O
several	O
meetings	O
that	O
were	O
conducted	O
in	O
Delhi	B-LOCATION
with	O
political	O
leaders	O
after	O
riots	O
,	O
wherein	O
it	O
was	O
discussed	O
by	O
Setalvad	B-GIVEN_NAME
with	O
the	O
leaders	O
of	O
a	O
prominent	O
national	O
party	O
in	O
power	O
at	O
that	O
time	O
to	O
implicate	O
names	O
of	O
senior	O
leaders	O
of	O
the	O
BJP	B-ORGANIZATION
government	O
of	O
the	O
state	O
of	O
Gujarat	B-LOCATION
in	O
these	O
riot	O
cases	O
â	O
.	O

The	O
affidavit	O
links	O
â	O
these	O
revelations	O
â	O
to	O
â	O
an	O
incident	O
of	O
exhumation	O
of	O
human	O
skeletal	O
remains	O
from	O
Pandarvada	B-LOCATION
village	O
of	O
Mahisagar	B-LOCATION
district	O
that	O
had	O
happened	O
in	O
the	O
year	O
2006	B-DATE
â	O
.	O

â	O
The	O
said	O
witness	O
has	O
stated	O
that	O
he	O
,	O
(	O
Setalvad	B-GIVEN_NAME
)	O
and	O
R	B-GIVEN_NAME
B	B-FAMILY_NAME
Sreekumar	I-FAMILY_NAME
had	O
gone	O
to	O
the	O
place	O
along	O
with	O
various	O
media	O
personnel	O
.	O

During	O
this	O
visit	O
,	O
the	O
applicant	O
accused	O
(	O
Setalvad	B-GIVEN_NAME
)	O
had	O
remarked	O
that	O
the	O
BJP	B-ORGANIZATION
government	O
would	O
have	O
to	O
resign	O
in	O
three	B-DURATION
days	I-DURATION
,	O
â	O
it	O
states	O
.	O

The	O
affidavit	O
also	O
notes	O
that	O
a	O
riot	O
victim	O
,	O
Qutubuddin	B-GIVEN_NAME
Ansari	B-FAMILY_NAME
,	O
was	O
allegedly	O
approached	O
by	O
a	O
person	O
working	O
with	O
Setalvad	B-GIVEN_NAME
âs	O
NGO	O
Citizens	B-ORGANIZATION
for	I-ORGANIZATION
Justice	I-ORGANIZATION
and	I-ORGANIZATION
Peace	I-ORGANIZATION
â	O
and	O
that	O
Ansari	B-GIVEN_NAME
and	O
his	O
family	O
was	O
â	O
paraded	O
before	O
various	O
media	O
channels	O
on	O
several	O
occasions	O
â	O
.	O

It	O
states	O
that	O
Ansari	B-GIVEN_NAME
âs	O
photos	O
and	O
interviews	O
were	O
allegedly	O
used	O
by	O
Setalvad	B-GIVEN_NAME
â	O
not	O
only	O
to	O
collect	O
huge	O
funds	O
in	O
their	O
names	O
,	O
but	O
also	O
for	O
political	O
campaigning	O
to	O
malign	O
the	O
image	O
of	O
Gujarat	B-LOCATION
â	O
.	O

The	O
affidavit	O
also	O
cites	O
email	O
transactions	O
that	O
purportedly	O
reveal	O
that	O
â	O
top	O
Congress	B-ORGANIZATION
leaders	O
of	O
Gujarat	B-LOCATION
were	O
in	O
constant	O
touch	O
with	O
Sanjiv	B-GIVEN_NAME
Bhatt	B-FAMILY_NAME
during	O
the	O
period	O
of	O
consideration	O
â	O
.	O

It	O
claims	O
that	O
Bhatt	B-GIVEN_NAME
was	O
allegedly	O
â	O
holding	O
personal	O
meetings	O
with	O
senior	O
Congress	B-ORGANIZATION
leaders	O
as	O
well	O
â	O
.	O

The	O
affidavit	O
states	O
that	O
Setalvad	B-GIVEN_NAME
allegedly	O
â	O
was	O
tutoring	O
â	O
Sanjiv	B-GIVEN_NAME
Bhatt	B-FAMILY_NAME
before	O
his	O
deposition	O
before	O
the	O
Nanavati	B-ORGANIZATION|B-GIVEN_NAME
Commission	I-ORGANIZATION
(	O
probing	O
the	O
riots	O
)	O
with	O
â	O
mock	O
questions	O
and	O
answers	O
â	O
.	O

Meanwhile	O
,	O
an	O
Ahmedabad	B-LOCATION
sessions	O
court	O
on	O
Friday	B-DATE
adjourned	O
the	O
hearing	O
of	O
the	O
bail	O
applications	O
of	O
Setalvad	B-GIVEN_NAME
and	O
Sreekumar	B-GIVEN_NAME
in	O
the	O
Ahmedabad	B-LOCATION
FIR	O
to	O
July	B-DATE
18	I-DATE
.	O

