We	O
had	O
earlier	O
reported	O
about	O
Hina	B-GIVEN_NAME
Khan	B-FAMILY_NAME
,	O
Nia	B-GIVEN_NAME
Sharma	B-FAMILY_NAME
and	O
Paras	B-GIVEN_NAME
Kalnawat	B-FAMILY_NAME
being	O
approached	O
for	O
the	O
upcoming	O
10th	O
season	O
of	O
Jhalak	B-BRANDS
Dikhhla	B-MISC
Jaa	I-MISC
.	O

While	O
Nia	B-GIVEN_NAME
and	O
Paras	B-GIVEN_NAME
are	O
confirmed	O
,	O
talks	O
have	O
reached	O
an	O
advanced	O
stage	O
with	O
Hina	B-GIVEN_NAME
,	O
who	O
catapulted	O
to	O
fame	O
as	O
Akshara	B-GIVEN_NAME
in	O
Yeh	B-BRANDS
Rishta	B-MISC
Kya	I-MISC
Kehlata	I-MISC
Hai	I-MISC
.	O

We	O
are	O
now	O
back	O
with	O
more	O
updates	O
on	O
the	O
dance	O
reality	O
show	O
.	O

We	O
have	O
learnt	O
that	O
Dheeraj	B-GIVEN_NAME
Dhoopar	B-FAMILY_NAME
,	O
who	O
was	O
in	O
the	O
news	O
recently	O
for	O
quitting	O
Kundali	B-BRANDS
Bhagya	B-MISC
after	O
being	O
a	O
part	O
of	O
it	O
for	O
five	B-DURATION
years	I-DURATION
,	O
has	O
been	O
approached	O
for	O
the	O
reality	O
show	O
.	O

The	O
actor	O
will	O
be	O
seen	O
playing	O
the	O
male	O
lead	O
in	O
Saurabh	B-GIVEN_NAME
Tewari	B-FAMILY_NAME
âs	O
Sherdil	B-AFFILIATION
Shergill	I-AFFILIATION
.	O

Along	O
with	O
him	O
,	O
Niti	B-GIVEN_NAME
Taylor	B-FAMILY_NAME
,	O
too	O
,	O
is	O
all	O
set	O
to	O
participate	O
in	O
the	O
reality	O
show	O
,	O
too	O
.	O

There	O
were	O
also	O
rumours	O
of	O
Mohsin	B-GIVEN_NAME
Khan	B-FAMILY_NAME
being	O
a	O
part	O
of	O
Jhalak	B-BRANDS
Dikhhla	B-MISC
Jaa	I-MISC
.	O

However	O
,	O
the	O
actor	O
has	O
clarified	O
that	O
he	O
is	O
n't	O
participating	O
in	O
the	O
show	O
.	O

Informs	O
a	O
source	O
associated	O
with	O
Jhalak	B-BRANDS
Dikhhla	B-MISC
Jaa	I-MISC
,	O
â	O
We	O
are	O
in	O
discussion	O
with	O
Dheeraj	B-GIVEN_NAME
and	O
the	O
deal	O
is	O
likely	O
to	O
be	O
locked	O
soon	O
.	O

Mohsin	B-GIVEN_NAME
was	O
among	O
the	O
first	O
celebrities	O
to	O
be	O
approached	O
for	O
the	O
show	O
.	O

Niti	B-GIVEN_NAME
,	O
too	O
,	O
is	O
going	O
to	O
be	O
a	O
part	O
of	O
this	O
season	O
.	O
â	O

Dheeraj	B-GIVEN_NAME
,	O
Mohsin	B-GIVEN_NAME
and	O
Niti	B-GIVEN_NAME
remained	O
unavailable	O
for	O
comment	O
.	O

Mohsin	B-GIVEN_NAME
is	O
best	O
remembered	O
as	O
Kartik	B-GIVEN_NAME
Goenka	B-FAMILY_NAME
in	O
Yeh	B-BRANDS
Rishta	B-MISC
Kya	I-MISC
Kehlata	I-MISC
Hai	I-MISC
,	O
a	O
family	O
drama	O
he	O
was	O
associated	O
with	O
for	O
five	B-DURATION
years	I-DURATION
from	O
2016	B-DATE
to	O
2021	B-DATE
.	O

Niti	B-GIVEN_NAME
has	O
been	O
a	O
part	O
of	O
shows	O
like	O
Yeh	B-BRANDS
Hai	B-MISC
Aashiqui	I-MISC
,	O
Ghulaam	B-BRANDS
and	O
Ishqbaaaz	B-BRANDS
.	O

She	O
was	O
last	O
seen	O
as	O
a	O
guest	O
on	O
Khatra	B-BRANDS
Khatra	B-MISC
Khatra	I-MISC
.	O

The	O
10th	O
edition	O
will	O
be	O
judged	O
by	O
Madhuri	B-GIVEN_NAME
Dixit	B-FAMILY_NAME
-	I-FAMILY_NAME
Nene	I-FAMILY_NAME
,	O
Nora	B-GIVEN_NAME
Fatehi	B-FAMILY_NAME
and	O
Karan	B-GIVEN_NAME
Johar	B-FAMILY_NAME
.	O

The	O
show	O
is	O
expected	O
to	O
hit	O
the	O
tube	O
in	O
the	O
first	O
week	O
of	O
September	B-DATE
.	O

