LED	O
BY	O
IIT	B-ORGANIZATION
-	I-ORGANIZATION
Madras	I-ORGANIZATION
,	O
the	O
Indian	B-ORGANIZATION
Institutes	I-ORGANIZATION
of	I-ORGANIZATION
Technology	I-ORGANIZATION
continue	O
to	O
dominate	O
the	O
country	O
âs	O
higher	O
education	O
landscape	O
,	O
according	O
to	O
the	O
National	B-ORGANIZATION
Institutional	I-ORGANIZATION
Ranking	I-ORGANIZATION
Framework	I-ORGANIZATION
(	O
NIRF	B-ORGANIZATION
)	O
2022	B-DATE
released	O
Friday	B-DATE
.	O

Be	O
it	O
engineering	O
education	O
,	O
management	O
or	O
research	O
,	O
the	O
premier	O
institutes	O
figured	O
prominently	O
across	O
categories	O
in	O
the	O
rankings	O
released	O
by	O
Education	O
Minister	O
Dharmendra	B-GIVEN_NAME
Pradhan	B-FAMILY_NAME
in	O
the	O
presence	O
of	O
University	B-ORGANIZATION
Grants	I-ORGANIZATION
Commission	I-ORGANIZATION
(	O
UGC	B-ORGANIZATION
)	O
chairperson	O
Prof	O
M	B-GIVEN_NAME
Jagadesh	B-FAMILY_NAME
Kumar	I-FAMILY_NAME
and	O
AICTE	B-ORGANIZATION
chairman	O
Prof	O
Anil	B-GIVEN_NAME
Sahasrabuddhe	B-FAMILY_NAME
,	O
among	O
others	O
.	O

IIT	B-ORGANIZATION
-	I-ORGANIZATION
Madras	I-ORGANIZATION
topped	O
the	O
overall	O
category	O
for	O
the	O
fourth	O
consecutive	O
year	O
,	O
and	O
in	O
engineering	O
for	O
the	O
seventh	O
straight	O
year	O
.	O

Director	O
Prof	O
V	B-GIVEN_NAME
Kamakoti	B-FAMILY_NAME
told	O
The	B-ORGANIZATION
Indian	I-ORGANIZATION|B-AFFILIATION
Express	I-ORGANIZATION
that	O
gaining	O
the	O
Institute	B-BRANDS
of	B-MISC
Eminence	I-MISC
(	O
IoE	B-BRANDS
)	O
status	O
has	O
boosted	O
research	O
work	O
in	O
IIT	B-ORGANIZATION
-	I-ORGANIZATION
Madras	I-ORGANIZATION
,	O
helping	O
it	O
retain	O
pole	O
position	O
.	O

â	O
But	O
we	O
need	O
to	O
improve	O
our	O
student	O
faculty	O
ratio	O
.	O

We	O
are	O
aggressively	O
trying	O
to	O
get	O
good	O
faculty	O
.	O

This	O
is	O
important	O
because	O
more	O
faculty	O
implies	O
more	O
students	O
,	O
more	O
research	O
,	O
more	O
outreach	O
,	O
more	O
ideas	O
,	O
more	O
projects	O
.	O

We	O
will	O
try	O
to	O
push	O
it	O
faster	O
,	O
â	O
he	O
said	O
.	O

â	O
The	O
second	O
part	O
is	O
perception	O
,	O
which	O
is	O
a	O
very	O
subjective	O
matter	O
.	O

And	O
we	O
should	O
make	O
outreach	O
and	O
get	O
globally	O
recognised	O
like	O
world	O
reputed	O
institutes	O
.	O

In	O
a	O
way	O
,	O
NIRF	B-ORGANIZATION
is	O
also	O
helping	O
us	O
improve	O
the	O
perception	O
factor	O
,	O
â	O
Prof	O
Kamakoti	B-GIVEN_NAME
said	O
.	O

The	O
Indian	B-ORGANIZATION|B-AFFILIATION
Institute	I-ORGANIZATION
of	I-ORGANIZATION
Science	I-ORGANIZATION
(	O
IISc	B-ORGANIZATION
)	O
,	O
which	O
topped	O
the	O
latest	O
round	O
of	O
QS	B-BRANDS
rankings	O
among	O
Indian	B-AFFILIATION
institutes	O
,	O
was	O
placed	O
second	O
in	O
the	O
NIRF	B-ORGANIZATION
rankings	O
like	O
last	O
year	O
.	O

The	O
slots	O
from	O
third	O
to	O
seventh	O
have	O
been	O
secured	O
by	O
IIT	B-ORGANIZATION
-	I-ORGANIZATION
Bombay	I-ORGANIZATION|B-LOCATION
,	O
IIT	B-ORGANIZATION
-	I-ORGANIZATION
Delhi	I-ORGANIZATION|B-LOCATION
,	O
IIT	B-ORGANIZATION
-	I-ORGANIZATION
Kanpur	I-ORGANIZATION|B-LOCATION
,	O
IIT	B-ORGANIZATION
-	I-ORGANIZATION
Kharagpur	I-ORGANIZATION|B-LOCATION
,	O
IIT	B-ORGANIZATION
-	I-ORGANIZATION
Roorkee	I-ORGANIZATION|B-LOCATION
and	O
IIT	B-ORGANIZATION
-	I-ORGANIZATION
Guwahati	I-ORGANIZATION|B-LOCATION
,	O
in	O
a	O
repeat	O
of	O
2021	B-DATE
,	O
followed	O
by	O
AIIMS	B-ORGANIZATION
and	O
Jawaharlal	B-ORGANIZATION|B-GIVEN_NAME
Nehru	I-ORGANIZATION|B-FAMILY_NAME
University	I-ORGANIZATION
(	O
JNU	B-ORGANIZATION
)	O
.	O

Apart	O
from	O
the	O
dominance	O
of	O
older	O
institutes	O
,	O
the	O
performance	O
of	O
newer	O
IITs	B-ORGANIZATION
stands	O
out	O
in	O
the	O
latest	O
round	O
of	O
the	O
rankings	O
,	O
which	O
has	O
entered	O
its	O
seventh	O
year	O
.	O

IIT	B-ORGANIZATION
-	I-ORGANIZATION
Jodhpur	I-ORGANIZATION|B-LOCATION
improved	O
its	O
rankings	O
from	O
43	O
to	O
30	O
,	O
IIT	B-ORGANIZATION
-	I-ORGANIZATION
Mandi	I-ORGANIZATION|B-LOCATION
rose	O
to	O
20	O
from	O
41	O
,	O
while	O
the	O
Palakkad	B-LOCATION
and	O
Tirupati	B-LOCATION
campuses	O
broke	O
into	O
the	O
top	O
100	O
category	O
(	O
overall	O
)	O
,	O
managing	O
68th	O
and	O
56th	O
spots	O
.	O

The	O
top	O
-	O
ranked	O
private	O
institutions	O
are	O
Amrita	B-ORGANIZATION|B-GIVEN_NAME
Vishwa	I-ORGANIZATION
Vidyapeetham	I-ORGANIZATION
(	O
16	O
)	O
,	O
Manipal	B-ORGANIZATION|B-LOCATION
Academy	I-ORGANIZATION
of	I-ORGANIZATION
Higher	I-ORGANIZATION
Education	I-ORGANIZATION
(	O
17	O
)	O
,	O
Vellore	B-ORGANIZATION|B-LOCATION
Institute	I-ORGANIZATION
of	I-ORGANIZATION
Technology	I-ORGANIZATION
(	O
18	O
)	O
,	O
Birla	B-ORGANIZATION
Institute	I-ORGANIZATION
of	I-ORGANIZATION
Technology	I-ORGANIZATION
&	I-ORGANIZATION
Science	I-ORGANIZATION
-	I-ORGANIZATION
Pilani	I-ORGANIZATION|B-LOCATION
(	O
32	O
)	O
,	O
Kalinga	B-ORGANIZATION|B-LOCATION
Institute	I-ORGANIZATION
of	I-ORGANIZATION
Industrial	I-ORGANIZATION
Technology	I-ORGANIZATION
(	O
34	O
)	O
,	O
S.	B-ORGANIZATION
R.	I-ORGANIZATION
M.	I-ORGANIZATION
Institute	I-ORGANIZATION
of	I-ORGANIZATION
Science	I-ORGANIZATION
and	I-ORGANIZATION
Technology	I-ORGANIZATION
(	O
36	O
)	O
,	O
Amity	B-ORGANIZATION
University	I-ORGANIZATION
(	O
42	O
)	O
.	O

IISc	B-ORGANIZATION
,	O
meanwhile	O
,	O
topped	O
the	O
universities	O
category	O
for	O
the	O
seventh	O
consecutive	O
year	O
and	O
stood	O
first	O
in	O
the	O
research	O
institutions	O
category	O
for	O
the	O
second	O
consecutive	O
year	O
.	O

AIIMs	B-ORGANIZATION
occupied	O
the	O
top	O
slot	O
in	O
the	O
medical	O
education	O
category	O
for	O
the	O
fifth	O
straight	O
year	O
,	O
while	O
IIM	B-ORGANIZATION
-	I-ORGANIZATION
Ahmedabad	I-ORGANIZATION|B-LOCATION
remained	O
the	O
best	O
institute	O
in	O
the	O
management	O
segment	O
.	O

The	O
National	B-ORGANIZATION
Law	I-ORGANIZATION
School	I-ORGANIZATION
of	I-ORGANIZATION
India	I-ORGANIZATION|B-LOCATION
University	I-ORGANIZATION
,	O
Bengaluru	B-LOCATION
,	O
retained	O
the	O
first	O
position	O
in	O
law	O
.	O

The	O
list	O
for	O
colleges	O
show	O
five	O
from	O
Delhi	B-LOCATION
among	O
the	O
top	O
10	O
:	O
Miranda	B-ORGANIZATION
House	I-ORGANIZATION
(	O
1	O
)	O
,	O
Hindu	B-ORGANIZATION|B-AFFILIATION
College	I-ORGANIZATION
(	O
2	O
)	O
,	O
LSR	B-ORGANIZATION
(	O
5	O
)	O
,	O
Atma	B-ORGANIZATION
Ram	I-ORGANIZATION
Sanatan	I-ORGANIZATION
Dharma	I-ORGANIZATION
College	I-ORGANIZATION
(	O
7	O
)	O
,	O
Kirori	B-ORGANIZATION
Mal	I-ORGANIZATION
College	I-ORGANIZATION
(	O
10	O
)	O
.	O

Three	O
colleges	O
from	O
Tamil	B-LOCATION
Nadu	I-LOCATION
â	O
Presidency	B-ORGANIZATION
College	I-ORGANIZATION
(	O
3	O
)	O
,	O
Loyola	B-ORGANIZATION
College	I-ORGANIZATION
(	O
4	O
)	O
and	O
PSGR	B-ORGANIZATION
Krishnammal	I-ORGANIZATION
College	I-ORGANIZATION
for	I-ORGANIZATION
Women	I-ORGANIZATION
(	O
6	O
)	O
â	O
also	O
featured	O
in	O
the	O
10	O
.	O

The	O
other	O
two	O
slots	O
were	O
taken	O
by	O
St	B-ORGANIZATION
.	I-ORGANIZATION
Xavier	I-ORGANIZATION|B-GIVEN_NAME
âs	I-ORGANIZATION
College	I-ORGANIZATION
(	O
8	O
)	O
and	O
Ramakrishna	B-ORGANIZATION|B-GIVEN_NAME
Mission	I-ORGANIZATION
Vidyamandira	I-ORGANIZATION
(	O
9	O
)	O
,	O
both	O
based	O
in	O
West	B-LOCATION
Bengal	I-LOCATION
.	O

The	O
parameters	O
factored	O
in	O
while	O
preparing	O
NIRF	B-ORGANIZATION
are	O
teaching	O
,	O
learning	O
and	O
resources	O
(	O
30	O
%	O
)	O
,	O
research	O
and	O
professional	O
practice	O
(	O
30	O
%	O
)	O
,	O
graduation	O
outcomes	O
(	O
20	O
%	O
)	O
,	O
outreach	O
and	O
inclusivity	O
(	O
10	O
%	O
)	O
,	O
and	O
perception	O
10	O
%	O
.	O

The	O
top	O
100	O
names	O
include	O
40	O
centrally	O
-	O
funded	O
technical	O
institutes	O
and	O
universities	O
,	O
26	O
state	O
universities	O
,	O
24	O
deemed	O
universities	O
and	O
six	O
private	O
universities	O
.	O

â	O
Unlike	O
global	O
rankings	O
that	O
gives	O
disproportionate	O
weightage	O
to	O
perception	O
and	O
internationalization	O
(	O
in	O
terms	O
of	O
international	O
students	O
and	O
international	O
faculty	O
)	O
,	O
NIRF	B-ORGANIZATION
relies	O
on	O
ranking	O
based	O
on	O
data	O
,	O
which	O
is	O
more	O
objective	O
,	O
especially	O
in	O
a	O
large	O
higher	O
education	O
system	O
like	O
India	B-LOCATION
,	O
where	O
perception	O
data	O
alone	O
can	O
be	O
misleading	O
and	O
amenable	O
to	O
manipulation	O
,	O
â	O
stated	O
the	O
report	O
.	O

A	O
total	O
of	O
4,786	O
unique	O
institutions	O
submitted	O
7,254	O
applications	O
for	O
rankings	O
under	O
overall	O
or	O
domain	O
-	O
specific	O
categories	O
.	O

Pradhan	B-GIVEN_NAME
said	O
that	O
going	O
ahead	O
,	O
accreditation	O
and	O
assessment	O
shall	O
be	O
mandatory	O
for	O
higher	O
education	O
institutions	O
.	O

â	O
Only	O
those	O
Universities	O
/	O
Colleges	O
which	O
have	O
NAAC	B-ORGANIZATION
grading	O
or	O
NIRF	B-ORGANIZATION
ranking	O
will	O
be	O
eligible	O
for	O
inclusion	O
in	O
the	O
list	O
maintained	O
by	O
the	O
UGC	B-ORGANIZATION
under	O
Section	O
12	O
B	O
of	O
the	O
UGC	B-BRANDS
Act	B-MISC
,	I-MISC
1956	B-DATE
for	O
receiving	O
financial	O
assistance	O
,	O
â	O
he	O
said	O
,	O
adding	O
that	O
from	O
next	O
year	O
NIRF	B-ORGANIZATION
ranking	O
categories	O
will	O
also	O
include	O
â	O
innovation	O
and	O
entrepreneurship	O
â	O
.	O

â	O
Soon	O
,	O
there	O
will	O
be	O
a	O
system	O
where	O
each	O
school	O
is	O
also	O
accredited	O
.	O

We	O
will	O
take	O
state	O
governments	O
on	O
board	O
.	O

Parents	O
will	O
know	O
the	O
standing	O
of	O
the	O
school	O
where	O
the	O
child	O
is	O
being	O
admitted	O
,	O
â	O
he	O
said	O
.	O

