With	O
Syria	B-LOCATION
still	O
embroiled	O
in	O
its	O
own	O
war	O
,	O
Israel	B-LOCATION
has	O
been	O
actively	O
rewriting	O
the	O
rule	O
book	O
regarding	O
its	O
conduct	O
in	O
this	O
Arab	B-AFFILIATION
country	O
.	O

Gone	O
are	O
the	O
days	O
of	O
a	O
potential	O
return	O
of	O
the	O
illegally	O
occupied	O
Golan	B-LOCATION
Heights	I-LOCATION
to	O
Syrian	B-AFFILIATION
sovereignty	O
in	O
exchange	O
for	O
peace	O
,	O
per	O
the	O
language	O
of	O
yesteryears	O
.	O

Now	O
,	O
Israel	B-LOCATION
is	O
set	O
to	O
double	O
its	O
illegal	O
Jewish	B-AFFILIATION
settler	O
population	O
in	O
the	O
Golan	B-LOCATION
,	O
while	O
Israeli	B-AFFILIATION
bombs	O
continue	O
to	O
drop	O
with	O
a	O
much	O
higher	O
frequency	O
on	O
various	O
Syrian	B-AFFILIATION
targets	O
.	O

Indeed	O
,	O
a	O
one	O
-	O
sided	O
war	O
is	O
underway	O
,	O
casually	O
reported	O
as	O
if	O
a	O
routine	O
,	O
everyday	O
event	O
.	O

In	O
the	O
last	O
decade	O
,	O
many	O
â	O
mysterious	O
â	O
attacks	O
on	O
Syria	B-LOCATION
were	O
attributed	O
to	O
Israel	B-LOCATION
.	O

The	O
latter	O
neither	O
confirmed	O
nor	O
denied	O
.	O

With	O
the	O
blanket	O
support	O
given	O
to	O
Israel	B-LOCATION
by	O
the	O
Donald	B-GIVEN_NAME
Trump	B-FAMILY_NAME
administration	O
,	O
which	O
recognized	O
Israel	B-LOCATION
âs	O
illegal	O
annexation	O
of	O
the	O
Syrian	B-AFFILIATION
Golan	B-LOCATION
Heights	I-LOCATION
of	O
1981	B-DATE
,	O
Israeli	B-AFFILIATION
reluctance	O
to	O
take	O
credit	O
for	O
the	O
frequent	O
and	O
increasingly	O
destructive	O
and	O
bloody	O
air	O
raids	O
has	O
dissipated	O
.	O

Briefly	O
,	O
some	O
in	O
the	O
Israeli	B-AFFILIATION
government	O
were	O
concerned	O
by	O
the	O
possible	O
repercussions	O
of	O
the	O
advent	O
of	O
Joe	B-GIVEN_NAME
Biden	B-FAMILY_NAME
to	O
the	O
White	B-LOCATION|B-ORGANIZATION|B-ORGANIZATION|B-ORGANIZATION
House	I-LOCATION|I-ORGANIZATION|I-ORGANIZATION|I-ORGANIZATION
in	O
January	B-DATE
2021	I-DATE
.	O

They	O
worried	O
that	O
the	O
new	O
president	O
might	O
reverse	O
some	O
of	O
the	O
pro	O
-	O
Israel	B-LOCATION
decisions	O
enacted	O
by	O
his	O
predecessor	O
,	O
including	O
the	O
recognition	O
of	O
the	O
â	O
Sovereignty	O
over	O
the	O
Golan	B-LOCATION
Heights	I-LOCATION
,	O
â	O
due	O
to	O
the	O
â	O
strategic	O
and	O
security	O
importance	O
to	O
the	O
State	O
of	O
Israel	B-LOCATION
â	O
.	O

Biden	B-GIVEN_NAME
,	O
a	O
long	O
-	O
time	O
supporter	O
of	O
Israel	B-LOCATION
himself	O
,	O
did	O
no	O
such	O
thing	O
.	O

The	O
initial	O
concern	O
about	O
a	O
shift	O
in	O
US	B-LOCATION
policy	O
turned	O
into	O
euphoria	O
and	O
,	O
eventually	O
,	O
an	O
opportunity	O
,	O
especially	O
as	O
Israel	B-LOCATION
âs	O
new	O
Prime	O
Minister	O
,	O
Naftali	B-GIVEN_NAME
Bennett	B-FAMILY_NAME
,	O
is	O
eager	O
to	O
break	O
the	O
Right	O
âs	O
historic	O
dominance	O
over	O
the	O
Jewish	B-AFFILIATION
settlement	O
movement	O
in	O
occupied	O
Palestinian	B-AFFILIATION
and	O
Arab	B-AFFILIATION
lands	O
.	O

â	O
This	O
is	O
our	O
moment	O
.	O

This	O
is	O
the	O
moment	O
of	O
the	O
Golan	B-LOCATION
Heights	I-LOCATION
,	O
â	O
Bennett	B-GIVEN_NAME
declared	O
triumphantly	O
at	O
an	O
Israeli	B-AFFILIATION
government	O
cabinet	O
meeting	O
held	O
specially	O
to	O
officiate	O
plans	O
regarding	O
the	O
further	O
colonization	O
of	O
the	O
Golan	B-LOCATION
on	O
December	B-DATE
26	I-DATE
.	O

The	O
following	O
statement	O
by	O
Bennett	B-GIVEN_NAME
speaks	O
volumes	O
about	O
the	O
context	O
of	O
the	O
Israeli	B-AFFILIATION
decision	O
,	O
and	O
its	O
future	O
intentions	O
:	O
â	O
After	O
long	O
and	O
static	O
years	O
in	O
terms	O
of	O
the	O
scope	O
of	O
settlement	O
,	O
our	O
goal	O
today	O
is	O
to	O
double	O
settlement	O
in	O
the	O
Golan	B-LOCATION
Heights	I-LOCATION
.	O
â	O

The	O
reference	O
to	O
â	O
static	O
years	O
â	O
is	O
an	O
outright	O
rejection	O
of	O
the	O
occasional	O
freezing	O
of	O
settlement	O
construction	O
that	O
mostly	O
took	O
place	O
during	O
the	O
so	O
-	O
called	O
â	O
peace	O
process	O
.	O
â	O

Bennett	B-GIVEN_NAME
-	O
who	O
,	O
in	O
June	B-DATE
2021	I-DATE
,	O
was	O
embraced	O
by	O
Washington	B-LOCATION
and	O
its	O
western	O
allies	O
as	O
the	O
political	O
antithesis	O
to	O
the	O
obstinate	O
Benjamin	B-GIVEN_NAME
Netanyahu	B-FAMILY_NAME
-	O
has	O
effectively	O
ended	O
any	O
possibility	O
of	O
a	O
peaceful	O
resolution	O
to	O
Israel	B-LOCATION
âs	O
illegal	O
occupation	O
of	O
the	O
Golan	B-LOCATION
.	O

Aside	O
from	O
predictable	O
and	O
clichÃ©d	O
responses	O
by	O
Syria	B-LOCATION
and	O
the	O
Arab	B-ORGANIZATION|B-AFFILIATION
League	I-ORGANIZATION
,	O
Israel	B-LOCATION
âs	O
massive	O
push	O
to	O
double	O
its	O
settlement	O
activities	O
in	O
the	O
Golan	B-LOCATION
is	O
going	O
largely	O
unnoticed	O
.	O

Not	O
only	O
Israel	B-LOCATION
âs	O
right	O
-	O
wing	O
media	O
,	O
but	O
the	O
likes	O
of	O
Haaretz	B-ORGANIZATION
are	O
also	O
welcoming	O
the	O
government	O
âs	O
investment	O
-	O
estimated	O
at	O
nearly	O
$	B-MONEY
320	I-MONEY
million	I-MONEY
.	O

The	O
title	O
of	O
David	B-GIVEN_NAME
Rosenberg	B-FAMILY_NAME
âs	O
article	O
in	O
Haaretz	B-ORGANIZATION
tells	O
the	O
whole	O
story	O
:	O
â	O
Picturesque	B-BRANDS
but	B-MISC
Poor	I-MISC
,	I-MISC
Israel	I-MISC|B-LOCATION
's	I-MISC
Golan	I-MISC|B-LOCATION
Needs	I-MISC
a	I-MISC
Government	I-MISC
Boost	I-MISC
to	I-MISC
Thrive	I-MISC
.	O
â	O

The	O
article	O
decries	O
government	O
â	O
neglect	O
â	O
of	O
the	O
Golan	B-LOCATION
,	O
speaks	O
of	O
employment	O
opportunities	O
and	O
merely	O
challenges	O
Bennett	B-GIVEN_NAME
âs	O
government	O
on	O
whether	O
it	O
will	O
â	O
stay	O
the	O
course	O
â	O
.	O

The	O
fact	O
that	O
the	O
occupation	O
of	O
the	O
Golan	B-LOCATION
,	O
like	O
that	O
of	O
Jerusalem	B-LOCATION
,	O
the	O
West	B-LOCATION
Bank	I-LOCATION
and	O
Gaza	B-LOCATION
,	O
is	O
illegal	O
under	O
international	O
law	O
is	O
absent	O
from	O
Israeli	B-AFFILIATION
media	O
coverage	O
.	O

Namely	O
,	O
Israel	B-LOCATION
âs	O
main	O
focus	O
currently	O
is	O
to	O
normalize	O
its	O
occupation	O
of	O
Arab	B-AFFILIATION
land	O
entirely	O
.	O

But	O
if	O
that	O
mission	O
has	O
failed	O
over	O
the	O
course	O
of	O
54	B-DURATION
years	I-DURATION
,	O
can	O
it	O
succeed	O
now	O
?	O

For	O
Israel	B-LOCATION
,	O
the	O
illegal	O
settlement	O
enterprise	O
,	O
whether	O
in	O
the	O
Syrian	B-AFFILIATION
Golan	B-LOCATION
or	O
in	O
occupied	O
Palestine	B-LOCATION
,	O
is	O
synonymous	O
.	O

It	O
is	O
inspired	O
by	O
deep	O
-	O
rooted	O
ideological	O
and	O
religious	O
beliefs	O
,	O
compelled	O
by	O
economic	O
opportunities	O
and	O
political	O
interests	O
and	O
assuaged	O
by	O
the	O
lack	O
of	O
any	O
meaningful	O
international	O
response	O
.	O

In	O
the	O
case	O
of	O
the	O
Golan	B-LOCATION
,	O
Israel	B-LOCATION
âs	O
intention	O
was	O
,	O
from	O
the	O
onset	O
,	O
to	O
expand	O
on	O
its	O
agricultural	O
space	O
,	O
as	O
the	O
capture	O
of	O
the	O
fertile	O
Syrian	B-AFFILIATION
territory	O
almost	O
immediately	O
attracted	O
settlers	O
,	O
who	O
set	O
the	O
stage	O
for	O
massive	O
agricultural	O
settlements	O
.	O

Although	O
the	O
home	O
of	O
merely	O
25,000	O
Jewish	B-AFFILIATION
settlers	O
,	O
the	O
Golan	B-LOCATION
became	O
a	O
major	O
source	O
of	O
Israeli	B-AFFILIATION
apples	O
,	O
pears	O
and	O
wine	O
grape	O
production	O
.	O

Local	O
tourism	O
in	O
the	O
scenic	O
Golan	B-LOCATION
,	O
dotted	O
with	O
numerous	O
wineries	O
,	O
thrived	O
,	O
especially	O
following	O
the	O
Israeli	B-AFFILIATION
annexation	O
of	O
the	O
territory	O
in	O
1981	B-DATE
.	O

The	O
plight	O
of	O
the	O
steadfast	O
Golan	B-AFFILIATION
Arab	I-AFFILIATION
Druze	I-AFFILIATION
population	O
of	O
nearly	O
23,000	O
is	O
as	O
irrelevant	O
in	O
the	O
eyes	O
of	O
Israel	B-LOCATION
as	O
that	O
of	O
the	O
millions	O
of	O
occupied	O
Palestinians	B-AFFILIATION
,	O
whether	O
under	O
siege	O
in	O
Gaza	B-LOCATION
or	O
living	O
under	O
a	O
perpetual	O
occupation	O
or	O
apartheid	O
in	O
the	O
West	B-LOCATION
Bank	I-LOCATION
and	O
East	B-LOCATION
Jerusalem	I-LOCATION
.	O

The	O
Golan	B-AFFILIATION
population	O
is	O
equally	O
isolated	O
and	O
oppressed	O
but	O
,	O
like	O
the	O
Palestinians	B-AFFILIATION
,	O
continues	O
to	O
resist	O
despite	O
the	O
heavy	O
price	O
of	O
their	O
resistance	O
.	O

Their	O
hardship	O
,	O
however	O
,	O
is	O
likely	O
to	O
increase	O
with	O
the	O
expected	O
doubling	O
of	O
the	O
Jewish	B-AFFILIATION
settler	O
population	O
.	O

Israel	B-LOCATION
is	O
,	O
of	O
course	O
,	O
aware	O
that	O
popular	O
uprisings	O
will	O
eventually	O
be	O
mounted	O
in	O
response	O
to	O
its	O
latest	O
colonial	O
endeavors	O
,	O
but	O
various	O
factors	O
must	O
be	O
giving	O
Bennett	B-GIVEN_NAME
the	O
confidence	O
to	O
continue	O
with	O
his	O
plans	O
.	O

A	O
major	O
source	O
of	O
reassurance	O
is	O
that	O
it	O
could	O
take	O
Syria	B-LOCATION
years	O
to	O
achieve	O
any	O
degree	O
of	O
political	O
stabilization	O
before	O
mounting	O
any	O
source	O
of	O
challenge	O
to	O
the	O
Israeli	B-AFFILIATION
occupation	O
.	O

Another	O
is	O
that	O
the	O
Palestinian	B-AFFILIATION
leadership	O
is	O
in	O
no	O
mood	O
for	O
confrontation	O
,	O
especially	O
that	O
it	O
is	O
,	O
once	O
again	O
,	O
on	O
good	O
terms	O
with	O
Washington	B-LOCATION
,	O
which	O
has	O
resumed	O
its	O
funding	O
of	O
the	O
PA	O
soon	O
after	O
Biden	B-GIVEN_NAME
âs	O
inauguration	O
.	O

Moreover	O
,	O
in	O
Israel	B-LOCATION
,	O
the	O
anti	O
-	O
settlement	O
movement	O
has	O
long	O
subsided	O
,	O
crystallized	O
mostly	O
into	O
smaller	O
political	O
parties	O
that	O
are	O
hardly	O
critical	O
in	O
the	O
formation	O
or	O
toppling	O
of	O
government	O
coalitions	O
.	O

More	O
importantly	O
,	O
Washington	B-LOCATION
has	O
no	O
interest	O
to	O
initiate	O
any	O
kind	O
of	O
diplomatic	O
efforts	O
to	O
lay	O
the	O
ground	O
for	O
future	O
talks	O
involving	O
Israel	B-LOCATION
,	O
the	O
Palestinians	B-AFFILIATION
and	O
certainly	O
not	O
Syria	B-LOCATION
.	O
Any	O
such	O
attempt	O
now	O
,	O
or	O
even	O
in	O
coming	O
years	O
would	O
represent	O
a	O
political	O
gamble	O
for	O
Biden	B-GIVEN_NAME
âs	O
embattled	O
administration	O
.	O

Israel	B-LOCATION
understands	O
this	O
absolutely	O
and	O
plans	O
to	O
take	O
advantage	O
of	O
this	O
opportunity	O
,	O
arguably	O
unprecedented	O
since	O
the	O
Madrid	B-LOCATION
talks	O
over	O
thirty	B-DURATION
years	I-DURATION
ago	O
.	O
Yet	O
,	O
while	O
Bennett	B-GIVEN_NAME
is	O
urging	O
Israelis	B-AFFILIATION
in	O
their	O
quest	O
for	O
settlement	O
expansion	O
with	O
such	O
battle	O
cries	O
as	O
â	O
this	O
is	O
our	O
moment	O
â	O
,	O
he	O
must	O
not	O
underestimate	O
that	O
the	O
occupied	O
Palestinians	B-AFFILIATION
and	O
Syrians	B-AFFILIATION
are	O
also	O
aware	O
that	O
their	O
â	O
moment	O
â	O
,	O
too	O
,	O
is	O
drawing	O
near	O
.	O
In	O
fact	O
,	O
all	O
popular	O
Palestinian	B-AFFILIATION
uprisings	O
of	O
the	O
past	O
were	O
initiated	O
at	O
times	O
when	O
Israel	B-LOCATION
assumed	O
that	O
it	O
had	O
the	O
upper	O
hand	O
,	O
and	O
that	O
people	O
âs	O
resistance	O
has	O
been	O
forever	O
pacified	O
.	O

