Following	O
orders	O
from	O
Chief	O
Minister	O
Basavaraj	B-GIVEN_NAME
Bommai	B-FAMILY_NAME
,	O
the	O
BBMP	B-ORGANIZATION
along	O
with	O
the	O
Bangalore	B-ORGANIZATION|B-LOCATION
Traffic	I-ORGANIZATION
Police	I-ORGANIZATION
has	O
taken	O
several	O
short	O
-	O
term	O
measures	O
to	O
improve	O
traffic	O
movement	O
in	O
all	O
major	O
junctions	O
.	O

A	O
preliminary	O
report	O
has	O
found	O
an	O
improvement	O
in	O
traffic	O
speed	O
anywhere	O
between	O
15	O
%	O
and	O
40	O
%	O
during	O
the	O
peak	O
and	O
non	O
-	O
peak	O
hours	O
.	O

A	O
third	O
party	O
has	O
also	O
been	O
hired	O
to	O
study	O
improvements	O
before	O
and	O
after	O
the	O
implementation	O
of	O
measures	O
.	O
Some	O
of	O
the	O
junctions	O
where	O
the	O
new	O
steps	O
were	O
implemented	O
are	O
Hebbal	B-LOCATION
,	O
KR	B-LOCATION
Puram	I-LOCATION
,	O
Goraguntepalya	B-LOCATION
,	O
Sarakki	B-LOCATION
and	O
Silk	B-LOCATION
Board	I-LOCATION
.	O

Speaking	O
to	O
reporters	O
,	O
BBMP	B-ORGANIZATION
Chief	O
Commissioner	O
Tushar	B-GIVEN_NAME
Girinath	B-FAMILY_NAME
said	O
the	O
traffic	O
police	O
have	O
identified	O
as	O
many	O
as	O
3,750	O
potholes	O
.	O
â	O
We	O
have	O
attended	O
to	O
most	O
of	O
them	O
.	O
There	O
are	O
around	O
750	O
potholes	O
that	O
have	O
to	O
still	O
be	O
fixed	O
,	O
â	O
he	O
said	O
.	O

Girinath	B-GIVEN_NAME
also	O
said	O
the	O
civic	O
body	O
has	O
fixed	O
42	O
of	O
the	O
50	O
waterlogging	O
spots	O
in	O
the	O
city	O
.	O
â	O
We	O
are	O
currently	O
in	O
the	O
process	O
of	O
fixing	O
the	O
remaining	O
eight	O
areas	O
,	O
â	O
he	O
said	O
.	O

