Monkeypox	B-BRANDS
is	O
a	O
viral	O
zoonosis	O
(	O
virus	O
transmitted	O
to	O
humans	O
from	O
animals	O
)	O
with	O
symptoms	O
similar	O
to	O
those	O
seen	O
in	O
the	O
past	O
in	O
smallpox	O
patients	O
.	O

However	O
,	O
according	O
to	O
the	O
World	B-ORGANIZATION
Health	I-ORGANIZATION
Organization	I-ORGANIZATION
(	O
WHO	B-ORGANIZATION
)	O
,	O
it	O
is	O
clinically	O
less	O
severe	O
than	O
smallpox	O
.	O

With	O
four	O
cases	O
of	O
monkeypox	B-BRANDS
confirmed	O
across	O
the	O
country	O
-	O
-	O
one	O
of	O
them	O
in	O
the	O
national	O
capital	O
and	O
three	O
in	O
Kerala	B-LOCATION
-	O
-	O
health	O
experts	O
have	O
urged	O
people	O
not	O
to	O
panic	O
and	O
reiterated	O
that	O
the	O
infection	O
is	O
not	O
as	O
transmissible	O
as	O
Covid	B-BRANDS
-	B-MISC
19	I-MISC
and	O
is	O
unlikely	O
to	O
become	O
a	O
pandemic	O
.	O

However	O
,	O
they	O
also	O
stressed	O
that	O
preventive	O
measures	O
such	O
as	O
masking	O
,	O
social	O
distancing	O
and	O
immediately	O
reporting	O
any	O
sign	O
or	O
symptom	O
would	O
help	O
control	O
its	O
spread	O
.	O

Dr	O
Suranjit	B-GIVEN_NAME
Chatterjee	B-FAMILY_NAME
,	O
senior	O
consultant	O
(	O
internal	O
medicine	O
)	O
,	O
Indraprastha	B-LOCATION
Apollo	I-LOCATION
Hospital	I-LOCATION
,	O
said	O
monkeypox	B-BRANDS
is	O
known	O
to	O
spread	O
primarily	O
through	O
close	O
or	O
intimate	O
contact	O
with	O
the	O
infected	O
person	O
.	O

While	O
there	O
are	O
cases	O
of	O
asymptomatic	O
monkeypox	B-BRANDS
,	O
the	O
occurrence	O
is	O
rare	O
,	O
he	O
said	O
.	O

â	O
Look	O
out	O
for	O
symptoms	O
,	O
because	O
asymptomatic	O
cases	O
are	O
not	O
very	O
common	O
.	O

The	O
mode	O
of	O
transmission	O
is	O
contact	O
with	O
bodily	O
fluids	O
of	O
the	O
infected	O
patient	O
;	O
even	O
their	O
clothes	O
or	O
bed	O
linen	O
,	O
respiratory	O
droplets	O
,	O
and	O
from	O
animals	O
to	O
humans	O
,	O
â	O
Dr	O
Chatterjee	B-GIVEN_NAME
.	O

He	O
also	O
said	O
death	O
from	O
monkeypox	B-BRANDS
infection	O
is	O
not	O
very	O
common	O
but	O
children	O
and	O
immune	O
-	O
compromised	O
people	O
are	O
more	O
vulnerable	O
to	O
complications	O
.	O

Monkeypox	B-BRANDS
is	O
a	O
viral	O
zoonosis	O
(	O
virus	O
transmitted	O
to	O
humans	O
from	O
animals	O
)	O
with	O
symptoms	O
similar	O
to	O
those	O
seen	O
in	O
the	O
past	O
in	O
smallpox	B-BRANDS
patients	O
.	O

However	O
,	O
according	O
to	O
the	O
World	B-ORGANIZATION
Health	I-ORGANIZATION
Organization	I-ORGANIZATION
(	O
WHO	B-ORGANIZATION
)	O
,	O
it	O
is	O
clinically	O
less	O
severe	O
than	O
smallpox	B-BRANDS
.	O

The	O
global	O
health	O
body	O
on	O
Saturday	B-DATE
declared	O
monkeypox	B-BRANDS
a	O
â	O
public	O
health	O
emergency	O
of	O
international	O
concern	O
â	O
.	O

Currently	O
,	O
there	O
have	O
been	O
over	O
16,000	O
cases	O
reported	O
from	O
75	O
countries	O
.	O

India	B-LOCATION
has	O
four	O
officially	O
confirmed	O
cases	O
â	O
three	O
in	O
Kerala	B-LOCATION
and	O
one	O
in	O
Delhi	B-LOCATION
.	O

Dr	O
Amita	B-GIVEN_NAME
Gupta	B-FAMILY_NAME
,	O
chief	O
,	O
Division	B-ORGANIZATION
of	I-ORGANIZATION
Infectious	I-ORGANIZATION
Diseases	I-ORGANIZATION
at	O
Johns	B-ORGANIZATION
Hopkins	I-ORGANIZATION
School	I-ORGANIZATION
of	I-ORGANIZATION
Medicine	I-ORGANIZATION
,	O
said	O
the	O
latest	O
epidemiological	O
data	O
shows	O
that	O
the	O
vast	O
majority	O
of	O
infections	O
to	O
date	O
have	O
occurred	O
among	O
men	O
who	O
have	O
sex	O
with	O
men	O
,	O
which	O
includes	O
gay	O
and	O
bisexual	O
persons	O
.	O

However	O
,	O
transmission	O
is	O
likely	O
to	O
cover	O
other	O
vulnerable	O
groups	O
as	O
well	O
.	O

â	O
The	O
epidemiological	O
data	O
collected	O
till	O
date	O
shows	O
that	O
the	O
vast	O
majority	O
of	O
infections	O
have	O
occurred	O
among	O
men	O
who	O
have	O
sex	O
with	O
men	O
.	O

Many	O
of	O
them	O
are	O
in	O
their	O
30s	O
and	O
have	O
reported	O
recent	O
sexual	O
contact	O
.	O

Very	O
few	O
cases	O
to	O
date	O
have	O
been	O
reported	O
in	O
children	O
,	O
and	O
pregnant	O
women	O
but	O
ongoing	O
surveillance	O
is	O
needed	O
as	O
the	O
transmission	O
is	O
likely	O
to	O
continue	O
and	O
may	O
reach	O
these	O
populations	O
as	O
well	O
,	O
â	O
Dr	O
Gupta	B-GIVEN_NAME
said	O
.	O

Health	O
experts	O
and	O
activists	O
are	O
concerned	O
that	O
while	O
global	O
data	O
does	O
indicate	O
such	O
trends	O
,	O
in	O
India	B-LOCATION
,	O
if	O
cases	O
and	O
history	O
of	O
patients	O
are	O
not	O
handled	O
sensitively	O
,	O
it	O
can	O
also	O
lead	O
to	O
the	O
stigmatising	O
of	O
certain	O
segments	O
.	O

WHO	B-ORGANIZATION
on	O
Monday	B-DATE
said	O
while	O
cases	O
have	O
so	O
far	O
been	O
concentrated	O
primarily	O
within	O
the	O
gay	O
and	O
bisexual	O
communities	O
,	O
there	O
is	O
little	O
evidence	O
to	O
suggest	O
that	O
the	O
disease	O
will	O
remain	O
confined	O
to	O
these	O
groups	O
.	O

Dr	O
Satish	B-GIVEN_NAME
Koul	B-FAMILY_NAME
,	O
director	O
(	O
internal	O
medicine	O
)	O
,	O
Fortis	B-ORGANIZATION
Memorial	I-ORGANIZATION
Research	I-ORGANIZATION
Institute	I-ORGANIZATION
,	O
said	O
,	O
â	O
Commentary	O
that	O
has	O
been	O
reinforcing	O
homophobic	O
and	O
racist	O
stereotypes	O
should	O
be	O
avoided	O
.	O

Anyone	O
can	O
get	O
monkeypox	B-BRANDS
and	O
it	O
is	O
not	O
a	O
sexually	O
transmitted	O
disease	O
.	O

It	O
can	O
spread	O
from	O
close	O
physical	O
contact	O
regardless	O
of	O
sexual	O
orientation	O
or	O
race	O
.	O
â	O

He	O
added	O
,	O
â	O
Experience	O
has	O
shown	O
us	O
that	O
stigmatising	O
rhetoric	O
can	O
quickly	O
disable	O
evidence	O
-	O
based	O
response	O
by	O
stoking	O
cycles	O
of	O
fear	O
,	O
driving	O
people	O
away	O
from	O
health	O
services	O
,	O
impeding	O
efforts	O
to	O
identify	O
cases	O
,	O
and	O
encouraging	O
ineffective	O
,	O
punitive	O
measures	O
.	O
â	O

