The	O
government	O
was	O
ready	O
for	O
discussion	O
on	O
the	O
issue	O
of	O
price	O
rise	O
and	O
had	O
informed	O
the	O
opposition	O
leaders	O
,	O
union	O
minister	O
Piyush	B-GIVEN_NAME
Goyal	B-FAMILY_NAME
said	O
on	O
Tuesday	B-DATE
after	O
a	O
record	O
19	O
Rajya	B-ORGANIZATION
Sabha	I-ORGANIZATION
MPs	O
were	O
suspended	O
for	O
disrupting	O
proceedings	O
for	O
the	O
remainder	O
of	O
the	O
week	O
.	O

Goyal	B-GIVEN_NAME
said	O
the	O
decision	O
to	O
suspend	O
the	O
19	O
opposition	O
members	O
was	O
taken	O
with	O
a	O
heavy	O
heart	O
.	O

â	O
The	O
chairman	O
has	O
decided	O
to	O
suspend	O
a	O
few	O
members	O
of	O
opposition	O
parties	O
.	O

We	O
have	O
repeatedly	O
stated	O
that	O
we	O
are	O
ready	O
for	O
discussion	O
on	O
any	O
issue	O
including	O
price	O
rise	O
and	O
have	O
agreed	O
to	O
their	O
demand	O
for	O
a	O
discussion	O
on	O
the	O
issue	O
â¦	O
.	O
(	O
But	O
)	O
they	O
are	O
continuously	O
disturbing	O
the	O
proceedings	O
of	O
the	O
House	B-ORGANIZATION
,	O
â	O
Goyal	B-GIVEN_NAME
,	O
who	O
is	O
the	O
leader	O
of	O
the	O
House	B-ORGANIZATION
in	O
the	O
Rajya	B-ORGANIZATION
Sabha	I-ORGANIZATION
,	O
told	O
reporters	O
.	O

He	O
said	O
the	O
government	O
was	O
hopeful	O
of	O
having	O
a	O
discussion	O
on	O
the	O
issue	O
of	O
price	O
rise	O
when	O
union	O
Finance	O
Minister	O
Nirmala	B-GIVEN_NAME
Sitharaman	B-FAMILY_NAME
,	O
who	O
is	O
unwell	O
,	O
is	O
back	O
at	O
work	O
.	O

The	O
senior	O
Bharatiya	B-ORGANIZATION
Janata	I-ORGANIZATION
Party	I-ORGANIZATION
leader	O
said	O
despite	O
assurances	O
by	O
the	O
government	O
,	O
the	O
opposition	O
continuously	O
disturbed	O
the	O
proceeding	O
of	O
the	O
House	B-ORGANIZATION
and	O
infringed	O
on	O
the	O
rights	O
of	O
the	O
other	O
members	O
to	O
ask	O
questions	O
and	O
participate	O
in	O
the	O
debates	O
.	O

The	O
19	O
parliamentarians	O
suspended	O
on	O
Tuesday	B-DATE
include	O
seven	O
from	O
the	O
Trinamool	B-ORGANIZATION
Congress	I-ORGANIZATION
,	O
six	O
from	O
the	O
Dravida	B-ORGANIZATION
Munnetra	I-ORGANIZATION
Kazhagam	I-ORGANIZATION
(	O
DMK	B-ORGANIZATION
)	O
,	O
three	O
from	O
the	O
Telangana	B-ORGANIZATION
Rashtra	I-ORGANIZATION
Samithi	I-ORGANIZATION
(	O
TRS	B-ORGANIZATION
)	O
,	O
two	O
from	O
the	O
Communist	B-ORGANIZATION
Party	I-ORGANIZATION
of	I-ORGANIZATION
India	I-ORGANIZATION|B-LOCATION
(	O
Marxist	B-AFFILIATION
)	O
and	O
one	O
from	O
the	O
Communist	B-ORGANIZATION
Party	I-ORGANIZATION
of	I-ORGANIZATION
India	I-ORGANIZATION|B-LOCATION
(	O
CPI	B-ORGANIZATION
)	O
.	O
They	O
were	O
suspended	O
after	O
Rajya	B-ORGANIZATION
Sabha	I-ORGANIZATION
deputy	O
chairman	O
Harivansh	O
repeatedly	O
asked	O
them	O
to	O
return	O
to	O
their	O
seats	O
but	O
when	O
they	O
refused	O
.	O

Minister	O
of	O
state	O
for	O
parliamentary	O
affairs	O
V	B-GIVEN_NAME
Muraleedharan	B-FAMILY_NAME
moved	O
a	O
motion	O
to	O
suspend	O
10	O
MPs	O
from	O
the	O
sitting	O
of	O
the	O
House	B-ORGANIZATION
for	O
the	O
remainder	O
of	O
the	O
week	O
for	O
their	O
â	O
misconduct	O
â	O
by	O
showing	O
â	O
utter	O
disregard	O
to	O
the	O
House	B-ORGANIZATION
and	O
authority	O
of	O
the	O
chair	O
â	O
.	O
Harivansh	B-GIVEN_NAME
read	O
out	O
the	O
names	O
of	O
19	O
members	O
when	O
the	O
motion	O
was	O
put	O
to	O
vote	O
.	O

A	O
PTI	B-ORGANIZATION
report	O
said	O
the	O
suspended	O
MPs	O
refused	O
to	O
leave	O
,	O
squatting	O
on	O
the	O
floor	O
of	O
the	O
House	B-ORGANIZATION
,	O
leading	O
to	O
three	O
adjournments	O
-	O
-	O
first	O
for	O
15	B-DURATION
minutes	I-DURATION
by	O
Harivansh	B-GIVEN_NAME
,	O
then	O
for	O
an	O
hour	O
and	O
finally	O
,	O
for	O
the	O
day	O
by	O
Bhubaneswar	B-GIVEN_NAME
Kalita	B-FAMILY_NAME
,	O
who	O
was	O
in	O
the	O
chair	O
.	O

On	O
Monday	B-DATE
,	O
Lok	B-ORGANIZATION
Sabha	I-ORGANIZATION
speaker	O
suspended	O
four	O
protesting	O
Congress	B-ORGANIZATION
members	O
for	O
the	O
remainder	O
of	O
the	O
monsoon	O
session	O
,	O
amid	O
continuing	O
disruptions	O
in	O
Parliament	B-ORGANIZATION
proceedings	O
by	O
the	O
Opposition	O
on	O
issues	O
of	O
high	O
inflation	O
and	O
GST	O
(	O
goods	O
and	O
services	O
tax	O
)	O
on	O
household	O
essentials	O
.	O

The	O
MPs	O
who	O
stormed	O
the	O
well	O
of	O
the	O
House	B-ORGANIZATION
holding	O
placards	O
were	O
suspended	O
â	O
for	O
serious	O
note	O
of	O
misconduct	O
in	O
utter	O
disregard	O
of	O
the	O
House	B-ORGANIZATION
and	O
the	O
authority	O
of	O
the	O
Chair	O
...	O
â	O
.	O
On	O
Tuesday	B-DATE
,	O
the	O
four	O
parliamentarians	O
,	O
Manickam	B-GIVEN_NAME
Tagore	B-FAMILY_NAME
,	O
TN	B-GIVEN_NAME
Prathapan	B-FAMILY_NAME
,	O
S	B-GIVEN_NAME
Jothimani	B-FAMILY_NAME
and	O
Ramya	B-GIVEN_NAME
Haridas	B-FAMILY_NAME
staged	O
a	O
protest	O
in	O
front	O
of	O
Mahatma	B-GIVEN_NAME
Gandhi	B-FAMILY_NAME
âs	O
statue	O
in	O
the	O
Parliament	B-ORGANIZATION
complex	O
,	O
alleging	O
that	O
their	O
suspension	O
amounted	O
to	O
â	O
murder	O
of	O
democracy	O
â	O
.	O
They	O
were	O
joined	O
by	O
leaders	O
of	O
Left	O
parties	O
,	O
NCP	B-ORGANIZATION
,	O
DMK	B-ORGANIZATION
and	O
the	O
Congress	B-ORGANIZATION
in	O
a	O
show	O
of	O
solidarity	O
.	O

