The	O
remarks	O
by	O
Congress	B-ORGANIZATION
leader	O
Zameer	B-GIVEN_NAME
Ahmed	B-FAMILY_NAME
Khan	I-FAMILY_NAME
about	O
Muslims	B-AFFILIATION
outnumbering	O
Vokkaligas	B-AFFILIATION
in	O
the	O
state	O
continued	O
to	O
stir	O
a	O
controversy	O
with	O
both	O
BJP	B-ORGANIZATION
and	O
Congress	B-ORGANIZATION
leaders	O
expressing	O
their	O
reservations	O
.	O

Prominent	O
Vokkaliga	B-AFFILIATION
seer	O
Nirmalanandanatha	B-GIVEN_NAME
swami	O
,	O
according	O
to	O
reports	O
,	O
has	O
also	O
conveyed	O
his	O
unhappiness	O
to	O
Congress	B-ORGANIZATION
leaders	O
about	O
the	O
issue	O
.	O

With	O
tensions	O
between	O
the	O
two	O
state	O
Congress	B-ORGANIZATION
factions	O
intensifying	O
,	O
former	O
minister	O
N	B-GIVEN_NAME
Chaluvarayaswamy	B-FAMILY_NAME
met	O
KPCC	B-ORGANIZATION
president	O
D	B-GIVEN_NAME
K	B-FAMILY_NAME
Shivakumar	I-FAMILY_NAME
after	O
the	O
seer	O
reportedly	O
took	O
an	O
exception	O
to	O
Zameer	B-GIVEN_NAME
's	O
remarks	O
.	O

The	O
row	O
triggered	O
after	O
Zameer	B-GIVEN_NAME
,	O
who	O
is	O
identified	O
with	O
the	O
Opposition	O
leader	O
Siddaramaiah	B-GIVEN_NAME
faction	O
,	O
said	O
recently	O
that	O
nobody	O
could	O
become	O
the	O
chief	O
minister	O
with	O
support	O
from	O
just	O
one	O
community	O
.	O

This	O
was	O
after	O
Shivakumar	B-GIVEN_NAME
's	O
attempt	O
to	O
consolidate	O
the	O
Vokkaliga	B-AFFILIATION
community	O
by	O
saying	O
that	O
a	O
Vokkaliga	B-AFFILIATION
-	O
the	O
community	O
to	O
which	O
he	O
belongs	O
to	O
-	O
could	O
be	O
the	O
next	O
CM	O
if	O
Congress	B-ORGANIZATION
was	O
voted	O
to	O
power	O
in	O
2023	B-DATE
.	O

"	O
Can	O
I	O
become	O
the	O
CM	O
with	O
just	O
Muslim	B-AFFILIATION
votes	O
,	O
"	O
Zameer	B-GIVEN_NAME
,	O
a	O
Siddaramaiah	B-GIVEN_NAME
loyalist	O
,	O
had	O
retorted	O
.	O

Though	O
Muslims	B-AFFILIATION
outnumber	O
Vokkaligas	B-AFFILIATION
,	O
"	O
can	O
I	O
be	O
CM	O
with	O
just	O
Muslim	B-AFFILIATION
votes	O
?	O

We	O
need	O
all	O
communities	O
.	O
"	O

However	O
,	O
singling	O
out	O
the	O
community	O
has	O
n't	O
sat	O
well	O
with	O
Vokkaliga	B-AFFILIATION
leaders	O
across	O
all	O
parties	O
.	O

"	O
I	O
do	O
n't	O
know	O
why	O
Zameer	B-GIVEN_NAME
mentioned	O
the	O
Vokkaliga	B-AFFILIATION
community	O
...	O
He	O
is	O
my	O
good	O
friend	O
,	O
but	O
this	O
is	O
not	O
good	O
for	O
him	O
.	O
Not	O
appropriate	O
,	O
"	O
Chaluvarayaswamy	B-GIVEN_NAME
said	O
following	O
the	O
meeting	O
with	O
Shivakumar	B-GIVEN_NAME
.	O

Zameer	B-GIVEN_NAME
should	O
not	O
make	O
such	O
remarks	O
,	O
he	O
said	O
,	O
adding	O
that	O
Shivakumar	B-GIVEN_NAME
and	O
Opposition	O
leader	O
Siddaramaiah	B-GIVEN_NAME
were	O
the	O
undisputed	O
leaders	O
of	O
the	O
state	O
Congress	B-ORGANIZATION
.	O
"	O
It	O
is	O
not	O
required	O
of	O
me	O
or	O
Zameer	B-GIVEN_NAME
to	O
issues	O
statements	O
questioning	O
them	O
,	O
"	O
he	O
said	O
.	O

Shivakumar	B-GIVEN_NAME
told	O
reporters	O
that	O
his	O
meeting	O
with	O
Chaluvarayaswamy	B-GIVEN_NAME
was	O
about	O
the	O
upcoming	O
'	O
Bharat	B-BRANDS
Jodo'	B-MISC
yatra	I-MISC
of	O
the	O
Congress	B-ORGANIZATION
.	O
"	O
Except	O
discussions	O
on	O
organising	O
the	O
party	O
,	O
nobody	O
has	O
held	O
any	O
talks	O
with	O
me	O
,	O
nor	O
will	O
allow	O
such	O
talks	O
,	O
"	O
the	O
KPCC	B-ORGANIZATION
president	O
said	O
.	O

Revenue	O
Minister	O
R	B-GIVEN_NAME
Ashoka	B-FAMILY_NAME
on	O
Sunday	B-DATE
asked	O
Congress	B-ORGANIZATION
leaders	O
to	O
"	O
stop	O
insulting	O
the	O
Vokkaliga	B-AFFILIATION
community	O
"	O
.	O
The	O
war	O
of	O
words	O
between	O
Shivakumar	B-GIVEN_NAME
and	O
Zameer	B-GIVEN_NAME
is	O
not	O
right	O
,	O
he	O
said	O
,	O
adding	O
that	O
seers	O
from	O
the	O
community	O
were	O
hurt	O
by	O
the	O
recent	O
exchange	O
between	O
Congress	B-ORGANIZATION
leaders	O
.	O

