By	O
claiming	O
they	O
would	O
become	O
the	O
next	O
Karnataka	B-LOCATION
chief	O
minister	O
with	O
the	O
respective	O
support	O
of	O
Kuruba	B-LOCATION
and	O
Vokkaliga	B-AFFILIATION
communities	O
,	O
Congress	B-ORGANIZATION
leaders	O
Siddaramaiah	B-GIVEN_NAME
and	O
D	B-GIVEN_NAME
K	B-FAMILY_NAME
Shivakumar	I-FAMILY_NAME
have	O
insulted	O
the	O
communities	O
,	O
Bharatiya	B-ORGANIZATION
Janata	I-ORGANIZATION
Party	I-ORGANIZATION
MLA	O
K	B-GIVEN_NAME
S	B-FAMILY_NAME
Eshwarappa	I-FAMILY_NAME
said	O
.	O

Speaking	O
to	O
media	O
persons	O
here	O
on	O
Monday	B-DATE
,	O
the	O
former	O
minister	O
said	O
the	O
former	O
chief	O
minister	O
and	O
the	O
Karnataka	B-ORGANIZATION|B-LOCATION
Pradesh	I-ORGANIZATION
Congress	I-ORGANIZATION
Committee	I-ORGANIZATION
president	O
not	O
only	O
insulted	O
the	O
communities	O
but	O
also	O
noted	O
social	O
leaders	O
like	O
Kanakadasa	B-GIVEN_NAME
,	O
Sangolli	B-GIVEN_NAME
Rayanna	B-FAMILY_NAME
and	O
Kempe	B-GIVEN_NAME
Gowda	B-FAMILY_NAME
by	O
identifying	O
them	O
with	O
their	O
caste	O
.	O

Eshwarappa	B-GIVEN_NAME
went	O
on	O
to	O
say	O
that	O
there	O
was	O
no	O
strong	O
opposition	O
party	O
in	O
several	O
states	O
across	O
India	B-LOCATION
,	O
and	O
that	O
was	O
the	O
Congress	B-ORGANIZATION
party	O
âs	O
current	O
state	O
.	O

Talking	O
about	O
nominating	O
B	B-GIVEN_NAME
Y	B-FAMILY_NAME
Vijayendra	I-FAMILY_NAME
from	O
Shikaripur	B-LOCATION
constituency	O
,	O
Eshwarappa	B-GIVEN_NAME
said	O
he	O
was	O
confident	O
senior	O
leader	O
B	B-GIVEN_NAME
S	B-FAMILY_NAME
Yediyurappa	I-FAMILY_NAME
will	O
get	O
approval	O
from	O
central	O
leaders	O
about	O
his	O
son	O
âs	O
nomination	O
.	O
He	O
also	O
made	O
it	O
clear	O
that	O
the	O
party	O
high	O
command	O
will	O
take	O
a	O
final	O
call	O
on	O
candidates	O
for	O
the	O
2023	B-DATE
assembly	O
polls	O
.	O

