Bengal	B-LOCATION
school	O
jobs	O
case	O
:	O
Partha	B-GIVEN_NAME
Chatterjee	B-FAMILY_NAME
and	O
his	O
aide	O
-	O
Arpita	B-GIVEN_NAME
Mukherjee	B-FAMILY_NAME
-	O
were	O
arrested	O
after	O
raids	O
during	O
which	O
â¹	B-MONEY
21	I-MONEY
crore	O
were	O
seized	O
,	O
according	O
to	O
ED	B-ORGANIZATION
.	O

Raids	O
by	O
the	O
Enforcement	B-ORGANIZATION
Directorate	I-ORGANIZATION
at	O
the	O
residences	O
of	O
West	B-LOCATION
Bengal	I-LOCATION
minister	O
Partha	B-GIVEN_NAME
Chatterjee	B-FAMILY_NAME
and	O
his	O
close	O
associate	O
Arpita	B-GIVEN_NAME
Mukherjee	B-FAMILY_NAME
on	O
Saturday	B-DATE
and	O
the	O
long	O
hours	O
of	O
questioning	O
before	O
the	O
duo	O
were	O
arrested	O
have	O
led	O
to	O
skeletons	O
tumbling	O
out	O
of	O
the	O
closet	O
,	O
according	O
to	O
ED	B-ORGANIZATION
officials	O
.	O

The	O
ED	B-ORGANIZATION
had	O
seized	O
â¹	B-MONEY
21	I-MONEY
crore	I-MONEY
cash	O
,	O
all	O
in	O
â¹	B-MONEY
500	I-MONEY
and	O
â¹	B-MONEY
2000	I-MONEY
denominations	O
,	O
from	O
Mukherjee	B-GIVEN_NAME
âs	O
flat	O
,	O
gold	O
worth	O
more	O
than	O
â¹	B-MONEY
70	I-MONEY
lakhs	I-MONEY
and	O
USD	B-MONEY
worth	O
more	O
than	O
â¹	B-MONEY
50	I-MONEY
lakhs	I-MONEY
.	O
But	O
the	O
list	O
does	O
nât	O
end	O
here	O
.	O
The	O
agency	O
seized	O
at	O
least	O
17	O
items	O
.	O

â	O
The	O
items	O
seized	O
from	O
Chatterjee	B-GIVEN_NAME
âs	O
house	O
include	O
at	O
least	O
13	O
deeds	O
some	O
of	O
which	O
were	O
linked	O
to	O
Mukherjee	B-GIVEN_NAME
.	O
At	O
least	O
one	O
deed	O
,	O
comprising	O
44	O
pages	O
,	O
which	O
dates	O
back	O
to	O
2012	B-DATE
suggests	O
that	O
the	O
duo	O
knew	O
each	O
other	O
at	O
least	O
for	O
the	O
last	O
ten	B-DURATION
years	I-DURATION
,	O
â	O
said	O
an	O
ED	B-ORGANIZATION
official	O
.	O

The	O
ED	B-ORGANIZATION
had	O
told	O
the	O
Calcutta	B-ORGANIZATION|B-LOCATION
High	I-ORGANIZATION
Court	I-ORGANIZATION
on	O
Sunday	B-DATE
that	O
during	O
the	O
raid	O
at	O
Chatterjee	B-GIVEN_NAME
âs	O
house	O
and	O
his	O
interrogation	O
which	O
lasted	O
for	O
2	O
7	B-DURATION
hours	I-DURATION
,	O
â	O
sufficient	O
evidence	O
â	O
was	O
found	O
in	O
support	O
of	O
his	O
involvement	O
in	O
the	O
recruitment	O
scam	O
.	O
â	O
Ample	O
evidence	O
â	O
was	O
also	O
collected	O
which	O
suggests	O
that	O
Arpita	B-GIVEN_NAME
Mukherjee	B-FAMILY_NAME
was	O
a	O
close	O
aide	O
of	O
Chatterjee	B-GIVEN_NAME
.	O

The	O
other	O
items	O
seized	O
include	O
a	O
hard	O
disk	O
and	O
a	O
mobile	O
phone	O
.	O
The	O
agency	O
also	O
seized	O
bunch	O
of	O
papers	O
relating	O
to	O
appointment	O
and	O
transfer	O
of	O
posts	O
and	O
admit	O
cards	O
of	O
candidates	O
,	O
copy	O
of	O
document	O
relating	O
to	O
revised	O
result	O
of	O
TET	B-BRANDS
2012	B-DATE
,	O
a	O
note	O
from	O
the	O
president	O
of	O
the	O
state	O
primary	O
board	O
,	O
copy	O
of	O
chart	O
relating	O
to	O
proposed	O
teachers	O
â	O
posting	O
and	O
copy	O
of	O
paper	O
relating	O
to	O
committee	O
of	O
higher	O
authority	O
of	O
state	O
school	O
service	O
commission	O
.	O

Chatterjee	B-GIVEN_NAME
was	O
arrested	O
in	O
connection	O
with	O
the	O
alleged	O
irregularities	O
in	O
the	O
recruitment	O
of	O
hundreds	O
of	O
teachers	O
and	O
non	O
-	O
teaching	O
staff	O
in	O
government	O
schools	O
.	O
While	O
the	O
CBI	B-ORGANIZATION
is	O
already	O
probing	O
into	O
the	O
case	O
on	O
the	O
orders	O
of	O
the	O
Calcutta	B-LOCATION
high	O
court	O
,	O
in	O
June	B-DATE
the	O
ED	B-ORGANIZATION
lodged	O
two	O
FIRs	B-BRANDS
to	O
unearth	O
the	O
money	O
trail	O
that	O
was	O
allegedly	O
involved	O
in	O
the	O
multi	O
-	O
crore	O
scam	O
.	O

On	O
Monday	B-DATE
,	O
the	O
ED	B-ORGANIZATION
counsel	O
had	O
told	O
the	O
special	O
Prevention	B-BRANDS
of	B-MISC
Money	I-MISC
Laundering	I-MISC
Act	I-MISC
(	O
PMLA	B-BRANDS
)	O
court	O
in	O
Kolkata	B-LOCATION
that	O
while	O
around	O
â¹	B-MONEY
21	I-MONEY
crore	I-MONEY
has	O
been	O
seized	O
,	O
another	O
â¹	B-MONEY
100	I-MONEY
crore	I-MONEY
is	O
waiting	O
to	O
be	O
seized	O
.	O
The	O
agency	O
suspect	O
that	O
transactions	O
worth	O
crores	O
of	O
rupees	O
were	O
made	O
for	O
the	O
appointment	O
of	O
teachers	O
recruited	O
through	O
the	O
SSC	B-ORGANIZATION
and	O
Teacher	B-BRANDS
Eligibility	B-MISC
Test	I-MISC
.	O

The	O
seizure	O
list	O
shows	O
that	O
while	O
the	O
executive	O
diary	O
had	O
31	O
written	O
pages	O
in	O
it	O
,	O
there	O
were	O
at	O
least	O
40	O
pages	O
on	O
which	O
something	O
were	O
written	O
in	O
the	O
black	O
diary	O
.	O
In	O
the	O
pocket	O
diary	O
11	O
pages	O
were	O
written	O
.	O

