Srinagar	B-LOCATION
-	O

The	O
BJP	B-ORGANIZATION
on	O
Monday	B-DATE
held	O
the	O
first	O
-	O
ever	O
Tiranga	B-BRANDS
bikers	O
rally	O
at	O
the	O
once	O
separatist	O
strong	O
-	O
hold	O
of	O
Lal	B-LOCATION
Chowk	I-LOCATION
in	O
the	O
city	O
centre	O
here	O
to	O
pay	O
tributes	O
to	O
the	O
fallen	O
soldiers	O
of	O
the	O
1999	B-BRANDS
Kargil	I-BRANDS|B-LOCATION
War	B-MISC
.	O

The	O
bikers	O
rally	O
to	O
the	O
Kargil	B-BRANDS|B-LOCATION
War	B-MISC
Memorial	I-MISC
in	O
Drass	B-LOCATION
area	O
of	O
the	O
Ladakh	B-ORGANIZATION|B-LOCATION
Union	I-ORGANIZATION
territory	O
was	O
flagged	O
off	O
by	O
the	O
party	O
âs	O
National	O
General	O
Secretary	O
Tarun	B-GIVEN_NAME
Chug	B-FAMILY_NAME
,	O
and	O
Bangalore	B-LOCATION
South	I-LOCATION
MP	O
and	O
president	O
,	O
Bharatiya	B-ORGANIZATION
Janata	I-ORGANIZATION
Yuva	I-ORGANIZATION
Morcha	I-ORGANIZATION
(	O
BJYM	B-ORGANIZATION
)	O
,	O
Tejasvi	B-GIVEN_NAME
Surya	B-FAMILY_NAME
.	O

The	O
flag	O
-	O
off	O
event	O
near	O
the	O
historic	O
Ghanta	B-LOCATION
Ghar	I-LOCATION
â	O
(	O
clock	O
tower	O
)	O
in	O
Lal	B-LOCATION
Chowk	I-LOCATION
was	O
held	O
amidst	O
unprecedented	O
security	O
arrangements	O
as	O
the	O
whole	O
area	O
was	O
sealed	O
and	O
security	O
forces	O
,	O
including	O
senior	O
officers	O
,	O
were	O
present	O
in	O
large	O
numbers	O
.	O

The	O
security	O
forces	O
used	O
drones	O
to	O
keep	O
an	O
eye	O
on	O
the	O
event	O
for	O
which	O
traffic	O
and	O
public	O
movement	O
was	O
diverted	O
.	O

The	O
city	O
centre	O
used	O
to	O
be	O
a	O
stronghold	O
of	O
the	O
separatists	O
in	O
the	O
erstwhile	O
state	O
of	O
J	B-LOCATION
-	I-LOCATION
K	I-LOCATION
.	O
In	O
the	O
2008	B-DATE
and	O
2010	B-DATE
unrest	O
,	O
the	O
separatists	O
used	O
to	O
call	O
for	O
peoples	O
â	O
march	O
to	O
Lal	B-LOCATION
Chowk	I-LOCATION
,	O
demanding	O
freedom	O
.	O

On	O
Monday	B-DATE
,	O
Azadi	B-AFFILIATION
â	O
slogans	O
of	O
a	O
different	O
kind	O
reverberated	O
at	O
the	O
city	O
centre	O
.	O
The	O
BJP	B-ORGANIZATION
leaders	O
raised	O
slogans	O
of	O
Azad	B-BRANDS|B-GIVEN_NAME
Hindustan	B-MISC
Zindabad	I-MISC
â	O
,	O
Akhand	B-BRANDS
Bharat	B-MISC
Zindabad	I-MISC
â	O
,	O
and	O
Bharat	B-BRANDS
Mata	B-MISC
ki	I-MISC
Jai	I-MISC
â	O
among	O
others	O
.	O

They	O
waived	O
the	O
tricolour	O
and	O
sang	O
patriotic	O
songs	O
.	O

While	O
many	O
political	O
parties	O
have	O
held	O
events	O
,	O
including	O
hoisting	O
of	O
tricolour	O
,	O
at	O
the	O
Lal	B-LOCATION
Chowk	I-LOCATION
before	O
as	O
well	O
,	O
this	O
is	O
the	O
first	O
time	O
such	O
a	O
rally	O
was	O
organised	O
by	O
any	O
political	O
party	O
to	O
pay	O
tributes	O
to	O
soldiers	O
who	O
lost	O
their	O
lives	O
in	O
the	O
Kargil	B-BRANDS|B-LOCATION
War	B-MISC
.	O

A	O
police	O
official	O
said	O
about	O
100	O
bikes	O
were	O
part	O
of	O
the	O
rally	O
in	O
which	O
members	O
of	O
the	O
BJYM	B-ORGANIZATION
from	O
different	O
parts	O
of	O
the	O
country	O
participated	O
.	O
The	O
rally	O
will	O
culminate	O
at	O
the	O
Kargil	B-LOCATION|B-LOCATION
War	I-LOCATION
Memorial	I-LOCATION
on	O
Tuesday	B-DATE
,	O
on	O
the	O
occasion	O
of	O
Vijay	B-BRANDS
Divas	B-MISC
.	O

Speaking	O
at	O
the	O
event	O
,	O
Chug	B-GIVEN_NAME
trained	O
guns	O
at	O
the	O
National	B-ORGANIZATION
Conference	I-ORGANIZATION
(	O
NC	B-ORGANIZATION
)	O
and	O
Peoples	B-ORGANIZATION
Democratic	I-ORGANIZATION
Party	I-ORGANIZATION
(	O
PDP	B-ORGANIZATION
)	O
.	O

He	O
said	O
the	O
twin	O
families	O
of	O
Abdullah	B-GIVEN_NAME
âs	O
and	O
Mufti	B-GIVEN_NAME
âs	O
ruled	O
Jammu	B-LOCATION
and	O
Kashmir	B-LOCATION
for	O
the	O
past	O
70	B-DURATION
years	I-DURATION
but	O
made	O
it	O
a	O
â	O
terrorism	O
capital	O
â	O
,	O
while	O
the	O
Prime	O
Minister	O
has	O
made	O
it	O
a	O
tourism	O
capital	O
and	O
took	O
it	O
on	O
a	O
path	O
of	O
progress	O
.	O

Mehbooba	B-GIVEN_NAME
lives	O
some	O
yards	O
away	O
from	O
here	O
.	O
She	O
used	O
to	O
say	O
that	O
if	O
you	O
revoke	O
(	O
Article	O
)	O
370	O
,	O
then	O
you	O
will	O
not	O
find	O
hands	O
to	O
hoist	O
the	O
tricolour	O
.	O
I	O
want	O
to	O
tell	O
her	O
that	O
come	O
to	O
Lal	B-LOCATION
Chowk	I-LOCATION
and	O
see	O
the	O
residents	O
of	O
Kashmir	B-LOCATION
holding	O
the	O
tiranga	O
.	O
Every	O
person	O
has	O
a	O
tiranga	O
in	O
his	O
heart	O
,	O
Chug	B-GIVEN_NAME
said	O
,	O
asking	O
people	O
to	O
raise	O
the	O
slogan	O
of	O
Azad	B-BRANDS
Hindustan	B-MISC
â	O
in	O
a	O
loud	O
voice	O
so	O
that	O
it	O
reaches	O
Muftis	B-AFFILIATION
and	O
Abdullahs	B-AFFILIATION
.	O

Targeting	O
Abdullahs	B-AFFILIATION
and	O
Muftis	B-AFFILIATION
,	O
Chug	B-GIVEN_NAME
said	O
they	O
used	O
to	O
claim	O
that	O
Article	O
370	O
cannot	O
be	O
abrogated	O
,	O
but	O
Modi	B-GIVEN_NAME
made	O
it	O
possible	O
.	O

This	O
is	O
a	O
state	O
where	O
a	O
new	O
story	O
of	O
development	O
is	O
being	O
written	O
.	O
The	O
works	O
undertaken	O
by	O
Modi	B-GIVEN_NAME
are	O
speaking	O
loud	O
.	O
Modi	B-GIVEN_NAME
gave	O
a	O
sense	O
of	O
development	O
,	O
security	O
,	O
and	O
belief	O
to	O
the	O
people	O
of	O
J	B-LOCATION
-	I-LOCATION
K	I-LOCATION
.	O

The	O
three	O
families	O
Abdullah	B-GIVEN_NAME
and	O
sons	O
,	O
Mufti	B-GIVEN_NAME
and	O
sons	O
,	O
and	O
Nehru	B-GIVEN_NAME
and	O
sons	O
â	O
had	O
plundered	O
J	B-LOCATION
-	I-LOCATION
K	I-LOCATION
and	O
they	O
still	O
want	O
to	O
plunder	O
it	O
more	O
by	O
forming	O
Gupkar	B-ORGANIZATION
alliance	I-ORGANIZATION
.	O
But	O
,	O
the	O
people	O
of	O
J	B-LOCATION
-	I-LOCATION
K	I-LOCATION
do	O
not	O
accept	O
them	O
now	O
.	O
In	O
today	O
âs	O
motorcycle	O
rally	O
,	O
the	O
country	O
âs	O
youth	O
are	O
marching	O
for	O
making	O
India	B-LOCATION
of	O
Modi	B-GIVEN_NAME
âs	O
dreams	O
,	O
a	O
powerful	O
India	B-LOCATION
,	O
the	O
BJP	B-ORGANIZATION
leader	O
said	O
.	O

He	O
said	O
Kashmir	B-LOCATION
could	O
nât	O
move	O
forward	O
in	O
70	B-DURATION
years	I-DURATION
,	O
but	O
the	O
properties	O
of	O
these	O
three	O
families	O
increased	O
by	O
many	O
folds	O
.	O

Sometime	O
they	O
demand	O
talks	O
with	O
Pakistan	B-LOCATION
and	O
sometimes	O
with	O
China	B-LOCATION
,	O
but	O
I	O
want	O
to	O
tell	O
them	O
that	O
the	O
youth	O
of	O
India	B-LOCATION
will	O
only	O
talk	O
to	O
the	O
youth	O
of	O
India	B-LOCATION
.	O
The	O
central	O
government	O
and	O
the	O
BJP	B-ORGANIZATION
will	O
meet	O
and	O
listen	O
to	O
the	O
youth	O
of	O
Kashmir	B-LOCATION
,	O
he	O
said	O
.	O

Chug	B-GIVEN_NAME
said	O
the	O
bikers	O
rally	O
was	O
organised	O
to	O
pay	O
tributes	O
to	O
the	O
fallen	O
soldiers	O
of	O
the	O
Kargil	B-BRANDS|B-LOCATION
War	B-MISC
.	O

These	O
youth	O
including	O
the	O
youth	O
from	O
different	O
parts	O
of	O
the	O
valley	O
are	O
going	O
to	O
Kargil	B-LOCATION
where	O
India	B-LOCATION
âs	O
sons	O
sacrificed	O
their	O
life	O
but	O
did	O
not	O
budge	O
even	O
an	O
inch	O
of	O
the	O
country	O
âs	O
land	O
,	O
he	O
said	O
.	O

Neha	B-GIVEN_NAME
Joshi	B-FAMILY_NAME
,	O
national	O
vice	O
president	O
,	O
BJYM	B-ORGANIZATION
,	O
Delhi	B-LOCATION
,	O
said	O
she	O
is	O
proud	O
to	O
be	O
a	O
part	O
of	O
the	O
historic	O
event	O
.	O

This	O
yatra	O
has	O
been	O
organised	O
by	O
the	O
youth	O
of	O
Kashmir	B-LOCATION
.	O
We	O
have	O
come	O
here	O
to	O
become	O
a	O
witness	O
of	O
this	O
historic	O
event	O
and	O
take	O
this	O
message	O
to	O
the	O
different	O
corners	O
of	O
the	O
country	O
,	O
she	O
said	O
.	O

