Srinagar	B-LOCATION
-	O
A	O
scooty	O
-	O
rider	O
was	O
killed	O
after	O
getting	O
hit	O
by	O
a	O
truck	O
on	O
Srinagar	B-LOCATION|B-LOCATION
-	I-LOCATION
Bandipora	I-LOCATION|B-LOCATION
road	I-LOCATION
near	O
Shadipora	B-LOCATION
Saturday	B-BRANDS
afternoon	O
,	O
official	O
sources	O
said	O
.	O

Reports	O
said	O
that	O
one	O
Taufeeq	B-GIVEN_NAME
Ahmad	B-FAMILY_NAME
Guru	I-FAMILY_NAME
,	O
son	O
of	O
Ab	B-GIVEN_NAME
Khaliq	B-FAMILY_NAME
Guru	I-FAMILY_NAME
,	O
a	O
resident	O
of	O
Naninara	B-LOCATION
Sumbal	I-LOCATION
got	O
hit	O
by	O
a	O
truck	O
,	O
resulting	O
in	O
his	O
instant	O
death	O
.	O

Confirming	O
the	O
incident	O
,	O
a	O
police	O
official	O
said	O
that	O
a	O
case	O
has	O
been	O
registered	O
into	O
the	O
incident	O
for	O
further	O
proceedings	O
.	O

