Udhampur	B-ORGANIZATION|B-LOCATION
-	I-ORGANIZATION
Northern	I-ORGANIZATION
Army	I-ORGANIZATION
Commander	O
Lieutenant	O
General	O
Upendra	B-GIVEN_NAME
Dwivedi	B-FAMILY_NAME
on	O
Sunday	B-DATE
reviewed	O
the	O
security	O
situation	O
in	O
Kashmir	B-LOCATION
valley	O
and	O
impressed	O
upon	O
troops	O
not	O
to	O
forget	O
the	O
lessons	O
learnt	O
during	O
a	O
conflict	O
.	O

The	O
army	O
commander	O
also	O
took	O
stock	O
of	O
the	O
security	O
measures	O
for	O
the	O
ongoing	O
Amarnath	B-BRANDS
Yatra	B-MISC
,	O
northern	O
command	O
âs	O
defence	O
spokesman	O
said	O
.	O

Soon	O
after	O
his	O
arrival	O
on	O
a	O
day	O
-	O
long	O
visit	O
to	O
Kashmir	B-LOCATION
,	O
the	O
army	O
commander	O
,	O
along	O
with	O
General	O
Officer	O
Commanding	O
(	O
GOC	O
)	O
Chinar	B-ORGANIZATION
Corps	I-ORGANIZATION
Lt	O
Gen	O
Amardeep	B-GIVEN_NAME
Singh	B-FAMILY_NAME
Aujla	I-FAMILY_NAME
,	O
visited	O
northern	O
route	O
of	O
Amarnath	B-LOCATION
Yatra	I-LOCATION
to	O
take	O
stock	O
of	O
the	O
situation	O
and	O
review	O
progress	O
of	O
the	O
yatra	O
along	O
Nilagrar	B-LOCATION
-	O
Baltal	B-LOCATION
-	O
Domel	B-LOCATION
-	O
Brarimarg	B-LOCATION
-	O
Sangam	B-LOCATION
-	O
Holy	B-LOCATION
Cave	I-LOCATION
route	O
,	O
he	O
said	O
.	O

Lt	O
Gen	O
Dwivedi	B-GIVEN_NAME
was	O
briefed	O
by	O
Lt	O
Gen	O
Aujla	B-GIVEN_NAME
on	O
overall	O
security	O
situation	O
in	O
the	O
Kashmir	B-LOCATION
valley	O
,	O
the	O
spokesman	O
said	O
.	O

The	O
army	O
commander	O
also	O
interacted	O
with	O
the	O
participants	O
of	O
Kargil	B-BRANDS|B-LOCATION
Vijay	B-MISC
Diwas	I-MISC
motorcycle	O
expedition	O
at	O
Nilgrar	B-LOCATION
(	I-LOCATION
Sonamarg	I-LOCATION
)	I-LOCATION
.	O

The	O
motorcycle	O
rally	O
has	O
moved	O
towards	O
Kargil	B-LOCATION
as	O
part	O
of	O
Kargil	B-BRANDS|B-LOCATION
Vijay	B-MISC
Diwas	I-MISC
2022	I-MISC
celebration	O
scheduled	O
on	O
July	B-DATE
26	I-DATE
,	O
he	O
said	O
.	O

While	O
appreciating	O
the	O
event	O
,	O
Lt	O
Gen	O
Dwivedi	B-GIVEN_NAME
said	O
that	O
such	O
efforts	O
motivate	O
and	O
bind	O
the	O
citizens	O
of	O
the	O
country	O
to	O
idea	O
of	O
the	O
nation	O
.	O

He	O
also	O
remembered	O
the	O
sacrifices	O
made	O
by	O
brave	O
soldiers	O
in	O
the	O
Kargil	B-LOCATION
war	O
and	O
emphasised	O
to	O
never	O
forget	O
the	O
lessons	O
learnt	O
during	O
the	O
conflict	O
.	O

Lt	O
Gen	O
Dwivedi	B-GIVEN_NAME
also	O
interacted	O
with	O
all	O
ranks	O
carrying	O
out	O
selfless	O
service	O
and	O
in	O
recognition	O
,	O
presented	O
â	O
commendation	O
cards	O
â	O
to	O
security	O
personnel	O
of	O
the	O
various	O
agencies	O
,	O
the	O
spokesman	O
said	O
.	O

