Srinagar	B-LOCATION
-	O
The	O
Anti	B-ORGANIZATION
Corruption	I-ORGANIZATION
Bureau	I-ORGANIZATION
(	O
ACB	B-ORGANIZATION
)	O
on	O
Monday	B-DATE
arrested	O
a	O
Junior	O
Assistant	O
&	O
an	O
orderly	O
of	O
Tehsil	B-ORGANIZATION
office	O
Baramulla	B-LOCATION
for	O
demanding	O
and	O
accepting	O
a	O
bribe	O
.	O

In	O
a	O
statement	O
issued	O
here	O
,	O
the	O
anti	O
-	O
graft	O
body	O
said	O
that	O
a	O
complaint	O
was	O
received	O
against	O
Mushtaq	B-GIVEN_NAME
Ahmad	B-FAMILY_NAME
Mir	I-FAMILY_NAME
posted	O
in	O
Tehsil	B-ORGANIZATION
office	O
Baramulla	B-LOCATION
for	O
allegedly	O
demanding	O
a	O
bribe	O
of	O
Rs	B-MONEY
4000	I-MONEY
from	O
complainant	O
for	O
settling	O
his	O
case	O
pending	O
disposal	O
with	O
Tehsil	B-ORGANIZATION
office	O
Baramulla	B-LOCATION
etc	O
.	O

â	O
It	O
was	O
found	O
that	O
a	O
case	O
was	O
filed	O
by	O
Police	B-ORGANIZATION
Station	I-ORGANIZATION
Baramulla	I-ORGANIZATION|B-LOCATION
against	O
complainant	O
and	O
other	O
under	O
sec	O
109	O
CrPC	O
with	O
tehsil	B-ORGANIZATION
office	O
Baramulla	B-LOCATION
on	O
05-08-2021	B-DATE
which	O
was	O
pending	O
disposal	O
with	O
tehsil	O
office	O
and	O
for	O
which	O
Junior	O
Assistant	O
posted	O
in	O
the	O
tehsil	B-ORGANIZATION
office	O
Baramulla	B-LOCATION
namely	O
Mushtaq	B-GIVEN_NAME
Ahmad	B-FAMILY_NAME
Mir	I-FAMILY_NAME
who	O
was	O
handling	O
the	O
case	O
file	O
demanded	O
bribe	O
of	O
Rs	B-MONEY
4000	I-MONEY
from	O
complainant	O
through	O
orderly	O
Khalida	B-GIVEN_NAME
Tugoo	B-FAMILY_NAME
posted	O
in	O
the	O
same	O
office	O
.	O

Under	O
these	O
circumstances	O
the	O
complainant	O
approached	O
the	O
ACB	B-ORGANIZATION
and	O
requested	O
for	O
taking	O
necessary	O
legal	O
action	O
against	O
the	O
accused	O
Public	O
servant	O
,	O
â	O
the	O
statement	O
said	O
.	O

Accordingly	O
on	O
receipt	O
of	O
the	O
complaint	O
which	O
prima	O
facie	O
disclosed	O
commission	O
of	O
offences	O
under	O
U	O
/	O
s	O
7	O
of	O
the	O
P.	O
C	O
Act	O
1988	B-BRANDS
(	O
as	O
amended	O
in	O
2018	B-DATE
)	O
,	O
a	O
case	O
under	O
FIR	O
number	O
21/2022	B-BRANDS
was	O
registered	O
at	O
PS	O
ACB	B-ORGANIZATION
Baramulla	B-LOCATION
and	O
investigation	O
started	O
,	O
the	O
statement	O
said	O
,	O
adding	O
that	O
immediately	O
after	O
registration	O
of	O
the	O
case	O
,	O
a	O
trap	O
team	O
headed	O
by	O
DySP	O
rank	O
officer	O
and	O
independent	O
witnesses	O
was	O
constituted	O
.	O

The	O
team	O
caught	O
the	O
accused	O
Khalida	B-GIVEN_NAME
Tugoo	B-FAMILY_NAME
red	O
handed	O
while	O
demanding	O
and	O
accepting	O
bribe	O
from	O
the	O
complainant	O
on	O
behalf	O
of	O
the	O
main	O
accused	O
Mushtaq	B-GIVEN_NAME
Ahmad	B-FAMILY_NAME
Mir	I-FAMILY_NAME
,	O
the	O
statement	O
said	O
.	O

â	O
Later	O
on	O
both	O
of	O
them	O
found	O
involved	O
in	O
demanding	O
and	O
accepting	O
bribe	O
from	O
complainant	O
and	O
were	O
arrested	O
in	O
the	O
case	O
after	O
completing	O
all	O
legal	O
formalities	O
for	O
further	O
questioning	O
and	O
ascertaining	O
the	O
role	O
of	O
each	O
of	O
them	O
and	O
of	O
any	O
other	O
officer	O
in	O
the	O
case	O
.	O

Searches	O
were	O
also	O
conducted	O
at	O
the	O
residence	O
of	O
the	O
accused	O
,	O
â	O
the	O
statement	O
said	O
,	O
adding	O
that	O
further	O
investigations	O
are	O
going	O
on	O
.	O

