Ben	B-ORGANIZATION|B-GIVEN_NAME
-	I-ORGANIZATION|B-FAMILY_NAME
Gurion	I-ORGANIZATION|I-FAMILY_NAME
University	I-ORGANIZATION
of	I-ORGANIZATION
the	I-ORGANIZATION
Negev	I-ORGANIZATION
summoned	O
Watan	B-GIVEN_NAME
Madi	B-FAMILY_NAME
,	O
a	O
student	O
and	O
left	O
-	O
wing	O
activist	O
affiliated	O
with	O
the	O
Hadash	B-ORGANIZATION
party	O
's	O
campus	O
chapter	O
,	O
to	O
disciplinary	O
proceedings	O
on	O
Monday	B-DATE
over	O
a	O
Mahmoud	B-GIVEN_NAME
Darwish	B-FAMILY_NAME
quote	O
she	O
read	O
at	O
a	O
Nakba	B-DATE
Day	I-DATE
rally	O
â	O
the	O
university	O
claims	O
that	O
reading	O
the	O
call	O
by	O
the	O
famed	O
Palestinian	B-AFFILIATION
poet	O
to	O
"	O
not	O
forget	O
the	O
martyrs	O
"	O
constitutes	O
support	O
for	O
terrorism	O
.	O

At	O
the	O
Nakba	B-BRANDS
Day	B-MISC
memorial	O
event	O
organized	O
by	O
the	O
campus	O
Hadash	B-ORGANIZATION
chapter	O
back	O
in	O
May	B-DATE
,	O
Madi	B-GIVEN_NAME
concluded	O
her	O
speech	O
with	O
Darwish	B-GIVEN_NAME
's	O
words	O
,	O
"	O
We	O
will	O
not	O
forget	O
the	O
martyrs	O
who	O
fulfilled	O
the	O
unity	O
of	O
the	O
country	O
,	O
the	O
people	O
and	O
history	O
.	O
"	O

The	O
summons	O
letter	O
was	O
sent	O
on	O
Wednesday	B-DATE
following	O
a	O
complaint	O
filed	O
by	O
the	O
university	O
's	O
chapter	O
of	O
Im	B-ORGANIZATION
Tirtzu	I-ORGANIZATION
,	O
a	O
right	O
-	O
wing	O
Zionist	B-AFFILIATION
group	O
,	O
according	O
to	O
which	O
the	O
student	O
is	O
"	O
suspected	O
of	O
behavior	O
that	O
involves	O
disobedience	O
,	O
or	O
refusal	O
to	O
obey	O
the	O
instructions	O
of	O
the	O
authorities	O
.	O
"	O

In	O
a	O
Knesset	B-ORGANIZATION
hearing	O
back	O
in	O
May	B-DATE
,	O
Madi	B-GIVEN_NAME
said	O
that	O
the	O
quote	O
she	O
brought	O
concerns	O
only	O
the	O
"	O
martyrs	O
who	O
fell	O
in	O
1948	B-DATE
and	O
were	O
expelled	O
from	O
their	O
homes	O
"	O
.	O

Darwish	B-GIVEN_NAME
's	O
words	O
continue	O
with	O
the	O
need	O
to	O
insist	O
on	O
"	O
the	O
path	O
of	O
freedom	O
and	O
the	O
path	O
of	O
rebellion	O
,	O
until	O
the	O
two	O
eternal	O
twins	O
meet	O
:	O
freedom	O
and	O
peace	O
.	O
"	O

In	O
response	O
to	O
claims	O
that	O
words	O
of	O
support	O
for	O
terrorism	O
were	O
read	O
and	O
said	O
at	O
the	O
rally	O
,	O
the	O
chairman	O
of	O
the	O
Hadash	B-ORGANIZATION
branch	O
at	O
Ben	B-ORGANIZATION
-	I-ORGANIZATION
Gurion	I-ORGANIZATION
University	I-ORGANIZATION
,	O
Guevara	B-GIVEN_NAME
Bader	B-FAMILY_NAME
,	O
told	O
"	O
Haaretz	B-ORGANIZATION
"	O
at	O
the	O
time	O
that	O
the	O
event	O
was	O
a	O
memorial	O
rally	O
and	O
not	O
a	O
demonstration	O
,	O
therefore	O
only	O
texts	O
of	O
remembrance	O
and	O
empathy	O
for	O
the	O
victims	O
were	O
read	O
.	O

Madi	B-GIVEN_NAME
's	O
disciplinary	O
hearing	O
led	O
Bader	B-GIVEN_NAME
to	O
translate	O
Darwish	B-GIVEN_NAME
's	O
full	O
essay	O
,	O
replacing	O
the	O
word	O
"	O
martyr	O
"	O
with	O
the	O
word	O
"	O
fallen	O
"	O
:	O
"	O
We	O
will	O
not	O
forget	O
the	O
beginning	O
,	O
nor	O
the	O
keys	O
to	O
our	O
homes	O
,	O
nor	O
the	O
road	O
lamps	O
that	O
were	O
lit	O
with	O
our	O
blood	O
,	O
nor	O
the	O
fallen	O
who	O
fertilized	O
our	O
land	O
,	O
people	O
and	O
history	O
,	O
and	O
not	O
those	O
who	O
were	O
born	O
and	O
lived	O
on	O
the	O
sidelines	O
of	O
the	O
road	O
that	O
will	O
lead	O
us	O
to	O
the	O
spiritual	O
homeland	O
,	O
as	O
long	O
as	O
the	O
spirit	O
of	O
the	O
homeland	O
continues	O
to	O
inspire	O
us	O
.	O
"	O

The	O
university	O
claims	O
that	O
it	O
bases	O
its	O
allegations	O
against	O
Madi	B-GIVEN_NAME
on	O
the	O
definitions	O
of	O
the	O
word	O
martyr	O
(	O
shahid	O
)	O
in	O
the	O
Hebrew	B-AFFILIATION
online	O
dictionaries	O
Milog	B-BRANDS
and	O
Matah	B-BRANDS
.	O

These	O
dictionaries	O
explain	O
the	O
Muslim	B-AFFILIATION
concept	O
of	O
sacrificing	O
one	O
's	O
life	O
for	O
the	O
sake	O
of	O
religious	O
commandments	O
,	O
and	O
also	O
mention	O
how	O
Palestinians	B-AFFILIATION
use	O
the	O
term	O
to	O
refer	O
to	O
terrorists	O
.	O

"	O
Among	O
the	O
citizens	O
of	O
the	O
country	O
and	O
the	O
crowd	O
at	O
the	O
demonstration	O
,	O
the	O
term	O
is	O
commonly	O
used	O
to	O
describe	O
a	O
suicide	O
bomber	O
,	O
"	O
the	O
university	O
noted	O
in	O
the	O
summons	O
'	O
appendix	O
.	O

"	O
The	O
words	O
are	O
ones	O
of	O
support	O
and	O
love	O
for	O
those	O
who	O
use	O
violence	O
.	O

Support	O
for	O
terrorism	O
and	O
violence	O
can	O
also	O
be	O
done	O
in	O
the	O
form	O
of	O
a	O
quote	O
.	O
"	O

According	O
to	O
the	O
summons	O
,	O
the	O
university	O
sees	O
the	O
waving	O
of	O
Palestinian	B-AFFILIATION
flags	O
during	O
the	O
event	O
as	O
a	O
reinforcement	O
to	O
the	O
claim	O
that	O
Madi	B-GIVEN_NAME
expressed	O
support	O
for	O
terrorism	O
.	O

Madi	B-GIVEN_NAME
told	O
Haaretz	B-ORGANIZATION
that	O
Im	B-GIVEN_NAME
Tirzu	B-FAMILY_NAME
"	O
keeps	O
going	O
after	O
leftists	O
on	O
campuses	O
.	O

It	O
's	O
unclear	O
how	O
you	O
turn	O
a	O
passage	O
that	O
closes	O
with	O
a	O
call	O
for	O
freedom	O
and	O
peace	O
and	O
turn	O
it	O
into	O
support	O
for	O
terrorism	O
.	O

It	O
's	O
absurd	O
.	O
"	O

Ben	B-ORGANIZATION|B-GIVEN_NAME
-	I-ORGANIZATION|B-FAMILY_NAME
Gurion	I-ORGANIZATION|I-FAMILY_NAME
University	I-ORGANIZATION
stated	O
that	O
"	O
the	O
committee	O
will	O
decide	O
whether	O
the	O
complaint	O
is	O
justified	O
.	O

The	O
university	O
encourages	O
freedom	O
of	O
expression	O
,	O
but	O
will	O
not	O
tolerate	O
disciplinary	O
violations	O
.	O
"	O

Following	O
the	O
Nakba	B-BRANDS
Day	B-MISC
event	O
,	O
where	O
Palestinian	B-AFFILIATION
flags	O
were	O
waved	O
,	O
Finance	O
Minister	O
Avigdor	B-GIVEN_NAME
Liberman	B-FAMILY_NAME
advocated	O
for	O
a	O
reduction	O
in	O
state	O
funding	O
for	O
Ben	B-ORGANIZATION
-	I-ORGANIZATION
Gurion	I-ORGANIZATION
University	I-ORGANIZATION
.	O
Liberman	B-GIVEN_NAME
asked	O
for	O
a	O
review	O
of	O
the	O
university	O
's	O
conduct	O
,	O
with	O
the	O
goal	O
of	O
cutting	O
its	O
budget	O
in	O
mind	O
.	O

