At	O
the	O
same	O
time	O
that	O
Israeli	B-AFFILIATION
Prime	O
Minister	O
Yair	B-GIVEN_NAME
Lapid	B-FAMILY_NAME
,	O
Emirati	B-AFFILIATION
leader	O
Sheikh	B-GIVEN_NAME
Mohamed	B-FAMILY_NAME
bin	I-FAMILY_NAME
Zayed	I-FAMILY_NAME
,	O
U.	B-LOCATION
S.	I-LOCATION
President	O
Joe	B-GIVEN_NAME
Biden	B-FAMILY_NAME
and	O
Indian	B-AFFILIATION
Prime	O
Minister	O
Narendra	B-GIVEN_NAME
Modi	B-FAMILY_NAME
were	O
having	O
a	O
conference	O
call	O
this	O
month	O
in	O
the	O
framework	O
of	O
their	O
I	B-ORGANIZATION
2	I-ORGANIZATION
U	I-ORGANIZATION
2	I-ORGANIZATION
economic	O
alliance	O
,	O
the	O
news	O
came	O
that	O
Gautam	B-GIVEN_NAME
Adani	B-FAMILY_NAME
,	O
reportedly	O
the	O
richest	O
man	O
in	O
Asia	B-LOCATION
,	O
had	O
acquired	O
Haifa	B-LOCATION|B-LOCATION
Port	I-LOCATION
together	O
with	O
the	O
Israeli	B-AFFILIATION
company	O
Gadot	B-ORGANIZATION
Chemical	I-ORGANIZATION
Terminals	I-ORGANIZATION
.	O

â	O
Immense	O
strategic	O
and	O
historical	O
significance	O
for	O
both	O
nations	O
!	O
â	O

Adani	B-GIVEN_NAME
tweeted	O
,	O
explaining	O
the	O
4.1	B-MONEY
billion	I-MONEY
shekels	I-MONEY
(	O
$	B-MONEY
1.2	I-MONEY
billion	I-MONEY
)	O
he	O
paid	O
for	O
the	O
port	O
â	O
a	O
billion	B-MONEY
shekels	I-MONEY
more	O
than	O
the	O
bids	O
made	O
by	O
the	O
two	O
others	O
competing	O
to	O
him	O
for	O
the	O
prize	O
.	O

The	O
benefit	O
to	O
Israel	B-LOCATION
is	O
clear	O
.	O

For	O
India	B-LOCATION
,	O
it	O
âs	O
an	O
important	O
breakthrough	O
,	O
representing	O
a	O
victory	O
over	O
China	B-LOCATION
(	O
whose	O
bid	O
was	O
rejected	O
under	O
heavy	O
U.	B-LOCATION
S.	I-LOCATION
pressure	O
)	O
and	O
establishing	O
for	O
it	O
a	O
bridgehead	O
on	O
the	O
Mediterranean	B-LOCATION
.	O

India	B-LOCATION
established	O
diplomatic	O
relations	O
with	O
Israel	B-LOCATION
in	O
1992	B-DATE
,	O
but	O
strategic	O
ties	O
between	O
the	O
two	O
countries	O
had	O
been	O
going	O
on	O
quietly	O
for	O
some	O
time	O
before	O
.	O

Today	O
,	O
India	B-LOCATION
is	O
the	O
world	O
âs	O
biggest	O
importer	O
of	O
Israeli	B-AFFILIATION
arms	O
,	O
amounting	O
to	O
about	O
$	B-MONEY
1	I-MONEY
billion	I-MONEY
annually	O
.	O

It	O
also	O
partners	O
with	O
Israel	B-LOCATION
in	O
weapons	O
production	O
,	O
holds	O
joint	O
military	O
maneuvers	O
and	O
employs	O
Israeli	B-AFFILIATION
military	O
instructors	O
.	O

According	O
to	O
the	O
Stockholm	B-ORGANIZATION|B-LOCATION
International	I-ORGANIZATION
Peace	I-ORGANIZATION
Research	I-ORGANIZATION
Institute	I-ORGANIZATION
,	O
India	B-LOCATION
âs	O
military	O
spending	O
reached	O
more	O
than	O
$	B-MONEY
76	I-MONEY
billion	I-MONEY
in	O
2021	B-DATE
,	O
making	O
it	O
the	O
third	O
-	O
largest	O
in	O
the	O
world	O
after	O
the	O
United	B-LOCATION
States	I-LOCATION
and	O
China	B-LOCATION
.	O

Israel	B-LOCATION
âs	O
share	O
in	O
Indian	B-AFFILIATION
weapons	O
procurement	O
has	O
risen	O
from	O
4.7	O
percent	O
in	O
2010-15	B-DATE
to	O
13	O
percent	O
in	O
2015-20	B-DATE
.	O
The	O
Indian	B-AFFILIATION
share	O
of	O
Israeli	B-AFFILIATION
arms	O
exports	O
rose	O
from	O
27	O
percent	O
in	O
the	O
years	O
before	O
Modi	B-GIVEN_NAME
was	O
elected	O
prime	O
minister	O
in	O
2014	B-DATE
to	O
42	O
percent	O
today	O
.	O

Five	B-DURATION
years	I-DURATION
ago	O
,	O
IMI	B-ORGANIZATION
Systems	I-ORGANIZATION
(	O
previously	O
Israel	B-ORGANIZATION|B-LOCATION
Military	I-ORGANIZATION
Industries	I-ORGANIZATION
)	O
formed	O
a	O
joint	O
venture	O
with	O
an	O
Indian	B-AFFILIATION
construction	O
company	O
to	O
manufacture	O
light	O
weapons	O
in	O
India	B-LOCATION
,	O
including	O
the	O
Tavor	B-BRANDS
assault	I-BRANDS
rifle	I-BRANDS
,	O
Galil	B-BRANDS
Sniper	I-BRANDS
rifles	I-BRANDS
and	O
Uzi	B-BRANDS
submachine	I-BRANDS
guns	I-BRANDS
.	O
The	O
JV	O
also	O
includes	O
the	O
Adani	B-ORGANIZATION
company	O
that	O
won	O
the	O
Haifa	B-LOCATION|B-LOCATION
Port	I-LOCATION
tender	O
.	O
Last	O
year	O
,	O
the	O
Indian	B-ORGANIZATION|B-AFFILIATION
army	I-ORGANIZATION
ordered	O
Israeli	B-BRANDS|B-AFFILIATION
Sky	I-BRANDS
-	I-BRANDS
Striker	I-BRANDS
drones	I-BRANDS
,	O
which	O
are	O
manufactured	O
in	O
India	B-LOCATION
by	O
Israel	B-LOCATION
âs	O
Elbit	B-ORGANIZATION
Systems	I-ORGANIZATION
and	O
Alpha	B-ORGANIZATION
Design	I-ORGANIZATION
Technologies	I-ORGANIZATION
,	O
another	O
Adani	B-ORGANIZATION
company	O
.	O

Centuries	O
-	O
old	O
historical	O
links	O

At	O
the	O
same	O
time	O
,	O
India	B-LOCATION
has	O
been	O
cultivating	O
diplomatic	O
and	O
economic	O
links	O
with	O
Iran	B-LOCATION
.	O
In	O
June	B-DATE
,	O
Iranian	B-AFFILIATION
Foreign	O
Minister	O
Hossein	B-GIVEN_NAME
Amir	B-FAMILY_NAME
-	I-FAMILY_NAME
Abdollahian	I-FAMILY_NAME
visited	O
New	B-LOCATION
Delhi	I-LOCATION
and	O
met	O
with	O
his	O
Indian	B-AFFILIATION
colleague	O
,	O
Subrahmanyam	B-GIVEN_NAME
Jaishankar	B-FAMILY_NAME
,	O
as	O
well	O
as	O
Prime	O
Minister	O
Modi	B-GIVEN_NAME
.	O

â	O
[	O
I	O
]	O
was	O
happy	O
to	O
receive	O
Foreign	O
Minister	O
Hossein	B-GIVEN_NAME
Amirabdollahian	B-FAMILY_NAME
for	O
a	O
useful	O
discussion	O
on	O
further	O
development	O
of	O
centuries	O
-	O
old	O
civilizational	O
links	O
between	O
India	B-LOCATION
and	O
Iran	B-LOCATION
.	O
Our	O
relations	O
have	O
mutually	O
benefited	O
both	O
the	O
countries	O
and	O
have	O
promoted	O
regional	O
security	O
and	O
prosperity	O
,	O
â	O
Modi	B-GIVEN_NAME
tweeted	O
afterwards	O
.	O

Several	O
days	O
later	O
,	O
the	O
deputy	O
foreign	O
ministers	O
of	O
the	O
two	O
countries	O
met	O
to	O
discuss	O
bilateral	O
issues	O
,	O
including	O
further	O
development	O
of	O
Iran	B-LOCATION
âs	O
Chabahar	B-LOCATION|B-LOCATION
Port	I-LOCATION
.	O
India	B-LOCATION
has	O
committed	O
to	O
investing	O
$	B-MONEY
500	I-MONEY
million	I-MONEY
in	O
the	O
port	O
,	O
which	O
is	O
supposed	O
to	O
serve	O
as	O
a	O
strategic	O
way	O
station	O
between	O
India	B-LOCATION
,	O
Iran	B-LOCATION
and	O
Central	B-LOCATION
Asia	I-LOCATION
.	O
In	O
order	O
to	O
continue	O
development	O
,	O
India	B-LOCATION
received	O
a	O
rare	O
exemption	O
from	O
the	O
United	B-LOCATION
States	I-LOCATION
from	O
the	O
sanctions	O
it	O
has	O
imposed	O
on	O
Iran	B-LOCATION
.	O

One	O
of	O
the	O
reasons	O
for	O
this	O
is	O
that	O
Chabahar	B-LOCATION
will	O
be	O
competing	O
with	O
Pakistan	B-LOCATION
âs	O
Gwadar	B-LOCATION|B-LOCATION
Sea	I-LOCATION
Port	I-LOCATION
,	O
which	O
is	O
90	O
kilometers	O
away	O
.	O
China	B-LOCATION
has	O
invested	O
billions	B-MONEY
of	I-MONEY
dollars	I-MONEY
to	O
enable	O
Gwadar	B-LOCATION
to	O
serve	O
as	O
a	O
node	O
in	O
China	B-LOCATION
âs	O
Belt	B-BRANDS
and	B-MISC
Road	I-MISC
initiative	I-MISC
,	O
a	O
way	O
station	O
between	O
it	O
and	O
the	O
countries	O
of	O
the	O
Persian	B-LOCATION
Gulf	I-LOCATION
.	O
Washington	B-LOCATION
would	O
prefer	O
that	O
Chabahar	B-LOCATION
,	O
even	O
if	O
it	O
is	O
in	O
Iran	B-LOCATION
,	O
becomes	O
the	O
region	O
âs	O
main	O
port	O
.	O

As	O
recently	O
as	O
2019	B-DATE
,	O
Iran	B-LOCATION
was	O
India	B-LOCATION
âs	O
main	O
supplier	O
of	O
oil	O
while	O
India	B-LOCATION
was	O
investing	O
billions	B-MONEY
of	I-MONEY
dollars	I-MONEY
developing	O
Iran	B-LOCATION
âs	O
energy	O
sector	O
.	O
After	O
Tehran	B-LOCATION
began	O
violating	O
the	O
terms	O
of	O
the	O
2015	B-DATE
nuclear	O
accord	O
,	O
in	O
response	O
to	O
the	O
U.	B-LOCATION
S.	I-LOCATION
exit	O
from	O
it	O
,	O
India	B-LOCATION
ceased	O
buying	O
Iranian	B-AFFILIATION
petroleum	O
in	O
favor	O
of	O
alternative	O
,	O
costlier	O
imports	O
.	O

However	O
,	O
when	O
the	O
International	B-ORGANIZATION
Atomic	I-ORGANIZATION
Energy	I-ORGANIZATION
Agency	I-ORGANIZATION
condemned	O
Iran	B-LOCATION
for	O
suspending	O
its	O
monitoring	O
of	O
nuclear	O
facilities	O
,	O
India	B-LOCATION
avoided	O
joining	O
in	O
.	O
Recently	O
,	O
India	B-LOCATION
has	O
decided	O
to	O
discuss	O
big	O
trade	O
deals	O
with	O
Iran	B-LOCATION
to	O
be	O
paid	O
with	O
Indian	B-MONEY|B-AFFILIATION
rupees	I-MONEY
,	O
thereby	O
circumventing	O
American	B-AFFILIATION
sanctions	O
by	O
not	O
using	O
dollars	B-MONEY
.	O
India	B-LOCATION
has	O
already	O
done	O
the	O
same	O
with	O
Russia	B-LOCATION
,	O
which	O
is	O
selling	O
India	B-LOCATION
oil	O
at	O
sharply	O
discounted	O
prices	O
with	O
payment	O
in	O
rubles	B-MONEY
or	O
even	O
Emirati	B-MONEY|B-AFFILIATION
dirhams	I-MONEY
.	O

Russia	B-LOCATION
is	O
learning	O
from	O
Iran	B-LOCATION

Strategic	O
relations	O
between	O
India	B-LOCATION
and	O
Iran	B-LOCATION
passed	O
another	O
important	O
test	O
this	O
month	O
:	O
The	O
first	O
train	O
,	O
carrying	O
39	O
shipping	O
containers	O
,	O
left	O
at	O
the	O
end	O
of	O
June	B-DATE
left	O
from	O
the	O
Chekhov	B-LOCATION|B-LOCATION
subway	I-LOCATION
station	I-LOCATION
in	O
Moscow	B-LOCATION
on	O
its	O
way	O
to	O
the	O
Iranian	B-AFFILIATION|B-AFFILIATION
port	O
of	O
Bandar	B-LOCATION
Abbas	I-LOCATION
from	O
where	O
its	O
cargo	O
will	O
continue	O
by	O
sea	O
to	O
India	B-LOCATION
.	O
This	O
north	O
-	O
south	O
transportation	O
corridor	O
aims	O
to	O
replace	O
the	O
traditional	O
route	O
between	O
Russia	B-LOCATION
,	O
Iran	B-LOCATION
and	O
India	B-LOCATION
that	O
runs	O
through	O
the	O
Baltic	B-LOCATION
and	O
Mediterranean	B-LOCATION
seas	O
and	O
the	O
Suez	B-LOCATION
Canal	I-LOCATION
.	O
The	O
new	O
corridor	O
is	O
expected	O
to	O
cut	O
the	O
length	O
of	O
the	O
journey	O
by	O
40	O
percent	O
and	O
the	O
cost	O
by	O
30	O
percent	O
.	O

Egypt	B-LOCATION
is	O
already	O
looking	O
on	O
with	O
concern	O
about	O
the	O
impact	O
the	O
new	O
corridor	O
will	O
have	O
on	O
its	O
Suez	B-LOCATION
revenues	O
.	O
Iran	B-LOCATION
,	O
however	O
,	O
will	O
be	O
the	O
big	O
beneficiary	O
.	O
The	O
new	O
corridor	O
will	O
enable	O
it	O
to	O
skirt	O
the	O
sanctions	O
imposed	O
on	O
it	O
,	O
collect	O
transportation	O
fees	O
on	O
cargo	O
en	O
route	O
to	O
India	B-LOCATION
from	O
Russia	B-LOCATION
,	O
as	O
well	O
as	O
from	O
other	O
neighboring	O
countries	O
like	O
Kazakhstan	B-LOCATION
and	O
Turkmenistan	B-LOCATION
,	O
and	O
pay	O
for	O
its	O
own	O
purchases	O
from	O
the	O
fees	O
it	O
collects	O
.	O
If	O
and	O
when	O
a	O
nuclear	O
agreement	O
is	O
signed	O
,	O
Iran	B-LOCATION
will	O
become	O
a	O
transit	O
route	O
for	O
goods	O
coming	O
from	O
the	O
West	B-AFFILIATION
(	O
?	O
)	O
to	O
Russia	B-LOCATION
.	O

The	O
close	O
ties	O
between	O
India	B-LOCATION
and	O
Iran	B-LOCATION
are	O
nât	O
necessarily	O
coming	O
at	O
the	O
expense	O
of	O
Israel	B-LOCATION
,	O
just	O
as	O
Israel	B-LOCATION
âs	O
dealings	O
with	O
India	B-LOCATION
have	O
nât	O
harmed	O
India	B-LOCATION
âs	O
standing	O
in	O
Iran	B-LOCATION
.	O
Iran	B-LOCATION
has	O
and	O
will	O
continue	O
to	O
sell	O
oil	O
to	O
India	B-LOCATION
and	O
has	O
never	O
conditioned	O
trade	O
on	O
New	B-LOCATION
Delhi	I-LOCATION
âs	O
breaking	O
ties	O
with	O
the	O
Jewish	B-AFFILIATION
state	O
,	O
the	O
same	O
way	O
it	O
has	O
never	O
made	O
any	O
such	O
demand	O
from	O
Turkey	B-LOCATION
or	O
any	O
other	O
country	O
with	O
which	O
it	O
has	O
trade	O
relations	O
.	O

Israel	B-LOCATION
has	O
adopted	O
the	O
same	O
policy	O
.	O
Israeli	B-AFFILIATION
weapon	O
sales	O
to	O
India	B-LOCATION
have	O
nât	O
been	O
conditioned	O
on	O
ending	O
New	B-LOCATION
Delhi	I-LOCATION
âs	O
ties	O
with	O
Iran	B-LOCATION
,	O
just	O
as	O
it	O
did	O
nât	O
impose	O
any	O
such	O
condition	O
on	O
the	O
Adani	B-ORGANIZATION
company	I-ORGANIZATION
acquiring	O
Haifa	B-LOCATION|B-LOCATION
Port	I-LOCATION
,	O
even	O
though	O
Adani	B-ORGANIZATION
ports	O
in	O
India	B-LOCATION
handle	O
goods	O
coming	O
from	O
Iran	B-LOCATION
.	O

The	O
web	O
of	O
ties	O
and	O
interests	O
that	O
links	O
India	B-LOCATION
,	O
Israel	B-LOCATION
and	O
Iran	B-LOCATION
proves	O
once	O
again	O
that	O
a	O
binary	O
strategy	O
that	O
seeks	O
to	O
distinguish	O
between	O
Iran	B-LOCATION
âs	O
supporters	O
and	O
its	O
opponents	O
and	O
aspires	O
to	O
build	O
an	O
anti	O
-	O
Iranian	B-AFFILIATION
coalition	O
,	O
looks	O
good	O
on	O
paper	O
.	O
But	O
it	O
runs	O
aground	O
on	O
the	O
rocks	O
of	O
realpolitik	O
.	O
Iran	B-LOCATION
is	O
now	O
teaching	O
Russia	B-LOCATION
how	O
to	O
skirt	O
international	O
sanctions	O
,	O
is	O
exploiting	O
their	O
common	O
interests	O
and	O
building	O
mechanisms	O
to	O
get	O
around	O
the	O
use	O
of	O
the	O
dollar	O
and	O
resist	O
international	O
pressure	O
.	O

The	O
main	O
player	O
in	O
all	O
this	O
is	O
India	B-LOCATION
,	O
which	O
has	O
become	O
Russia	B-LOCATION
âs	O
lifeline	O
.	O
India	B-LOCATION
has	O
nât	O
signed	O
on	O
to	O
the	O
sanctions	O
imposed	O
on	O
Russia	B-LOCATION
and	O
is	O
buying	O
nearly	O
four	O
times	O
the	O
amount	O
of	O
Russian	B-AFFILIATION
oil	O
it	O
did	O
before	O
the	O
war	O
in	O
Ukraine	B-LOCATION
began	O
.	O
Yet	O
,	O
at	O
the	O
same	O
time	O
,	O
it	O
remains	O
a	O
strategic	O
partner	O
of	O
the	O
United	B-LOCATION
States	I-LOCATION
.	O

