With	O
five	O
weeks	O
to	O
go	O
till	O
the	O
start	O
of	O
the	O
Israeli	B-AFFILIATION
school	O
year	O
,	O
parents	O
are	O
beginning	O
the	O
annual	O
routine	O
of	O
buying	O
books	O
and	O
backpacks	O
,	O
and	O
giving	O
thought	O
to	O
after	O
-	O
school	O
programs	O
.	O

But	O
this	O
year	O
,	O
the	O
routine	O
also	O
includes	O
watching	O
the	O
headlines	O
to	O
see	O
whether	O
the	O
treasury	O
and	O
teachers	O
unions	O
reach	O
a	O
collective	O
labor	O
agreement	O
.	O

Without	O
one	O
,	O
teachers	O
are	O
threatening	O
to	O
strike	O
September	B-DATE
1	I-DATE
,	O
when	O
classes	O
are	O
supposed	O
to	O
begin	O
.	O

The	O
strike	O
threat	O
is	O
the	O
latest	O
crisis	O
for	O
Israel	B-LOCATION
âs	O
education	O
system	O
,	O
which	O
seems	O
to	O
lurch	O
from	O
one	O
emergency	O
to	O
the	O
next	O
.	O

The	O
last	O
school	O
year	O
ended	O
with	O
teachers	O
staging	O
a	O
partial	O
strike	O
,	O
and	O
before	O
that	O
the	O
schools	O
struggled	O
with	O
remote	O
teaching	O
during	O
the	O
COVID	B-BRANDS
pandemic	O
.	O

The	O
new	O
school	O
year	O
will	O
be	O
starting	O
with	O
a	O
shortfall	O
of	O
some	O
5,600	O
teachers	O
â	O
most	O
of	O
it	O
in	O
the	O
critical	O
subjects	O
of	O
math	O
,	O
science	O
and	O
English	B-AFFILIATION
.	O

And	O
those	O
are	O
only	O
the	O
current	O
problems	O
.	O

Israeli	B-AFFILIATION
schools	O
face	O
a	O
much	O
more	O
fundamental	O
dilemma	O
:	O
Despite	O
record	O
spending	O
on	O
education	O
and	O
improving	O
metrics	O
for	O
such	O
things	O
as	O
student	O
-	O
teacher	O
ratios	O
,	O
Israeli	B-AFFILIATION
students	O
test	O
poorly	O
against	O
their	O
peers	O
in	O
other	O
developed	O
countries	O
in	O
critical	O
skills	O
.	O

That	O
âs	O
an	O
existential	O
problem	O
for	O
a	O
country	O
that	O
depends	O
on	O
an	O
educated	O
population	O
to	O
sustain	O
its	O
democratic	B-AFFILIATION
system	O
of	O
government	O
,	O
power	O
its	O
high	O
-	O
tech	O
industry	O
and	O
crew	O
an	O
increasingly	O
tech	O
-	O
focused	O
army	O
,	O
says	O
Dan	B-GIVEN_NAME
Ben	B-FAMILY_NAME
-	I-FAMILY_NAME
David	I-FAMILY_NAME
,	O
a	O
Tel	B-LOCATION|B-LOCATION
Aviv	I-LOCATION|I-LOCATION
University	B-ORGANIZATION
professor	O
of	O
economics	O
who	O
has	O
written	O
extensively	O
on	O
the	O
problems	O
of	O
education	O
in	O
Israel	B-LOCATION
.	O

â	O
Startup	B-ORGANIZATION
Nation	I-ORGANIZATION
is	O
cutting	O
edge	O
,	O
our	O
universities	O
are	O
among	O
the	O
best	O
in	O
the	O
world	O
.	O

Then	O
there	O
âs	O
the	O
other	O
Israel	B-LOCATION
,	O
which	O
is	O
receiving	O
a	O
Third	B-BRANDS
World	B-MISC
education	O
that	O
makes	O
the	O
situation	O
unsustainable	O
,	O
â	O
he	O
says	O
.	O

â	O
When	O
our	O
children	O
grow	O
up	O
,	O
they	O
will	O
have	O
been	O
trained	O
for	O
working	O
in	O
a	O
Third	B-BRANDS
World	B-MISC
economy	O
.	O
â	O

Israel	B-LOCATION
âs	O
education	O
system	O
does	O
almost	O
nothing	O
to	O
measure	O
student	O
achievement	O
over	O
time	O
.	O

But	O
the	O
Organization	B-ORGANIZATION
for	I-ORGANIZATION
Economic	I-ORGANIZATION
Cooperation	I-ORGANIZATION
and	I-ORGANIZATION
Development	I-ORGANIZATION
administers	O
its	O
Program	B-BRANDS
for	B-MISC
International	I-MISC
Student	I-MISC
Assessment	I-MISC
every	O
two	B-DURATION
years	I-DURATION
,	O
and	O
the	O
results	O
are	O
depressing	O
:	O

The	O
latest	O
PISA	B-BRANDS
exam	O
shows	O
Israeli	B-AFFILIATION
15	O
-	O
year	O
-	O
olds	O
scoring	O
at	O
the	O
bottom	O
of	O
developed	O
-	O
country	O
teens	O
for	O
reading	O
,	O
math	O
and	O
science	O
skills	O
(	O
ranking	O
37th	O
,	O
41st	O
and	O
42nd	O
among	O
all	O
79	O
participating	O
countries	O
)	O
.	O

Israeli	B-AFFILIATION
students	O
made	O
some	O
modest	O
improvement	O
in	O
their	O
PISA	B-BRANDS
scores	O
over	O
the	O
first	O
decade	O
of	O
the	O
2000s	O
,	O
but	O
since	O
then	O
their	O
scores	O
have	O
plateaued	O
.	O

And	O
in	O
the	O
last	O
PISA	B-BRANDS
exam	O
(	O
administered	O
four	B-DURATION
years	I-DURATION
ago	O
,	O
due	O
to	O
COVID	B-BRANDS
)	O
,	O
they	O
actually	O
fell	O
.	O

Israeli	B-AFFILIATION
scores	O
were	O
weighed	O
down	O
by	O
especially	O
poor	O
numbers	O
by	O
Arab	B-AFFILIATION
students	O
,	O
but	O
ultra	B-AFFILIATION
-	I-AFFILIATION
Orthodox	I-AFFILIATION
students	O
are	O
nât	O
tested	O
at	O
all	O
.	O

If	O
they	O
had	O
been	O
,	O
the	O
overall	O
scores	O
would	O
have	O
been	O
much	O
lower	O
,	O
since	O
Haredi	B-AFFILIATION
schools	O
do	O
nât	O
for	O
the	O
most	O
part	O
teach	O
nonreligious	O
subjects	O
.	O

Teachers	O
unions	O
attribute	O
the	O
poor	O
performance	O
to	O
low	O
teacher	O
pay	O
and	O
poor	O
conditions	O
.	O

While	O
that	O
may	O
have	O
been	O
true	O
years	O
ago	O
,	O
the	O
education	O
budget	O
and	O
salaries	O
have	O
grown	O
considerably	O
over	O
the	O
last	O
decade	O
.	O

By	O
most	O
metrics	O
,	O
Israeli	B-AFFILIATION
schools	O
measure	O
up	O
to	O
their	O
OECD	B-ORGANIZATION
peers	O
.	O

Even	O
after	O
discounting	O
for	O
inflation	O
,	O
spending	O
on	O
education	O
per	O
pupil	O
has	O
been	O
rising	O
steadily	O
since	O
1990	B-DATE
â	O
especially	O
for	O
secondary	O
schools	O
.	O

Israel	B-LOCATION
devotes	O
5.8	O
percent	O
of	O
its	O
gross	O
domestic	O
product	O
to	O
education	O
,	O
more	O
than	O
any	O
other	O
OECD	B-ORGANIZATION
country	O
.	O

It	O
also	O
has	O
a	O
relatively	O
large	O
student	O
-	O
age	O
population	O
.	O

But	O
even	O
after	O
taking	O
that	O
into	O
account	O
,	O
Israeli	B-AFFILIATION
school	O
spending	O
is	O
in	O
the	O
middle	O
of	O
the	O
OECD	B-ORGANIZATION
range	O
.	O

Although	O
Israeli	B-AFFILIATION
classrooms	O
generally	O
have	O
more	O
students	O
than	O
the	O
OECD	B-ORGANIZATION
average	O
,	O
Israel	B-LOCATION
âs	O
student	O
-	O
teacher	O
ratio	O
is	O
mostly	O
lower	O
:	O

At	O
the	O
elementary	O
school	O
level	O
,	O
there	O
are	O
15.4	O
students	O
per	O
teacher	O
versus	O
14.7	O
for	O
the	O
OECD	B-ORGANIZATION
.	O

But	O
in	O
middle	O
schools	O
the	O
Israeli	B-AFFILIATION
ratio	O
is	O
a	O
more	O
favorable	O
12.1	O
versus	O
12.8	O
,	O
and	O
in	O
high	O
school	O
it	O
is	O
even	O
better	O
at	O
9.9	O
and	O
12.1	O
,	O
respectively	O
.	O

Teachers	O
â	O
salaries	O
have	O
risen	O
90	O
percent	O
over	O
the	O
last	O
two	O
decades	O
,	O
according	O
to	O
the	O
Central	B-ORGANIZATION
Bureau	I-ORGANIZATION
of	I-ORGANIZATION
Statistics	I-ORGANIZATION
,	O
to	O
an	O
average	O
of	O
12,000	B-MONEY
shekels	I-MONEY
(	O
about	O
$	B-MONEY
3,500	I-MONEY
)	O
a	O
month	O
in	O
2019	B-DATE
,	O
versus	O
a	O
national	O
average	O
of	O
10,800	B-MONEY
shekels	I-MONEY
.	O

The	O
problem	O
Israeli	B-AFFILIATION
schools	O
contend	O
with	O
is	O
nât	O
a	O
lack	O
of	O
money	O
or	O
staff	O
,	O
but	O
an	O
extraordinarily	O
poor	O
use	O
of	O
the	O
resources	O
it	O
does	O
have	O
,	O
experts	O
say	O
.	O

One	O
example	O
is	O
the	O
system	O
of	O
teacher	O
pay	O
,	O
which	O
does	O
nothing	O
to	O
attract	O
and	O
retain	O
the	O
best	O
staff	O
.	O

Teachers	O
with	O
years	O
on	O
the	O
job	O
get	O
paid	O
well	O
,	O
averaging	O
20,000	B-MONEY
shekels	I-MONEY
a	O
month	O
for	O
those	O
aged	O
55	O
or	O
older	O
.	O

But	O
increased	O
pay	O
is	O
nât	O
connected	O
with	O
job	O
performance	O
â	O
salary	O
increases	O
are	O
based	O
on	O
seniority	O
and	O
bonuses	O
for	O
advanced	O
training	O
.	O

There	O
âs	O
no	O
such	O
thing	O
as	O
bonuses	O
for	O
excellence	O
or	O
significantly	O
extra	O
pay	O
for	O
taking	O
on	O
more	O
work	O
,	O
such	O
as	O
homeroom	O
teacher	O
.	O

Pay	O
for	O
teachers	O
in	O
fields	O
where	O
there	O
is	O
a	O
lot	O
of	O
demand	O
but	O
less	O
supply	O
,	O
such	O
as	O
math	O
,	O
is	O
the	O
same	O
for	O
those	O
teaching	O
other	O
subjects	O
.	O

In	O
contrast	O
to	O
veteran	O
teachers	O
,	O
starting	O
salaries	O
for	O
new	O
teachers	O
are	O
very	O
low	O
and	O
it	O
is	O
rare	O
for	O
them	O
to	O
find	O
a	O
full	O
-	O
time	O
job	O
.	O

On	O
paper	O
,	O
a	O
starting	O
teacher	O
earns	O
9,600	B-MONEY
shekels	I-MONEY
a	O
month	O
,	O
but	O
in	O
practice	O
most	O
work	O
only	O
two	O
-	O
thirds	O
of	O
a	O
day	O
shift	O
because	O
without	O
seniority	O
and	O
union	O
protection	O
,	O
new	O
teachers	O
are	O
at	O
the	O
mercy	O
of	O
school	O
principals	O
anxious	O
to	O
fill	O
slots	O
.	O

In	O
reality	O
,	O
their	O
average	O
pay	O
is	O
only	O
5,600	B-MONEY
shekels	I-MONEY
a	O
month	O
.	O

Large	O
numbers	O
of	O
young	O
teachers	O
quit	O
the	O
profession	O
everywhere	O
in	O
the	O
world	O
,	O
among	O
other	O
reasons	O
because	O
many	O
discover	O
that	O
they	O
âre	O
not	O
suited	O
for	O
the	O
work	O
.	O

However	O
,	O
Avrum	B-GIVEN_NAME
Tomer	B-FAMILY_NAME
,	O
an	O
education	O
policy	O
researcher	O
at	O
the	O
Kohelet	B-ORGANIZATION
Policy	I-ORGANIZATION
Forum	I-ORGANIZATION
think	O
tank	O
,	O
is	O
concerned	O
that	O
in	O
Israel	B-LOCATION
too	O
many	O
of	O
the	O
best	O
leave	O
â	O
and	O
that	O
âs	O
because	O
of	O
low	O
pay	O
and	O
poor	O
conditions	O
.	O

High	O
turnover	O
among	O
younger	O
teachers	O
has	O
left	O
the	O
education	O
system	O
starved	O
for	O
staff	O
.	O

According	O
to	O
the	O
Education	B-ORGANIZATION
Ministry	I-ORGANIZATION
,	O
there	O
are	O
5,600	O
positions	O
unfilled	O
ahead	O
of	O
the	O
2022-23	B-DATE
school	O
year	O
,	O
with	O
especially	O
severe	O
shortages	O
in	O
the	O
center	O
of	O
the	O
country	O
,	O
and	O
in	O
English	B-AFFILIATION
and	O
math	O
.	O

That	O
number	O
probably	O
understates	O
the	O
real	O
shortage	O
because	O
it	O
is	O
based	O
on	O
positions	O
principals	O
say	O
they	O
have	O
yet	O
to	O
fill	O
.	O

But	O
in	O
many	O
cases	O
,	O
the	O
schools	O
are	O
nât	O
even	O
aspiring	O
to	O
teach	O
critical	O
subjects	O
like	O
computer	O
science	O
.	O

If	O
they	O
did	O
,	O
the	O
shortfall	O
would	O
be	O
greater	O
.	O

Moreover	O
,	O
enrollment	O
at	O
teachers	O
colleges	O
and	O
retraining	O
programs	O
for	O
people	O
seeking	O
to	O
move	O
into	O
the	O
teaching	O
profession	O
have	O
been	O
declining	O
,	O
meaning	O
the	O
shortage	O
is	O
likely	O
to	O
grow	O
worse	O
.	O

Those	O
shortages	O
ca	O
nât	O
be	O
easily	O
solved	O
,	O
because	O
the	O
system	O
is	O
too	O
rigid	O
to	O
respond	O
to	O
supply	O
-	O
demand	O
imbalances	O
by	O
offering	O
high	O
salaries	O
.	O

â	O
We	O
have	O
a	O
major	O
problem	O
finding	O
good	O
math	O
and	O
English	B-AFFILIATION
teachers	O
,	O
because	O
there	O
âs	O
so	O
much	O
demand	O
for	O
them	O
in	O
the	O
private	O
market	O
,	O
â	O
says	O
Ben	B-GIVEN_NAME
-	B-FAMILY_NAME
David	I-FAMILY_NAME
.	O

â	O
We	O
need	O
to	O
pay	O
a	O
fair	O
salary	O
for	O
everyone	O
,	O
but	O
we	O
need	O
to	O
pay	O
higher	O
salaries	O
in	O
fields	O
where	O
it	O
is	O
difficult	O
to	O
recruit	O
.	O
â	O

In	O
the	O
current	O
round	O
of	O
negotiations	O
,	O
the	O
treasury	O
wanted	O
to	O
institute	O
some	O
reforms	O
,	O
but	O
it	O
appears	O
to	O
be	O
backing	O
down	O
on	O
most	O
of	O
them	O
in	O
the	O
face	O
of	O
opposition	O
from	O
the	O
teachers	O
â	O
union	O
â	O
which	O
is	O
seemingly	O
more	O
interested	O
in	O
defending	O
the	O
rights	O
of	O
older	O
teachers	O
,	O
who	O
represent	O
its	O
core	O
membership	O
,	O
than	O
in	O
encouraging	O
new	O
ones	O
.	O

Tomer	B-GIVEN_NAME
says	O
the	O
solution	O
lies	O
principally	O
in	O
decentralizing	O
the	O
educational	O
system	O
,	O
which	O
would	O
solve	O
problems	O
such	O
as	O
hiring	O
and	O
keeping	O
quality	O
teachers	O
.	O

Other	O
countries	O
have	O
done	O
so	O
successfully	O
,	O
and	O
Israel	B-LOCATION
too	O
in	O
other	O
parts	O
of	O
the	O
public	O
sector	O
.	O

â	O
In	O
other	O
systems	O
in	O
Israel	B-LOCATION
,	O
like	O
the	O
healthcare	O
system	O
and	O
the	O
welfare	O
system	O
in	O
recent	O
years	O
,	O
the	O
role	O
of	O
the	O
government	O
is	O
to	O
set	O
the	O
policies	O
,	O
manage	O
the	O
system	O
from	O
above	O
,	O
â	O
he	O
says	O
.	O

â	O
In	O
the	O
educational	O
system	O
,	O
it	O
has	O
nât	O
happened	O
.	O
We	O
are	O
among	O
the	O
few	O
countries	O
where	O
the	O
Education	B-ORGANIZATION
Ministry	I-ORGANIZATION
makes	O
all	O
the	O
important	O
decisions	O
,	O
down	O
to	O
the	O
smallest	O
details	O
.	O
â	O

Lacking	O
problem	O
-	O
solving	O
skills	O

Today	O
,	O
the	O
teaching	O
profession	O
does	O
nât	O
attract	O
the	O
best	O
students	O
,	O
either	O
.	O
The	O
average	O
score	O
on	O
the	O
psychometric	O
exams	O
students	O
need	O
to	O
take	O
before	O
applying	O
for	O
a	O
degree	O
program	O
is	O
far	O
lower	O
for	O
first	O
-	O
year	O
education	O
students	O
than	O
other	O
students	O
â	O
in	O
some	O
cases	O
as	O
much	O
as	O
a	O
third	O
lower	O
,	O
according	O
to	O
figures	O
compiled	O
by	O
Ben	B-GIVEN_NAME
-	B-FAMILY_NAME
David	I-FAMILY_NAME
âs	O
Shoresh	B-ORGANIZATION
Institution	I-ORGANIZATION
for	I-ORGANIZATION
Socioeconomic	I-ORGANIZATION
Research	I-ORGANIZATION
.	O

In	O
terms	O
of	O
literacy	O
and	O
numeracy	O
skills	O
,	O
Israeli	B-AFFILIATION
teachers	O
rank	O
at	O
or	O
near	O
the	O
bottom	O
,	O
an	O
OECD	B-ORGANIZATION
survey	O
of	O
adult	O
skills	O
shows	O
.	O

â	O
Centralization	O
leaves	O
the	O
system	O
lagging	O
in	O
terms	O
of	O
innovation	O
and	O
variety	O
,	O
â	O
Tomer	B-GIVEN_NAME
says	O
,	O
â	O
but	O
most	O
importantly	O
,	O
it	O
hurts	O
its	O
ability	O
to	O
attract	O
a	O
quality	O
workforce	O
.	O
When	O
you	O
dictate	O
to	O
people	O
exactly	O
what	O
you	O
want	O
them	O
to	O
do	O
,	O
you	O
get	O
lower	O
-	O
quality	O
staff	O
,	O
â	O
he	O
observes	O
.	O
â	O
You	O
have	O
everyone	O
in	O
the	O
system	O
â	O
good	O
,	O
even	O
excellent	O
people	O
â	O
but	O
the	O
average	O
is	O
nât	O
good	O
enough	O
.	O
â	O

Experts	O
say	O
the	O
system	O
is	O
so	O
bad	O
that	O
the	O
issue	O
of	O
teaching	O
itself	O
often	O
takes	O
a	O
backseat	O
to	O
management	O
issues	O
.	O
In	O
part	O
,	O
that	O
âs	O
because	O
it	O
is	O
so	O
varied	O
by	O
school	O
and	O
community	O
that	O
it	O
âs	O
hard	O
to	O
address	O
the	O
issue	O
of	O
teaching	O
methods	O
and	O
curricula	O
on	O
a	O
national	O
level	O
.	O

Nevertheless	O
,	O
Andreas	B-GIVEN_NAME
Schleicher	B-FAMILY_NAME
,	O
the	O
OECD	B-ORGANIZATION
director	O
for	O
the	O
Directorate	B-ORGANIZATION
of	I-ORGANIZATION
Education	I-ORGANIZATION
and	I-ORGANIZATION
Skills	I-ORGANIZATION
,	O
said	O
in	O
a	O
2020	B-DATE
interview	O
with	O
The	B-ORGANIZATION
Jerusalem	I-ORGANIZATION|B-LOCATION
Post	I-ORGANIZATION
that	O
teaching	O
methods	O
seemed	O
to	O
encourage	O
students	O
to	O
excel	O
at	O
â	O
reproducing	O
subject	O
matter	O
content	O
,	O
â	O
but	O
that	O
they	O
lack	O
the	O
problem	O
-	O
solving	O
skills	O
and	O
ability	O
to	O
creatively	O
apply	O
knowledge	O
â	O
which	O
is	O
critical	O
in	O
a	O
high	O
-	O
tech	O
economy	O
.	O

In	O
fact	O
,	O
the	O
OECD	B-ORGANIZATION
âs	O
assessment	O
of	O
Israeli	B-AFFILIATION
adults	O
â	O
workplace	O
skills	O
bears	O
that	O
out	O
.	O
Its	O
last	O
assessment	O
conducted	O
under	O
its	O
Program	B-BRANDS
for	B-MISC
the	I-MISC
International	I-MISC
Assessment	I-MISC
of	I-MISC
Adult	I-MISC
Competencies	I-MISC
found	O
that	O
a	O
third	O
of	O
Israelis	B-AFFILIATION
were	O
at	O
the	O
lowest	O
level	O
of	O
literacy	O
and	O
numeracy	O
.	O

