Iranian	B-AFFILIATION
police	O
have	O
arrested	O
the	O
alleged	O
leader	O
and	O
four	O
other	O
members	O
of	O
a	O
spy	O
network	O
they	O
claim	O
is	O
affiliated	O
to	O
Israel	B-LOCATION
's	O
secret	O
services	O
,	O
according	O
to	O
a	O
statement	O
released	O
on	O
Thursday	B-DATE
by	O
the	O
intelligence	O
organization	O
of	O
Iran	B-LOCATION
's	O
law	O
enforcement	O
unit	O
.	O

They	O
did	O
not	O
specify	O
the	O
nationalities	O
of	O
those	O
arrested	O
but	O
said	O
they	O
had	O
received	O
training	O
for	O
armed	O
operations	O
and	O
sabotage	O
.	O

The	O
network	O
's	O
members	O
were	O
captured	O
before	O
they	O
could	O
carry	O
out	O
their	O
plot	O
,	O
according	O
to	O
the	O
Lebanese	B-AFFILIATION
Al	B-ORGANIZATION
-	I-ORGANIZATION
Mayadeen	I-ORGANIZATION
TV	O
station	O
.	O

They	O
worked	O
to	O
gather	O
intelligence	O
for	O
Israel	B-LOCATION
in	O
addition	O
to	O
spreading	O
rumors	O
against	O
the	O
Iranian	B-AFFILIATION
regime	O
.	O

"	O
The	O
arrested	O
five	O
members	O
of	O
this	O
spy	O
network	O
were	O
given	O
various	O
pledges	O
from	O
(	O
Israel	B-LOCATION
's	O
)	O
Mossad	B-ORGANIZATION
,	O
including	O
financial	O
promises	O
,	O
to	O
gather	O
information	O
from	O
important	O
areas	O
across	O
the	O
country	O
,	O
"	O
the	O
law	O
enforcement	O
intelligence	O
organization	O
said	O
in	O
a	O
statement	O
reported	O
by	O
the	O
semi	O
-	O
official	O
ILNA	B-ORGANIZATION
news	O
agency	O
.	O

In	O
Israel	B-LOCATION
,	O
the	O
Prime	O
Minister	O
's	O
Office	O
,	O
which	O
oversees	O
the	O
foreign	O
intelligence	O
agency	O
Mossad	B-ORGANIZATION
,	O
declined	O
comment	O
on	O
the	O
reported	O
arrests	O
.	O

On	O
Wednesday	B-DATE
,	O
Iran	B-LOCATION
's	O
minister	O
of	O
intelligence	O
Esmail	B-GIVEN_NAME
Khatib	B-FAMILY_NAME
said	O
Tehran	B-LOCATION
had	O
foiled	O
subversive	O
actions	O
from	O
the	O
"	O
Zionist	B-AFFILIATION
regime	O
"	O
â	O
its	O
term	O
for	O
Israel	B-LOCATION
.	O

Iranian	B-AFFILIATION
security	O
forces	O
have	O
successfully	O
carried	O
out	O
a	O
number	O
of	O
operations	O
against	O
Israel	B-LOCATION
over	O
the	O
last	O
few	O
months	O
,	O
he	O
said	O
without	O
specifying	O
what	O
they	O
consisted	O
of	O
.	O

Last	O
week	O
,	O
Iran	B-LOCATION
said	O
its	O
security	O
forces	O
had	O
arrested	O
a	O
network	O
of	O
agents	O
working	O
for	O
Israel	B-LOCATION
before	O
they	O
were	O
able	O
to	O
carry	O
out	O
sabotage	O
and	O
"	O
terrorist	O
operations	O
"	O
,	O
state	O
media	O
reported	O
.	O

The	O
announcement	O
by	O
Iran	B-ORGANIZATION|B-LOCATION
's	I-ORGANIZATION
Intelligence	I-ORGANIZATION
Ministry	I-ORGANIZATION
came	O
amid	O
heightening	O
tensions	O
with	O
arch	O
-	O
enemy	O
Israel	B-LOCATION
over	O
Tehran	B-LOCATION
's	O
nuclear	O
program	O
.	O

The	O
Israeli	B-AFFILIATION
Prime	O
Minister	O
's	O
Office	O
,	O
which	O
oversees	O
Mossad	B-ORGANIZATION
,	O
declined	O
to	O
comment	O
.	O

A	O
day	O
prior	O
to	O
Iran	B-LOCATION
's	O
announcement	O
,	O
Turkish	B-AFFILIATION
authorities	O
arrested	O
two	O
Iranian	B-AFFILIATION
citizens	O
suspected	O
of	O
planning	O
to	O
assassinate	O
Israeli	B-AFFILIATION
citizens	O
on	O
its	O
soil	O
,	O
Turkey	B-LOCATION
's	O
Sabah	B-LOCATION
newspaper	O
reported	O
Friday	B-DATE
.	O

In	O
June	B-DATE
,	O
Turkey	B-LOCATION
arrested	O
eight	O
people	O
accused	O
of	O
planning	O
attacks	O
against	O
Israelis	B-AFFILIATION
in	O
the	O
country	O
.	O

According	O
to	O
the	O
report	O
,	O
only	O
one	O
suspect	O
has	O
been	O
released	O
so	O
far	O
.	O

Iran	B-LOCATION
often	O
accuses	O
its	O
enemies	O
or	O
rivals	O
abroad	O
,	O
such	O
as	O
Israel	B-LOCATION
,	O
the	O
United	B-LOCATION
States	I-LOCATION
and	O
Saudi	B-LOCATION
Arabia	I-LOCATION
,	O
of	O
trying	O
to	O
destabilize	O
the	O
country	O
.	O

The	O
Intelligence	B-ORGANIZATION
ministry	I-ORGANIZATION
did	O
not	O
say	O
how	O
many	O
people	O
were	O
arrested	O
and	O
did	O
not	O
divulge	O
their	O
nationality	O
.	O

The	O
network	O
planned	O
"	O
acts	O
of	O
sabotage	O
and	O
unprecedented	O
terrorist	O
operations	O
in	O
sensitive	O
locations	O
"	O
,	O
its	O
statement	O
said	O
,	O
without	O
giving	O
details	O
.	O

