With	O
Japan	B-LOCATION
being	O
hit	O
by	O
a	O
seventh	O
wave	O
of	O
COVID	B-BRANDS
-	B-MISC
19	I-MISC
infections	O
,	O
local	O
authorities	O
are	O
scrambling	O
to	O
deal	O
with	O
the	O
rapidly	O
rising	O
number	O
of	O
coronavirus	B-BRANDS
patients	O
.	O

As	O
the	O
government	O
is	O
not	O
imposing	O
restrictions	O
on	O
activities	O
,	O
it	O
is	O
now	O
facing	O
the	O
two	O
-	O
pronged	O
challenge	O
of	O
preventing	O
the	O
medical	O
system	O
from	O
becoming	O
overwhelmed	O
while	O
at	O
the	O
same	O
time	O
aiming	O
to	O
keep	O
society	O
running	O
as	O
normal	O
.	O

The	O
number	O
of	O
new	O
infections	O
hit	O
a	O
record	O
high	O
of	O
more	O
than	O
110,000	O
nationwide	O
on	O
Saturday	B-DATE
amid	O
the	O
spread	O
of	O
highly	O
transmissible	O
BA	B-BRANDS
.	B-MISC
5	I-MISC
omicron	I-MISC
subvariant	O
.	O

Over	O
105,500	O
new	O
infections	O
were	O
reported	O
nationwide	O
Sunday	B-DATE
,	O
almost	O
double	O
that	O
of	O
a	O
week	O
earlier	O
and	O
the	O
third	O
straight	O
day	O
that	O
the	O
figure	O
had	O
topped	O
100,000	O
.	O

The	O
health	O
ministry	O
said	O
Monday	B-DATE
the	O
number	O
of	O
severe	O
cases	O
nationwide	O
rose	O
by	O
15	O
from	O
a	O
day	O
earlier	O
to	O
144	O
.	O

The	O
Tokyo	B-ORGANIZATION|B-LOCATION
Metropolitan	I-ORGANIZATION
Government	I-ORGANIZATION
is	O
rushing	O
to	O
establish	O
a	O
medical	O
system	O
to	O
curb	O
deaths	O
and	O
severe	O
cases	O
as	O
hospital	O
beds	O
are	O
slowly	O
beginning	O
to	O
fill	O
up	O
.	O

In	O
Okinawa	B-LOCATION
Prefecture	I-LOCATION
,	O
the	O
occupancy	O
rate	O
of	O
hospital	O
beds	O
has	O
exceeded	O
60	O
%	O
,	O
which	O
has	O
begun	O
to	O
affect	O
regular	O
medical	O
care	O
.	O

â	O
If	O
the	O
number	O
of	O
seriously	O
ill	O
patients	O
increases	O
,	O
it	O
is	O
possible	O
that	O
hospital	O
beds	O
will	O
become	O
occupied	O
for	O
a	O
long	O
period	O
of	O
time	O
,	O
â	O
said	O
Hironori	B-GIVEN_NAME
Sagara	B-FAMILY_NAME
,	O
director	O
of	O
Showa	B-ORGANIZATION
University	I-ORGANIZATION
Hospital	I-ORGANIZATION
in	O
Tokyo	B-LOCATION
.	O

The	O
number	O
of	O
COVID	B-BRANDS
-	B-MISC
19	I-MISC
patients	O
at	O
Showa	B-LOCATION|B-LOCATION
University	I-LOCATION
Hospital	I-LOCATION
,	O
which	O
has	O
been	O
accepting	O
those	O
with	O
relatively	O
severe	O
symptoms	O
,	O
had	O
been	O
fewer	O
than	O
10	O
but	O
started	O
increasing	O
in	O
late	O
June	B-DATE
.	O

The	O
figure	O
has	O
remained	O
at	O
about	O
20	O
this	O
month	O
.	O

Once	O
patients	O
â	O
symptoms	O
subside	O
,	O
they	O
are	O
sent	O
to	O
other	O
medical	O
institutions	O
tasked	O
with	O
taking	O
care	O
of	O
those	O
with	O
mild	O
symptoms	O
or	O
hotels	O
.	O

But	O
now	O
,	O
new	O
patients	O
are	O
arriving	O
one	O
after	O
another	O
,	O
Sagara	B-GIVEN_NAME
said	O
.	O

He	O
said	O
that	O
the	O
hospital	O
âs	O
beds	O
have	O
been	O
â	O
rotating	O
well	O
â	O
so	O
far	O
because	O
the	O
new	O
patients	O
have	O
mainly	O
been	O
those	O
with	O
moderate	O
or	O
less	O
serious	O
symptoms	O
.	O

But	O
â	O
the	O
situation	O
will	O
change	O
if	O
more	O
people	O
â	O
including	O
those	O
with	O
underlying	O
diseases	O
â	O
are	O
hospitalized	O
for	O
longer	O
periods	O
of	O
time	O
.	O

In	O
order	O
to	O
get	O
through	O
this	O
,	O
it	O
is	O
critical	O
to	O
manage	O
hospital	O
beds	O
efficiently	O
,	O
â	O
he	O
said	O
.	O

The	O
number	O
of	O
hospitalized	O
patients	O
in	O
Tokyo	B-LOCATION
rose	O
to	O
the	O
4,000	O
level	O
in	O
February	B-DATE
during	O
the	O
sixth	O
wave	O
.	O

It	O
dropped	O
to	O
around	O
500	O
in	O
mid	O
-	O
June	B-DATE
,	O
but	O
surged	O
to	O
around	O
2,000	O
on	O
July	B-DATE
12	I-DATE
.	O

The	O
hospital	O
bed	O
occupancy	O
rate	O
in	O
the	O
capital	O
has	O
exceeded	O
30	O
%	O
.	O

Tokyo	B-LOCATION
Gov	O
.	O
Yuriko	B-GIVEN_NAME
Koike	B-FAMILY_NAME
has	O
ordered	O
fresh	O
measures	O
to	O
reduce	O
the	O
number	O
of	O
deaths	O
and	O
severely	O
ill	O
patients	O
while	O
maintaining	O
social	O
and	O
economic	O
activities	O
.	O

The	O
metropolitan	O
government	O
on	O
Friday	O
informed	O
various	O
medical	O
associations	O
to	O
ensure	O
that	O
high	O
-	O
risk	O
patients	O
whose	O
symptoms	O
are	O
moderate	O
or	O
more	O
serious	O
will	O
be	O
admitted	O
to	O
hospitals	O
.	O

Tokyo	B-LOCATION
has	O
also	O
boosted	O
capacity	O
to	O
accept	O
lower	O
-	O
risk	O
patients	O
and	O
increased	O
the	O
number	O
of	O
rooms	O
at	O
accommodation	O
and	O
treatment	O
facilities	O
to	O
12,000	O
from	O
9,000	O
.	O

â	O
We	O
will	O
deliver	O
medical	O
care	O
to	O
those	O
who	O
need	O
it	O
and	O
save	O
lives	O
,	O
â	O
a	O
metropolitan	O
government	O
official	O
said	O
.	O

â	O
A	O
specialized	O
team	O
is	O
also	O
handling	O
the	O
transfer	O
of	O
patients	O
whose	O
conditions	O
have	O
deteriorated	O
.	O
â	O

In	O
Okinawa	B-LOCATION
Prefecture	I-LOCATION
,	O
the	O
bed	O
occupancy	O
rate	O
has	O
already	O
reached	O
a	O
severe	O
level	O
.	O

On	O
Sunday	B-DATE
,	O
the	O
number	O
of	O
new	O
daily	O
cases	O
rose	O
above	O
4,000	O
for	O
the	O
first	O
time	O
,	O
while	O
the	O
hospital	O
bed	O
utilization	O
rate	O
over	O
the	O
past	O
few	O
days	O
has	O
been	O
around	O
60	O
%	O
.	O

Prefectural	O
government	O
officials	O
are	O
saying	O
that	O
freeing	O
up	O
beds	O
for	O
newly	O
hospitalized	O
people	O
has	O
been	O
getting	O
increasingly	O
difficult	O
.	O

The	O
local	O
government	O
is	O
working	O
hard	O
to	O
prevent	O
a	O
sharp	O
increase	O
in	O
hospitalized	O
patients	O
and	O
communicating	O
with	O
hospitals	O
to	O
boost	O
the	O
number	O
of	O
beds	O
to	O
keep	O
the	O
medical	O
system	O
from	O
collapsing	O
.	O

When	O
people	O
are	O
infected	O
at	O
facilities	O
for	O
the	O
elderly	O
,	O
medical	O
staff	O
are	O
dispatched	O
to	O
provide	O
medical	O
care	O
there	O
.	O

Due	O
to	O
the	O
quick	O
spread	O
of	O
infections	O
,	O
patients	O
with	O
fevers	O
have	O
been	O
flooding	O
emergency	O
rooms	O
.	O

The	O
prefectural	O
medical	O
association	O
stressed	O
at	O
an	O
emergency	O
news	O
conference	O
on	O
Friday	B-DATE
in	O
the	O
town	O
of	O
Haebaru	B-LOCATION
that	O
â	O
emergency	O
medical	O
care	O
is	O
on	O
the	O
verge	O
of	O
collapse	O
.	O
â	O

The	O
association	O
also	O
revealed	O
that	O
there	O
had	O
been	O
a	O
case	O
in	O
which	O
a	O
heatstroke	O
patient	O
had	O
died	O
due	O
to	O
delays	O
in	O
responding	O
to	O
the	O
sudden	O
increase	O
in	O
patients	O
.	O

It	O
has	O
asked	O
the	O
public	O
not	O
to	O
visit	O
emergency	O
rooms	O
with	O
minor	O
cold	O
symptoms	O
.	O

