GINOWAN	B-LOCATION
,	I-LOCATION
Okinawa	I-LOCATION
Prefecture	I-LOCATION
-	O
-	O
Okinawa	B-LOCATION
Governor	O
Denny	B-GIVEN_NAME
Tamaki	B-FAMILY_NAME
put	O
his	O
dispute	O
with	O
Prime	O
Minister	O
Fumio	B-GIVEN_NAME
Kishida	B-FAMILY_NAME
on	O
hold	O
at	O
a	O
ceremony	O
marking	O
the	O
50th	O
year	O
of	O
the	O
prefecture	O
âs	O
return	O
to	O
Japanese	B-AFFILIATION
sovereignty	O
from	O
U.	B-LOCATION
S.	I-LOCATION
military	O
rule	O
.	O

At	O
the	O
May	B-DATE
15	I-DATE
ceremony	O
here	O
,	O
Tamaki	B-GIVEN_NAME
âs	O
speech	O
did	O
not	O
mention	O
the	O
contentious	O
issue	O
of	O
relocating	O
the	O
U.	B-LOCATION|B-LOCATION
S.	I-LOCATION|I-LOCATION
Marine	I-LOCATION
Corps	I-LOCATION
Air	I-LOCATION
Station	I-LOCATION
Futenma	I-LOCATION
from	O
Ginowan	B-LOCATION
to	O
the	O
Henoko	B-LOCATION
district	O
of	O
Nago	B-LOCATION
in	O
the	O
prefecture	O
.	O

â	O
I	O
will	O
tackle	O
issues	O
that	O
have	O
not	O
been	O
addressed	O
50	B-DURATION
years	I-DURATION
after	O
the	O
reversion	O
,	O
â	O
Tamaki	B-GIVEN_NAME
told	O
reporters	O
after	O
the	O
ceremony	O
.	O

â	O
I	O
am	O
determined	O
to	O
fulfill	O
my	O
duty	O
as	O
governor	O
while	O
listening	O
to	O
the	O
public	O
.	O
â	O

His	O
decision	O
not	O
to	O
highlight	O
his	O
confrontation	O
with	O
the	O
central	O
government	O
may	O
reflect	O
the	O
changing	O
attitudes	O
in	O
the	O
prefecture	O
.	O

Since	O
Okinawa	B-LOCATION
âs	O
return	O
to	O
Japanese	B-AFFILIATION
sovereignty	O
in	O
1972	B-DATE
,	O
the	O
southernmost	O
prefecture	O
has	O
been	O
forced	O
to	O
bear	O
the	O
burden	O
of	O
hosting	O
the	O
bulk	O
of	O
U.	B-LOCATION
S.	I-LOCATION
military	O
facilities	O
in	O
Japan	B-LOCATION
,	O
an	O
approach	O
consistently	O
taken	O
by	O
each	O
Liberal	B-ORGANIZATION
Democratic	I-ORGANIZATION|B-AFFILIATION
Party	I-ORGANIZATION
administration	O
.	O

Okinawa	B-LOCATION
âs	O
battle	O
to	O
reduce	O
the	O
U.	B-LOCATION
S.	I-LOCATION
military	O
presence	O
has	O
continued	O
for	O
decades	O
,	O
but	O
the	O
mood	O
in	O
the	O
prefecture	O
has	O
now	O
shifted	O
,	O
and	O
a	O
sense	O
of	O
resignation	O
appears	O
to	O
be	O
taking	O
hold	O
.	O

Thirty	O
-	O
eight	O
percent	O
of	O
Okinawa	B-LOCATION
voters	O
cited	O
promotion	O
of	O
local	O
economy	O
as	O
the	O
top	O
priority	O
issue	O
for	O
the	O
prefecture	O
,	O
surpassing	O
26	O
percent	O
who	O
picked	O
the	O
U.	B-LOCATION
S.	I-LOCATION
base	O
issue	O
,	O
according	O
to	O
a	O
recent	O
survey	O
by	O
The	B-ORGANIZATION
Asahi	I-ORGANIZATION
Shimbun	I-ORGANIZATION
and	O
two	O
other	O
media	O
companies	O
.	O

Tamaki	B-GIVEN_NAME
faces	O
re	O
-	O
election	O
in	O
September	B-DATE
.	O

He	O
no	O
longer	O
has	O
the	O
solid	O
footing	O
that	O
he	O
enjoyed	O
four	B-DURATION
years	I-DURATION
ago	O
when	O
both	O
progressive	O
and	O
conservative	O
voters	O
rallied	O
behind	O
him	O
and	O
his	O
opposition	O
to	O
the	O
U.	B-LOCATION
S.	I-LOCATION
base	O
relocation	O
plan	O
.	O

Recent	O
international	O
events	O
have	O
also	O
heightened	O
Japanese	B-AFFILIATION
feelings	O
that	O
U.	B-LOCATION
S	I-LOCATION
.	O
military	O
bases	O
here	O
are	O
needed	O
for	O
the	O
country	O
âs	O
security	O
,	O
surveys	O
showed	O
.	O

China	B-LOCATION
has	O
intensified	O
its	O
maritime	O
activities	O
in	O
waters	O
near	O
the	O
Japan	B-LOCATION
-	O
owned	O
Senkaku	B-LOCATION
Islands	I-LOCATION
in	O
the	O
East	B-LOCATION
China	I-LOCATION
Sea	I-LOCATION
.	O

And	O
Russia	B-LOCATION
,	O
a	O
nuclear	O
-	O
power	O
neighbor	O
of	O
Japan	B-LOCATION
,	O
invaded	O
Ukraine	B-LOCATION
in	O
February	B-DATE
.	O

The	O
Japanese	B-AFFILIATION
government	O
is	O
increasingly	O
convinced	O
that	O
strengthening	O
its	O
alliance	O
with	O
the	O
United	B-LOCATION
States	I-LOCATION
is	O
the	O
overriding	O
priority	O
in	O
ensuring	O
its	O
security	O
under	O
the	O
current	O
circumstances	O
.	O

Defense	O
Minister	O
Nobuo	B-GIVEN_NAME
Kishi	B-FAMILY_NAME
and	O
his	O
U.	B-LOCATION
S.	I-LOCATION
counterpart	O
,	O
Lloyd	B-GIVEN_NAME
Austin	B-FAMILY_NAME
,	O
earlier	O
this	O
month	O
reaffirmed	O
at	O
the	O
Pentagon	B-ORGANIZATION
that	O
the	O
two	O
allies	O
will	O
continue	O
to	O
work	O
together	O
over	O
the	O
relocation	O
of	O
the	O
Futenma	B-LOCATION
air	O
station	O
.	O

REPEATED	O
STANCE	O

Asked	O
about	O
the	O
relocation	O
issue	O
by	O
reporters	O
after	O
the	O
May	B-DATE
15	I-DATE
ceremony	O
,	O
Kishida	B-GIVEN_NAME
repeated	O
his	O
predecessors	O
â	O
stance	O
concerning	O
the	O
closure	O
of	O
the	O
Futenma	B-LOCATION
air	O
station	O
in	O
densely	O
populated	O
Ginowan	B-LOCATION
.	O

â	O
We	O
have	O
explained	O
to	O
Okinawans	B-AFFILIATION
that	O
the	O
relocation	O
is	O
the	O
only	O
viable	O
solution	O
and	O
have	O
been	O
seeking	O
their	O
understanding	O
,	O
â	O
Kishida	B-GIVEN_NAME
said	O
.	O

In	O
his	O
speech	O
at	O
the	O
ceremony	O
,	O
he	O
gave	O
a	O
fresh	O
pledge	O
that	O
his	O
government	O
will	O
work	O
hard	O
to	O
curtail	O
Okinawa	B-LOCATION
âs	O
burden	O
of	O
hosting	O
U.	B-LOCATION
S.	I-LOCATION
military	O
bases	O
.	O

â	O
We	O
understand	O
that	O
Okinawans	B-AFFILIATION
have	O
shouldered	O
the	O
significant	O
burden	O
,	O
â	O
he	O
said	O
.	O

â	O
We	O
,	O
the	O
government	O
,	O
take	O
the	O
matter	O
seriously	O
and	O
will	O
do	O
our	O
utmost	O
to	O
cut	O
the	O
base	O
burden	O
.	O
â	O

He	O
did	O
not	O
mention	O
the	O
Futenma	B-LOCATION
relocation	O
issue	O
in	O
the	O
speech	O
.	O

A	O
few	O
LDP	B-ORGANIZATION
prime	O
ministers	O
have	O
actually	O
taken	O
action	O
after	O
listening	O
to	O
Okinawan	B-AFFILIATION
leaders	O
.	O

Ryutaro	B-GIVEN_NAME
Hashimoto	B-FAMILY_NAME
,	O
for	O
example	O
,	O
pushed	O
for	O
the	O
return	O
of	O
the	O
land	O
for	O
the	O
Futenma	B-LOCATION
airstrip	O
to	O
Japan	B-LOCATION
,	O
culminating	O
in	O
the	O
epoch	O
-	O
making	O
agreement	O
between	O
the	O
two	O
countries	O
in	O
1996	B-DATE
to	O
close	O
the	O
Futenma	B-LOCATION
base	O
.	O

Hashimoto	B-GIVEN_NAME
âs	O
successor	O
,	O
Keizo	B-GIVEN_NAME
Obuchi	B-FAMILY_NAME
,	O
decided	O
to	O
hold	O
the	O
Group	B-BRANDS
of	B-MISC
Eight	I-MISC
summit	O
in	O
Okinawa	B-LOCATION
Prefecture	I-LOCATION
in	O
2000	B-DATE
in	O
a	O
show	O
of	O
consideration	O
to	O
the	O
islanders	O
.	O

But	O
the	O
governments	O
led	O
by	O
Prime	O
Minister	O
Shinzo	B-GIVEN_NAME
Abe	B-FAMILY_NAME
and	O
Yoshihide	B-GIVEN_NAME
Suga	B-FAMILY_NAME
were	O
reluctant	O
to	O
hold	O
dialogue	O
with	O
Okinawan	B-AFFILIATION
officials	O
.	O

Their	O
administrations	O
also	O
used	O
state	O
programs	O
aimed	O
at	O
promoting	O
Okinawa	B-LOCATION
âs	O
economy	O
as	O
a	O
carrot	O
to	O
tame	O
the	O
prefectural	O
government	O
over	O
the	O
relocation	O
issue	O
.	O

Essentially	O
,	O
funding	O
for	O
the	O
prefecture	O
is	O
raised	O
or	O
reduced	O
depending	O
on	O
the	O
governor	O
âs	O
stance	O
toward	O
the	O
base	O
issue	O
.	O

The	O
results	O
of	O
recent	O
local	O
elections	O
in	O
Okinawa	B-LOCATION
Prefecture	I-LOCATION
show	O
that	O
voters	O
now	O
prefer	O
candidates	O
who	O
promise	O
to	O
deliver	O
economic	O
benefits	O
.	O

Okinawa	B-LOCATION
âs	O
average	O
per	O
capita	O
income	O
stood	O
at	O
2.39	B-MONEY
million	I-MONEY
yen	I-MONEY
(	O
$	B-MONEY
18,500	I-MONEY
)	O
in	O
fiscal	O
2018	B-DATE
,	O
compared	O
with	O
the	O
national	O
average	O
of	O
3.31	B-MONEY
million	I-MONEY
yen	I-MONEY
.	O

It	O
was	O
the	O
lowest	O
in	O
the	O
nation	O
.	O

The	O
novel	O
coronavirus	B-BRANDS
pandemic	O
has	O
also	O
dealt	O
a	O
serious	O
blow	O
to	O
the	O
prefecture	O
,	O
whose	O
main	O
industry	O
is	O
tourism	O
.	O

In	O
fiscal	O
2018	B-DATE
,	O
more	O
than	O
10	O
million	O
tourists	O
arrived	O
in	O
the	O
prefecture	O
,	O
but	O
figures	O
have	O
plunged	O
since	O
the	O
health	O
crisis	O
struck	O
.	O

BASE	O
RELOCATION	O
ISSUE	O
CONTINUES	O

The	O
Kishida	B-GIVEN_NAME
administration	O
continues	O
to	O
push	O
a	O
landfill	O
project	O
to	O
build	O
the	O
new	O
U.	B-LOCATION
S.	I-LOCATION
base	O
off	O
the	O
Henoko	B-LOCATION
district	O
for	O
the	O
Futenma	B-LOCATION
functions	O
.	O

Part	O
of	O
the	O
reclamation	O
work	O
has	O
been	O
completed	O
.	O

Although	O
Kishida	B-GIVEN_NAME
has	O
indicated	O
his	O
willingness	O
to	O
listen	O
to	O
opinions	O
from	O
Okinawa	B-LOCATION
,	O
he	O
has	O
rejected	O
repeated	O
requests	O
from	O
Okinawan	B-AFFILIATION
officials	O
to	O
join	O
talks	O
between	O
the	O
Japanese	B-AFFILIATION
and	O
U.	B-LOCATION
S.	I-LOCATION
governments	O
over	O
the	O
base	O
issue	O
.	O

The	O
fate	O
of	O
the	O
Henoko	B-LOCATION
project	O
hinges	O
on	O
whether	O
reclaiming	O
land	O
is	O
possible	O
now	O
that	O
a	O
weak	O
seabed	O
has	O
been	O
detected	O
at	O
the	O
site	O
.	O

Tamaki	B-GIVEN_NAME
and	O
the	O
prefectural	O
government	O
in	O
November	O
rejected	O
the	O
central	O
government	O
âs	O
application	O
for	O
a	O
change	O
in	O
the	O
design	O
of	O
the	O
planned	O
landfill	O
.	O

This	O
will	O
likely	O
lead	O
to	O
another	O
prolonged	O
court	O
battle	O
over	O
the	O
relocation	O
issue	O
.	O

OPPOSITION	O
BLOC	O
SIDELINED	O

With	O
the	O
LDP	B-ORGANIZATION
dominating	O
the	O
Diet	B-ORGANIZATION
,	O
the	O
opposition	O
bloc	O
tends	O
to	O
be	O
easily	O
sidelined	O
,	O
even	O
if	O
the	O
parties	O
want	O
to	O
weigh	O
in	O
to	O
help	O
Okinawa	B-LOCATION
.	O

Upper	B-ORGANIZATION
House	I-ORGANIZATION
lawmakers	O
intended	O
to	O
adopt	O
a	O
resolution	O
to	O
mark	O
the	O
50th	O
anniversary	O
of	O
Okinawa	B-LOCATION
âs	O
reversion	O
.	O

But	O
it	O
did	O
not	O
materialize	O
by	O
May	B-DATE
15	I-DATE
because	O
opposition	O
members	O
added	O
in	O
the	O
draft	O
resolution	O
that	O
a	O
review	O
of	O
the	O
Japan	B-LOCATION
-	O
U.	B-BRANDS|B-LOCATION
S.	B-MISC|I-LOCATION
Status	I-MISC
of	I-MISC
Forces	I-MISC
Agreement	I-MISC
(	O
SOFA	B-BRANDS
)	O
should	O
be	O
considered	O
.	O

The	O
LDP	B-ORGANIZATION
demanded	O
that	O
the	O
addition	O
be	O
deleted	O
.	O

SOFA	B-BRANDS
,	O
which	O
outlines	O
the	O
legal	O
standing	O
of	O
the	O
U.	B-LOCATION
S.	I-LOCATION
military	O
in	O
Japan	B-LOCATION
,	O
has	O
never	O
been	O
reviewed	O
since	O
it	O
went	O
into	O
force	O
in	O
1960	B-DATE
.	O

Critics	O
argue	O
that	O
the	O
pact	O
gives	O
U.	B-LOCATION
S.	I-LOCATION
military	O
personnel	O
preferential	O
treatment	O
,	O
including	O
exclusion	O
from	O
applications	O
of	O
Japanese	B-AFFILIATION
laws	O
.	O

(	O
This	O
article	O
was	O
compiled	O
from	O
reports	O
by	O
Keishi	B-GIVEN_NAME
Nishimura	B-FAMILY_NAME
,	O
Naoki	B-GIVEN_NAME
Matsuyama	B-FAMILY_NAME
,	O
Shogo	B-GIVEN_NAME
Mitsuzumi	B-FAMILY_NAME
and	O
Yoshichika	B-GIVEN_NAME
Yamanaka	B-FAMILY_NAME
.	O
)	O

