KYOTO	B-LOCATION
â	O
A	O
commemorative	O
service	O
was	O
held	O
in	O
Kyoto	B-LOCATION
on	O
Monday	B-DATE
to	O
remember	O
36	O
artists	O
and	O
others	O
killed	O
in	O
an	O
arson	O
attack	O
on	O
Japanese	B-AFFILIATION
anime	O
studio	O
Kyoto	B-LOCATION|B-LOCATION
Animation	I-LOCATION
three	B-DURATION
years	I-DURATION
ago	O
.	O

The	O
attack	O
on	O
the	O
company	O
known	O
for	O
a	O
long	O
line	O
of	O
popular	O
anime	O
works	O
,	O
including	O
"	O
K	B-BRANDS
-	B-MISC
On	I-MISC
!	I-MISC
"	O
and	O
"	O
The	B-BRANDS
Melancholy	B-MISC
of	I-MISC
Haruhi	I-MISC
Suzumiya	I-MISC
,	O
"	O
shocked	O
many	O
fans	O
at	O
home	O
and	O
abroad	O
who	O
affectionately	O
call	O
the	O
studio	O
"	O
KyoAni	B-LOCATION
.	O
"	O

The	O
service	O
was	O
held	O
on	O
the	O
site	O
where	O
the	O
company	O
's	O
No	O
.	O
1	O
Studio	O
stood	O
in	O
Kyoto	B-LOCATION
's	I-LOCATION
Fushimi	I-LOCATION
Ward	I-LOCATION
,	O
while	O
an	O
11	O
-	O
minute	O
-	O
long	O
memorial	O
video	O
was	O
streamed	O
on	O
YouTube	B-ORGANIZATION
for	O
fans	O
,	O
showing	O
messages	O
from	O
the	O
victims	O
'	O
family	O
members	O
and	O
others	O
.	O

The	O
company	O
had	O
urged	O
fans	O
to	O
refrain	O
from	O
visiting	O
the	O
site	O
in	O
person	O
to	O
avoid	O
coronavirus	B-BRANDS
infections	O
and	O
disturbance	O
on	O
the	O
neighborhood	O
.	O

"	O
It	O
's	O
been	O
three	B-DURATION
years	I-DURATION
â¦	O

Time	O
has	O
stopped	O
when	O
it	O
comes	O
to	O
you	O
,	O
"	O
an	O
unnamed	O
bereaved	O
family	O
member	O
writes	O
in	O
a	O
message	O
in	O
the	O
video	O
.	O

"	O
The	O
thought	O
of	O
you	O
catches	O
me	O
off	O
guard	O
and	O
overwhelms	O
me	O
with	O
emotions	O
.	O

And	O
as	O
tears	O
well	O
up	O
,	O
I	O
'm	O
thinking	O
,	O
'	O
I	O
want	O
to	O
see	O
you	O
!	O

I	O
want	O
to	O
hug	O
you	O
!	O
'	O
"	O

About	O
120	O
people	O
,	O
including	O
bereaved	O
families	O
and	O
Kyoto	B-LOCATION|B-LOCATION
Animation	B-ORGANIZATION
President	O
Hideaki	B-GIVEN_NAME
Hatta	B-FAMILY_NAME
,	O
laid	O
flowers	O
and	O
offered	O
silent	O
prayers	O
for	O
the	O
victims	O
.	O

"	O
I	O
have	O
kept	O
on	O
thinking	O
to	O
this	O
day	O
why	O
such	O
an	O
incident	O
happened	O
,	O
"	O
Hatta	B-GIVEN_NAME
told	O
reporters	O
after	O
the	O
memorial	O
.	O

"	O
I	O
apologized	O
(	O
at	O
the	O
memorial	O
)	O
for	O
not	O
being	O
able	O
to	O
protect	O
everyone	O
.	O
"	O

When	O
the	O
attack	O
occurred	O
on	O
the	O
morning	O
of	O
July	B-DATE
18	I-DATE
,	I-DATE
2019	I-DATE
,	O
70	O
workers	O
were	O
inside	O
the	O
studio	O
.	O

Of	O
those	O
,	O
36	O
were	O
killed	O
and	O
32	O
others	O
suffered	O
various	O
degrees	O
of	O
injuries	O
.	O

It	O
remains	O
the	O
worst	O
mass	O
murder	O
case	O
the	O
country	O
has	O
seen	O
since	O
1989	B-DATE
,	O
according	O
to	O
the	O
National	B-ORGANIZATION
Police	I-ORGANIZATION
Agency	I-ORGANIZATION
.	O

The	O
victims	O
included	O
Yasuhiro	B-GIVEN_NAME
Takemoto	B-FAMILY_NAME
,	O
47	O
,	O
who	O
served	O
as	O
director	O
in	O
a	O
Haruhi	B-GIVEN_NAME
Suzumiya	B-FAMILY_NAME
film	O
,	O
Mikiko	B-GIVEN_NAME
Watanabe	B-FAMILY_NAME
,	O
35	O
,	O
who	O
served	O
as	O
art	O
director	O
in	O
"	O
Violet	B-BRANDS
Evergarden	B-MISC
:	I-MISC
The	I-MISC
Movie	I-MISC
,	O
"	O
and	O
Yuki	B-GIVEN_NAME
Omura	B-FAMILY_NAME
,	O
23	O
,	O
who	O
had	O
just	O
joined	O
the	O
studio	O
three	O
months	O
earlier	O
.	O

"	O
With	O
grief	O
in	O
our	O
hearts	O
,	O
we	O
have	O
been	O
producing	O
animations	O
while	O
supporting	O
each	O
other	O
and	O
have	O
kept	O
moving	O
forward	O
day	O
by	O
day	O
since	O
then	O
,	O
"	O
the	O
company	O
said	O
in	O
a	O
statement	O
earlier	O
this	O
month	O
.	O

"	O
We	O
sincerely	O
express	O
our	O
gratitude	O
for	O
your	O
continued	O
kindness	O
and	O
support	O
.	O
"	O

The	O
suspected	O
arsonist	O
,	O
Shinji	B-GIVEN_NAME
Aoba	B-FAMILY_NAME
,	O
44	O
,	O
is	O
alleged	O
to	O
have	O
poured	O
gasoline	O
and	O
set	O
fire	O
to	O
it	O
on	O
the	O
premises	O
of	O
the	O
studio	O
.	O

He	O
suffered	O
severe	O
burns	O
himself	O
and	O
underwent	O
advanced	O
treatment	O
before	O
he	O
was	O
arrested	O
in	O
May	B-DATE
2020	I-DATE
.	O

Aoba	B-GIVEN_NAME
was	O
eventually	O
indicted	O
for	O
a	O
litany	O
of	O
charges	O
such	O
as	O
murder	O
and	O
arson	O
,	O
but	O
it	O
took	O
roughly	O
half	O
a	O
year	O
of	O
psychiatric	O
evaluation	O
for	O
prosecutors	O
to	O
conclude	O
that	O
he	O
can	O
be	O
held	O
criminally	O
responsible	O
for	O
the	O
attack	O
.	O

No	O
date	O
has	O
been	O
set	O
for	O
the	O
start	O
of	O
his	O
trial	O
,	O
however	O
.	O

The	O
company	O
lost	O
many	O
experienced	O
employees	O
in	O
the	O
arson	O
attack	O
.	O

It	O
newly	O
hired	O
some	O
staff	O
after	O
the	O
incident	O
and	O
currently	O
has	O
a	O
workforce	O
of	O
190	O
.	O

Some	O
of	O
the	O
injured	O
employees	O
have	O
returned	O
to	O
work	O
.	O

Hatta	B-GIVEN_NAME
said	O
KyoAni	B-ORGANIZATION
is	O
discussing	O
specific	O
ways	O
to	O
utilize	O
the	O
site	O
of	O
the	O
incident	O
.	O

