Syrian	B-AFFILIATION
artist	O
Lama	B-GIVEN_NAME
Zakaria	B-FAMILY_NAME
announced	O
receiving	O
a	O
Guinness	B-BRANDS
World	B-MISC
Record	I-MISC
for	O
painting	O
the	O
world	O
's	O
largest	O
display	O
of	O
mandalas	O
.	O

In	O
an	O
Instagram	B-ORGANIZATION
post	O
,	O
Zakaria	B-GIVEN_NAME
shared	O
the	O
certification	O
given	O
by	O
the	O
Guinness	B-BRANDS
World	B-MISC
Record	I-MISC
committee	O
for	O
her	O
latest	O
artwork	O
of	O
mandalas	O
and	O
wrote	O
:	O
"	O
The	O
moment	O
I	O
have	O
been	O
waiting	O
for	O
years	O
.	O
"	O

The	O
Syrian	B-AFFILIATION
artist	O
's	O
largest	O
display	O
of	O
mandalas	O
consists	O
of	O
4,096	O
mandalas	O
in	O
various	O
sizes	O
and	O
colors	O
.	O

The	O
world	O
record	O
prize	O
was	O
given	O
to	O
the	O
Syrian	B-AFFILIATION
artist	O
who	O
created	O
the	O
magnificant	O
painting	O
on	O
April	B-DATE
9	I-DATE
,	I-DATE
2022	I-DATE
.	O

Lama	B-GIVEN_NAME
Zakaria	B-FAMILY_NAME
,	O
23	O
,	O
is	O
well	O
-	O
recognized	O
for	O
her	O
amazing	O
drawings	O
of	O
mandalas	O
as	O
she	O
has	O
over	O
2	O
K	O
followers	O
on	O
Instagram	B-ORGANIZATION
.	O

According	O
to	O
media	O
sources	O
,	O
the	O
mandalas	O
artist	O
completed	O
her	O
masterpiece	O
in	O
her	O
small	O
studio	O
in	O
the	O
Syrian	B-AFFILIATION
town	O
of	O
Deir	B-LOCATION
Atiyah	I-LOCATION
,	O
where	O
she	O
used	O
"	O
acrylic	O
colors	O
to	O
paint	O
single	O
,	O
non	O
-	O
repetitive	O
and	O
different	O
circles	O
from	O
each	O
other	O
.	O
"	O

The	O
Syrian	B-AFFILIATION
artist	O
also	O
added	O
that	O
she	O
made	O
"	O
4,096	O
mandala	O
circles	O
of	O
various	O
diameters	O
,	O
colors	O
and	O
decorations	O
,	O
the	O
largest	O
of	O
which	O
is	O
two	O
meters	O
in	O
diameter	O
and	O
the	O
smallest	O
with	O
a	O
diameter	O
of	O
2	O
cm	O
,	O
on	O
8	O
MDF	O
boards	O
to	O
combine	O
them	O
together	O
with	O
an	O
area	O
of	O
approximately	O
25	O
square	O
meters	O
.	O
"	O

What	O
is	O
the	O
Mandala	O
:	O

Mandala	O
as	O
an	O
art	O
form	O
first	O
appeared	O
in	O
Buddhist	B-AFFILIATION
art	O
that	O
was	O
produced	O
in	O
India	B-LOCATION
during	O
the	O
first	O
century	O
B.	O
C.	O
E.	O
In	O
New	B-BRANDS
Age	B-MISC
,	O
the	O
mandala	O
is	O
a	O
diagram	O
,	O
chart	O
or	O
geometric	O
pattern	O
that	O
represents	O
the	O
cosmos	O
metaphysically	O
or	O
symbolically	O
;	O
a	O
time	O
-	O
microcosm	O
of	O
the	O
universe	O
.	O

