A	O
Saudi	B-AFFILIATION
businessman	O
was	O
reportedly	O
kidnapped	O
in	O
Baalbek	B-LOCATION
region	O
in	O
eastern	B-LOCATION
Lebanon	I-LOCATION
,	O
local	O
media	O
said	O
on	O
Monday	B-DATE
.	O

Unidentified	O
individuals	O
lured	O
Hussein	B-GIVEN_NAME
al	B-FAMILY_NAME
-	I-FAMILY_NAME
Shammari	I-FAMILY_NAME
on	O
Sunday	B-DATE
to	O
one	O
of	O
the	O
hills	O
of	O
Baalbek	B-LOCATION
for	O
an	O
offer	O
to	O
sell	O
him	O
a	O
land	O
,	O
before	O
they	O
kidnapped	O
him	O
and	O
asked	O
for	O
a	O
ransom	O
,	O
media	O
reports	O
said	O
.	O

The	O
Lebanese	B-AFFILIATION
army	O
on	O
Monday	B-BRANDS
morning	O
launched	O
a	O
search	O
operation	O
to	O
locate	O
the	O
whereabouts	O
of	O
the	O
businessman	O
,	O
they	O
added	O
.	O

According	O
to	O
the	O
reports	O
,	O
the	O
army	O
raided	O
a	O
number	O
of	O
suspected	O
sites	O
and	O
found	O
a	O
cache	O
of	O
weapons	O
and	O
ammunition	O
at	O
a	O
house	O
in	O
the	O
Al	B-LOCATION
-	I-LOCATION
Sharawneh	I-LOCATION
neighborhood	O
in	O
the	O
city	O
of	O
Baalbek	B-LOCATION
.	O

There	O
was	O
no	O
comment	O
yet	O
from	O
Lebanese	B-AFFILIATION
or	O
Saudi	B-AFFILIATION
authorities	O
on	O
the	O
report	O
.	O

