King	O
Abdullah	B-GIVEN_NAME
on	O
Sunday	B-DATE
received	O
Palestinian	B-AFFILIATION
President	O
Mahmoud	B-GIVEN_NAME
Abbas	B-FAMILY_NAME
and	O
stressed	O
the	O
importance	O
of	O
joint	O
Jordanian	B-AFFILIATION
-	O
Palestinian	B-AFFILIATION
action	O
at	O
all	O
levels	O
to	O
build	O
on	O
the	O
diplomatic	O
momentum	O
in	O
the	O
region	O
following	O
US	B-LOCATION
President	O
Joe	B-GIVEN_NAME
Biden	B-FAMILY_NAME
âs	O
visit	O
and	O
the	O
Jeddah	B-LOCATION
Security	B-MISC
and	I-MISC
Development	I-MISC
Summit	I-MISC
.	O

King	O
Abdullah	B-GIVEN_NAME
noted	O
the	O
need	O
to	O
continue	O
Jordanian	B-AFFILIATION
-	O
Palestinian	B-AFFILIATION
coordination	O
,	O
especially	O
ahead	O
of	O
the	O
United	B-ORGANIZATION
Nation	I-ORGANIZATION
âs	I-ORGANIZATION
General	I-ORGANIZATION
Assembly	I-ORGANIZATION
meetings	O
in	O
September	B-DATE
,	O
highlighting	O
Jordan	B-LOCATION
âs	O
keenness	O
to	O
reaffirm	O
the	O
centrality	O
of	O
the	O
Palestinian	B-AFFILIATION
cause	O
before	O
the	O
international	O
community	O
,	O
according	O
to	O
a	O
Royal	B-ORGANIZATION
Court	I-ORGANIZATION
statement	O
.	O

During	O
the	O
meeting	O
,	O
held	O
at	O
Al	B-LOCATION|B-GIVEN_NAME
Husseiniya	I-LOCATION|B-FAMILY_NAME
Palace	I-LOCATION
and	O
attended	O
by	O
HRH	O
Crown	O
Prince	O
Hussein	B-GIVEN_NAME
,	O
The	O
King	O
said	O
Jordan	B-LOCATION
is	O
committed	O
to	O
maintaining	O
coordination	O
with	O
Arab	B-AFFILIATION
countries	O
to	O
support	O
the	O
Palestinian	B-AFFILIATION
cause	O
,	O
stressing	O
the	O
need	O
to	O
include	O
the	O
Palestinians	B-AFFILIATION
in	O
regional	O
projects	O
,	O
while	O
empowering	O
them	O
and	O
supporting	O
their	O
steadfastness	O
.	O

The	O
King	O
reaffirmed	O
Jordan	B-LOCATION
âs	O
full	O
support	O
for	O
the	O
Palestinians	B-AFFILIATION
as	O
they	O
seek	O
their	O
just	O
and	O
legitimate	O
rights	O
,	O
underscoring	O
that	O
the	O
Kingdom	O
will	O
continue	O
all	O
its	O
efforts	O
to	O
safeguard	O
Islamic	B-AFFILIATION
and	O
Christian	B-AFFILIATION
holy	O
sites	O
in	O
Jerusalem	B-LOCATION
,	O
under	O
the	O
Hashemite	B-AFFILIATION
Custodianship	O
.	O

The	O
meeting	O
covered	O
developments	O
in	O
the	O
region	O
,	O
especially	O
the	O
upcoming	O
Israeli	B-AFFILIATION
elections	O
and	O
their	O
impact	O
on	O
prospects	O
of	O
resuming	O
peace	O
talks	O
between	O
the	O
Palestinians	B-AFFILIATION
and	O
the	O
Israelis	B-AFFILIATION
.	O

Discussions	O
also	O
addressed	O
the	O
importance	O
of	O
maintaining	O
Jordanian	B-AFFILIATION
-	O
Palestinian	B-AFFILIATION
coordination	O
to	O
alleviate	O
Israeli	B-AFFILIATION
obstacles	O
that	O
cause	O
overcrowding	O
at	O
the	O
King	B-LOCATION
Hussein	I-LOCATION|B-GIVEN_NAME
Bridge	I-LOCATION
.	O

For	O
his	O
part	O
,	O
President	O
Abbas	B-GIVEN_NAME
commended	O
The	O
King	O
's	O
ongoing	O
efforts	O
to	O
create	O
a	O
political	O
horizon	O
to	O
resolve	O
the	O
Palestinian	B-AFFILIATION
issue	O
and	O
Jordan	B-LOCATION
âs	O
keenness	O
on	O
including	O
the	O
Palestinian	B-ORGANIZATION|B-AFFILIATION
National	I-ORGANIZATION
Authority	I-ORGANIZATION
in	O
regional	O
projects	O
.	O

Prime	O
Minister	O
Bisher	B-GIVEN_NAME
Khasawneh	B-FAMILY_NAME
,	O
Deputy	O
Prime	O
Minister	O
and	O
Foreign	O
Minister	O
Ayman	B-GIVEN_NAME
Safadi	B-FAMILY_NAME
,	O
Director	O
of	O
the	O
Office	O
of	O
The	O
King	O
Jafar	B-GIVEN_NAME
Hassan	B-FAMILY_NAME
and	O
General	B-ORGANIZATION
Intelligence	I-ORGANIZATION
Department	I-ORGANIZATION
Director	O
Maj	O
.	O
Gen	O
.	O
Ahmad	B-GIVEN_NAME
Husni	B-FAMILY_NAME
attended	O
the	O
meeting	O
on	O
the	O
Jordanian	B-AFFILIATION
side	O
.	O

On	O
the	O
Palestinian	B-AFFILIATION
side	O
,	O
Secretary	O
General	O
of	O
the	O
Palestine	B-ORGANIZATION|B-LOCATION
Liberation	I-ORGANIZATION
Organisation	I-ORGANIZATION
âs	O
Executive	O
Committee	O
Hussein	B-GIVEN_NAME
Sheikh	B-FAMILY_NAME
,	O
General	B-ORGANIZATION
Intelligence	I-ORGANIZATION
Service	I-ORGANIZATION
Director	O
Majid	B-GIVEN_NAME
Faraj	B-FAMILY_NAME
,	O
Senior	O
Diplomatic	O
Adviser	O
to	O
the	O
President	O
Majdi	B-GIVEN_NAME
Khaldi	B-FAMILY_NAME
,	O
and	O
Palestinian	B-AFFILIATION
Ambassador	O
to	O
Jordan	B-LOCATION
Atallah	B-GIVEN_NAME
Khairi	B-FAMILY_NAME
were	O
in	O
attendance	O
.	O

