AMMAN	B-LOCATION
â	I-LOCATION
Jordan	I-LOCATION
on	O
Wednesday	B-DATE
marks	O
the	O
71st	O
anniversary	O
of	O
the	O
death	O
of	O
His	O
Majesty	O
King	O
Abdullah	B-GIVEN_NAME
I	O
(	O
1882-1951	B-DATE
)	O
,	O
the	O
founder	O
of	O
the	O
Kingdom	O
,	O
who	O
was	O
assassinated	O
as	O
he	O
was	O
entering	O
Al	B-LOCATION
Aqsa	I-LOCATION
Mosque	I-LOCATION
in	O
Jerusalem	B-LOCATION
for	O
Friday	B-DATE
prayers	O
on	O
July	B-DATE
20	I-DATE
,	I-DATE
1951	I-DATE
.	O

King	O
Abdullah	B-GIVEN_NAME
I	O
led	O
the	O
Arab	B-AFFILIATION
forces	O
of	O
the	O
Great	B-BRANDS
Arab	B-MISC|B-AFFILIATION
Revolt	I-MISC
with	O
his	O
brothers	O
Ali	B-GIVEN_NAME
,	O
Feisal	B-GIVEN_NAME
and	O
Zeid	B-GIVEN_NAME
against	O
the	O
Ottoman	B-ORGANIZATION
Empire	I-ORGANIZATION
.	O

By	O
the	O
end	O
of	O
World	B-BRANDS
War	B-MISC
I	I-MISC
,	O
he	O
assumed	O
the	O
Throne	B-ORGANIZATION
of	I-ORGANIZATION
Transjordan	I-ORGANIZATION|B-LOCATION
,	O
which	O
was	O
formed	O
in	O
1921	B-DATE
,	O
establishing	O
the	O
first	O
centralised	O
government	O
out	O
of	O
a	O
mostly	O
tribal	O
and	O
nomadic	O
society	O
.	O

Over	O
the	O
next	O
30	B-DURATION
years	I-DURATION
,	O
he	O
focused	O
on	O
nation	O
building	O
and	O
developing	O
the	O
institutional	O
foundations	O
of	O
modern	O
Jordan	B-LOCATION
.	O

During	O
these	O
three	O
decades	O
,	O
King	O
Abdullah	B-GIVEN_NAME
I	O
presided	O
over	O
a	O
series	O
of	O
Anglo	B-LOCATION
-	O
Transjordanian	B-AFFILIATION
treaties	O
,	O
culminating	O
in	O
the	O
1946	B-DATE
Anglo	B-BRANDS|B-LOCATION
-	B-MISC
Transjordanian	I-MISC|B-AFFILIATION
Treaty	I-MISC
,	O
ending	O
the	O
British	B-AFFILIATION
mandate	O
and	O
granting	O
the	O
new	O
Hashemite	B-AFFILIATION
Kingdom	O
of	O
Jordan	B-LOCATION
full	O
independence	O
.	O

He	O
is	O
also	O
remembered	O
for	O
promulgating	O
Jordan	B-LOCATION
âs	O
first	O
Constitution	O
in	O
1928	B-DATE
and	O
holding	O
the	O
country	O
âs	O
first	O
parliamentary	O
elections	O
in	O
1929	B-DATE
.	O

He	O
laid	O
down	O
the	O
basis	O
for	O
democracy	O
in	O
the	O
Kingdom	O
,	O
and	O
called	O
for	O
political	O
pluralism	O
.	O

The	O
first	O
political	O
party	O
was	O
formed	O
during	O
his	O
reign	O
.	O

A	O
poet	O
himself	O
,	O
he	O
used	O
to	O
meet	O
with	O
poets	O
,	O
writers	O
and	O
scholars	O
,	O
and	O
discuss	O
the	O
country	O
âs	O
affairs	O
.	O

