In	O
great	O
pain	O
and	O
agony	O
,	O
survivors	O
of	O
the	O
Modern	B-ORGANIZATION
Coast	I-ORGANIZATION
bus	O
accident	O
that	O
killed	O
35	O
people	O
at	O
the	O
notorious	O
Nithi	B-LOCATION
bridge	O
on	O
Sunday	B-BRANDS
evening	O
spoke	O
about	O
their	O
horrific	O
experience	O
from	O
their	O
beds	O
at	O
Chuka	B-LOCATION|B-LOCATION
County	I-LOCATION|I-LOCATION
Referral	I-LOCATION
Hospital	I-LOCATION
.	O

Mwashiradi	B-GIVEN_NAME
Kipele	B-FAMILY_NAME
,	O
James	B-GIVEN_NAME
Otieno	B-FAMILY_NAME
and	O
Hassan	B-GIVEN_NAME
Mukoko	B-FAMILY_NAME
were	O
among	O
nine	O
passengers	O
who	O
survived	O
the	O
crash	O
with	O
serious	O
injuries	O
.	O

Mr	O
Otieno	B-GIVEN_NAME
boarded	O
the	O
bus	O
at	O
Maua	B-LOCATION
with	O
his	O
two	O
sons	O
,	O
John	B-GIVEN_NAME
Ochieng	B-FAMILY_NAME
and	O
Nicholas	B-GIVEN_NAME
Ariyo	B-FAMILY_NAME
,	O
and	O
the	O
latter	O
âs	O
girlfriend	O
Agnes	B-GIVEN_NAME
Kagwira	B-FAMILY_NAME
.	O

The	O
couple	O
died	O
,	O
while	O
Mr	O
Ochieng	B-GIVEN_NAME
is	O
receiving	O
specialist	O
treatment	O
at	O
a	O
hospital	O
in	O
Nairobi	B-LOCATION
for	O
a	O
spinal	O
cord	O
injury	O
.	O

They	O
had	O
travelled	O
from	O
Mombasa	B-LOCATION
to	O
a	O
village	O
in	O
Igembe	B-LOCATION
North	I-LOCATION
constituency	O
in	O
Meru	B-LOCATION
County	I-LOCATION
to	O
meet	O
Ms	O
Kagwira	B-GIVEN_NAME
âs	O
parents	O
and	O
kinsmen	O
for	O
dowry	O
negotiations	O
.	O

They	O
were	O
returning	O
to	O
the	O
Coast	B-ATTRIBUTE
when	O
the	O
accident	O
happened	O
.	O

Mr	O
Kipele	B-GIVEN_NAME
and	O
Mr	O
Mukoko	B-GIVEN_NAME
are	O
students	O
at	O
Meru	B-ORGANIZATION|B-LOCATION
University	I-ORGANIZATION
of	I-ORGANIZATION
Science	I-ORGANIZATION
and	I-ORGANIZATION
Technology	I-ORGANIZATION
and	O
Meru	B-ORGANIZATION|B-LOCATION
National	I-ORGANIZATION
Polytechnic	I-ORGANIZATION
,	O
respectively	O
.	O

They	O
boarded	O
the	O
bus	O
in	O
Meru	B-LOCATION
town	O
and	O
were	O
destined	O
for	O
Mombasa	B-LOCATION
.	O

Mr	O
Mukoko	B-GIVEN_NAME
was	O
travelling	O
with	O
his	O
wife	O
and	O
their	O
three	O
-	O
month	O
-	O
old	O
son	O
,	O
whose	O
whereabouts	O
he	O
did	O
nât	O
know	O
when	O
he	O
spoke	O
to	O
the	O
media	O
on	O
Tuesday	B-BRANDS
evening	O
.	O

He	O
was	O
taking	O
his	O
son	O
to	O
see	O
his	O
grandfather	O
for	O
the	O
first	O
time	O
and	O
had	O
called	O
to	O
inform	O
the	O
family	O
that	O
they	O
were	O
on	O
the	O
way	O
.	O

According	O
to	O
Mr	O
Otieno	B-GIVEN_NAME
,	O
the	O
bus	O
had	O
mechanical	O
problems	O
from	O
the	O
start	O
of	O
the	O
journey	O
and	O
had	O
failed	O
to	O
start	O
in	O
Maua	B-LOCATION
.	O

When	O
the	O
engine	O
finally	O
ignited	O
,	O
they	O
left	O
Maua	B-LOCATION
but	O
the	O
driver	O
,	O
Paul	B-GIVEN_NAME
Murithi	B-FAMILY_NAME
Kamau	I-FAMILY_NAME
,	O
drove	O
slowly	O
and	O
on	O
arrival	O
at	O
a	O
place	O
in	O
Igembe	B-LOCATION
Central	I-LOCATION
constituency	O
,	O
he	O
stopped	O
to	O
find	O
a	O
mechanic	O
,	O
who	O
inspected	O
the	O
bus	O
for	O
a	O
few	O
minutes	O
before	O
they	O
left	O
.	O

On	O
the	O
slopes	O
,	O
the	O
driver	O
slowed	O
down	O
and	O
Mr	O
Otieno	B-GIVEN_NAME
could	O
hear	O
abnormal	O
sounds	O
when	O
the	O
gears	O
changed	O
though	O
he	O
was	O
sitting	O
in	O
the	O
back	O
.	O

â	O
I	O
sat	O
in	O
seat	O
number	O
38	O
,	O
while	O
my	O
colleagues	O
sat	O
in	O
seats	O
36	O
,	O
39	O
and	O
40	O
,	O
but	O
I	O
could	O
still	O
hear	O
that	O
the	O
driver	O
was	O
struggling	O
to	O
drive	O
the	O
bus	O
,	O
especially	O
on	O
hills	O
and	O
slopes	O
because	O
he	O
had	O
to	O
engage	O
a	O
low	O
gear	O
,	O
â	O
Mr	O
Otieno	B-GIVEN_NAME
said	O
.	O

The	O
driver	O
stopped	O
in	O
Meru	B-LOCATION
town	O
for	O
a	O
few	O
minutes	O
to	O
pick	O
up	O
more	O
passengers	O
,	O
filling	O
the	O
bus	O
to	O
full	O
capacity	O
.	O

It	O
is	O
at	O
this	O
point	O
that	O
Mr	O
Kipele	B-GIVEN_NAME
and	O
Mr	O
Mukoko	B-GIVEN_NAME
boarded	O
.	O

On	O
reaching	O
the	O
Nithi	B-LOCATION
bridge	O
,	O
the	O
driver	O
tried	O
to	O
engage	O
a	O
low	O
gear	O
but	O
this	O
time	O
he	O
was	O
not	O
successful	O
,	O
according	O
to	O
Mr	O
Mukoko	B-GIVEN_NAME
,	O
and	O
the	O
bus	O
started	O
going	O
faster	O
.	O

The	O
driver	O
struggled	O
to	O
control	O
the	O
vehicle	O
and	O
managed	O
to	O
negotiate	O
two	O
corners	O
,	O
but	O
he	O
was	O
not	O
lucky	O
in	O
the	O
third	O
one	O
at	O
the	O
bridge	O
.	O

After	O
noticing	O
that	O
the	O
bus	O
was	O
out	O
of	O
control	O
,	O
Mr	O
Mukoko	B-GIVEN_NAME
started	O
praying	O
to	O
God	O
to	O
save	O
them	O
,	O
and	O
in	O
the	O
twinkling	O
of	O
an	O
eye	O
,	O
the	O
vehicle	O
hit	O
the	O
guard	O
rail	O
on	O
the	O
bridge	O
and	O
plunged	O
into	O
the	O
river	O
about	O
40	O
metres	O
below	O
.	O

Mr	O
Mukoko	B-GIVEN_NAME
was	O
thrown	O
out	O
of	O
the	O
bus	O
through	O
a	O
window	O
as	O
it	O
descended	O
and	O
he	O
fell	O
on	O
the	O
riverbank	O
before	O
losing	O
consciousness	O
.	O

â	O
Even	O
when	O
I	O
fell	O
down	O
,	O
I	O
continued	O
to	O
pray	O
to	O
God	O
to	O
save	O
my	O
family	O
and	O
the	O
rest	O
of	O
the	O
passengers	O
and	O
I	O
remember	O
some	O
people	O
carrying	O
me	O
to	O
a	O
pickup	O
truck	O
before	O
I	O
lost	O
consciousness	O
,	O
â	O
said	O
Mr	O
Mukoko	B-GIVEN_NAME
,	O
who	O
broke	O
one	O
leg	O
in	O
two	O
places	O
.	O

He	O
said	O
he	O
regained	O
consciousness	O
on	O
Monday	B-DATE
and	O
found	O
himself	O
at	O
the	O
hospital	O
but	O
could	O
not	O
find	O
his	O
son	O
and	O
wife	O
.	O

â	O
I	O
have	O
been	O
asking	O
doctors	O
the	O
whereabouts	O
of	O
my	O
family	O
but	O
they	O
are	O
telling	O
me	O
that	O
they	O
are	O
okay	O
,	O
though	O
I	O
suspect	O
otherwise	O
,	O
â	O
he	O
said	O
as	O
tears	O
rolled	O
down	O
his	O
cheek	O
.	O

Mr	O
Kipele	B-GIVEN_NAME
,	O
who	O
was	O
sitting	O
next	O
to	O
a	O
school	O
mate	O
he	O
identified	O
as	O
Mark	B-GIVEN_NAME
,	O
said	O
he	O
only	O
remembered	O
two	O
people	O
asking	O
him	O
to	O
cooperate	O
so	O
that	O
they	O
could	O
carry	O
him	O
to	O
a	O
waiting	O
ambulance	O
and	O
then	O
he	O
lost	O
consciousness	O
.	O

He	O
broke	O
his	O
leg	O
and	O
suffered	O
soft	O
tissue	O
injuries	O
.	O

Though	O
doctors	O
said	O
Mr	O
Otieno	B-GIVEN_NAME
had	O
no	O
fracture	O
,	O
he	O
still	O
insisted	O
that	O
he	O
was	O
feeling	O
great	O
pain	O
in	O
his	O
chest	O
and	O
waist	O
.	O

When	O
he	O
spoke	O
to	O
the	O
media	O
,	O
Mr	O
Otieno	B-GIVEN_NAME
had	O
already	O
learned	O
that	O
Mr	O
Ochieng	B-GIVEN_NAME
suffered	O
a	O
spinal	O
cord	O
injury	O
and	O
had	O
been	O
transferred	O
to	O
a	O
hospital	O
in	O
Nairobi	B-LOCATION
,	O
while	O
Mr	O
Ariyo	B-GIVEN_NAME
and	O
his	O
girlfriend	O
,	O
Ms	O
Kagwira	B-GIVEN_NAME
,	O
were	O
no	O
more	O
.	O

The	O
three	O
said	O
that	O
though	O
the	O
bus	O
sounded	O
faulty	O
all	O
the	O
way	O
from	O
Maua	B-LOCATION
,	O
the	O
driver	O
and	O
the	O
conductor	O
Simon	B-GIVEN_NAME
Nzighe	B-FAMILY_NAME
(	O
both	O
deceased	O
)	O
did	O
not	O
alert	O
passengers	O
,	O
not	O
even	O
at	O
the	O
Nithi	B-LOCATION
bridge	O
when	O
it	O
went	O
loose	O
.	O

A	O
dark	O
cloud	O
engulfed	O
Chuka	B-LOCATION
and	O
Chogoria	B-LOCATION|B-LOCATION
PCEA	I-LOCATION|B-ORGANIZATION
Mission	I-LOCATION
hospitals	I-LOCATION
on	O
Monday	B-DATE
and	O
Tuesday	B-DATE
as	O
relatives	O
viewed	O
the	O
bodies	O
of	O
their	O
departed	O
loved	O
ones	O
in	O
great	O
sorrow	O
.	O

Tharaka	B-LOCATION
Nithi	I-LOCATION
County	I-LOCATION
Commissioner	O
Nobert	B-GIVEN_NAME
Komora	B-FAMILY_NAME
called	O
off	O
the	O
rescue	O
and	O
recovery	O
mission	O
on	O
Monday	B-BRANDS
night	O
after	O
accounting	O
for	O
all	O
the	O
passengers	O
.	O

The	O
government	O
suspended	O
the	O
operations	O
of	O
the	O
Modern	B-ORGANIZATION
Coast	I-ORGANIZATION
bus	O
company	O
as	O
it	O
investigates	O
whether	O
the	O
bus	O
was	O
roadworthy	O
.	O

