Korea	B-LOCATION
defeated	O
China	B-LOCATION
3-0	O
on	O
Wednesday	B-DATE
in	O
its	O
first	O
match	O
of	O
the	O
East	B-ORGANIZATION|B-AFFILIATION
Asian	I-ORGANIZATION|I-AFFILIATION
Football	I-ORGANIZATION
Federation	I-ORGANIZATION
(	O
EAFF	B-ORGANIZATION
)	O
E	B-BRANDS
-	B-MISC
1	I-MISC
Football	I-MISC
Championship	I-MISC
in	O
Toyota	B-ORGANIZATION|B-BRANDS
,	B-LOCATION
Japan	I-LOCATION
.	O

Forward	O
Cho	B-GIVEN_NAME
Gue	B-FAMILY_NAME
-	I-FAMILY_NAME
sung	I-FAMILY_NAME
and	O
midfielder	O
Kwon	B-GIVEN_NAME
Chang	B-FAMILY_NAME
-	I-FAMILY_NAME
hoon	I-FAMILY_NAME
each	O
scored	O
a	O
goal	O
,	O
while	O
China	B-LOCATION
erred	O
with	O
an	O
own	O
goal	O
.	O

Midfielder	O
Hwang	B-GIVEN_NAME
In	B-FAMILY_NAME
-	I-FAMILY_NAME
beom	I-FAMILY_NAME
was	O
responsible	O
for	O
setting	O
up	O
both	O
goals	O
with	O
his	O
agile	O
maneuvering	O
and	O
precision	O
passes	O
.	O

Korea	B-LOCATION
,	O
China	B-LOCATION
,	O
Hong	B-LOCATION
Kong	I-LOCATION
and	O
Japan	B-LOCATION
are	O
competing	O
in	O
a	O
round	O
robin	O
tournament	O
for	O
the	O
championship	O
title	O
.	O

Korea	B-LOCATION
won	O
in	O
2015	B-DATE
,	O
2017	B-DATE
and	O
2019	B-DATE
and	O
faces	O
off	O
against	O
Hong	B-LOCATION
Kong	I-LOCATION
on	O
July	B-DATE
24	I-DATE
and	O
Japan	B-LOCATION
on	O
July	B-DATE
27	I-DATE
.	O

The	O
Korean	B-AFFILIATION
national	O
squad	O
consists	O
mostly	O
of	O
K	B-ORGANIZATION
-	I-ORGANIZATION
League	I-ORGANIZATION
players	O
.	O

Those	O
playing	O
in	O
Europe	B-LOCATION
are	O
not	O
included	O
since	O
the	O
EAFF	B-ORGANIZATION
event	O
is	O
not	O
part	O
of	O
the	O
FIFA	B-ORGANIZATION
international	O
calendar	O
.	O

The	O
tournament	O
offers	O
the	O
last	O
chance	O
for	O
coach	O
Paolo	B-GIVEN_NAME
Bento	B-FAMILY_NAME
to	O
judge	O
the	O
form	O
of	O
K	B-ORGANIZATION
-	I-ORGANIZATION
League	I-ORGANIZATION
players	O
before	O
deciding	O
on	O
the	O
roster	O
for	O
the	O
2022	B-BRANDS|B-DATE
FIFA	B-MISC|B-ORGANIZATION
World	I-MISC
Cup	I-MISC
in	O
Qatar	B-LOCATION
in	O
November	B-DATE
.	O

