Relatives	O
of	O
a	O
South	B-AFFILIATION
Korean	I-AFFILIATION
fisheries	O
official	O
killed	O
by	O
North	B-AFFILIATION
Korean	I-AFFILIATION
soldiers	O
in	O
2020	B-DATE
said	O
Tuesday	B-DATE
they	O
plan	O
to	O
sue	O
the	O
Presidential	B-ORGANIZATION
Archives	I-ORGANIZATION
to	O
obtain	O
information	O
on	O
his	O
mysterious	O
disappearance	O
while	O
on	O
duty	O
in	O
the	O
Yellow	B-LOCATION
Sea	I-LOCATION
.	O

Lee	B-GIVEN_NAME
Dae	B-FAMILY_NAME
-	I-FAMILY_NAME
jun	I-FAMILY_NAME
,	O
an	O
official	O
in	O
the	O
Ministry	B-ORGANIZATION
of	I-ORGANIZATION
Fisheries	I-ORGANIZATION
and	I-ORGANIZATION
Oceans	I-ORGANIZATION
,	O
was	O
on	O
duty	O
in	O
the	O
Yellow	B-LOCATION
Sea	I-LOCATION
south	O
of	O
Yeonpyeong	B-LOCATION
Island	I-LOCATION
near	O
the	O
Northern	B-LOCATION
Limit	I-LOCATION
Line	I-LOCATION
(	O
NLL	B-LOCATION
)	O
,	O
the	O
de	O
facto	O
inter	O
-	O
Korean	B-AFFILIATION
maritime	O
boundary	O
,	O
when	O
he	O
disappeared	O
on	O
Sept	B-DATE
.	I-DATE
22	I-DATE
,	I-DATE
2020	I-DATE
.	O

He	O
was	O
shot	O
dead	O
by	O
North	B-AFFILIATION
Korean	I-AFFILIATION
soldiers	O
upon	O
capture	O
the	O
next	O
day	O
.	O

Lee	B-GIVEN_NAME
âs	O
older	O
brother	O
,	O
Lee	B-GIVEN_NAME
Rae	B-FAMILY_NAME
-	I-FAMILY_NAME
jin	I-FAMILY_NAME
,	O
said	O
the	O
family	O
plans	O
to	O
file	O
an	O
administrative	O
lawsuit	O
on	O
July	B-DATE
20	I-DATE
against	O
the	O
Presidential	B-ORGANIZATION
Archives	I-ORGANIZATION
under	O
Article	O
20	O
of	O
the	O
Public	B-BRANDS
Information	B-MISC
Disclosure	I-MISC
Act	I-MISC
â	O
after	O
the	O
funeral	O
for	O
their	O
mother	O
,	O
Kim	B-GIVEN_NAME
Mal	B-FAMILY_NAME
-	I-FAMILY_NAME
im	I-FAMILY_NAME
,	O
has	O
concluded	O
.	O

Kim	B-GIVEN_NAME
passed	O
away	O
on	O
Monday	B-DATE
after	O
a	O
long	O
battle	O
with	O
an	O
undisclosed	O
chronic	O
illness	O
,	O
and	O
was	O
never	O
told	O
the	O
fate	O
of	O
her	O
younger	O
son	O
,	O
whose	O
body	O
was	O
burnt	O
by	O
the	O
North	B-AFFILIATION
Korean	I-AFFILIATION
soldiers	O
after	O
his	O
murder	O
.	O

Seoul	B-LOCATION
said	O
the	O
soldiers	O
set	O
the	O
corpse	O
on	O
fire	O
out	O
of	O
fear	O
of	O
Covid	B-BRANDS
-	B-MISC
19	I-MISC
infection	O
.	O

â	O
My	O
mother	O
closed	O
her	O
eyes	O
for	O
the	O
last	O
time	O
yesterday	O
without	O
knowing	O
about	O
her	O
son	O
âs	O
death	O
,	O
â	O
Lee	B-GIVEN_NAME
said	O
in	O
a	O
telephone	O
interview	O
with	O
the	O
JoongAng	B-ORGANIZATION
Ilbo	I-ORGANIZATION
on	O
Tuesday	B-DATE
.	O

â	O
Whenever	O
she	O
asked	O
for	O
my	O
younger	O
brother	O
,	O
I	O
had	O
no	O
choice	O
but	O
to	O
answer	O
,	O
â	O
Dae	B-GIVEN_NAME
-	B-FAMILY_NAME
jun	I-FAMILY_NAME
is	O
out	O
at	O
sea	O
on	O
a	O
boat	O
.	O
â	O
â	O

Lee	B-GIVEN_NAME
told	O
the	O
JoongAng	B-ORGANIZATION
Ilbo	I-ORGANIZATION
he	O
planned	O
to	O
get	O
the	O
truth	O
about	O
his	O
brother	O
âs	O
death	O
by	O
whatever	O
means	O
necessary	O
,	O
including	O
suing	O
the	O
Presidential	B-ORGANIZATION
Archives	I-ORGANIZATION
.	O

The	O
archives	O
told	O
the	O
family	O
on	O
June	B-DATE
22	I-DATE
that	O
it	O
â	O
has	O
no	O
records	O
[	O
related	O
to	O
the	O
killing	O
]	O
.	O
â	O

In	O
its	O
response	O
to	O
the	O
family	O
âs	O
request	O
for	O
information	O
on	O
the	O
case	O
,	O
the	O
archives	O
specified	O
that	O
no	O
documents	O
on	O
the	O
murder	O
exist	O
among	O
documents	O
classified	O
as	O
public	O
records	O
,	O
adding	O
that	O
it	O
was	O
still	O
sorting	O
out	O
files	O
marked	O
for	O
open	O
access	O
.	O

The	O
archives	O
also	O
noted	O
that	O
documents	O
marked	O
as	O
sealed	O
records	O
by	O
former	O
President	O
Moon	B-GIVEN_NAME
Jae	B-FAMILY_NAME
-	I-FAMILY_NAME
in	I-FAMILY_NAME
âs	O
administration	O
could	O
not	O
be	O
viewed	O
for	O
15	B-DURATION
years	I-DURATION
without	O
the	O
agreement	O
of	O
two	O
-	O
thirds	O
of	O
the	O
National	B-ORGANIZATION
Assembly	I-ORGANIZATION
or	O
an	O
order	O
from	O
a	O
higher	O
court	O
judge	O
.	O

The	O
family	O
âs	O
attorney	O
Kim	B-GIVEN_NAME
Ki	B-FAMILY_NAME
-	I-FAMILY_NAME
yoon	I-FAMILY_NAME
believes	O
Lee	B-GIVEN_NAME
âs	O
relatives	O
have	O
a	O
chance	O
to	O
force	O
the	O
Presidential	B-ORGANIZATION
Archives	I-ORGANIZATION
to	O
reveal	O
sealed	O
records	O
related	O
to	O
his	O
death	O
.	O

â	O
In	O
November	B-DATE
last	O
year	O
,	O
Lee	B-GIVEN_NAME
âs	O
family	O
won	O
a	O
lawsuit	O
filed	O
with	O
the	O
Seoul	B-ORGANIZATION|B-LOCATION
Administrative	I-ORGANIZATION
Court	I-ORGANIZATION
,	O
and	O
the	O
court	O
ordered	O
the	O
Moon	B-GIVEN_NAME
administration	O
to	O
disclose	O
documents	O
related	O
to	O
the	O
case	O
except	O
for	O
those	O
classified	O
as	O
military	O
secrets	O
,	O
â	O
Kim	B-GIVEN_NAME
said	O
.	O

Although	O
the	O
Moon	B-GIVEN_NAME
administration	O
immediately	O
appealed	O
that	O
decision	O
,	O
President	O
Yoon	B-GIVEN_NAME
Suk	B-FAMILY_NAME
-	I-FAMILY_NAME
yeol	I-FAMILY_NAME
âs	O
government	O
cancelled	O
the	O
appeal	O
and	O
handed	O
over	O
documents	O
concerning	O
the	O
case	O
on	O
June	B-DATE
16	I-DATE
â	O
the	O
same	O
day	O
that	O
the	O
Defense	B-ORGANIZATION
Ministry	I-ORGANIZATION
and	O
Coast	B-ORGANIZATION
Guard	I-ORGANIZATION
admitted	O
at	O
a	O
joint	O
press	O
conference	O
there	O
was	O
no	O
evidence	O
that	O
Lee	B-GIVEN_NAME
intended	O
to	O
defect	O
to	O
escape	O
a	O
gambling	O
debt	O
,	O
as	O
the	O
Coast	B-ORGANIZATION
Guard	I-ORGANIZATION
claimed	O
.	O

