&	O
np	O
=	O
1	O
&	O
mp	O
=	O
1	O

The	O
government	O
and	O
the	O
ruling	O
People	B-ORGANIZATION
Power	I-ORGANIZATION
Party	I-ORGANIZATION
continued	O
to	O
call	O
out	O
police	O
officers	O
opposing	O
the	O
new	O
â	O
police	O
bureau	O
,	O
â	O
with	O
Interior	O
Minister	O
Lee	B-GIVEN_NAME
Sang	B-FAMILY_NAME
-	I-FAMILY_NAME
min	I-FAMILY_NAME
comparing	O
resistance	O
to	O
a	O
coup	O
d	O
â	O
etat	O
.	O
Lee	B-GIVEN_NAME
further	O
explained	O
the	O
legitimacy	O
of	O
the	O
launch	O
,	O
arguing	O
it	O
is	O
an	O
act	O
of	O
democracy	O
.	O

Lee	B-GIVEN_NAME
attacked	O
Saturday	B-DATE
âs	O
meeting	O
held	O
by	O
police	O
chiefs	O
,	O
saying	O
it	O
was	O
an	O
act	O
of	O
insubordination	O
.	O

â	O
To	O
leave	O
one	O
âs	O
garrison	O
and	O
gather	O
is	O
similar	O
to	O
the	O
Dec	B-DATE
.	I-DATE
12	I-DATE
coup	O
d	O
â	O
etat	O
,	O
â	O
Lee	B-GIVEN_NAME
said	O
to	O
the	O
press	O
Monday	B-DATE
,	O
referring	O
to	O
the	O
military	O
coup	O
in	O
1979	B-DATE
through	O
which	O
Chun	B-GIVEN_NAME
Doo	B-FAMILY_NAME
-	I-FAMILY_NAME
hwan	I-FAMILY_NAME
rose	O
to	O
power	O
.	O

The	O
Interior	B-ORGANIZATION
Ministry	I-ORGANIZATION
announced	O
it	O
will	O
launch	O
a	O
new	O
police	O
bureau	O
to	O
supervise	O
the	O
National	B-ORGANIZATION
Police	I-ORGANIZATION
Agency	I-ORGANIZATION
,	O
whose	O
authority	O
has	O
been	O
recently	O
strengthened	O
with	O
the	O
prosecution	O
losing	O
its	O
investigative	O
powers	O
.	O

The	O
new	O
bureau	O
under	O
the	O
Interior	B-ORGANIZATION
Ministry	I-ORGANIZATION
will	O
be	O
responsible	O
for	O
reviewing	O
major	O
policies	O
of	O
the	O
police	O
agency	O
and	O
overseeing	O
the	O
agency	O
âs	O
plans	O
that	O
require	O
enactment	O
or	O
revision	O
of	O
the	O
law	O
.	O

The	O
plan	O
drew	O
criticism	O
from	O
the	O
police	O
over	O
concerns	O
that	O
it	O
may	O
damage	O
the	O
neutrality	O
and	O
independence	O
of	O
the	O
police	O
organization	O
,	O
and	O
that	O
the	O
bureau	O
resembles	O
the	O
system	O
from	O
days	O
of	O
police	O
brutality	O
.	O

The	O
Interior	O
Minister	O
defended	O
the	O
launch	O
of	O
the	O
new	O
bureau	O
,	O
saying	O
it	O
can	O
be	O
an	O
act	O
of	O
democracy	O
,	O
in	O
an	O
attempt	O
to	O
persuade	O
police	O
officers	O
who	O
are	O
strongly	O
opposed	O
to	O
the	O
plan	O
.	O

â	O
(	O
Police	O
officers	O
)	O
are	O
arguing	O
(	O
the	O
government	O
)	O
is	O
rushing	O
the	O
launch	O
of	O
the	O
new	O
bureau	O
.	O
But	O
it	O
is	O
a	O
democratic	O
act	O
for	O
the	O
interior	O
minister	O
,	O
who	O
was	O
appointed	O
to	O
the	O
post	O
by	O
the	O
president	O
who	O
were	O
chosen	O
by	O
the	O
people	O
through	O
an	O
election	O
,	O
to	O
oversee	O
police	O
affairs	O
,	O
â	O
Lee	B-GIVEN_NAME
said	O
.	O

â	O
If	O
a	O
bureau	O
overseeing	O
police	O
affairs	O
is	O
not	O
installed	O
within	O
the	O
Interior	B-ORGANIZATION
Ministry	I-ORGANIZATION
,	O
the	O
Interior	O
Minister	O
cannot	O
fulfill	O
his	O
duty	O
to	O
supervise	O
the	O
police	O
,	O
which	O
is	O
an	O
authority	O
given	O
by	O
the	O
Constitution	O
and	O
the	O
law	O
,	O
â	O
he	O
said	O

Lee	B-GIVEN_NAME
denied	O
the	O
criticism	O
that	O
the	O
new	O
bureau	O
would	O
be	O
a	O
return	O
of	O
the	O
abolished	O
domestic	O
security	O
department	O
.	O

â	O
The	O
new	O
police	O
bureau	O
will	O
be	O
entirely	O
different	O
from	O
the	O
domestic	O
security	O
department	O
from	O
the	O
past	O
,	O
which	O
carried	O
out	O
security	O
duties	O
itself	O
,	O
â	O
Lee	B-GIVEN_NAME
said	O
.	O

The	O
Interior	B-ORGANIZATION
Ministry	I-ORGANIZATION
had	O
the	O
domestic	O
security	O
department	O
under	O
its	O
wings	O
until	O
1991	B-DATE
before	O
it	O
was	O
spun	O
off	O
as	O
an	O
independent	O
outside	O
organization	O
from	O
the	O
ministry	O
to	O
guarantee	O
investigative	O
independence	O
.	O

Lee	B-GIVEN_NAME
continued	O
to	O
stress	O
that	O
the	O
new	O
bureau	O
will	O
not	O
intervene	O
in	O
police	O
investigations	O
at	O
a	O
governmental	O
interpellation	O
held	O
later	O
in	O
the	O
day	O
.	O

When	O
Rep.	O
Park	B-GIVEN_NAME
Bum	B-FAMILY_NAME
-	I-FAMILY_NAME
kye	I-FAMILY_NAME
from	O
the	O
opposition	O
Democratic	B-ORGANIZATION
Party	I-ORGANIZATION
of	I-ORGANIZATION
Korea	I-ORGANIZATION|B-LOCATION
asked	O
whether	O
he	O
could	O
guarantee	O
the	O
new	O
bureau	O
would	O
not	O
control	O
police	O
investigations	O
,	O
Lee	B-GIVEN_NAME
said	O
,	O
â	O
It	O
is	O
only	O
fair	O
.	O
â	O

The	O
conflict	O
remains	O
unresolved	O
a	O
week	O
before	O
the	O
launch	O
of	O
the	O
new	O
bureau	O
set	O
for	O
Aug	B-DATE
.	I-DATE
2	I-DATE
,	O
but	O
President	O
Yoon	B-GIVEN_NAME
Suk	B-FAMILY_NAME
-	I-FAMILY_NAME
yeol	I-FAMILY_NAME
has	O
stayed	O
on	O
the	O
sidelines	O
,	O
not	O
making	O
direct	O
comments	O
on	O
the	O
matter	O
.	O

Yoon	B-GIVEN_NAME
said	O
Monday	B-DATE
,	O
â	O
I	O
believe	O
the	O
Interior	B-ORGANIZATION
Ministry	I-ORGANIZATION
and	O
the	O
National	B-ORGANIZATION
Police	I-ORGANIZATION
Agency	I-ORGANIZATION
will	O
handle	O
the	O
matter	O
well	O
,	O
taking	O
needed	O
measures	O
.	O
â	O

The	O
president	O
âs	O
comment	O
was	O
similar	O
to	O
that	O
of	O
Presidential	O
Chief	O
of	O
Staff	O
Kim	B-GIVEN_NAME
Dae	B-FAMILY_NAME
-	I-FAMILY_NAME
ki	I-FAMILY_NAME
made	O
a	O
day	O
before	O
.	O
While	O
speaking	O
on	O
the	O
feud	O
between	O
the	O
government	O
and	O
police	O
with	O
the	O
press	O
,	O
Kim	B-GIVEN_NAME
drew	O
a	O
line	O
for	O
Yoon	B-GIVEN_NAME
,	O
saying	O
it	O
is	O
not	O
a	O
matter	O
for	O
the	O
president	O
to	O
intervene	O
.	O

However	O
,	O
the	O
ruling	O
party	O
continued	O
to	O
attack	O
the	O
police	O
and	O
those	O
against	O
the	O
launch	O
,	O
saying	O
they	O
are	O
acting	O
for	O
their	O
own	O
good	O
.	O

Rep.	O
Kim	B-GIVEN_NAME
Ki	B-FAMILY_NAME
-	I-FAMILY_NAME
hyun	I-FAMILY_NAME
of	O
the	O
ruling	O
People	B-ORGANIZATION
Power	I-ORGANIZATION
Party	I-ORGANIZATION
said	O
the	O
police	O
protesting	O
the	O
launch	O
of	O
the	O
bureau	O
are	O
â	O
faithful	O
dogs	O
â	O
of	O
the	O
past	O
administration	O
.	O

â	O
Some	O
from	O
the	O
police	O
leadership	O
who	O
were	O
â	O
faithful	O
dogs	O
â	O
for	O
the	O
Moon	B-GIVEN_NAME
Jae	B-FAMILY_NAME
-	I-FAMILY_NAME
in	I-FAMILY_NAME
administration	O
should	O
reflect	O
and	O
earn	O
back	O
the	O
trust	O
of	O
people	O
before	O
they	O
shave	O
their	O
heads	O
and	O
revolt	O
against	O
commands	O
,	O
â	O
Kim	B-GIVEN_NAME
wrote	O
on	O
his	O
social	O
media	O
account	O
.	O

Kim	B-GIVEN_NAME
said	O
the	O
police	O
will	O
be	O
the	O
first	O
subject	O
of	O
reform	O
for	O
Korea	B-LOCATION
to	O
return	O
to	O
normalcy	O
.	O
â	O
Those	O
obsessed	O
with	O
anti	O
-	O
reform	O
and	O
egoism	O
will	O
only	O
be	O
eradicated	O
,	O
â	O
Kim	B-GIVEN_NAME
wrote	O
.	O

Meanwhile	O
,	O
the	O
police	O
organization	O
continues	O
to	O
protest	O
the	O
launch	O
of	O
the	O
new	O
bureau	O
through	O
collective	O
acts	O
.	O

Inspectors	O
and	O
assistant	O
inspectors	O
-	O
-	O
the	O
ranks	O
below	O
superintendent	O
-	O
-	O
across	O
the	O
nation	O
are	O
also	O
planning	O
to	O
hold	O
a	O
meeting	O
Saturday	B-DATE
to	O
showcase	O
their	O
will	O
for	O
the	O
opposition	O
.	O

â	O
If	O
we	O
lose	O
commanders	O
who	O
sacrifice	O
themselves	O
to	O
do	O
the	O
right	O
thing	O
,	O
we	O
will	O
become	O
puppets	O
of	O
the	O
regime	O
under	O
â	O
faithful	O
dogs	O
â	O
who	O
are	O
blind	O
for	O
their	O
own	O
profit	O
,	O
â	O
inspector	O
Kim	B-GIVEN_NAME
Seong	B-FAMILY_NAME
-	I-FAMILY_NAME
jong	I-FAMILY_NAME
wrote	O
on	O
the	O
police	O
network	O
platform	O
,	O
referring	O
to	O
superintendent	O
Ryu	B-GIVEN_NAME
Sam	B-FAMILY_NAME
-	I-FAMILY_NAME
yeong	I-FAMILY_NAME
who	O
has	O
been	O
ordered	O
to	O
go	O
on	O
stand	O
-	O
by	O
for	O
suggesting	O
the	O
meeting	O
of	O
police	O
station	O
chiefs	O
.	O

