&	O
np	O
=	O
1	O
&	O
mp	O
=	O
1	O

Yoon	B-GIVEN_NAME
Suk	B-FAMILY_NAME
-	I-FAMILY_NAME
yeol	I-FAMILY_NAME
administration	O
âs	O
first	O
interpellation	O
began	O
on	O
Monday	B-BRANDS
afternoon	O
at	O
the	O
National	B-ORGANIZATION
Assembly	I-ORGANIZATION
,	O
with	O
the	O
ruling	O
and	O
opposition	O
parties	O
clashing	O
over	O
multiple	O
pending	O
issues	O
ranging	O
from	O
the	O
economy	O
to	O
national	O
security	O
.	O

Pending	O
issues	O
,	O
such	O
as	O
the	O
launch	O
of	O
a	O
new	O
â	O
police	O
bureau	O
â	O
under	O
the	O
Ministry	B-ORGANIZATION
of	I-ORGANIZATION
the	I-ORGANIZATION
Interior	I-ORGANIZATION
and	I-ORGANIZATION
Safety	I-ORGANIZATION
,	O
the	O
repatriation	O
of	O
North	B-AFFILIATION
Korean	I-AFFILIATION
fishermen	O
and	O
Yoon	B-GIVEN_NAME
âs	O
controversial	O
personnel	O
appointments	O
were	O
put	O
on	O
the	O
table	O
.	O

The	O
first	O
part	O
of	O
the	O
parliamentary	O
interpellation	O
session	O
was	O
on	O
politics	O
,	O
diplomacy	O
,	O
unification	O
and	O
security	O
.	O
It	O
is	O
followed	O
by	O
economics	O
on	O
Tuesday	B-DATE
and	O
education	O
,	O
society	O
and	O
culture	O
on	O
Wednesday	B-DATE
.	O

Prime	O
Minister	O
Han	B-GIVEN_NAME
Duck	B-FAMILY_NAME
-	I-FAMILY_NAME
soo	I-FAMILY_NAME
and	O
ministers	O
in	O
relevant	O
ministries	O
were	O
present	O
at	O
the	O
session	O
.	O
There	O
were	O
also	O
a	O
total	O
of	O
11	O
lawmakers	O
including	O
Yoon	B-GIVEN_NAME
Sang	B-FAMILY_NAME
-	I-FAMILY_NAME
hyun	I-FAMILY_NAME
and	O
Ha	B-GIVEN_NAME
Tae	B-FAMILY_NAME
-	I-FAMILY_NAME
kyung	I-FAMILY_NAME
from	O
the	O
ruling	O
People	B-ORGANIZATION
Power	I-ORGANIZATION
Party	I-ORGANIZATION
and	O
Park	B-GIVEN_NAME
Bum	B-FAMILY_NAME
-	I-FAMILY_NAME
gye	I-FAMILY_NAME
and	O
Park	B-GIVEN_NAME
Joo	B-FAMILY_NAME
-	I-FAMILY_NAME
min	I-FAMILY_NAME
from	O
the	O
opposition	O
Democratic	B-ORGANIZATION
Party	I-ORGANIZATION
of	I-ORGANIZATION
Korea	I-ORGANIZATION|B-LOCATION
asking	O
questions	O
.	O

Park	B-GIVEN_NAME
Beom	B-FAMILY_NAME
-	I-FAMILY_NAME
kye	I-FAMILY_NAME
,	O
former	O
justice	O
minister	O
and	O
a	O
member	O
of	O
the	O
Democratic	B-ORGANIZATION|B-AFFILIATION
Party	I-ORGANIZATION
,	O
was	O
the	O
first	O
one	O
to	O
ask	O
questions	O
.	O
He	O
clashed	O
with	O
Justice	O
Minister	O
Han	B-GIVEN_NAME
Dong	B-FAMILY_NAME
-	I-FAMILY_NAME
hoon	I-FAMILY_NAME
over	O
a	O
newly	O
launched	O
personnel	O
vetting	O
unit	O
within	O
the	O
ministry	O
.	O

Park	B-GIVEN_NAME
attacked	O
Han	B-GIVEN_NAME
,	O
claiming	O
that	O
it	O
was	O
illegal	O
for	O
the	O
government	O
to	O
revise	O
the	O
Justice	B-ORGANIZATION
Ministry	I-ORGANIZATION
system	O
such	O
that	O
the	O
unit	O
was	O
under	O
the	O
direct	O
control	O
of	O
the	O
justice	O
minister	O
.	O

When	O
Rep.	O
Park	B-GIVEN_NAME
asked	O
whether	O
there	O
is	O
a	O
provision	O
in	O
the	O
Government	B-ORGANIZATION
Organization	B-MISC
Act	I-MISC
that	O
includes	O
the	O
Justice	B-ORGANIZATION
Ministry	I-ORGANIZATION
âs	O
personnel	O
affairs	O
,	O
Han	B-GIVEN_NAME
replied	O
that	O
personnel	O
vetting	O
work	O
is	O
not	O
new	O
.	O
It	O
is	O
what	O
Cheong	B-GIVEN_NAME
Wa	B-FAMILY_NAME
Dae	I-FAMILY_NAME
âs	O
senior	O
presidential	O
secretary	O
for	O
civil	O
affairs	O
did	O
in	O
the	O
past	O
,	O
Han	B-GIVEN_NAME
said	O
.	O
â	O
It	O
was	O
judged	O
by	O
the	O
Ministry	B-ORGANIZATION
of	I-ORGANIZATION
Government	I-ORGANIZATION
Legislation	I-ORGANIZATION
that	O
there	O
is	O
no	O
legal	O
problem	O
,	O
â	O
Han	B-GIVEN_NAME
said	O
.	O

Park	B-GIVEN_NAME
also	O
asked	O
,	O
â	O
Why	O
should	O
the	O
minister	O
of	O
justice	O
vet	O
the	O
justice	O
of	O
the	O
Supreme	B-ORGANIZATION
Court	I-ORGANIZATION
,	O
the	O
constitutional	O
judge	O
,	O
the	O
prime	O
minister	O
,	O
the	O
presidential	O
chief	O
of	O
staff	O
and	O
senior	O
secretaries	O
?	O
â	O
Han	B-GIVEN_NAME
replied	O
his	O
job	O
is	O
to	O
provide	O
objective	O
primary	O
verification	O
without	O
judgment	O
.	O
â	O
We	O
are	O
not	O
conducting	O
personnel	O
verification	O
for	O
the	O
Supreme	B-ORGANIZATION
Court	I-ORGANIZATION
justice	O
,	O
â	O
he	O
added	O
.	O

Ruling	O
party	O
lawmakers	O
asked	O
about	O
problems	O
related	O
to	O
the	O
repatriation	O
process	O
of	O
North	B-AFFILIATION
Korean	I-AFFILIATION
defectors	O
.	O
They	O
also	O
brought	O
up	O
the	O
shooting	O
of	O
a	O
South	B-AFFILIATION
Korean	I-AFFILIATION
civil	O
servant	O
in	O
the	O
West	B-LOCATION
Sea	I-LOCATION
by	O
North	B-AFFILIATION
Korean	I-AFFILIATION
soldiers	O
under	O
the	O
previous	O
Moon	B-GIVEN_NAME
Jae	B-FAMILY_NAME
-	I-FAMILY_NAME
in	I-FAMILY_NAME
administration	O
in	O
2020	B-DATE
.	O

When	O
Park	B-GIVEN_NAME
and	O
Han	B-GIVEN_NAME
engaged	O
in	O
a	O
war	O
of	O
words	O
,	O
lawmakers	O
continued	O
to	O
shout	O
and	O
applaud	O
.	O
The	O
Speaker	O
of	O
the	O
National	B-ORGANIZATION
Assembly	I-ORGANIZATION
Kim	B-GIVEN_NAME
Jin	B-FAMILY_NAME
-	I-FAMILY_NAME
pyo	I-FAMILY_NAME
told	O
them	O
to	O
refrain	O
from	O
applauding	O
.	O

In	O
a	O
change	O
of	O
tone	O
,	O
Rep.	O
Yoon	B-GIVEN_NAME
Sang	B-FAMILY_NAME
-	I-FAMILY_NAME
hyun	I-FAMILY_NAME
of	O
the	O
People	B-ORGANIZATION
Power	I-ORGANIZATION
Party	I-ORGANIZATION
asked	O
fellow	O
party	O
member	O
and	O
Unification	O
Minister	O
Kwon	B-GIVEN_NAME
Young	B-FAMILY_NAME
-	I-FAMILY_NAME
se	I-FAMILY_NAME
whether	O
there	O
had	O
been	O
cases	O
of	O
forced	O
repatriation	O
over	O
the	O
past	O
five	B-DURATION
years	I-DURATION
under	O
the	O
Moon	B-GIVEN_NAME
administration	O
.	O
Yoon	B-GIVEN_NAME
âs	O
questions	O
were	O
meant	O
to	O
highlight	O
and	O
criticize	O
the	O
previous	O
administration	O
âs	O
handling	O
of	O
key	O
inter	O
-	O
Korean	B-AFFILIATION
cases	O
.	O

Yoon	B-GIVEN_NAME
brought	O
up	O
the	O
Moon	B-GIVEN_NAME
administration	O
âs	O
repatriation	O
of	O
two	O
North	B-AFFILIATION
Korean	I-AFFILIATION
fishermen	O
in	O
2019	B-DATE
as	O
an	O
example	O
of	O
forced	O
and	O
unjust	O
repatriation	O
.	O

Minister	O
Kwon	B-GIVEN_NAME
said	O
,	O
â	O
It	O
is	O
the	O
only	O
case	O
I	O
know	O
of	O
in	O
which	O
(	O
North	B-AFFILIATION
Korean	I-AFFILIATION
defectors	O
)	O
were	O
forcibly	O
repatriated	O
against	O
their	O
will	O
.	O
â	O

Kwon	B-GIVEN_NAME
added	O
that	O
the	O
government	O
âs	O
decision	O
to	O
repatriate	O
the	O
North	B-AFFILIATION
Korean	I-AFFILIATION
fishermen	O
at	O
the	O
time	O
was	O
â	O
clearly	O
wrong	O
,	O
â	O
and	O
â	O
a	O
very	O
wrong	O
decision	O
that	O
undermined	O
basic	O
constitutional	O
regulations	O
and	O
constitutional	O
values	O
.	O
â	O

The	O
Democratic	B-ORGANIZATION|B-AFFILIATION
Party	I-ORGANIZATION
targeted	O
controversial	O
personnel	O
appointments	O
in	O
the	O
presidential	O
office	O
and	O
ministerial	O
posts	O
,	O
including	O
the	O
hiring	O
of	O
Yoon	B-GIVEN_NAME
âs	O
personal	O
acquaintances	O
and	O
the	O
dominance	O
of	O
former	O
prosecutors	O
.	O

â	O
(	O
President	O
Yoon	B-GIVEN_NAME
)	O
presented	O
â	O
fairness	O
and	O
common	O
sense	O
â	O
as	O
a	O
catchphrase	O
when	O
he	O
was	O
a	O
presidential	O
candidate	O
.	O
But	O
he	O
went	O
the	O
other	O
way	O
around	O
,	O
â	O
Rep.	O
Park	B-GIVEN_NAME
said	O
.	O

In	O
response	O
,	O
Prime	O
Minister	O
Han	B-GIVEN_NAME
said	O
the	O
government	O
took	O
special	O
measures	O
in	O
hiring	O
those	O
who	O
perform	O
specific	O
tasks	O
to	O
ensure	O
objectivity	O
.	O

Interior	O
and	O
Safety	O
Minister	O
Lee	B-GIVEN_NAME
Sang	B-FAMILY_NAME
-	I-FAMILY_NAME
min	I-FAMILY_NAME
faced	O
a	O
grilling	O
over	O
the	O
launch	O
of	O
a	O
new	O
police	O
bureau	O
.	O

Over	O
the	O
weekend	O
,	O
the	O
ruling	O
and	O
opposition	O
parties	O
clashed	O
over	O
the	O
new	O
bureau	O
âs	O
launch	O
,	O
with	O
the	O
nation	O
âs	O
police	O
chiefs	O
holding	O
a	O
meeting	O
on	O
Saturday	B-DATE
opposing	O
it	O
.	O
After	O
the	O
meeting	O
,	O
superintendent	O
Ryu	B-GIVEN_NAME
Sam	B-FAMILY_NAME
-	I-FAMILY_NAME
yeong	I-FAMILY_NAME
,	O
who	O
led	O
the	O
discussion	O
,	O
was	O
ordered	O
to	O
go	O
on	O
stand	O
-	O
by	O
.	O
Other	O
police	O
chiefs	O
are	O
also	O
being	O
investigated	O
by	O
the	O
National	B-ORGANIZATION
Police	I-ORGANIZATION
Agency	I-ORGANIZATION
.	O

The	O
opposition	O
Democratic	B-ORGANIZATION|B-AFFILIATION
Party	I-ORGANIZATION
strongly	O
criticized	O
the	O
National	B-ORGANIZATION
Police	I-ORGANIZATION
Agency	I-ORGANIZATION
for	O
giving	O
a	O
â	O
(	O
former	O
dictator	O
)	O
Chun	B-GIVEN_NAME
Doo	B-FAMILY_NAME
-	I-FAMILY_NAME
hwan	I-FAMILY_NAME
-	O
style	O
warning	O
â	O
over	O
the	O
punishment	O
and	O
inspection	O
of	O
the	O
police	O
chiefs	O
.	O
The	O
ruling	O
People	B-ORGANIZATION
Power	I-ORGANIZATION
Party	I-ORGANIZATION
defended	O
the	O
punishment	O
,	O
saying	O
the	O
launch	O
of	O
the	O
police	O
bureau	O
was	O
for	O
the	O
purpose	O
of	O
â	O
fixing	O
irregularities	O
.	O
â	O

Interior	O
Minister	O
Lee	B-GIVEN_NAME
Sang	B-FAMILY_NAME
-	I-FAMILY_NAME
min	I-FAMILY_NAME
declined	O
to	O
comment	O
on	O
the	O
punishment	O
on	O
Ryu	B-GIVEN_NAME
,	O
saying	O
it	O
is	O
not	O
within	O
his	O
domain	O
of	O
duties	O
.	O

