%	O
3	O
fidx	O
=	O
13307	O
&	O
PHPSESSID	O
=	O
70517884182	O
aa	O
0	O
d	O
94	O
ef	O
4	O
c	O
4556720	O
d	O
85	O
d	O

I	O
still	O
remember	O
the	O
anxiety	O
I	O
got	O
from	O
driving	O
an	O
American	B-AFFILIATION
-	O
made	O
car	O
in	O
Seoul	B-LOCATION
in	O
the	O
mid	O
-	O
1990s	B-DATE
.	O
On	O
occasion	O
,	O
I	O
had	O
my	O
car	O
keyed	O
,	O
tires	O
slashed	O
,	O
or	O
woke	O
up	O
to	O
find	O
it	O
covered	O
in	O
eggs	O
.	O
I	O
was	O
prevented	O
from	O
parking	O
in	O
certain	O
lots	O
and	O
even	O
had	O
a	O
nationalistic	O
Korean	B-AFFILIATION
refuse	O
to	O
sell	O
me	O
imported	O
gas	O
for	O
my	O
American	B-AFFILIATION
imported	O
vehicle	O
at	O
the	O
height	O
of	O
the	O
1997	B-DATE
financial	O
crisis	O
.	O
For	O
a	O
while	O
I	O
took	O
these	O
incidents	O
personally	O
,	O
until	O
I	O
realized	O
that	O
the	O
same	O
thing	O
was	O
happening	O
regularly	O
to	O
drivers	O
of	O
almost	O
all	O
foreign	O
cars	O
â	O
even	O
if	O
those	O
drivers	O
were	O
Korean	B-AFFILIATION
.	O

Fast	O
-	O
forward	O
to	O
2017	B-DATE
.	O
The	O
days	O
of	O
egged	O
Fords	B-BRANDS
and	O
keyed	O
Buicks	B-BRANDS
in	O
Seoul	B-LOCATION
are	O
long	O
gone	O
.	O
I	O
still	O
go	O
regularly	O
to	O
Seoul	B-LOCATION
,	O
but	O
as	O
I	O
sit	O
in	O
my	O
Washington	B-LOCATION
DC	I-LOCATION
office	O
and	O
reflect	O
on	O
the	O
five	B-DURATION
years	I-DURATION
of	O
the	O
U.	B-BRANDS|B-LOCATION
S.	B-MISC|I-LOCATION
-	I-MISC
Korea	I-MISC|B-LOCATION
Free	I-MISC
Trade	I-MISC
Agreement	I-MISC
(	O
KORUS	B-BRANDS
)	O
,	O
I	O
am	O
reminded	O
that	O
Korea	B-LOCATION
has	O
long	O
been	O
a	O
challenging	O
market	O
for	O
foreign	O
companies	O
and	O
,	O
despite	O
the	O
tremendous	O
progress	O
in	O
the	O
bilateral	O
trading	O
relationship	O
,	O
there	O
is	O
still	O
room	O
for	O
improvement	O
.	O

At	O
five	B-DURATION
years	I-DURATION
old	O
,	O
I	O
still	O
believe	O
that	O
KORUS	B-BRANDS
has	O
been	O
a	O
benefit	O
to	O
both	O
economies	O
.	O
The	O
agreement	O
has	O
benefited	O
U.	B-LOCATION
S.	I-LOCATION
exporters	O
of	O
manufactured	O
and	O
agricultural	O
goods	O
and	O
service	O
providers	O
,	O
and	O
strengthened	O
the	O
economy	O
of	O
a	O
long	O
-	O
time	O
U.	B-LOCATION
S.	I-LOCATION
ally	O
and	O
key	O
security	O
partner	O
in	O
the	O
Asia	B-LOCATION
-	I-LOCATION
Pacific	I-LOCATION
.	O
It	O
âs	O
also	O
added	O
jobs	O
to	O
the	O
U.	B-LOCATION
S.	I-LOCATION
economy	O
,	O
paved	O
the	O
way	O
for	O
substantial	O
increases	O
in	O
Korean	B-AFFILIATION
investment	O
in	O
the	O
United	B-LOCATION
States	I-LOCATION
,	O
and	O
established	O
21st	O
century	O
rules	O
that	O
all	O
future	O
U.	B-LOCATION
S.	I-LOCATION
free	O
trade	O
agreements	O
should	O
build	O
from	O
.	O

Of	O
course	O
,	O
there	O
remain	O
a	O
number	O
of	O
challenges	O
,	O
but	O
I	O
am	O
encouraged	O
by	O
the	O
United	B-LOCATION
States	I-LOCATION
Trade	O
Representative	O
âs	O
acknowledgment	O
that	O
â	O
through	O
U.	B-LOCATION
S.	I-LOCATION
engagement	O
with	O
Korea	B-LOCATION
,	O
the	O
United	B-LOCATION
States	I-LOCATION
succeeded	O
in	O
making	O
significant	O
progress	O
in	O
addressing	O
issues	O
in	O
many	O
[	O
of	O
these	O
]	O
areas	O
.	O
â	O
Here	O
at	O
the	O
U.	B-LOCATION
S.	I-LOCATION
-	O
Korea	B-ORGANIZATION
Business	I-ORGANIZATION
Council	I-ORGANIZATION
,	O
we	O
too	O
,	O
remain	O
committed	O
to	O
resolving	O
issues	O
quickly	O
,	O
fully	O
and	O
faithfully	O
in	O
line	O
with	O
the	O
agreement	O
.	O

For	O
now	O
,	O
let	O
âs	O
take	O
a	O
look	O
at	O
the	O
numbers	O
,	O
which	O
â	O
along	O
with	O
the	O
egg	O
free	O
parking	O
lots	O
â	O
help	O
explain	O
why	O
we	O
still	O
hold	O
a	O
positive	O
view	O
of	O
KORUS	B-BRANDS
.	O

Due	O
to	O
slower	O
economic	O
growth	O
that	O
has	O
dampened	O
domestic	O
demand	O
,	O
Korea	B-LOCATION
is	O
importing	O
less	O
from	O
the	O
world	O
.	O
Since	O
2011	B-DATE
,	O
Korea	B-LOCATION
âs	O
imports	O
from	O
the	O
world	O
fell	O
22.5	O
%	O
from	O
$	B-MONEY
524.41	I-MONEY
billion	I-MONEY
to	O
$	B-MONEY
406.01	I-MONEY
billion	I-MONEY
.	O
However	O
,	O
over	O
that	O
same	O
period	O
,	O
Korea	B-LOCATION
âs	O
imports	O
from	O
the	O
United	B-LOCATION
States	I-LOCATION
grew	O
3.3	O
%	O
from	O
$	B-MONEY
61.9	I-MONEY
billion	I-MONEY
to	O
$	B-MONEY
63.9	I-MONEY
billion	I-MONEY
.	O
This	O
macroeconomic	O
dynamic	O
is	O
important	O
,	O
especially	O
as	O
free	O
trade	O
agreements	O
are	O
enacted	O
to	O
incentivize	O
trade	O
amongst	O
participants	O
â	O
which	O
KORUS	B-ORGANIZATION
is	O
clearly	O
doing	O
.	O

In	O
addition	O
to	O
the	O
growth	O
in	O
overall	O
exports	O
,	O
KORUS	B-BRANDS
has	O
led	O
to	O
a	O
surge	O
in	O
U.	B-LOCATION
S.	I-LOCATION
service	O
exports	O
to	O
Korea	B-LOCATION
,	O
and	O
a	O
growing	O
U.	B-LOCATION
S.	I-LOCATION
surplus	O
in	O
services	O
trade	O
.	O
This	O
is	O
significant	O
and	O
reflects	O
the	O
relative	O
strengths	O
of	O
the	O
U.	B-LOCATION
S.	I-LOCATION
and	O
Korean	B-AFFILIATION
economies	O
.	O
According	O
to	O
the	O
Department	B-ORGANIZATION
of	I-ORGANIZATION
Labor	I-ORGANIZATION
,	O
80	O
%	O
of	O
the	O
U.	B-LOCATION
S.	I-LOCATION
work	O
-	O
force	O
works	O
in	O
the	O
service	O
sector	O
,	O
whereas	O
Korea	B-LOCATION
âs	O
service	O
sector	O
makes	O
up	O
much	O
less	O
of	O
its	O
workforce	O
by	O
comparison	O
(	O
69.5	O
%	O
)	O
.	O
The	O
changes	O
brought	O
by	O
KORUS	B-BRANDS
have	O
created	O
new	O
opportunities	O
,	O
and	O
many	O
highly	O
competitive	O
U.	B-LOCATION
S.	I-LOCATION
services	O
firms	O
across	O
a	O
range	O
of	O
service	O
industries	O
are	O
taking	O
advantage	O
of	O
these	O
openings	O
.	O

Another	O
benefit	O
of	O
KORUS	B-BRANDS
has	O
been	O
a	O
rapid	O
increase	O
in	O
the	O
number	O
of	O
jobs	O
supported	O
by	O
exports	O
to	O
Korea	B-LOCATION
.	O
According	O
to	O
a	O
2016	O
report	O
by	O
the	O
Department	B-ORGANIZATION
of	I-ORGANIZATION
Commerce	I-ORGANIZATION
âs	I-ORGANIZATION
International	I-ORGANIZATION
Trade	I-ORGANIZATION
Administration	I-ORGANIZATION
,	O
the	O
United	B-LOCATION
States	I-LOCATION
saw	O
exports	O
to	O
Korea	B-LOCATION
support	O
an	O
increase	O
of	O
87,000	O
jobs	O
between	O
2009	B-DATE
and	O
2015	B-DATE
;	O
bringing	O
the	O
total	O
number	O
of	O
jobs	O
supported	O
by	O
exports	O
to	O
Korea	B-LOCATION
to	O
358,000	O
(	O
as	O
of	O
2015	B-DATE
)	O
.	O
That	O
increase	O
was	O
the	O
fourth	O
largest	O
of	O
any	O
country	O
in	O
the	O
world	O
over	O
the	O
same	O
period	O
,	O
which	O
is	O
particularly	O
impressive	O
given	O
Korea	B-LOCATION
âs	O
limited	O
market	O
size	O
.	O

KORUS	B-BRANDS
also	O
includes	O
an	O
investment	O
chapter	O
that	O
is	O
designed	O
to	O
facilitate	O
bilateral	O
investment	O
between	O
the	O
two	O
countries	O
.	O
By	O
any	O
measure	O
,	O
the	O
United	B-LOCATION
States	I-LOCATION
is	O
the	O
net	O
beneficiary	O
here	O
.	O
Korea	B-LOCATION
is	O
the	O
14th	O
largest	O
foreign	O
direct	O
investor	O
in	O
the	O
United	B-LOCATION
States	I-LOCATION
,	O
with	O
its	O
2015	B-DATE
position	O
at	O
$	B-MONEY
38.17	I-MONEY
billion	I-MONEY
and	O
it	O
is	O
the	O
fifth	O
fastest	O
growing	O
source	O
of	O
FDI	O
in	O
the	O
United	B-LOCATION
States	I-LOCATION
with	O
investment	O
growing	O
17.3	O
%	O
between	O
2010	B-DATE
and	O
2015	B-DATE
.	O
This	O
growth	O
is	O
a	O
crucial	O
development	O
for	O
the	O
bilateral	O
relationship	O
in	O
recent	O
years	O
.	O
Such	O
investment	O
now	O
results	O
in	O
45,100	O
direct	O
,	O
well	O
-	O
paying	O
jobs	O
.	O
According	O
to	O
Select	B-ORGANIZATION
USA	I-ORGANIZATION|B-LOCATION
the	O
average	O
yearly	O
salary	O
paid	O
by	O
Korean	B-AFFILIATION
companies	O
operating	O
in	O
the	O
U.	B-LOCATION
S.	I-LOCATION
is	O
$	B-MONEY
91,000	I-MONEY
.	O
Further	O
,	O
Korea	B-LOCATION
joins	O
Japan	B-LOCATION
and	O
Ireland	O
as	O
the	O
only	O
three	O
countries	O
that	O
rank	O
in	O
the	O
top	O
15	O
of	O
both	O
the	O
largest	O
and	O
fastest	O
growing	O
sources	O
of	O
FDI	O
in	O
the	O
United	B-LOCATION
States	I-LOCATION
.	O

Security	O
is	O
another	O
winner	O
from	O
the	O
KORUS	B-BRANDS
agreement	O
â	O
and	O
simply	O
put	O
,	O
there	O
are	O
no	O
metrics	O
that	O
adequately	O
assess	O
the	O
tremendous	O
value	O
gains	O
here	O
.	O
In	O
addition	O
to	O
the	O
billions	O
of	O
defense	O
exports	O
from	O
the	O
U.	B-LOCATION
S.	I-LOCATION
to	O
Korea	B-LOCATION
over	O
the	O
past	O
few	O
years	O
â	O
valued	O
between	O
$	B-MONEY
12-14	I-MONEY
billion	I-MONEY
between	O
2013	B-DATE
and	O
2016	B-DATE
â	O
there	O
are	O
ancillary	O
benefits	O
for	O
global	O
economic	O
activity	O
and	O
regional	O
stability	O
that	O
go	O
unmeasured	O
.	O

As	O
mentioned	O
earlier	O
,	O
not	O
every	O
aspect	O
of	O
the	O
KORUS	B-BRANDS
agreement	O
has	O
worked	O
as	O
planned	O
.	O
In	O
all	O
our	O
discussions	O
about	O
the	O
agreement	O
with	O
Korean	B-AFFILIATION
government	O
officials	O
,	O
the	O
Council	O
is	O
vigilant	O
in	O
mentioning	O
the	O
pressing	O
need	O
to	O
resolve	O
a	O
number	O
of	O
outstanding	O
issues	O
relating	O
to	O
regulatory	O
transparency	O
,	O
customs	O
clearance	O
,	O
and	O
regulatory	O
overreach	O
.	O
Yet	O
,	O
as	O
we	O
take	O
stock	O
of	O
the	O
agreement	O
â	O
or	O
any	O
trade	O
agreement	O
for	O
that	O
matter	O
â	O
we	O
must	O
remember	O
that	O
trade	O
is	O
not	O
a	O
zero	O
-	O
sum	O
game	O
,	O
and	O
benefits	O
are	O
not	O
fully	O
captured	O
if	O
we	O
view	O
them	O
too	O
narrowly	O
.	O
But	O
we	O
believe	O
that	O
overall	O
,	O
KORUS	B-BRANDS
is	O
providing	O
benefits	O
to	O
American	B-AFFILIATION
companies	O
and	O
we	O
look	O
forward	O
to	O
continuing	O
to	O
seek	O
improvements	O
wherever	O
possible	O
.	O

