%	O
3	O
fidx	O
=	O
14419	O
&	O
PHPSESSID	O
=	O
70517884182	O
aa	O
0	O
d	O
94	O
ef	O
4	O
c	O
4556720	O
d	O
85	O
d	O

Chairman	O
Cho	B-GIVEN_NAME
Jae	B-FAMILY_NAME
-	I-FAMILY_NAME
Hyun	I-FAMILY_NAME
,	O
a	O
middle	O
-	O
aged	O
businessman	O
in	O
Seoul	B-LOCATION
,	O
now	O
minds	O
more	O
about	O
donations	O
and	O
sharings	O
for	O
the	O
needy	O
and	O
poor	O
than	O
making	O
profits	O
as	O
a	O
businessperon	O
.	O

Cho	B-GIVEN_NAME
,	O
who	O
runs	O
his	O
own	O
company	O
"	O
GeoYoung	B-ORGANIZATION
DNT	I-ORGANIZATION
Co	I-ORGANIZATION
.	O
"	O
as	O
its	O
CEO	O
and	O
chairman	O
,	O
tells	O
of	O
his	O
philosophy	O
"	O
Beautiful	O
minds	O
make	O
a	O
warm	O
world	O
"	O
at	O
his	O
recent	O
interview	O
with	O
The	B-ORGANIZATION
Seoul	I-ORGANIZATION|B-LOCATION
Times	I-ORGANIZATION
at	O
his	O
office	O
in	O
Seoul	B-LOCATION
's	I-LOCATION
Guro	I-LOCATION
-	I-LOCATION
dong	I-LOCATION
area	O
.	O

Once	O
a	O
big	O
businessman	O
with	O
yearly	O
earnings	O
up	O
to	O
several	B-MONEY
hundred	I-MONEY
billion	I-MONEY
won	I-MONEY
he	O
now	O
plans	O
to	O
share	O
the	O
proceeds	O
from	O
his	O
lucrative	O
business	O
projects	O
with	O
the	O
society	O
,	O

Cho	B-GIVEN_NAME
said	O
that	O
in	O
the	O
past	O
he	O
failed	O
in	O
his	O
business	O
as	O
many	O
as	O
18	O
times	O
,	O
paying	O
the	O
costly	O
prices	O
in	O
learning	O
and	O
realizing	O
how	O
the	O
society	O
works	O
.	O

One	O
of	O
his	O
business	O
projects	O
includes	O
"	O
block	O
chain	O
business	O
,	O
"	O
his	O
cash	O
cow	O
business	O
.	O
He	O
has	O
already	O
secured	O
some	O
30,000	O
investors	O
,	O
according	O
to	O
Cho	B-GIVEN_NAME
.	O

"	O
Dona	B-ORGANIZATION
Cash	I-ORGANIZATION
"	O
is	O
the	O
name	O
of	O
cryptocurrency	O
platform	O
of	O
Cho	B-GIVEN_NAME
's	O
company	O
.	O
Cho	B-GIVEN_NAME
said	O
that	O
Dona	B-ORGANIZATION
Cash	I-ORGANIZATION
will	O
be	O
available	O
to	O
change	O
into	O
the	O
real	O
cash	O
within	O
a	O
couple	O
of	O
months	O
from	O
now	O
.	O

Another	O
business	O
item	O
Cho	B-GIVEN_NAME
is	O
taking	O
care	O
of	O
is	O
drinking	O
water	O
business	O
.	O
One	O
of	O
the	O
water	O
brands	O
is	O
premium	O
brand	O
"	O
Vajra	B-BRANDS
Water	I-BRANDS
,	O
"	O
for	O
which	O
he	O
has	O
water	O
factory	O
in	O
Hongcheon	B-LOCATION
in	O
South	B-LOCATION
Korea	I-LOCATION
's	O
Gangwon	B-LOCATION
Province	I-LOCATION
.	O
The	O
Sanskrit	B-AFFILIATION
word	O
Vajra	O
means	O
lightning	O
.	O

"	O
Vajra	B-BRANDS
Water	I-BRANDS
"	O
is	O
the	O
brainchild	O
of	O
Cho	B-GIVEN_NAME
and	O
Dr	O
.	O
Kim	B-GIVEN_NAME
Bu	B-FAMILY_NAME
-	I-FAMILY_NAME
Yeol	I-FAMILY_NAME
,	O
local	O
researcher	O
.	O
They	O
developed	O
the	O
water	O
over	O
the	O
last	O
10	B-DURATION
years	I-DURATION
.	O

"	O
Vajra	B-BRANDS
Water	I-BRANDS
,	O
"	O
highly	O
healthful	O
and	O
functional	O
water	O
,	O
is	O
expected	O
to	O
his	O
the	O
nation	O
's	O
premium	O
water	O
market	O
,	O
Cho	B-GIVEN_NAME
explained	O
.	O

Cho	B-GIVEN_NAME
wants	O
to	O
advance	O
into	O
the	O
world	O
with	O
his	O
expanding	O
business	O
.	O
For	O
this	O
he	O
set	O
up	O
an	O
overseas	O
branch	O
in	O
Cambodia	B-LOCATION
on	O
April	B-DATE
9	I-DATE
,	I-DATE
2021	I-DATE
.	O
Through	O
the	O
Cambodian	B-AFFILIATION
branch	O
Cho	B-GIVEN_NAME
wants	O
to	O
trade	O
business	O
throughout	O
Southeast	B-LOCATION
Asia	I-LOCATION
.	O

Named	O
"	O
CMC	B-ORGANIZATION
Global	I-ORGANIZATION
"	O
his	O
Cambodian	B-AFFILIATION
branch	O
will	O
be	O
the	O
epicenter	O
for	O
Cho	B-GIVEN_NAME
's	O
global	O
donation	O
activities	O
and	O
for	O
other	O
charity	O
activities	O
.	O

It	O
is	O
through	O
"	O
CMC	B-ORGANIZATION
Global	I-ORGANIZATION
"	O
in	O
Cambodia	B-LOCATION
that	O
Cho	B-GIVEN_NAME
also	O
wants	O
to	O
train	O
the	O
Cambodian	B-AFFILIATION
youths	O
to	O
become	O
a	O
global	O
leader	O
.	O
Cho	B-GIVEN_NAME
wants	O
to	O
help	O
the	O
Cambodian	B-AFFILIATION
economy	O
for	O
creating	O
jobs	O
.	O

A	O
self	O
-	O
made	O
businessman	O
Cho	B-GIVEN_NAME
has	O
endured	O
a	O
number	O
of	O
hardships	O
in	O
the	O
past	O
,	O
always	O
rising	O
up	O
again	O
as	O
a	O
successful	O
business	O
leader	O
.	O

For	O
other	O
social	O
activities	O
,	O
Cho	B-GIVEN_NAME
serves	O
as	O
president	O
the	O
Korea	B-ORGANIZATION|B-LOCATION
Kumdo	I-ORGANIZATION
(	I-ORGANIZATION
Swordsmanship	I-ORGANIZATION
)	I-ORGANIZATION
Association	I-ORGANIZATION
,	O
contributing	O
to	O
its	O
development	O
.	O

As	O
part	O
of	O
his	O
last	O
social	O
services	O
,	O
Cho	B-GIVEN_NAME
plans	O
to	O
launch	O
a	O
project	O
for	O
the	O
local	O
Christians	B-AFFILIATION
to	O
make	O
pilgrimage	O
to	O
Jerusalem	B-LOCATION
under	O
the	O
catchphrase	O
"	O
Light	O
of	O
the	O
East	O
,	O
Kingdom	O
of	O
the	O
God	O
"	O

A	O
devout	O
Christian	B-AFFILIATION
Cho	B-GIVEN_NAME
has	O
been	O
decorated	O
and	O
awarded	O
a	O
lot	O
.	O
In	O
September	B-DATE
of	I-DATE
2018	I-DATE
he	O
became	O
the	O
recipient	O
of	O
the	O
covetous	O
"	O
Korean	B-AFFILIATION
Grand	B-BRANDS
Prize	B-MISC
for	I-MISC
Social	I-MISC
Development	I-MISC
.	O
"	O

