According	O
to	O
a	O
specialist	O
in	O
domestic	O
labor	O
affairs	O
Bassam	B-GIVEN_NAME
Al	B-FAMILY_NAME
-	I-FAMILY_NAME
Shammari	I-FAMILY_NAME
,	O
the	O
stakeholders	O
of	O
Ethiopian	B-AFFILIATION
domestic	O
labor	O
recruitment	O
offices	O
started	O
visiting	O
the	O
country	O
during	O
the	O
last	O
period	O
through	O
commercial	O
entry	O
visas	O
in	O
order	O
to	O
examine	O
the	O
labor	O
market	O
,	O
and	O
conclude	O
initial	O
contracts	O
with	O
local	O
offices	O
for	O
the	O
recruitment	O
and	O
use	O
of	O
labor	O
.	O

This	O
step	O
heralds	O
a	O
breakthrough	O
in	O
the	O
matter	O
of	O
the	O
Kuwaiti	B-AFFILIATION
-	O
Ethiopian	B-AFFILIATION
memorandum	O
of	O
understanding	O
regulating	O
the	O
recruitment	O
of	O
workers	O
from	O
Ethiopia	B-LOCATION
,	O
reports	O
Aljarida	B-ORGANIZATION
daily	O
.	O

Al	B-GIVEN_NAME
-	B-FAMILY_NAME
Shammari	I-FAMILY_NAME
explained	O
that	O
the	O
Ethiopian	B-ORGANIZATION|B-AFFILIATION
embassy	I-ORGANIZATION
in	O
the	O
country	O
is	O
about	O
to	O
open	O
its	O
new	O
headquarters	O
in	O
Funaitees	B-LOCATION
area	O
.	O

This	O
is	O
expected	O
to	O
happen	O
in	O
August	B-DATE
.	O

It	O
will	O
pave	O
the	O
way	O
for	O
the	O
opening	O
of	O
a	O
new	O
market	O
for	O
the	O
recruitment	O
of	O
labor	O
to	O
fill	O
the	O
severe	O
shortage	O
that	O
Kuwait	B-LOCATION
is	O
currently	O
experiencing	O
.	O

Many	O
local	O
recruitment	O
offices	O
are	O
waiting	O
for	O
the	O
signing	O
of	O
the	O
memorandum	O
of	O
understanding	O
between	O
the	O
two	O
sides	O
,	O
and	O
then	O
the	O
conclusion	O
of	O
initial	O
recruitment	O
contracts	O
known	O
as	O
Ã¢	O
â¬	O
Å	O
job	O
orderÃ¢	O
â¬	O
with	O
their	O
counterparts	O
in	O
Addis	B-LOCATION
Ababa	I-LOCATION
.	O

Allowing	O
the	O
recruitment	O
of	O
Ethiopian	B-AFFILIATION
workers	O
would	O
strike	O
a	O
balance	O
in	O
the	O
market	O
,	O
and	O
solve	O
the	O
problems	O
of	O
the	O
shortage	O
of	O
domestic	O
workers	O
that	O
it	O
currently	O
suffers	O
from	O
,	O
especially	O
since	O
the	O
costs	O
of	O
bringing	O
in	O
these	O
workers	O
and	O
their	O
salaries	O
are	O
low	O
,	O
and	O
will	O
not	O
burden	O
the	O
citizens	O
and	O
residents	O
.	O

Meanwhile	O
,	O
Al	B-GIVEN_NAME
-	B-FAMILY_NAME
Shammari	I-FAMILY_NAME
revealed	O
that	O
a	O
decision	O
was	O
issued	O
by	O
the	O
Philippines	B-LOCATION
to	O
raise	O
the	O
age	O
of	O
recruitment	O
of	O
female	O
workers	O
to	O
24	B-DURATION
years	I-DURATION
instead	O
of	O
23	B-DURATION
years	I-DURATION
.	O

He	O
indicated	O
that	O
the	O
biggest	O
difficulty	O
facing	O
recruitment	O
at	O
the	O
present	O
time	O
is	O
the	O
increase	O
in	O
the	O
prices	O
of	O
airline	O
tickets	O
,	O
which	O
jumped	O
to	O
exaggerated	O
prices	O
by	O
300	O
percent	O
,	O
in	O
light	O
of	O
the	O
continuation	O
of	O
the	O
recent	O
decision	O
of	O
the	O
Ministry	B-ORGANIZATION
of	I-ORGANIZATION
Commerce	I-ORGANIZATION
to	O
limit	O
the	O
costs	O
of	O
recruiting	O
domestic	O
workers	O
to	O
no	O
more	O
than	O
KD	B-MONEY
890	I-MONEY
.	O

Al	B-GIVEN_NAME
-	B-FAMILY_NAME
Shammari	I-FAMILY_NAME
stressed	O
the	O
need	O
to	O
raise	O
the	O
costs	O
of	O
recruiting	O
such	O
workers	O
,	O
after	O
examining	O
the	O
studies	O
submitted	O
to	O
address	O
the	O
negative	O
effects	O
of	O
the	O
aforementioned	O
decision	O
on	O
the	O
labor	O
market	O
,	O
which	O
constitutes	O
a	O
continuation	O
of	O
the	O
financial	O
losses	O
incurred	O
by	O
offices	O
and	O
companies	O
over	O
the	O
past	O
two	B-DURATION
years	I-DURATION
.	O

He	O
called	O
on	O
the	O
relevant	O
government	O
agencies	O
,	O
namely	O
the	O
Ministry	B-ORGANIZATION
of	I-ORGANIZATION
Interior	I-ORGANIZATION
and	O
the	O
Public	B-ORGANIZATION
Authority	I-ORGANIZATION
for	I-ORGANIZATION
Manpower	I-ORGANIZATION
,	O
to	O
issue	O
a	O
decision	O
that	O
will	O
allow	O
domestic	O
workers	O
to	O
move	O
from	O
one	O
employer	O
to	O
another	O
in	O
the	O
event	O
of	O
a	O
labor	O
dispute	O
between	O
the	O
two	O
parties	O
,	O
and	O
the	O
workerÃ¢	O
â¬	O
â¢	O
s	O
unwillingness	O
to	O
continue	O
with	O
her	O
sponsor	O
while	O
preserving	O
all	O
her	O
rights	O
guaranteed	O
by	O
law	O
.	O

Al	B-GIVEN_NAME
-	B-FAMILY_NAME
Shammari	I-FAMILY_NAME
insisted	O
that	O
deportation	O
should	O
not	O
be	O
the	O
first	O
step	O
.	O

