WE	O
dedicate	O
the	O
news	O
on	O
the	O
spread	O
of	O
deadly	O
drugs	O
,	O
which	O
was	O
published	O
by	O
Al	B-ORGANIZATION
-	I-ORGANIZATION
Qabas	I-ORGANIZATION
daily	O
on	O
July	B-DATE
14	I-DATE
and	O
the	O
hidden	O
information	O
that	O
could	O
be	O
greater	O
than	O
what	O
has	O
been	O
published	O
,	O
to	O
all	O
bearded	O
who	O
wear	O
the	O
shortest	O
â	O
dishdasha	O
â	O
.	O

We	O
no	O
longer	O
see	O
them	O
.	O

We	O
no	O
longer	O
hear	O
their	O
opinions	O
,	O
except	O
in	O
our	O
country	O
that	O
has	O
been	O
stricken	O
by	O
their	O
likes	O
,	O
because	O
the	O
brotherly	O
country	O
which	O
exported	O
the	O
ideas	O
of	O
their	O
ilk	O
had	O
clipped	O
their	O
wings	O
.	O

They	O
praised	O
the	O
opinions	O
and	O
decisions	O
of	O
the	O
courageous	O
leadership	O
that	O
held	O
them	O
back	O
and	O
cast	O
stones	O
at	O
them	O
.	O

We	O
go	O
back	O
to	O
the	O
news	O
published	O
by	O
Al	B-ORGANIZATION
-	I-ORGANIZATION
Qabas	I-ORGANIZATION
daily	O
.	O

It	O
limited	O
our	O
morals	O
to	O
our	O
young	O
sons	O
and	O
daughters	O
who	O
are	O
inclined	O
to	O
take	O
deadly	O
drugs	O
,	O
which	O
develop	O
a	O
spirit	O
of	O
aggression	O
up	O
to	O
the	O
point	O
of	O
killing	O
young	O
people	O
,	O
fathers	O
and	O
mothers	O
.	O

This	O
happened	O
for	O
the	O
first	O
time	O
in	O
Kuwait	B-LOCATION
â	O
a	O
mother	O
who	O
killed	O
her	O
own	O
child	O
under	O
the	O
influence	O
of	O
these	O
bloody	O
toxins	O
!	O

Al	B-ORGANIZATION
-	I-ORGANIZATION
Qabas	I-ORGANIZATION
daily	O
reported	O
that	O
revenues	O
from	O
drug	O
trade	O
whose	O
perpetrators	O
were	O
arrested	O
reached	O
KD	B-MONEY
200	I-MONEY
million	I-MONEY
or	O
$	B-MONEY
600	I-MONEY
million	I-MONEY
dollars	I-MONEY
in	O
the	O
last	O
18	O
months	O
.	O

Definitely	O
,	O
whatever	O
is	O
hidden	O
could	O
be	O
dozens	O
of	O
times	O
higher	O
,	O
because	O
the	O
prices	O
of	O
toxic	O
and	O
narcotic	O
products	O
in	O
Kuwait	B-LOCATION
are	O
10	O
times	O
higher	O
than	O
the	O
prices	O
in	O
neighboring	O
countries	O
!	O
!	O
This	O
resulted	O
in	O
300	O
percent	O
increase	O
in	O
the	O
number	O
of	O
recorded	O
crimes	O
that	O
youths	O
committed	O
over	O
the	O
past	O
year	O
.	O
These	O
crimes	O
include	O
97	O
murders	O
and	O
attempted	O
murders	O
;	O
as	O
well	O
as	O
1,550	O
kidnapping	O
and	O
assault	O
committed	O
by	O
young	O
people	O
aged	O
17	O
to	O
30	B-DURATION
years	I-DURATION
old	O
.	O
It	O
was	O
found	O
that	O
most	O
of	O
them	O
consumed	O
deadly	O
substances	O
at	O
the	O
time	O
they	O
committed	O
such	O
bloody	O
crimes	O
.	O

Personally	O
,	O
I	O
believe	O
,	O
and	O
it	O
could	O
be	O
likely	O
that	O
these	O
shameful	O
bloody	O
practices	O
are	O
due	O
to	O
one	O
of	O
the	O
main	O
clauses	O
of	O
Article	O
206	O
of	O
the	O
Penal	O
Code	O
,	O
which	O
prohibits	O
the	O
import	O
and	O
sale	O
of	O
alcoholic	O
drinks	O
.	O
This	O
is	O
implemented	O
only	O
in	O
Kuwait	B-LOCATION
.	O
God	O
Almighty	O
has	O
forbidden	O
consumption	O
of	O
alcoholic	O
drinks	O
â	O
to	O
the	O
point	O
of	O
intoxication	O
â	O
when	O
prayer	O
time	O
is	O
approaching	O
;	O
stating	O
,	O
â	O
Do	O
not	O
pray	O
when	O
you	O
are	O
drunk	O
.	O
â	O

Texts	O
on	O
buying	O
,	O
selling	O
and	O
eating	O
have	O
been	O
circulating	O
throughout	O
history	O
â	O
since	O
the	O
revelation	O
of	O
the	O
Islamic	B-AFFILIATION
message	O
until	O
now	O
,	O
except	O
Kuwait	B-LOCATION
with	O
its	O
infamous	O
Article	B-BRANDS
206	B-MISC
of	I-MISC
the	I-MISC
Penal	I-MISC
Code	I-MISC
.	O

We	O
have	O
visited	O
all	O
parts	O
of	O
the	O
world	O
,	O
including	O
the	O
sisterly	O
Gulf	B-LOCATION
countries	I-LOCATION
.	O
We	O
have	O
visited	O
their	O
cafÃ©s	O
,	O
restaurants	O
and	O
nightclubs	O
;	O
yet	O
we	O
have	O
not	O
seen	O
in	O
them	O
even	O
one	O
percent	O
of	O
the	O
violence	O
we	O
see	O
and	O
hear	O
about	O
daily	O
from	O
our	O
youths	O
and	O
adults	O
because	O
of	O
the	O
deadly	O
substances	O
,	O
which	O
are	O
prohibited	O
in	O
all	O
countries	O
.	O

I	O
say	O
to	O
people	O
with	O
long	O
beards	O
:	O
The	O
blood	O
of	O
drug	O
victims	O
and	O
the	O
limitation	O
of	O
their	O
freedoms	O
are	O
on	O
your	O
necks	O
â¦	O
and	O
the	O
necks	O
of	O
our	O
governments	O
that	O
fear	O
their	O
shadow	O
and	O
the	O
shadow	O
of	O
the	O
long	O
-	O
bearded	O
ruler	O
,	O
as	O
well	O
as	O
your	O
opinions	O
which	O
were	O
abandoned	O
by	O
civilized	O
and	O
open	O
societies	O
.	O

On	O
the	O
other	O
hand	O
,	O
we	O
see	O
that	O
you	O
are	O
silent	O
â	O
silence	O
of	O
the	O
Sphinx	B-BRANDS
in	O
the	O
face	O
of	O
billionaire	O
thefts	O
,	O
corruption	O
and	O
rampant	O
deterioration	O
wherever	O
we	O
turn	O
in	O
Kuwait	B-LOCATION
,	O
which	O
you	O
have	O
brought	O
to	O
the	O
bottom	O
of	O
backwardness	O
.	O

