Al	B-GIVEN_NAME
Zaabi	B-FAMILY_NAME
,	O
who	O
won	O
top	O
honors	O
in	O
the	O
â	O
content	O
creator	O
â	O
category	O
,	O
told	O
KUNA	B-ORGANIZATION
that	O
this	O
year	O
âs	O
edition	O
of	O
HIPA	B-BRANDS
was	O
dedicated	O
to	O
nature	O
and	O
wildlife	O
,	O
saying	O
he	O
was	O
glad	O
to	O
have	O
been	O
acknowledged	O
in	O
his	O
quest	O
to	O
leave	O
an	O
indelible	O
mark	O
on	O
the	O
world	O
of	O
photography	O
.	O

He	O
cited	O
social	O
media	O
as	O
a	O
useful	O
tool	O
for	O
a	O
photographer	O
looking	O
for	O
global	O
exposure	O
,	O
but	O
warned	O
that	O
the	O
platform	O
can	O
often	O
be	O
a	O
â	O
double	O
-	O
edged	O
sword	O
â	O
if	O
used	O
improperly	O
.	O

The	O
Kuwaiti	B-AFFILIATION
photographer	O
is	O
no	O
stranger	O
to	O
global	O
accolades	O
,	O
having	O
amassed	O
a	O
slew	O
of	O
international	O
awards	O
over	O
the	O
course	O
of	O
a	O
journey	O
that	O
has	O
spanned	O
over	O
two	O
decades	O
.	O

(	O
KUNA	B-ORGANIZATION
)	O

