WASHINGTON	B-LOCATION
,	O
July	B-DATE
25	I-DATE
:	O
The	O
United	B-LOCATION
States	I-LOCATION
condemned	O
Monday	B-DATE
in	O
the	O
strongest	O
terms	O
Burma	B-LOCATION
âs	O
regime	O
execution	O
of	O
four	O
of	O
the	O
country	O
âs	O
opposition	O
leaders	O
.	O

â	O
These	O
reprehensible	O
acts	O
of	O
violence	O
further	O
exemplify	O
the	O
regime	O
âs	O
complete	O
disregard	O
for	O
human	O
rights	O
and	O
the	O
rule	O
of	O
law	O
,	O
â	O
US	B-LOCATION
Secretary	O
of	O
State	O
Antony	B-GIVEN_NAME
Blinken	B-FAMILY_NAME
said	O
in	O
a	O
press	O
statement	O
.	O

He	O
noted	O
that	O
the	O
pro	O
-	O
democracy	O
activists	O
and	O
elected	O
leaders	O
Ko	B-GIVEN_NAME
Jimmy	B-FAMILY_NAME
,	O
Phyo	B-GIVEN_NAME
Zeya	B-FAMILY_NAME
Thaw	I-FAMILY_NAME
,	O
Hla	B-GIVEN_NAME
Myo	B-FAMILY_NAME
Aung	I-FAMILY_NAME
,	O
and	O
Aung	B-GIVEN_NAME
Thura	B-FAMILY_NAME
Zaw	I-FAMILY_NAME
were	O
executed	O
by	O
Burma	B-LOCATION
âs	O
military	O
regime	O
for	O
the	O
exercise	O
of	O
their	O
fundamental	O
freedoms	O
.	O

â	O
Since	O
the	O
February	B-DATE
2021	I-DATE
coup	O
,	O
the	O
regime	O
has	O
perpetuated	O
violence	O
against	O
its	O
own	O
people	O
,	O
killing	O
more	O
than	O
2,100	O
,	O
displacing	O
more	O
than	O
700,000	O
,	O
and	O
detaining	O
thousands	O
of	O
innocent	O
people	O
,	O
including	O
members	O
of	O
civil	O
society	O
and	O
journalists	O
,	O
â	O
Blinken	B-GIVEN_NAME
regretted	O
.	O

Among	O
those	O
executed	O
were	O
democracy	O
figure	O
Kyaw	B-GIVEN_NAME
Min	B-FAMILY_NAME
Yu	I-FAMILY_NAME
[	O
L	O
]	O
,	O
better	O
known	O
as	O
Jimmy	B-GIVEN_NAME
,	O
and	O
former	O
lawmaker	O
and	O
hip	O
-	O
hop	O
artist	O
Phyo	B-GIVEN_NAME
Zeya	B-FAMILY_NAME
Thaw	I-FAMILY_NAME
[	O
R	O
]	O
[	O
Twitter	O
]	O

He	O
dismissed	O
the	O
regime	O
âs	O
sham	O
trials	O
and	O
executions	O
as	O
blatant	O
attempts	O
to	O
extinguish	O
democracy	O
.	O

â	O
These	O
actions	O
will	O
never	O
suppress	O
the	O
spirit	O
of	O
the	O
brave	O
people	O
of	O
Burma	B-LOCATION
,	O
â	O
the	O
US	B-LOCATION
top	O
diplomat	O
added	O
.	O

He	O
assured	O
that	O
the	O
United	B-LOCATION
States	I-LOCATION
joined	O
the	O
people	O
of	O
Burma	B-LOCATION
in	O
their	O
pursuit	O
of	O
freedom	O
and	O
democracy	O
and	O
called	O
on	O
the	O
regime	O
to	O
respect	O
the	O
democratic	O
aspirations	O
of	O
the	O
people	O
â	O
who	O
have	O
shown	O
they	O
do	O
not	O
want	O
to	O
live	O
one	O
more	O
day	O
under	O
the	O
tyranny	O
of	O
military	O
rule	O
â	O
.	O

The	O
European	B-AFFILIATION|B-AFFILIATION
Union	B-ORGANIZATION
on	O
Monday	B-DATE
strongly	O
condemned	O
the	O
executions	O
of	O
three	O
prominent	O
democracy	O
activists	O
and	O
an	O
ex	O
-	O
Member	O
of	O
Parliament	O
in	O
Myanmar	B-LOCATION
and	O
expressed	O
its	O
sincere	O
condolences	O
to	O
the	O
bereaved	O
families	O
and	O
friends	O
of	O
the	O
victims	O
.	O

â	O
These	O
politically	O
motivated	O
executions	O
represent	O
yet	O
another	O
step	O
towards	O
the	O
complete	O
dismantling	O
of	O
the	O
rule	O
of	O
law	O
and	O
a	O
further	O
blatant	O
violation	O
of	O
human	O
rights	O
in	O
Myanmar	B-LOCATION
,	O
â	O
said	O
EU	B-ORGANIZATION
High	O
Representative	O
Josep	B-GIVEN_NAME
Borrell	B-FAMILY_NAME
in	O
a	O
Declaration	O
on	O
behalf	O
of	O
the	O
27	O
-	O
member	O
European	B-AFFILIATION
bloc	O
.	O

â	O
The	O
executions	O
are	O
reprehensible	O
acts	O
that	O
show	O
that	O
the	O
military	O
authorities	O
have	O
no	O
respect	O
for	O
the	O
life	O
or	O
dignity	O
of	O
the	O
very	O
people	O
they	O
are	O
supposed	O
to	O
protect	O
.	O

â	O
They	O
will	O
only	O
exacerbate	O
the	O
polarization	O
,	O
violence	O
and	O
dramatic	O
humanitarian	O
situation	O
in	O
Myanmar	B-LOCATION
,	O
â	O
warned	O
the	O
EU	B-ORGANIZATION
Declaration	O
.	O

It	O
stressed	O
that	O
the	O
EU	B-ORGANIZATION
stands	O
unequivocally	O
with	O
the	O
people	O
of	O
Myanmar	B-LOCATION
and	O
their	O
aspirations	O
for	O
freedom	O
,	O
and	O
urged	O
the	O
military	O
regime	O
to	O
end	O
all	O
acts	O
of	O
violence	O
without	O
further	O
delay	O
.	O

Further	O
,	O
the	O
EU	B-ORGANIZATION
called	O
for	O
the	O
unconditional	O
and	O
immediate	O
release	O
of	O
all	O
those	O
arbitrarily	O
detained	O
,	O
as	O
well	O
as	O
to	O
return	O
to	O
a	O
democratic	O
path	O
.	O

(	O
KUNA	B-ORGANIZATION
)	O

