Nasser	B-GIVEN_NAME
Saleh	B-FAMILY_NAME
al	I-FAMILY_NAME
-	I-FAMILY_NAME
Attiyah	I-FAMILY_NAME
,	O
Yazeed	B-GIVEN_NAME
al	B-FAMILY_NAME
-	I-FAMILY_NAME
Rajhi	I-FAMILY_NAME
and	O
Lucas	B-GIVEN_NAME
Moraes	B-FAMILY_NAME
delivered	O
stunning	O
performances	O
to	O
seal	O
first	O
,	O
second	O
and	O
third	O
positions	O
for	O
Toyota	B-ORGANIZATION|B-BRANDS|B-ORGANIZATION
Gazoo	I-ORGANIZATION|I-BRANDS
Racing	I-ORGANIZATION
and	O
Overdrive	B-ORGANIZATION
Racing	I-ORGANIZATION
at	O
Baja	B-BRANDS
Spain	B-MISC|B-LOCATION
AragÃ³n	I-MISC|I-LOCATION
,	O
round	O
four	O
of	O
the	O
2022	B-DATE
FIA	B-BRANDS
World	B-MISC
Cup	I-MISC
for	O
Cross	O
-	O
Country	O
Bajas	O
.	O

Al	B-GIVEN_NAME
-	B-FAMILY_NAME
Attiyah	I-FAMILY_NAME
and	O
French	B-AFFILIATION
co	O
-	O
driver	O
Mathieu	B-GIVEN_NAME
Baumel	B-FAMILY_NAME
won	O
the	O
opening	O
two	O
selective	O
sections	O
on	O
Saturday	B-DATE
in	O
the	O
latest	O
specification	O
Toyota	B-BRANDS|B-ORGANIZATION|B-BRANDS
Gazoo	I-BRANDS
Racing	I-BRANDS
Hilux	I-BRANDS
and	O
built	O
up	O
a	O
lead	O
that	O
they	O
were	O
able	O
to	O
defend	O
on	O
the	O
final	O
stage	O
on	O
Sunday	B-DATE
.	O
The	O
Qatari	B-AFFILIATION
duly	O
reached	O
the	O
finish	O
in	O
Teruel	B-LOCATION
with	O
an	O
advantage	O
of	O
3	B-DURATION
min	I-DURATION
02	B-DURATION
sec	I-DURATION
to	O
seal	O
a	O
fifth	O
win	O
in	O
Spain	B-LOCATION
to	O
add	O
to	O
his	O
previous	O
victories	O
in	O
2008	B-DATE
,	O
2016	B-DATE
,	O
2017	B-DATE
and	O
2021	B-DATE
.	O
This	O
was	O
Baumel	B-GIVEN_NAME
âs	O
fourth	O
success	O
with	O
al	B-GIVEN_NAME
-	B-FAMILY_NAME
Attiyah	I-FAMILY_NAME
.	O

â	O
We	O
finish	O
and	O
I	O
am	O
quite	O
happy	O
to	O
win	O
here	O
for	O
the	O
fifth	O
time	O
.	O
It	O
was	O
a	O
good	O
win	O
this	O
year	O
.	O
Thanks	O
to	O
the	O
organisation	O
for	O
making	O
an	O
amazing	O
job	O
.	O
It	O
was	O
not	O
easy	O
to	O
win	O
.	O
We	O
work	O
hard	O
.	O
The	O
road	O
was	O
not	O
easy	O
and	O
the	O
level	O
what	O
we	O
did	O
here	O
was	O
very	O
high	O
.	O
The	O
new	O
car	O
,	O
T	B-BRANDS
1	I-BRANDS
+	I-BRANDS
,	O
we	O
are	O
working	O
very	O
hard	O
.	O
This	O
was	O
the	O
first	O
time	O
we	O
run	O
here	O
in	O
Europe	B-LOCATION
.	O
We	O
need	O
to	O
test	O
more	O
and	O
more	O
now	O
that	O
the	O
team	O
has	O
decided	O
to	O
do	O
the	O
whole	O
championship	O
.	O
The	O
next	O
race	O
for	O
us	O
is	O
Poland	B-LOCATION
,	O
but	O
we	O
intend	O
to	O
be	O
ready	O
for	O
next	O
Dakar	B-LOCATION
,	O
â	O
Al	B-GIVEN_NAME
-	B-FAMILY_NAME
Attiyah	I-FAMILY_NAME
said	O
.	O

Al	B-GIVEN_NAME
-	B-FAMILY_NAME
Rajhi	I-FAMILY_NAME
and	O
co	O
-	O
driver	O
Michael	B-GIVEN_NAME
Orr	B-FAMILY_NAME
won	O
the	O
final	O
stage	O
in	O
their	O
Overdrive	B-BRANDS
Racing	B-MISC
Toyota	I-MISC|B-ORGANIZATION|B-BRANDS
and	O
added	O
valuable	O
points	O
for	O
second	O
place	O
to	O
keep	O
them	O
firmly	O
in	O
the	O
hunt	O
for	O
the	O
FIA	B-BRANDS
Bajas	B-MISC
Drivers	I-MISC
â	O
title	O
.	O

Orr	B-GIVEN_NAME
said	O
:	O
â	O
It	O
was	O
a	O
nice	O
final	O
stage	O
.	O
We	O
pushed	O
from	O
the	O
start	O
and	O
we	O
won	O
the	O
stage	O
to	O
keep	O
our	O
second	O
position	O
.	O
It	O
was	O
a	O
tough	O
race	O
with	O
rough	O
terrain	O
and	O
temperatures	O
were	O
very	O
high	O
.	O
It	O
was	O
tough	O
on	O
the	O
car	O
and	O
for	O
the	O
body	O
.	O
But	O
everything	O
was	O
under	O
control	O
for	O
us	O
.	O
â	O

Brazil	B-LOCATION
âs	O
Lucas	B-GIVEN_NAME
Moreas	B-FAMILY_NAME
teamed	O
up	O
with	O
fellow	O
countryman	O
Kaique	B-GIVEN_NAME
Bentivoglio	B-FAMILY_NAME
and	O
impressed	O
,	O
despite	O
a	O
lack	O
of	O
experience	O
compared	O
to	O
their	O
more	O
experienced	O
rivals	O
.	O
Moreas	B-GIVEN_NAME
recorded	O
two	B-DURATION
second	I-DURATION
fastest	O
times	O
on	O
his	O
way	O
to	O
the	O
final	O
place	O
on	O
the	O
podium	O
to	O
complete	O
a	O
superb	O
weekend	O
with	O
Overdrive	B-BRANDS
Racing	B-MISC
.	O

Moraes	B-GIVEN_NAME
said	O
:	O
â	O
This	O
was	O
my	O
second	O
race	O
in	O
the	O
World	B-BRANDS
Cup	B-MISC
.	O
My	O
first	O
was	O
in	O
Portugal	B-LOCATION
last	O
year	O
.	O
As	O
a	O
Brazilian	B-AFFILIATION
,	O
we	O
just	O
try	O
to	O
give	O
our	O
best	O
every	O
time	O
we	O
enter	O
the	O
car	O
.	O
It	O
has	O
been	O
a	O
pleasure	O
to	O
be	O
with	O
all	O
these	O
legends	O
,	O
Nasser	B-GIVEN_NAME
and	O
Yazeed	B-GIVEN_NAME
.	O
Day	O
one	O
was	O
long	O
and	O
tricky	O
,	O
almost	O
400	O
km	O
in	O
total	O
.	O
It	O
was	O
a	O
clean	O
run	O
and	O
we	O
managed	O
to	O
pass	O
a	O
few	O
drivers	O
but	O
the	O
dust	O
was	O
not	O
easy	O
.	O
â	O

Erik	B-GIVEN_NAME
van	B-FAMILY_NAME
Loon	I-FAMILY_NAME
returned	O
to	O
action	O
in	O
a	O
brand	O
new	O
T1+	B-BRANDS
Toyota	I-BRANDS|B-ORGANIZATION|B-BRANDS
after	O
winning	O
the	O
T3	O
category	O
at	O
the	O
recent	O
Italian	B-AFFILIATION|B-AFFILIATION
Baja	B-MISC
.	O
The	O
Dutchman	B-AFFILIATION
was	O
partnered	O
by	O
Frenchman	B-AFFILIATION
Sebastien	B-GIVEN_NAME
Delaunay	B-FAMILY_NAME
,	O
but	O
lost	O
the	O
chance	O
of	O
a	O
top	O
position	O
when	O
he	O
flooded	O
the	O
Hiluxes	B-BRANDS
âs	O
engine	O
in	O
a	O
muddy	O
water	O
crossing	O
on	O
Saturday	B-DATE
afternoon	O
.	O
Van	B-GIVEN_NAME
Loon	B-FAMILY_NAME
recovered	O
to	O
finish	O
the	O
event	O
after	O
setting	O
the	O
fourth	O
quickest	O
time	O
on	O
the	O
final	O
stage	O
.	O

Fuel	O
pump	O
issues	O
cost	O
the	O
Argentinean	B-AFFILIATION
duo	O
of	O
Juan	B-GIVEN_NAME
Cruz	B-FAMILY_NAME
Yacopini	I-FAMILY_NAME
and	O
Fernando	B-GIVEN_NAME
Acosta	B-FAMILY_NAME
valuable	O
time	O
on	O
Saturday	O
and	O
they	O
dropped	O
down	O
to	O
59th	O
overall	O
before	O
recovering	O
to	O
finish	O
in	O
the	O
fifth	O
of	O
the	O
Overdrive	B-BRANDS
Racing	B-MISC
-	I-MISC
run	I-MISC
Toyotas	I-MISC|B-BRANDS
.	O

Crews	O
tackled	O
two	O
demanding	O
selective	O
sections	O
on	O
Saturday	B-DATE
,	O
with	O
the	O
action	O
getting	O
underway	O
with	O
a	O
timed	O
stage	O
of	O
180.29	O
km	O
that	O
was	O
split	O
into	O
parts	O
of	O
84.89	O
km	O
and	O
95.4	O
km	O
by	O
a	O
neutralisation	O
zone	O
.	O

Al	B-GIVEN_NAME
-	B-FAMILY_NAME
Rajhi	I-FAMILY_NAME
led	O
the	O
way	O
into	O
the	O
stage	O
from	O
Al	B-GIVEN_NAME
-	B-FAMILY_NAME
Attiyah	I-FAMILY_NAME
but	O
the	O
Qatari	B-AFFILIATION
caught	O
the	O
Saudi	B-AFFILIATION
âs	O
dust	O
,	O
shadowed	O
the	O
stage	O
opener	O
to	O
the	O
finish	O
and	O
snatched	O
a	O
lead	O
of	O
1	B-DURATION
min	I-DURATION
34.9	O
sec	O
with	O
the	O
fastest	O
time	O
of	O
2	B-DURATION
hr	I-DURATION
28	B-DURATION
min	I-DURATION
34.5	O
sec	O
.	O
Moraes	B-GIVEN_NAME
and	O
Van	B-GIVEN_NAME
Loon	B-FAMILY_NAME
stopped	O
the	O
clocks	O
in	O
third	O
and	O
seventh	O
,	O
but	O
Yacopini	B-GIVEN_NAME
lost	O
over	O
two	B-DURATION
hours	I-DURATION
with	O
fuel	O
pump	O
issues	O
and	O
was	O
awarded	O
a	O
stage	O
maximum	O
time	O
penalty	O
.	O

The	O
second	O
stage	O
ran	O
for	O
222.13	O
km	O
in	O
the	O
intense	O
heat	O
of	O
the	O
afternoon	O
.	O
Al	B-GIVEN_NAME
-	B-FAMILY_NAME
Attiyah	I-FAMILY_NAME
was	O
again	O
fastest	O
and	O
extended	O
his	O
lead	O
to	O
5	B-DURATION
min	I-DURATION
00.1	O
sec	O
.	O
Al	B-GIVEN_NAME
-	B-FAMILY_NAME
Rajhi	I-FAMILY_NAME
came	O
home	O
in	O
third	O
behind	O
Moreas	B-GIVEN_NAME
to	O
maintain	O
third	O
overall	O
.	O
Yacopini	B-GIVEN_NAME
was	O
14th	O
but	O
first	O
stage	O
issues	O
had	O
dropped	O
the	O
Argentine	B-AFFILIATION
to	O
59th	O
overall	O
,	O
while	O
Van	B-GIVEN_NAME
Loon	B-FAMILY_NAME
slipped	O
to	O
62nd	O
after	O
incurring	O
stage	O
time	O
penalties	O
when	O
water	O
entered	O
the	O
Toyota	B-BRANDS
âs	O
engine	O
at	O
a	O
muddy	O
river	O
crossing	O
.	O

Al	B-GIVEN_NAME
-	B-FAMILY_NAME
Attiyah	I-FAMILY_NAME
said	O
:	O
â	O
It	O
was	O
a	O
good	O
first	O
day	O
for	O
us	O
and	O
we	O
are	O
leading	O
by	O
five	B-DURATION
minutes	I-DURATION
and	O
I	O
am	O
quite	O
happy	O
.	O
Now	O
we	O
check	O
the	O
car	O
to	O
make	O
sure	O
everything	O
is	O
okay	O
for	O
the	O
last	O
day	O
.	O
â	O

Al	B-GIVEN_NAME
-	B-FAMILY_NAME
Rajhi	I-FAMILY_NAME
âs	O
co	O
-	O
driver	O
Orr	B-GIVEN_NAME
added	O
:	O
â	O
Two	O
long	O
stages	O
and	O
it	O
was	O
not	O
easy	O
for	O
us	O
.	O
We	O
opened	O
the	O
road	O
and	O
took	O
it	O
careful	O
.	O
It	O
was	O
slippery	O
in	O
the	O
first	O
section	O
and	O
then	O
we	O
pushed	O
a	O
little	O
more	O
after	O
the	O
neutralisation	O
.	O
Then	O
we	O
had	O
a	O
small	O
incident	O
at	O
the	O
end	O
:	O
the	O
stage	O
was	O
blocked	O
by	O
the	O
organisers	O
.	O
I	O
was	O
sure	O
it	O
was	O
the	O
good	O
way	O
but	O
Yazeed	B-GIVEN_NAME
wanted	O
to	O
check	O
and	O
we	O
went	O
back	O
a	O
little	O
bit	O
.	O
I	O
said	O
no	O
,	O
we	O
must	O
break	O
the	O
tape	O
.	O
The	O
organisers	O
realised	O
they	O
made	O
a	O
mistake	O
with	O
this	O
â	O
it	O
was	O
the	O
same	O
area	O
as	O
the	O
Prologue	O
from	O
the	O
bikes	O
â	O
and	O
they	O
gave	O
us	O
the	O
27	B-DURATION
seconds	I-DURATION
that	O
we	O
lost	O
.	O
That	O
was	O
fair	O
.	O
We	O
did	O
nât	O
have	O
the	O
best	O
rhythm	O
in	O
the	O
second	O
one	O
,	O
but	O
we	O
are	O
still	O
second	O
overnight	O
.	O
â	O

The	O
third	O
and	O
final	O
selective	O
section	O
ran	O
for	O
159.88	O
km	O
on	O
Sunday	B-BRANDS
morning	O
.	O
Al	B-GIVEN_NAME
-	B-FAMILY_NAME
Rajhi	I-FAMILY_NAME
reduced	O
al	B-GIVEN_NAME
-	B-FAMILY_NAME
Attiyah	I-FAMILY_NAME
âs	O
overall	O
lead	O
to	O
3	B-DURATION
min	I-DURATION
02	B-DURATION
sec	I-DURATION
with	O
the	O
fastest	O
time	O
but	O
the	O
Qatari	B-AFFILIATION
had	O
done	O
enough	O
to	O
secure	O
a	O
fifth	O
win	O
in	O
Spain	B-LOCATION
since	O
2008	B-DATE
.	O

The	O
FIA	B-BRANDS
World	B-MISC
Cup	I-MISC
for	I-MISC
Cross	I-MISC
-	I-MISC
Country	I-MISC
Bajas	I-MISC
resumes	O
in	O
Poland	B-LOCATION
at	O
the	O
start	O
of	O
September	B-DATE
.	O

Final	O
result	O

1	O
.	O
Nasser	B-GIVEN_NAME
Saleh	B-FAMILY_NAME
al	I-FAMILY_NAME
-	I-FAMILY_NAME
Attiyah	I-FAMILY_NAME
(	O
QAT	B-LOCATION
)	O
/	O
Mathieu	B-GIVEN_NAME
Baumel	B-FAMILY_NAME
(	O
FRA	B-LOCATION
)	O
(	O
Toyota	B-BRANDS|B-ORGANIZATION|B-BRANDS
GR	I-BRANDS
DKR	I-BRANDS
Hilux	I-BRANDS
)	O
7	B-DURATION
hr	I-DURATION
20	B-DURATION
min	I-DURATION
43.9	O
sec	O

2	O
.	O
Yazeed	B-GIVEN_NAME
al	B-FAMILY_NAME
-	I-FAMILY_NAME
Rajhi	I-FAMILY_NAME
(	O
SAU	B-LOCATION
)	O
/	O
Michael	B-GIVEN_NAME
Orr	B-FAMILY_NAME
(	O
GBR	B-LOCATION
)	O
Toyota	B-BRANDS|B-ORGANIZATION|B-BRANDS
Hilux	I-BRANDS
Overdrive	I-BRANDS
7	B-DURATION
hr	I-DURATION
23	B-DURATION
min	I-DURATION
45.9	O
sec	O

3	O
.	O
Lucas	B-LOCATION
Moreas	I-LOCATION
(	O
BRA	B-LOCATION
)	O
/	O
Kaique	B-GIVEN_NAME
Bentivoglio	B-FAMILY_NAME
(	O
BRA	B-LOCATION
)	O
Toyota	B-BRANDS|B-ORGANIZATION|B-BRANDS
Hilux	I-BRANDS
Overdrive	I-BRANDS
7	B-DURATION
hr	I-DURATION
26	B-DURATION
min	I-DURATION
09.6	O
sec	O

4	O
.	O
Daniel	B-GIVEN_NAME
Alonso	B-FAMILY_NAME
(	O
ESP	B-LOCATION
)	O
/	O
Alejandro	B-GIVEN_NAME
Lopez	B-FAMILY_NAME
(	O
ESP	B-LOCATION
)	O
Ford	B-BRANDS|B-ORGANIZATION
Ranger	I-BRANDS
7	B-DURATION
hr	I-DURATION
45	B-DURATION
min	I-DURATION
53.6	O
sec	O

5	O
.	O
Luis	B-GIVEN_NAME
Recuenco	B-FAMILY_NAME
(	O
ESP	B-LOCATION
)	O
/	O
Sergio	B-GIVEN_NAME
Peinado	B-FAMILY_NAME
(	O
ESP	B-LOCATION
)	O
Mini	B-BRANDS
JCW	I-BRANDS|B-ORGANIZATION
Rally	I-BRANDS
7	B-DURATION
hr	I-DURATION
49	B-DURATION
min	I-DURATION
03.1	O
sec	O

6	O
.	O
JoÃ£o	B-GIVEN_NAME
DÃ­as	B-FAMILY_NAME
(	O
PRT	B-LOCATION
)	O
/	O
JoÃ£o	B-GIVEN_NAME
Miranda	B-FAMILY_NAME
(	O
PRT	B-LOCATION
)	O
Can	B-ORGANIZATION
-	I-ORGANIZATION
Am	I-ORGANIZATION
Maverick	I-ORGANIZATION
X	I-ORGANIZATION
3	I-ORGANIZATION
(	I-ORGANIZATION
T	I-ORGANIZATION
3	I-ORGANIZATION
)	I-ORGANIZATION
7	B-DURATION
hr	I-DURATION
55	B-DURATION
min	I-DURATION
50.0	O
sec	O

7	O
.	O
Santiago	B-GIVEN_NAME
Carnicer	B-FAMILY_NAME
(	O
ESP	B-LOCATION
)	O
/	O
Miguel	B-GIVEN_NAME
Lazaro	B-FAMILY_NAME
(	O
ESP	B-LOCATION
)	O
Ford	B-BRANDS|B-ORGANIZATION
Ranger	I-BRANDS
7	B-DURATION
hr	I-DURATION
57	B-DURATION
min	I-DURATION
46.5	O
sec	O

8	O
.	O
Dani	B-GIVEN_NAME
Sordo	B-FAMILY_NAME
(	O
ESP	B-LOCATION
)	O
/	O
Candido	B-GIVEN_NAME
Carrera	B-FAMILY_NAME
(	O
ESP	B-LOCATION
)	O
Can	B-BRANDS|B-ORGANIZATION
-	I-BRANDS|I-ORGANIZATION
Am	I-BRANDS|I-ORGANIZATION
Maverick	I-BRANDS
X	I-BRANDS
3	I-BRANDS
(	I-BRANDS
T	I-BRANDS
3	I-BRANDS
)	I-BRANDS
7	B-DURATION
hr	I-DURATION
58	B-DURATION
min	I-DURATION
03.1	O
sec	O

9	O
.	O
Alejandro	B-GIVEN_NAME
Martins	B-FAMILY_NAME
(	O
PRT	B-LOCATION
)	O
/	O
JosÃ©	B-GIVEN_NAME
Marques	B-FAMILY_NAME
(	O
PRT	B-LOCATION
)	O
Mini	B-BRANDS
JCW	I-BRANDS|B-ORGANIZATION
Rally	I-BRANDS
7	B-DURATION
hr	I-DURATION
58	B-DURATION
min	I-DURATION
56.0	O
sec	O

10	O
.	O
Cristina	B-GIVEN_NAME
Gutierrez	B-FAMILY_NAME
(	O
ESP	B-LOCATION
)	O
/	O
Pablo	B-GIVEN_NAME
Moreno	B-FAMILY_NAME
(	O
ESP	B-LOCATION
)	O
G	B-BRANDS|B-ORGANIZATION
Rally	I-BRANDS|I-ORGANIZATION
Team	I-BRANDS|I-ORGANIZATION
OT	I-BRANDS
3	I-BRANDS
(	I-BRANDS
T	I-BRANDS
3	I-BRANDS
)	I-BRANDS
8	B-DURATION
hr	I-DURATION
00	B-DURATION
min	I-DURATION
13.1	O
sec	O

11	O
.	O
Pedro	B-GIVEN_NAME
Carvalho	B-FAMILY_NAME
(	O
PRT	B-LOCATION
)	O
/	O
Nuno	B-GIVEN_NAME
Morais	B-FAMILY_NAME
(	O
PRT	B-LOCATION
)	O
Can	B-BRANDS|B-ORGANIZATION
-	I-BRANDS|I-ORGANIZATION
Am	I-BRANDS|I-ORGANIZATION
Maverick	I-BRANDS
X	I-BRANDS
3	I-BRANDS
8	B-DURATION
hr	I-DURATION
01	B-DURATION
min	I-DURATION
33.7	O
sec	O

12	O
.	O
Petr	B-GIVEN_NAME
Hozak	B-FAMILY_NAME
(	O
CZE	B-LOCATION
)	O
/	O
Rene	B-GIVEN_NAME
Kilian	B-FAMILY_NAME
(	O
CZE	B-LOCATION
)	O
Mini	B-BRANDS
Paceman	I-BRANDS
Proto	I-BRANDS
8	B-DURATION
hr	I-DURATION
03	B-DURATION
min	I-DURATION
23.3	O
sec	O

