Hamad	B-ORGANIZATION|B-GIVEN_NAME
Bin	I-ORGANIZATION|B-FAMILY_NAME
Khalifa	I-ORGANIZATION|I-FAMILY_NAME
University	I-ORGANIZATION
(	O
HBKU	B-ORGANIZATION
)	O
has	O
welcomed	O
new	O
and	O
returning	O
students	O
to	O
the	O
campus	O
to	O
begin	O
the	O
2022/2023	B-DATE
academic	O
year	O
.	O

A	O
two	O
-	O
day	O
orientation	O
on	O
July	B-DATE
24-25	I-DATE
included	O
a	O
virtual	O
experience	O
and	O
an	O
in	O
-	O
person	O
event	O
at	O
Multaqa	B-LOCATION
that	O
brought	O
the	O
academic	O
community	O
together	O
.	O

Drawn	O
from	O
a	O
strong	O
applicant	O
pool	O
,	O
and	O
with	O
a	O
marked	O
diversity	O
in	O
their	O
academic	O
and	O
professional	O
backgrounds	O
,	O
more	O
than	O
350	O
new	O
students	O
are	O
set	O
to	O
begin	O
their	O
journey	O
at	O
HBKU	B-ORGANIZATION
.	O

Around	O
100	O
Qataris	B-AFFILIATION
are	O
among	O
the	O
new	O
batch	O
of	O
students	O
enrolled	O
across	O
HBKU	B-ORGANIZATION
âs	O
36	O
multidisciplinary	O
programmes	O
.	O

HBKU	B-ORGANIZATION
also	O
received	O
the	O
first	O
intake	O
in	O
the	O
Master	O
âs	O
in	O
Social	B-BRANDS
Policy	B-MISC
and	I-MISC
Programme	I-MISC
Evaluation	I-MISC
(	O
MSPPE	B-BRANDS
)	O
.	O

The	O
full	O
-	O
time	O
two	O
-	O
year	O
interdisciplinary	O
degree	O
is	O
offered	O
through	O
the	O
College	B-ORGANIZATION
of	I-ORGANIZATION
Public	I-ORGANIZATION
Policy	I-ORGANIZATION
.	O

The	O
orientation	O
programme	O
focused	O
on	O
helping	O
the	O
incoming	O
students	O
transition	O
to	O
HBKU	B-ORGANIZATION
,	O
navigate	O
resources	O
on	O
campus	O
and	O
across	O
Qatar	B-ORGANIZATION|B-LOCATION
Foundation	I-ORGANIZATION
,	O
and	O
connect	O
with	O
their	O
peers	O
.	O

Breakout	O
sessions	O
were	O
an	O
opportunity	O
to	O
meet	O
programme	O
advisers	O
,	O
learn	O
about	O
the	O
curriculum	O
and	O
prepare	O
for	O
their	O
coursework	O
.	O

The	O
event	O
featured	O
addresses	O
by	O
Dr	O
Abdesselam	B-GIVEN_NAME
Bouzerdoum	B-FAMILY_NAME
,	O
associate	O
provost	O
for	O
Academic	O
Affairs	O
;	O
Dr	O
Maryam	B-GIVEN_NAME
al	B-FAMILY_NAME
-	I-FAMILY_NAME
Mannai	I-FAMILY_NAME
,	O
vice	O
-	O
president	O
for	O
Student	O
Affairs	O
;	O
Dr	O
Richard	B-GIVEN_NAME
O	B-FAMILY_NAME
â	I-FAMILY_NAME
Kennedy	I-FAMILY_NAME
,	O
vice	O
-	O
president	O
for	O
Research	O
,	O
and	O
the	O
college	O
deans	O
.	O

The	O
leadership	O
messages	O
touched	O
on	O
HBKU	B-ORGANIZATION
âs	O
commitment	O
to	O
advancing	O
Qatar	B-LOCATION
âs	O
national	O
development	O
by	O
cultivating	O
human	O
capacity	O
through	O
innovative	O
research	O
education	O
.	O

They	O
encouraged	O
students	O
to	O
use	O
the	O
opportunities	O
at	O
HBKU	B-ORGANIZATION
to	O
gain	O
skills	O
and	O
knowledge	O
in	O
areas	O
of	O
local	O
and	O
global	O
importance	O
.	O

Dr	O
Michael	B-GIVEN_NAME
J	B-FAMILY_NAME
Benedick	I-FAMILY_NAME
,	O
HBKU	B-ORGANIZATION
provost	O
,	O
said	O
:	O
â	O
The	O
start	O
of	O
a	O
new	O
academic	O
year	O
is	O
a	O
time	O
of	O
great	O
potential	O
and	O
expectation	O
.	O

Our	O
new	O
students	O
join	O
HBKU	B-ORGANIZATION
at	O
a	O
particularly	O
exciting	O
time	O
and	O
we	O
urge	O
them	O
to	O
grasp	O
the	O
advantages	O
that	O
come	O
with	O
studying	O
at	O
a	O
growing	O
research	O
university	O
.	O

Exceptional	O
opportunities	O
to	O
make	O
new	O
discoveries	O
and	O
understand	O
how	O
research	O
answers	O
questions	O
and	O
addresses	O
challenges	O
will	O
dramatically	O
enrich	O
their	O
learning	O
process	O
.	O

We	O
fully	O
expect	O
them	O
to	O
leave	O
HBKU	B-ORGANIZATION
with	O
an	O
entrepreneurial	O
mindset	O
that	O
applies	O
innovative	O
thinking	O
to	O
the	O
challenges	O
of	O
today	O
,	O
both	O
locally	O
and	O
globally	O
.	O
â	O

In	O
May	O
,	O
HBKU	B-ORGANIZATION
celebrated	O
the	O
achievements	O
of	O
215	O
graduates	O
,	O
representing	O
47	O
countries	O
,	O
both	O
an	O
inspiration	O
to	O
the	O
new	O
class	O
and	O
a	O
testament	O
to	O
the	O
exceptional	O
academic	O
experience	O
they	O
can	O
expect	O
.	O

In	O
her	O
message	O
of	O
encouragement	O
to	O
the	O
student	O
body	O
,	O
Dr	O
al	B-GIVEN_NAME
-	B-FAMILY_NAME
Mannai	I-FAMILY_NAME
said	O
:	O
â	O
I	O
am	O
very	O
pleased	O
to	O
welcome	O
you	O
to	O
HBKU	B-ORGANIZATION
,	O
whether	O
you	O
are	O
continuing	O
or	O
starting	O
your	O
academic	O
journey	O
with	O
us	O
.	O

Congratulations	O
on	O
taking	O
this	O
important	O
step	O
towards	O
fulfilling	O
your	O
aspirations	O
.	O

I	O
encourage	O
you	O
to	O
seek	O
out	O
every	O
opportunity	O
to	O
learn	O
and	O
grow	O
here	O
at	O
HBKU	B-ORGANIZATION
.	O

Our	O
programmes	O
will	O
challenge	O
you	O
academically	O
,	O
but	O
you	O
are	O
now	O
part	O
of	O
a	O
supportive	O
network	O
and	O
strong	O
campus	O
community	O
.	O

We	O
will	O
be	O
beside	O
you	O
,	O
motivating	O
and	O
encouraging	O
you	O
throughout	O
your	O
journey	O
.	O
â	O

