KUWAIT	B-LOCATION
:	O
A	O
new	O
Cabinet	B-ORGANIZATION
will	O
be	O
formed	O
soon	O
to	O
deal	O
with	O
the	O
budgets	O
and	O
dissolution	O
of	O
the	O
parliament	O
,	O
a	O
source	O
told	O
Kuwait	B-ORGANIZATION|B-LOCATION
Times	I-ORGANIZATION
.	O

To	O
deal	O
with	O
the	O
constitutional	O
procedures	O
with	O
regards	O
to	O
plans	O
by	O
the	O
political	O
leadership	O
to	O
dissolve	O
the	O
National	B-ORGANIZATION
Assembly	I-ORGANIZATION
,	O
a	O
ministerial	O
source	O
said	O
the	O
intention	O
is	O
to	O
announce	O
the	O
appointment	O
of	O
a	O
new	O
prime	O
minister	O
,	O
who	O
could	O
be	O
HH	O
Sheikh	O
Sabah	B-GIVEN_NAME
Al	B-FAMILY_NAME
-	I-FAMILY_NAME
Khaled	I-FAMILY_NAME
Al	I-FAMILY_NAME
-	I-FAMILY_NAME
Sabah	I-FAMILY_NAME
or	O
someone	O
else	O
,	O
to	O
form	O
a	O
new	O
Cabinet	B-ORGANIZATION
within	O
a	O
week	O
after	O
the	O
assignment	O
decree	O
,	O
and	O
this	O
government	O
will	O
attend	O
Assembly	B-ORGANIZATION
sessions	O
and	O
start	O
discussions	O
over	O
the	O
general	O
budget	O
and	O
financial	O
status	O
of	O
the	O
state	O
.	O

The	O
current	O
parliamentary	O
term	O
will	O
be	O
conclude	O
following	O
the	O
Eid	B-BRANDS
Al	B-MISC
-	I-MISC
Adha	I-MISC
break	O
.	O

â	O
A	O
new	O
government	O
formation	O
is	O
the	O
best	O
constitutional	O
choice	O
to	O
avoid	O
contesting	O
the	O
legality	O
of	O
the	O
current	O
government	O
âs	O
attendance	O
while	O
being	O
a	O
caretaker	O
Cabinet	B-ORGANIZATION
,	O
as	O
constitutional	O
experts	O
say	O
a	O
resigned	O
government	O
does	O
not	O
have	O
the	O
right	O
to	O
discuss	O
major	O
matters	O
such	O
as	O
budgets	O
,	O
â	O
the	O
source	O
argued	O
.	O

The	O
new	O
government	O
will	O
be	O
short	O
-	O
lived	O
,	O
no	O
longer	O
than	O
the	O
year	O
âs	O
end	O
,	O
the	O
source	O
said	O
,	O
adding	O
that	O
its	O
duty	O
is	O
to	O
prepare	O
for	O
the	O
new	O
National	B-ORGANIZATION
Assembly	I-ORGANIZATION
elections	O
,	O
as	O
it	O
is	O
expected	O
the	O
Assembly	B-ORGANIZATION
will	O
be	O
dissolved	O
in	O
October	B-DATE
and	O
elections	O
will	O
be	O
held	O
in	O
December	B-DATE
,	O
adding	O
the	O
constitutional	O
dissolution	O
of	O
the	O
National	B-ORGANIZATION
Assembly	I-ORGANIZATION
stipulates	O
that	O
new	O
elections	O
must	O
be	O
held	O
within	O
two	O
months	O
from	O
the	O
date	O
of	O
the	O
dissolution	O
decree	O
,	O
otherwise	O
the	O
Assembly	B-ORGANIZATION
that	O
was	O
dissolved	O
returns	O
under	O
the	O
constitution	O
as	O
if	O
it	O
was	O
not	O
dissolved	O
.	O

Employment	O
policies	O

Separately	O
,	O
the	O
government	O
postponed	O
the	O
creation	O
of	O
a	O
government	O
body	O
specialized	O
in	O
implementing	O
employment	O
policies	O
that	O
suit	O
actual	O
market	O
needs	O
until	O
a	O
new	O
Cabinet	B-ORGANIZATION
is	O
formed	O
,	O
after	O
a	O
ministerial	O
committee	O
completed	O
the	O
study	O
of	O
the	O
issue	O
and	O
decided	O
on	O
the	O
official	O
entities	O
that	O
will	O
handle	O
this	O
issue	O
.	O

Follow	O
-	O
up	O
of	O
the	O
current	O
employment	O
policy	O
by	O
the	O
Civil	B-ORGANIZATION
Service	I-ORGANIZATION
Commission	I-ORGANIZATION
revealed	O
that	O
ministerial	O
compliance	O
with	O
recommendations	O
and	O
instructions	O
by	O
CSC	B-ORGANIZATION
is	O
not	O
adequate	O
,	O
ministerial	O
sources	O
told	O
Kuwait	B-ORGANIZATION|B-LOCATION
Times	I-ORGANIZATION
.	O

This	O
caused	O
a	O
shakeup	O
in	O
the	O
appointment	O
mechanism	O
of	O
Kuwaitis	B-AFFILIATION
and	O
expatriates	O
,	O
adding	O
that	O
appointment	O
of	O
expats	O
on	O
the	O
reward	O
system	O
for	O
example	O
,	O
or	O
appointment	O
of	O
Kuwaitis	B-AFFILIATION
in	O
jobs	O
other	O
than	O
their	O
specialties	O
,	O
are	O
among	O
the	O
biggest	O
criticisms	O
.	O

Sources	O
said	O
the	O
government	O
agreed	O
to	O
form	O
a	O
higher	O
body	O
headed	O
by	O
the	O
deputy	O
premier	O
and	O
state	O
minister	O
for	O
Cabinet	B-ORGANIZATION
affairs	O
and	O
includes	O
all	O
ministry	O
undersecretaries	O
,	O
in	O
addition	O
to	O
CSC	B-ORGANIZATION
and	O
Public	B-ORGANIZATION
Authority	I-ORGANIZATION
of	I-ORGANIZATION
Manpower	I-ORGANIZATION
(	O
PAM	B-ORGANIZATION
)	O
,	O
along	O
with	O
members	O
of	O
the	O
private	O
sector	O
.	O

This	O
body	O
will	O
redirect	O
appointments	O
in	O
a	O
way	O
that	O
meets	O
actual	O
market	O
needs	O
and	O
employs	O
Kuwaitis	B-AFFILIATION
in	O
the	O
private	O
sector	O
.	O

Sources	O
said	O
this	O
committee	O
will	O
work	O
on	O
setting	O
appointment	O
policies	O
in	O
cooperation	O
with	O
higher	O
education	O
institutions	O
such	O
as	O
Kuwait	B-ORGANIZATION|B-LOCATION
University	I-ORGANIZATION
,	O
Ministry	B-ORGANIZATION
of	I-ORGANIZATION
Higher	I-ORGANIZATION
Education	I-ORGANIZATION
,	O
PAAET	B-ORGANIZATION
and	O
the	O
Private	B-ORGANIZATION
Universities	I-ORGANIZATION
Council	I-ORGANIZATION
.	O

These	O
entities	O
will	O
accept	O
high	O
school	O
graduates	O
according	O
to	O
market	O
needs	O
in	O
Kuwait	B-LOCATION
,	O
which	O
the	O
goal	O
to	O
provide	O
new	O
job	O
opportunities	O
for	O
Kuwaitis	B-AFFILIATION
to	O
replace	O
50,000	O
expats	O
within	O
five	B-DURATION
years	I-DURATION
at	O
various	O
government	O
entities	O
.	O

