Kuwait	B-LOCATION
:	O
A	O
senior	O
Chinese	B-AFFILIATION
official	O
on	O
Tuesday	B-DATE
underscored	O
necessity	O
of	O
pursuing	O
efforts	O
for	O
bolstering	O
the	O
Kuwaiti	B-AFFILIATION
-	O
Chinese	B-AFFILIATION
relations	O
at	O
various	O
levels	O
.	O

The	O
Chinese	B-ORGANIZATION|B-AFFILIATION
Ministry	I-ORGANIZATION
of	I-ORGANIZATION
Foreign	I-ORGANIZATION
Affairs	I-ORGANIZATION
said	O
in	O
a	O
statement	O
that	O
the	O
Deputy	O
Foreign	O
Minister	O
,	O
Deng	B-GIVEN_NAME
Li	B-FAMILY_NAME
,	O
affirmed	O
the	O
need	O
for	O
carrying	O
on	O
with	O
these	O
efforts	O
during	O
a	O
meeting	O
,	O
held	O
in	O
the	O
Chinese	B-AFFILIATION
capital	O
Beijing	B-LOCATION
,	O
with	O
the	O
outgoing	O
State	O
of	O
Kuwait	B-LOCATION
Ambassador	O
,	O
Samih	B-GIVEN_NAME
Johar	B-FAMILY_NAME
Hayat	I-FAMILY_NAME
.	O

Li	B-GIVEN_NAME
lauded	O
the	O
departing	O
Kuwaiti	B-AFFILIATION
envoy	O
for	O
his	O
efforts	O
in	O
strengthening	O
the	O
relations	O
and	O
cooperation	O
,	O
affirming	O
that	O
the	O
two	O
countries	O
have	O
been	O
bonded	O
with	O
friendly	O
and	O
amicable	O
ties	O
as	O
well	O
as	O
a	O
robust	O
partnership	O
.	O

Moreover	O
,	O
Kuwait	B-LOCATION
and	O
Chind	B-LOCATION
have	O
been	O
steadily	O
coordinating	O
for	O
addressing	O
various	O
regional	O
and	O
international	O
issues	O
.	O

He	O
re	O
-	O
affirmed	O
Beijing	B-LOCATION
âs	O
readiness	O
to	O
bolster	O
the	O
mutual	O
political	O
confidence	O
,	O
expand	O
scope	O
of	O
interests	O
â	O
exchange	O
and	O
advance	O
the	O
strategic	O
partnership	O
with	O
the	O
State	O
of	O
Kuwait	B-LOCATION
.	O

For	O
his	O
part	O
,	O
Hayat	B-GIVEN_NAME
expressed	O
deep	O
gratitude	O
for	O
the	O
Chinese	B-AFFILIATION
leadership	O
âs	O
support	O
for	O
him	O
during	O
his	O
service	O
in	O
the	O
Asian	B-AFFILIATION
nation	O
,	O
adding	O
that	O
Kuwait	B-LOCATION
would	O
continue	O
to	O
stand	O
firmly	O
on	O
China	B-LOCATION
âs	O
side	O
vis	O
a	O
vis	O
core	O
issues	O
that	O
concern	O
the	O
two	O
sides	O
.	O

