A	O
prize	O
-	O
giving	O
ceremony	O
and	O
a	O
Souvenir	O
Magazine	O
were	O
launched	O
,	O
on	O
Thursday	B-DATE
in	O
Curepipe	B-ORGANIZATION|B-LOCATION
College	I-ORGANIZATION
,	O
in	O
the	O
context	O
of	O
the	O
60th	O
anniversary	O
,	O
the	O
â	O
Diamond	O
Jubilee	O
â	O
,	O
of	O
the	O
institution	O
.	O

The	O
Vice	O
-	O
Prime	O
Minister	O
,	O
Minister	O
of	O
Education	O
,	O
Tertiary	O
Education	O
,	O
Science	O
and	O
Technology	O
,	O
Mrs	O
Leela	B-GIVEN_NAME
Devi	B-FAMILY_NAME
Dookhun	I-FAMILY_NAME
-	I-FAMILY_NAME
Luchoomun	I-FAMILY_NAME
,	O
was	O
present	O
as	O
the	O
Chief	O
Guest	O
.	O

The	O
ceremony	O
was	O
attended	O
by	O
other	O
personalities	O
,	O
namely	O
the	O
Mayor	O
of	O
Curepipe	B-LOCATION
Mr	O
Hans	B-GIVEN_NAME
Marguerite	B-FAMILY_NAME
,	O
the	O
Manager	O
and	O
Rector	O
of	O
Curepipe	B-ORGANIZATION|B-LOCATION
College	I-ORGANIZATION
,	O
Mr	O
Neetesh	B-GIVEN_NAME
Raj	B-FAMILY_NAME
Sewpal	I-FAMILY_NAME
,	O
ex	O
-	O
teachers	O
,	O
and	O
alumni	O
of	O
the	O
College	B-ORGANIZATION
,	O
along	O
with	O
the	O
current	O
teaching	O
and	O
administrative	O
staff	O
of	O
the	O
College	O
and	O
the	O
students	O
.	O

In	O
her	O
address	O
,	O
Vice	O
-	O
Prime	O
Minister	O
Dookun	B-GIVEN_NAME
-	B-FAMILY_NAME
Luchoomun	I-FAMILY_NAME
extended	O
her	O
congratulations	O
to	O
Curepipe	B-ORGANIZATION|B-LOCATION
College	I-ORGANIZATION
on	O
its	O
60th	O
anniversary	O
.	O

She	O
highlighted	O
those	O
60	B-DURATION
years	I-DURATION
in	O
the	O
life	O
of	O
an	O
institution	O
devoted	O
to	O
sustaining	O
efforts	O
to	O
impart	O
education	O
is	O
an	O
achievement	O
.	O

It	O
is	O
also	O
a	O
time	O
to	O
reflect	O
upon	O
and	O
to	O
reminisce	O
on	O
the	O
contribution	O
of	O
the	O
founding	O
members	O
of	O
the	O
school	O
,	O
to	O
appreciate	O
the	O
journey	O
covered	O
and	O
the	O
achievements	O
made	O
so	O
far	O
,	O
she	O
said	O
.	O

Speaking	O
about	O
the	O
COVID	B-BRANDS
-	B-MISC
19	I-MISC
pandemic	O
,	O
the	O
Vice	O
-	O
Prime	O
Minister	O
recalled	O
that	O
digitalisation	O
has	O
become	O
part	O
of	O
the	O
new	O
normal	O
which	O
has	O
recourse	O
to	O
blended	O
learning	O
â	O
one	O
that	O
combines	O
traditional	O
in	O
-	O
presence	O
,	O
teacher	O
-	O
to	O
-	O
student	O
lessons	O
with	O
technology	O
-	O
based	O
learning	O
.	O

This	O
demands	O
new	O
skills	O
,	O
new	O
and	O
appropriate	O
pedagogies	O
.	O

It	O
also	O
demands	O
innovation	O
,	O
extension	O
and	O
hence	O
investment	O
in	O
the	O
digital	O
infrastructure	O
,	O
she	O
added	O
.	O

In	O
that	O
context	O
,	O
she	O
urged	O
for	O
greater	O
collaborative	O
engagement	O
among	O
educators	O
.	O

She	O
expressed	O
her	O
wish	O
to	O
see	O
every	O
school	O
become	O
a	O
learning	O
site	O
where	O
several	O
opportunities	O
can	O
be	O
unpacked	O
for	O
educators	O
to	O
exchange	O
experiences	O
,	O
share	O
good	O
practices	O
,	O
build	O
strong	O
relationships	O
and	O
strategic	O
partnerships	O
,	O
and	O
develop	O
communities	O
of	O
practice	O
.	O

As	O
for	O
the	O
Manager	O
and	O
Rector	O
of	O
Curepipe	B-ORGANIZATION|B-LOCATION
College	I-ORGANIZATION
,	O
Mr	O
Neetesh	B-GIVEN_NAME
Raj	B-FAMILY_NAME
Sewpal	I-FAMILY_NAME
,	O
he	O
rejoiced	O
that	O
the	O
institution	O
has	O
witnessed	O
continuous	O
progress	O
over	O
the	O
past	O
six	O
decades	O
.	O

Retracing	O
the	O
history	O
of	O
the	O
College	O
,	O
he	O
highlighted	O
that	O
it	O
has	O
been	O
marked	O
by	O
growth	O
,	O
progress	O
,	O
modernisation	O
,	O
and	O
innovation	O
.	O

He	O
recalled	O
that	O
his	O
vision	O
is	O
to	O
keep	O
pace	O
with	O
the	O
changes	O
in	O
education	O
and	O
transform	O
Curepipe	B-ORGANIZATION|B-LOCATION
College	I-ORGANIZATION
into	O
a	O
secondary	O
school	O
equipped	O
with	O
modern	O
amenities	O
to	O
provide	O
the	O
best	O
facilities	O
to	O
pupils	O
and	O
staff	O
.	O

Massive	O
investments	O
,	O
he	O
pointed	O
out	O
,	O
have	O
been	O
carried	O
out	O
towards	O
infrastructural	O
progress	O
of	O
the	O
school	O
such	O
as	O
the	O
renovation	O
of	O
classrooms	O
and	O
specialist	O
rooms	O
.	O

Furthermore	O
,	O
he	O
said	O
that	O
over	O
the	O
past	O
decade	O
,	O
the	O
College	O
has	O
had	O
an	O
average	O
of	O
1,000	O
pupils	O
and	O
125	O
staff	O
members	O
.	O

A	O
wide	O
range	O
of	O
subjects	O
are	O
also	O
offered	O
such	O
as	O
Travel	O
and	O
Tourism	O
,	O
Physical	O
Education	O
,	O
and	O
Kreol	O
Morisien	B-AFFILIATION
,	O
which	O
has	O
widened	O
the	O
choice	O
of	O
students	O
catering	O
for	O
different	O
preferences	O
,	O
he	O
added	O
.	O

On	O
that	O
occasion	O
,	O
educators	O
were	O
rewarded	O
for	O
their	O
long	O
and	O
meritorious	O
service	O
during	O
a	O
Prize	B-BRANDS
Giving	B-MISC
Ceremony	I-MISC
.	O

A	O
Souvenir	B-ORGANIZATION
magazine	I-ORGANIZATION
,	O
which	O
chronicles	O
the	O
important	O
achievements	O
and	O
important	O
events	O
of	O
the	O
institution	O
,	O
was	O
also	O
launched	O
.	O

Curepipe	B-ORGANIZATION|B-LOCATION
College	I-ORGANIZATION

The	O
history	O
of	O
Curepipe	B-ORGANIZATION|B-LOCATION
College	I-ORGANIZATION
stretches	O
back	O
to	O
1962	B-DATE
during	O
the	O
pre	O
â	O
independence	O
period	O
.	O
The	O
school	O
was	O
founded	O
by	O
late	O
Mr	O
Jeean	B-GIVEN_NAME
Mohabeer	B-FAMILY_NAME
Sonah	I-FAMILY_NAME
,	O
a	O
well	O
-	O
known	O
businessman	O
whose	O
most	O
cherished	O
dream	O
was	O
to	O
see	O
all	O
Mauritians	B-AFFILIATION
educated	O
.	O
The	O
school	O
started	O
with	O
only	O
seven	O
classrooms	O
,	O
one	O
chemistry	O
laboratory	O
,	O
one	O
physics	O
laboratory	O
and	O
a	O
school	O
population	O
of	O
about	O
100	O
students	O
.	O

The	O
main	O
aim	O
of	O
Curepipe	B-ORGANIZATION|B-LOCATION
College	I-ORGANIZATION
is	O
to	O
provide	O
quality	O
education	O
to	O
students	O
.	O
For	O
the	O
academic	O
year	O
2020	B-DATE
â	O
2021	B-DATE
,	O
Curepipe	B-ORGANIZATION|B-LOCATION
College	I-ORGANIZATION
has	O
achieved	O
a	O
pass	O
rate	O
of	O
80	O
%	O
at	O
Cambridge	B-BRANDS
School	B-MISC
Certificate	I-MISC
level	O
and	O
70	O
%	O
at	O
Cambridge	B-BRANDS
Higher	B-MISC
School	I-MISC
Certificate	I-MISC
.	O

