The	O
Vice	O
-	O
Prime	O
Minister	O
(	O
VPM	O
)	O
,	O
Minister	O
of	O
Education	O
,	O
Tertiaty	O
Education	O
,	O
Science	O
and	O
Technology	O
,	O
Mrs	B-GIVEN_NAME
Leela	B-FAMILY_NAME
Devi	I-FAMILY_NAME
Dookun	I-FAMILY_NAME
-	I-FAMILY_NAME
Luchoomun	I-FAMILY_NAME
,	O
launched	O
,	O
on	O
Wednesday	B-DATE
,	O
in	O
the	O
computer	O
lab	O
of	O
Quartier	B-ORGANIZATION
Militaire	I-ORGANIZATION
State	I-ORGANIZATION
Secondary	I-ORGANIZATION
School	I-ORGANIZATION
(	O
SSS	B-LOCATION
)	O
,	O
the	O
Thin	B-BRANDS
Client	B-MISC
Project	I-MISC
.	O

This	O
pilot	O
project	O
is	O
sponsored	O
by	O
Hewlett	B-ORGANIZATION
Packard	I-ORGANIZATION
,	O
while	O
the	O
thin	O
client	O
computer	O
lab	O
has	O
been	O
sponsored	O
by	O
HP	B-ORGANIZATION
.	O

The	O
Vice	O
-	O
President	O
and	O
Managing	O
Director	O
of	O
HP	B-ORGANIZATION
Africa	I-ORGANIZATION
,	O
Mr	O
Bradley	B-GIVEN_NAME
Michael	B-FAMILY_NAME
Pulford	I-FAMILY_NAME
,	O
the	O
Rector	O
of	O
Quartier	B-ORGANIZATION
Militaire	I-ORGANIZATION
SSS	I-ORGANIZATION
,	O
Mrs	O
Nandini	B-GIVEN_NAME
Choony	B-FAMILY_NAME
-	I-FAMILY_NAME
Ruchchan	I-FAMILY_NAME
,	O
and	O
other	O
personalities	O
were	O
also	O
present	O
at	O
the	O
launching	O
ceremony	O
.	O

In	O
her	O
address	O
,	O
VPM	O
Dookun	B-GIVEN_NAME
-	B-FAMILY_NAME
Luchoomun	I-FAMILY_NAME
highlighted	O
that	O
this	O
project	O
is	O
yet	O
another	O
milestone	O
in	O
the	O
advancement	O
and	O
promotion	O
of	O
Information	O
and	O
Communication	O
Technology	O
(	O
ICT	O
)	O
in	O
schools	O
.	O

She	O
expressed	O
her	O
appreciation	O
for	O
the	O
support	O
extended	O
by	O
HP	B-ORGANIZATION
and	O
Leal	B-ORGANIZATION
Communications	I-ORGANIZATION
and	I-ORGANIZATION
Informatics	I-ORGANIZATION
Ltd	I-ORGANIZATION
for	O
the	O
implementation	O
of	O
this	O
project	O
.	O

Government	O
,	O
pointed	O
out	O
the	O
VPM	O
,	O
will	O
continue	O
to	O
forge	O
public	O
-	O
private	O
partnerships	O
,	O
which	O
according	O
to	O
her	O
are	O
of	O
paramount	O
importance	O
,	O
so	O
as	O
to	O
further	O
provide	O
opportunities	O
and	O
facilities	O
to	O
students	O
and	O
ensure	O
their	O
development	O
.	O

She	O
recalled	O
that	O
,	O
in	O
order	O
to	O
avoid	O
the	O
problem	O
of	O
digital	O
divide	O
,	O
Government	O
started	O
the	O
Early	B-BRANDS
Digital	B-MISC
Learning	I-MISC
Programme	I-MISC
,	O
with	O
the	O
use	O
of	O
tablets	O
,	O
and	O
set	O
up	O
the	O
Student	O
Support	O
Portal	O
.	O

All	O
these	O
initiatives	O
,	O
she	O
observed	O
,	O
contributed	O
to	O
ensure	O
that	O
students	O
are	O
not	O
disconnected	O
from	O
their	O
studies	O
following	O
the	O
outbreak	O
of	O
the	O
COVID	B-BRANDS
-	B-MISC
19	I-MISC
pandemic	O
.	O

She	O
also	O
commended	O
HP	B-ORGANIZATION
for	O
ensuring	O
the	O
training	O
of	O
educators	O
and	O
students	O
in	O
using	O
this	O
new	O
technology	O
.	O

Another	O
computer	O
laboratory	O
equipped	O
with	O
Thin	B-BRANDS
Client	I-BRANDS
technology	O
will	O
also	O
be	O
set	O
up	O
at	O
RiviÃ¨re	B-LOCATION
des	I-LOCATION
Anguilles	I-LOCATION
SSS	I-LOCATION
.	O

As	O
for	O
Mr	O
Pulford	B-GIVEN_NAME
,	O
he	O
underlined	O
those	O
initiatives	O
such	O
as	O
the	O
Thin	B-BRANDS
Client	B-MISC
Project	I-MISC
are	O
essential	O
so	O
as	O
to	O
enable	O
students	O
to	O
have	O
wider	O
access	O
to	O
technology	O
in	O
schools	O
and	O
be	O
computer	O
literate	O
.	O

This	O
will	O
enable	O
them	O
to	O
progress	O
and	O
have	O
a	O
better	O
future	O
,	O
as	O
well	O
as	O
contribute	O
to	O
the	O
country	O
âs	O
socio	O
-	O
economic	O
development	O
at	O
a	O
later	O
stage	O
.	O

He	O
indicated	O
that	O
HP	B-ORGANIZATION
looks	O
forward	O
to	O
collaborate	O
with	O
Mauritius	B-LOCATION
so	O
as	O
to	O
implement	O
other	O
initiatives	O
such	O
as	O
the	O
thin	O
client	O
project	O
,	O
and	O
dwelt	O
on	O
several	O
other	O
programmes	O
already	O
launched	O
by	O
HP	B-ORGANIZATION
.	O

A	O
Thin	B-BRANDS
Client	I-BRANDS
(	O
or	O
lean	O
client	O
)	O
is	O
a	O
virtual	O
desktop	O
computing	O
model	O
that	O
runs	O
on	O
the	O
resources	O
stored	O
on	O
a	O
central	O
server	O
instead	O
of	O
a	O
computer	O
âs	O
resources	O
.	O
The	O
term	O
can	O
also	O
describe	O
software	O
applications	O
that	O
use	O
the	O
client	O
-	O
server	O
model	O
in	O
which	O
the	O
server	O
performs	O
all	O
the	O
processing	O
.	O

Businesses	O
employees	O
,	O
IT	O
personnel	O
and	O
public	O
environments	O
like	O
libraries	O
or	O
government	O
offices	O
may	O
use	O
thin	O
clients	O
because	O
of	O
their	O
level	O
of	O
security	O
,	O
scalability	O
and	O
manageability	O
.	O

Thin	B-BRANDS
Clients	I-BRANDS
work	O
through	O
connecting	O
to	O
a	O
server	O
-	O
based	O
computing	O
environment	O
.	O
The	O
server	O
will	O
normally	O
store	O
data	O
like	O
applications	O
and	O
memory	O
.	O
Thin	B-BRANDS
Clients	I-BRANDS
are	O
managed	O
server	O
-	O
side	O
with	O
a	O
virtual	O
desktop	O
infrastructure	O
and	O
rely	O
on	O
a	O
constant	O
network	O
connection	O
to	O
a	O
central	O
server	O
for	O
full	O
computing	O
.	O

The	O
benefits	O
of	O
Thin	B-BRANDS
Client	I-BRANDS
include	O
,	O
amongst	O
others	O
:	O
less	O
vulnerability	O
to	O
malware	O
attacks	O
;	O
longer	O
lifecycles	O
;	O
less	O
power	O
use	O
;	O
less	O
expensive	O
to	O
purchase	O
than	O
deploying	O
regular	O
Personal	O
Computers	O
;	O
and	O
better	O
centralised	O
manageability	O
.	O

