Bobby	B-GIVEN_NAME
Hurreeram	B-FAMILY_NAME
and	O
Deepak	B-GIVEN_NAME
Balgobin	B-FAMILY_NAME
also	O
denounced	O
what	O
they	O
called	O
â	O
bad	O
cinema	O
â	O
and	O
â	O
a	O
war	O
of	O
views	O
â	O
between	O
Radio	B-ORGANIZATION
Plus	I-ORGANIZATION
and	O
l	O
â	O
express	O
.	O
â	O
Why	O
did	O
nât	O
Radio	B-ORGANIZATION
Plus	I-ORGANIZATION
broadcast	O
the	O
interview	O
on	O
its	O
airwaves	O
.	O
Why	O
on	O
social	O
networks	O
?	O
You	O
do	O
nât	O
know	O
on	O
the	O
air	O
how	O
many	O
people	O
follow	O
a	O
program	O
,	O
â	O
Bobby	B-GIVEN_NAME
Hurreeram	B-FAMILY_NAME
said	O
.	O
Deepak	B-GIVEN_NAME
Balgobin	B-FAMILY_NAME
,	O
for	O
his	O
part	O
,	O
said	O
that	O
the	O
document	O
published	O
in	O
the	O
show	O
on	O
Friday	B-DATE
is	O
an	O
internal	O
memo	O
from	O
Girish	B-GIVEN_NAME
Guddoy	B-FAMILY_NAME
and	O
not	O
a	O
technical	O
report	O
.	O
â	O
There	O
is	O
no	O
technical	O
element	O
in	O
this	O
case	O
,	O
â	O
he	O
said	O
.	O
And	O
Deepak	B-GIVEN_NAME
Balgobin	B-FAMILY_NAME
wondered	O
if	O
Girish	B-GIVEN_NAME
Guddoy	B-FAMILY_NAME
received	O
pressure	O
from	O
his	O
relatives	O
.	O

The	O
MSM	B-BRANDS
faced	O
the	O
press	O
this	O
morning	O
.	O
The	O
interventions	O
of	O
Deepak	B-GIVEN_NAME
Balgobin	B-FAMILY_NAME
,	O
Minister	O
of	O
ICT	O
,	O
and	O
Bobby	B-GIVEN_NAME
Hurreeram	B-FAMILY_NAME
,	O
Minister	O
of	O
Infrastructure	O
,	O
was	O
awaited	O
.	O
The	O
latter	O
denounced	O
what	O
he	O
called	O
a	O
plot	O
â	O
between	O
Sherry	B-GIVEN_NAME
Singh	B-FAMILY_NAME
,	O
Nawaz	B-GIVEN_NAME
Noorbux	B-FAMILY_NAME
and	O
Bruneau	B-GIVEN_NAME
Laurette	B-FAMILY_NAME
to	O
destabilize	O
the	O
country	O
â	O
.	O
He	O
said	O
that	O
one	O
has	O
the	O
right	O
to	O
disagree	O
with	O
a	O
Prime	O
Minister	O
and	O
a	O
government	O
but	O
not	O
to	O
jeopardize	O
the	O
reputation	O
of	O
the	O
country	O
.	O
â	O
I	O
must	O
denounce	O
this	O
plot	O
.	O
The	O
personal	O
responsibility	O
of	O
Nawaz	B-GIVEN_NAME
Noorbux	B-FAMILY_NAME
is	O
engaged	O
.	O
I	O
take	O
my	O
responsibilities	O
.	O
No	O
one	O
will	O
be	O
able	O
to	O
clear	O
himself	O
afterwards	O
,	O
â	O
said	O
Bobby	B-GIVEN_NAME
Hurreeram	B-FAMILY_NAME
.	O

For	O
him	O
,	O
Radio	B-ORGANIZATION
Plus	I-ORGANIZATION
crossed	O
a	O
threshold	O
yesterday	O
.	O
â	O
It	O
seems	O
that	O
there	O
is	O
a	O
new	O
court	O
called	O
Radio	B-ORGANIZATION
Plus	I-ORGANIZATION
Court	I-ORGANIZATION
of	I-ORGANIZATION
Justice	I-ORGANIZATION
and	O
a	O
new	O
judge	O
called	O
Nawaz	B-GIVEN_NAME
Noorbux	B-FAMILY_NAME
.	O
He	O
is	O
judging	O
and	O
sentencing	O
at	O
the	O
same	O
time	O
,	O
â	O
he	O
said	O
.	O
Bobby	B-GIVEN_NAME
Hurreeram	B-FAMILY_NAME
even	O
questioned	O
whether	O
Radio	B-ORGANIZATION
Plus	I-ORGANIZATION
had	O
committed	O
a	O
crime	O
by	O
broadcasting	O
videos	O
from	O
a	O
Restricted	O
Zone	O
.	O

