Solutions	O
to	O
the	O
humanitarian	O
migrant	O
crisis	O
in	O
Tapachula	B-LOCATION
,	O
a	O
city	O
on	O
the	O
southern	O
border	O
,	O
are	O
being	O
overlooked	O
due	O
to	O
the	O
divergent	O
priorities	O
of	O
the	O
governments	O
of	O
Mexico	B-LOCATION
and	O
the	O
United	B-LOCATION
States	I-LOCATION
,	O
the	O
Mexico	B-LOCATION
director	O
of	O
the	O
advocacy	O
organization	O
The	B-ORGANIZATION
Washington	I-ORGANIZATION
Office	I-ORGANIZATION
on	I-ORGANIZATION
Latin	I-ORGANIZATION|B-LOCATION
America	I-ORGANIZATION|I-LOCATION
(	O
WOLA	B-ORGANIZATION
)	O
said	O
.	O

Mexico	B-LOCATION
received	O
a	O
record	O
-	O
breaking	O
number	O
of	O
asylum	O
applications	O
in	O
2021	B-DATE
â	O
over	O
130,000	O
â	O
100	O
times	O
more	O
than	O
in	O
2013	B-DATE
.	O

Ninety	O
percent	O
of	O
those	O
were	O
made	O
in	O
Tapachula	B-LOCATION
,	O
according	O
to	O
WOLA	B-ORGANIZATION
âs	O
data	O
.	O

The	O
refugee	O
agency	O
COMAR	B-ORGANIZATION
only	O
resolved	O
38,054	O
applications	O
last	O
year	O
,	O
72	O
%	O
of	O
which	O
were	O
approved	O
,	O
the	O
newspaper	O
Milenio	B-ORGANIZATION
reported	O
.	O

WOLA	B-ORGANIZATION
âs	O
Mexico	B-LOCATION
director	O
Stephanie	B-GIVEN_NAME
Brewer	B-FAMILY_NAME
said	O
that	O
Mexican	B-AFFILIATION
officials	O
were	O
reluctant	O
to	O
provide	O
migrants	O
with	O
visas	O
due	O
to	O
U.	B-LOCATION
S.	I-LOCATION
pressure	O
.	O

â	O
I	O
would	O
say	O
that	O
there	O
is	O
a	O
humanitarian	O
crisis	O
for	O
migrants	O
in	O
Tapachula	B-LOCATION
and	O
that	O
the	O
crisis	O
can	O
be	O
avoided	O
â¦	O
it	O
âs	O
understood	O
that	O
the	O
resistance	O
of	O
the	O
Mexican	B-AFFILIATION
authorities	O
to	O
facilitate	O
[	O
migrants	O
with	O
]	O
access	O
to	O
legal	O
channels	O
and	O
visas	O
can	O
be	O
explained	O
by	O
the	O
United	B-LOCATION
States	I-LOCATION
government	O
.	O
Because	O
for	O
[	O
the	O
U.	B-LOCATION
S.	I-LOCATION
government	O
]	O
,	O
a	O
migrant	O
with	O
legal	O
status	O
is	O
a	O
person	O
who	O
would	O
have	O
the	O
opportunity	O
to	O
go	O
to	O
their	O
border	O
,	O
â	O
she	O
said	O
.	O

Brewer	B-GIVEN_NAME
added	O
that	O
the	O
Mexican	B-AFFILIATION
government	O
had	O
the	O
resources	O
to	O
process	O
the	O
migrants	O
,	O
but	O
that	O
racism	O
and	O
institutional	O
incompetence	O
had	O
created	O
obstructions	O
.	O

â	O
As	O
a	O
country	O
,	O
it	O
certainly	O
can	O
respond	O
to	O
demand	O
.	O
It	O
âs	O
a	O
big	O
country	O
,	O
with	O
a	O
large	O
population	O
,	O
but	O
a	O
single	O
city	O
like	O
Tapachula	B-LOCATION
ca	O
nât	O
.	O
It	O
âs	O
not	O
logical	O
to	O
think	O
it	O
can	O
meet	O
the	O
demand	O
.	O
â	O

â	O
[	O
Migrants	O
]	O
experience	O
different	O
types	O
of	O
racism	O
,	O
both	O
with	O
authorities	O
and	O
members	O
of	O
the	O
population	O
and	O
different	O
types	O
of	O
xenophobia	O
â¦	O
The	O
system	O
has	O
not	O
evolved	O
in	O
terms	O
of	O
human	O
resources	O
â¦	O
to	O
meet	O
the	O
situation	O
,	O
â	O
she	O
said	O
.	O

Migrants	O
from	O
Haiti	B-LOCATION
,	O
who	O
make	O
up	O
a	O
large	O
part	O
of	O
the	O
migrant	O
population	O
in	O
Tapachula	B-LOCATION
,	O
were	O
having	O
a	O
harder	O
time	O
gaining	O
legal	O
status	O
in	O
Mexico	B-LOCATION
,	O
Brewer	B-GIVEN_NAME
said	O
.	O

â	O
Certain	O
nationalities	O
,	O
notably	O
Venezuelans	B-AFFILIATION
,	O
Hondurans	B-AFFILIATION
and	O
Salvadorans	B-AFFILIATION
,	O
have	O
a	O
fairly	O
high	O
rate	O
of	O
gaining	O
asylum	O
,	O
compared	O
to	O
Haitians	B-AFFILIATION
for	O
example	O
,	O
â	O
she	O
said	O
.	O

Brewer	B-GIVEN_NAME
added	O
that	O
the	O
militarized	O
strategy	O
to	O
combat	O
undocumented	O
migrants	O
was	O
inappropriate	O
.	O

â	O
The	O
National	B-ORGANIZATION
Guard	I-ORGANIZATION
,	O
it	O
must	O
be	O
said	O
,	O
is	O
an	O
organization	O
of	O
military	O
force	O
â¦	O
focused	O
on	O
confronting	O
enemy	O
forces	O
.	O
It	O
is	O
not	O
the	O
right	O
institution	O
to	O
be	O
the	O
first	O
points	O
of	O
contact	O
with	O
the	O
refugee	O
population	O
,	O
[	O
which	O
]	O
is	O
mainly	O
families	O
,	O
â	O
she	O
said	O
.	O

WOLA	B-ORGANIZATION
is	O
calling	O
on	O
the	O
government	O
to	O
stop	O
containing	O
migrants	O
in	O
Tapachula	B-LOCATION
,	O
end	O
migrant	O
detentions	O
,	O
provide	O
visas	O
and	O
increase	O
COMAR	B-ORGANIZATION
âs	O
budget	O
.	O
It	O
argues	O
that	O
the	O
U.	B-LOCATION
S.	I-LOCATION
government	O
should	O
prioritize	O
migrant	O
protection	O
and	O
should	O
provide	O
refuge	O
for	O
unaccompanied	O
minors	O
.	O

