World	B-ORGANIZATION
Travel	I-ORGANIZATION
Awards	I-ORGANIZATION
organization	O
announced	O
the	O
list	O
of	O
candidates	O
to	O
receive	O
its	O
coveted	O
awards	O
in	O
2022	B-DATE
.	O

On	O
this	O
occasion	O
Hacienda	B-LOCATION
Tres	I-LOCATION
RÃ­os	I-LOCATION
Resort	I-LOCATION
Spa	I-LOCATION
&	I-LOCATION
Nature	I-LOCATION
Park	I-LOCATION
of	O
Grupo	B-LOCATION
Sunset	I-LOCATION
World	I-LOCATION
is	O
nominated	O
in	O
four	O
categories	O
:	O
Leading	O
All	O
-	O
Inclusive	O
Resort	O
in	O
Mexico	B-LOCATION
and	O
Central	B-LOCATION
America	I-LOCATION
,	O
Leading	O
Family	O
Resort	O
in	O
Mexico	B-LOCATION
and	O
Central	B-LOCATION
America	I-LOCATION
,	O
Leading	O
All	O
-	O
Inclusive	O
Resort	O
in	O
Mexico	B-LOCATION
and	O
Leading	O
Family	O
Resort	O
in	O
Mexico	B-LOCATION
.	O

It	O
is	O
worth	O
mentioning	O
that	O
for	O
all	O
four	O
it	O
is	O
outlined	O
as	O
the	O
favorite	O
.	O

Every	O
year	O
World	B-ORGANIZATION
Travel	I-ORGANIZATION
Awards	I-ORGANIZATION
publishes	O
the	O
list	O
of	O
candidates	O
on	O
its	O
website	O
where	O
there	O
âs	O
an	O
invitation	O
for	O
the	O
general	O
public	O
to	O
vote	O
.	O

Voting	O
is	O
open	O
until	O
July	B-DATE
29	I-DATE
,	I-DATE
2022	I-DATE
and	O
to	O
do	O
so	O
,	O
follow	O
the	O
instructions	O
below	O
:	O

1	O
.	O
Go	O
to	O
http://www.worldtravelawards.com	O

2	O
.	O
Click	O
on	O
the	O
â	O
Vote	O
â	O
section	O
located	O
in	O
the	O
central	O
part	O
.	O

3	O
.	O
In	O
order	O
to	O
vote	O
,	O
the	O
page	O
will	O
ask	O
you	O
to	O
register	O
as	O
a	O
user	O
.	O

4	O
.	O
If	O
you	O
are	O
a	O
user	O
already	O
,	O
log	O
in	O
.	O

5	O
.	O
Look	O
up	O
in	O
the	O
â	O
Regions	O
â	O
menu	O
and	O
locate	O
â	O
Central	B-LOCATION
America	I-LOCATION
â	O
.	O

6	O
.	O
Locate	O
the	O
four	O
categories	O
in	O
which	O
Hacienda	B-LOCATION
Tres	I-LOCATION
RÃ­os	I-LOCATION
is	O
nominated	O
and	O
click	O
on	O
them	O
,	O
one	O
by	O
one	O
.	O

7	O
.	O
The	O
list	O
of	O
nominees	O
will	O
appear	O
at	O
the	O
top	O
with	O
the	O
field	O
where	O
you	O
will	O
vote	O
by	O
clicking	O
.	O

â	O
It	O
is	O
an	O
honor	O
to	O
appear	O
on	O
the	O
World	B-AFFILIATION
Travel	I-AFFILIATION
Awards	I-AFFILIATION
nominees	O
lists	O
again	O
this	O
year	O
and	O
compete	O
for	O
these	O
prestigious	O
awards	O
,	O
â	O
said	O
Dr	O
.	O
Martha	B-GIVEN_NAME
Richardson	B-FAMILY_NAME
,	O
Corporate	O
Director	O
of	O
Operations	O
of	O
Sunset	B-ORGANIZATION
World	I-ORGANIZATION
Group	I-ORGANIZATION
.	O

â	O
We	O
hope	O
that	O
all	O
the	O
people	O
who	O
know	O
the	O
quality	O
of	O
service	O
and	O
facilities	O
of	O
Hacienda	B-LOCATION
Tres	I-LOCATION
RÃ­os	I-LOCATION
favor	O
us	O
with	O
their	O
vote	O
,	O
â	O
she	O
concluded	O
.	O

World	B-ORGANIZATION
Travel	I-ORGANIZATION
Awards	I-ORGANIZATION
was	O
established	O
in	O
1993	B-DATE
to	O
recognize	O
,	O
reward	O
and	O
celebrate	O
excellence	O
in	O
all	O
key	O
sectors	O
of	O
the	O
travel	O
,	O
tourism	O
,	O
and	O
hospitality	O
industries	O
.	O

Today	O
,	O
the	O
World	B-ORGANIZATION
Travel	I-ORGANIZATION
Awards	I-ORGANIZATION
brand	O
is	O
recognized	O
worldwide	O
as	O
the	O
highest	O
seal	O
of	O
excellence	O
in	O
the	O
hospitality	O
industry	O
and	O
in	O
2022	B-DATE
it	O
celebrates	O
its	O
29th	O
anniversary	O
.	O

Hacienda	B-LOCATION
Tres	I-LOCATION
RÃ­os	I-LOCATION
is	O
the	O
only	O
environmentally	O
responsible	O
luxury	O
resort	O
that	O
offers	O
exclusive	O
access	O
to	O
the	O
Tres	B-LOCATION
RÃ­os	I-LOCATION
Nature	I-LOCATION
Park	I-LOCATION
in	O
the	O
Riviera	B-LOCATION
Maya	I-LOCATION
and	O
a	O
truly	O
comprehensive	O
All	O
Inclusive	O
Plan	O
.	O

Enjoy	O
architecturally	O
acclaimed	O
accommodations	O
,	O
fine	O
dining	O
,	O
world	O
-	O
class	O
spa	O
services	O
,	O
and	O
dazzling	O
experiences	O
at	O
the	O
exclusive	O
Tres	B-LOCATION
RÃ­os	I-LOCATION
Nature	I-LOCATION
Park	I-LOCATION
with	O
guided	O
tours	O
through	O
mangrove	O
forests	O
,	O
swimming	O
,	O
snorkeling	O
,	O
and	O
kayaking	O
along	O
winding	O
natural	O
rivers	O
or	O
simply	O
unwind	O
on	O
its	O
peaceful	O
beaches	O
.	O

Sunset	B-ORGANIZATION
World	I-ORGANIZATION
Group	I-ORGANIZATION
is	O
a	O
Mexican	B-AFFILIATION
family	O
business	O
with	O
more	O
than	O
30	B-DURATION
years	I-DURATION
of	O
experience	O
in	O
the	O
hospitality	O
industry	O
and	O
a	O
sincere	O
passion	O
for	O
environmental	O
conservation	O
,	O
which	O
is	O
why	O
it	O
implemented	O
an	O
Energy	B-BRANDS
Efficiency	B-MISC
Program	I-MISC
by	O
substituting	O
supply	O
technologies	O
in	O
its	O
six	O
hotels	O
.	O

In	O
addition	O
,	O
as	O
of	O
February	B-DATE
2020	I-DATE
,	O
all	O
Sunset	B-ORGANIZATION
World	I-ORGANIZATION
hotels	O
are	O
supplied	O
with	O
clean	O
and	O
renewable	O
energy	O
produced	O
at	O
Mexican	B-AFFILIATION
wind	O
farms	O
and	O
geothermal	O
plants	O
,	O
which	O
has	O
considerably	O
reduced	O
the	O
company	O
âs	O
carbon	O
footprint	O
.	O

The	O
activity	O
and	O
gastronomy	O
programs	O
in	O
all	O
six	O
hotels	O
were	O
recently	O
updated	O
and	O
expanded	O
for	O
the	O
enjoyment	O
of	O
all	O
family	O
members	O
,	O
since	O
Sunset	B-ORGANIZATION
World	I-ORGANIZATION
Group	I-ORGANIZATION
always	O
focuses	O
on	O
providing	O
the	O
best	O
vacation	O
experiences	O
for	O
its	O
members	O
and	O
guests	O
.	O

