The	O
eldest	O
son	O
of	O
a	O
Sinaloa	B-ORGANIZATION|B-LOCATION
Cartel	I-ORGANIZATION
drug	O
lord	O
was	O
released	O
from	O
U.	B-LOCATION
S.	I-LOCATION
prison	O
on	O
Thursday	B-DATE
.	O

Ismael	B-GIVEN_NAME
Zambada	B-FAMILY_NAME
Imperial	I-FAMILY_NAME
,	O
also	O
known	O
by	O
the	O
moniker	O
â	O
El	B-GIVEN_NAME
Mayito	B-FAMILY_NAME
Gordo	I-FAMILY_NAME
,	O
â	O
is	O
the	O
first	O
son	O
of	O
Ismael	B-GIVEN_NAME
â	B-FAMILY_NAME
El	I-FAMILY_NAME
Mayo	I-FAMILY_NAME
â	I-FAMILY_NAME
Zambada	I-FAMILY_NAME
GarcÃ­a	I-FAMILY_NAME
,	O
one	O
of	O
the	O
leaders	O
of	O
the	O
Sinaloa	B-ORGANIZATION|B-LOCATION
Cartel	I-ORGANIZATION
.	O

Zambada	B-GIVEN_NAME
Imperial	B-FAMILY_NAME
was	O
imprisoned	O
in	O
a	O
federal	O
penitentiary	O
in	O
San	B-LOCATION
Diego	I-LOCATION
,	I-LOCATION
California	I-LOCATION
,	O
after	O
being	O
extradited	O
from	O
Mexico	B-LOCATION
in	O
December	B-DATE
2019	I-DATE
.	O

In	O
April	B-DATE
2021	I-DATE
,	O
he	O
pleaded	O
guilty	O
to	O
importing	O
and	O
distributing	O
methamphetamine	O
,	O
cocaine	O
and	O
marijuana	O
.	O

He	O
was	O
sentenced	O
to	O
nine	B-DURATION
years	I-DURATION
in	O
prison	O
on	O
June	B-DATE
24	I-DATE
.	O

Thanks	O
to	O
time	O
already	O
served	O
,	O
only	O
a	O
little	O
over	O
one	B-DURATION
year	I-DURATION
remains	O
on	O
his	O
sentence	O
,	O
which	O
he	O
will	O
serve	O
on	O
conditional	O
release	O
.	O

He	O
was	O
originally	O
arrested	O
in	O
November	B-DATE
2014	I-DATE
in	O
CuliacÃ¡n	B-LOCATION
,	I-LOCATION
Sinaloa	I-LOCATION
.	O

Zambada	B-GIVEN_NAME
Imperial	B-FAMILY_NAME
will	O
be	O
put	O
back	O
behind	O
bars	O
if	O
he	O
âs	O
found	O
in	O
possession	O
of	O
drugs	O
and	O
must	O
undergo	O
a	O
drugs	O
test	O
within	O
15	B-DURATION
days	I-DURATION
of	O
his	O
release	O
,	O
and	O
two	O
further	O
tests	O
thereafter	O
.	O

He	O
will	O
also	O
have	O
to	O
participate	O
in	O
a	O
domestic	O
violence	O
reeducation	O
program	O
.	O

El	B-GIVEN_NAME
Mayito	B-FAMILY_NAME
Gordo	I-FAMILY_NAME
âs	O
criminal	O
activities	O
are	O
part	O
of	O
a	O
family	O
tradition	O
.	O

His	O
brother	O
,	O
Ismael	B-GIVEN_NAME
Zambada	B-FAMILY_NAME
Sicairos	I-FAMILY_NAME
,	O
was	O
indicted	O
alongside	O
him	O
,	O
as	O
was	O
the	O
son	O
of	O
imprisoned	O
drug	O
lord	O
JoaquÃ­n	B-GIVEN_NAME
â	B-FAMILY_NAME
El	I-FAMILY_NAME
Chapo	I-FAMILY_NAME
â	I-FAMILY_NAME
GuzmÃ¡n	I-FAMILY_NAME
,	O
IvÃ¡n	B-GIVEN_NAME
Archivaldo	B-FAMILY_NAME
GuzmÃ¡n	I-FAMILY_NAME
Salazar	I-FAMILY_NAME
.	O

Both	O
men	O
are	O
fugitives	O
.	O

Zambada	B-GIVEN_NAME
Imperial	B-FAMILY_NAME
is	O
the	O
third	O
son	O
of	O
Zambada	B-GIVEN_NAME
GarcÃ­a	B-FAMILY_NAME
to	O
be	O
imprisoned	O
in	O
the	O
U.	B-LOCATION
S.	I-LOCATION
Vicente	B-GIVEN_NAME
Zambada	B-FAMILY_NAME
Niebla	I-FAMILY_NAME
was	O
arrested	O
in	O
Mexico	B-LOCATION
in	O
2009	B-DATE
and	O
extradited	O
to	O
the	O
U.	B-LOCATION
S.	I-LOCATION
a	O
year	O
later	O
.	O

He	O
was	O
sentenced	O
in	O
May	B-DATE
2019	I-DATE
to	O
15	B-DURATION
years	I-DURATION
in	O
prison	O
,	O
but	O
is	O
no	O
longer	O
in	O
the	O
U.	B-LOCATION
S.	I-LOCATION
prison	O
system	O
and	O
was	O
likely	O
released	O
as	O
a	O
protected	O
witness	O
,	O
the	O
newspaper	O
Milenio	B-ORGANIZATION
reported	O
.	O

SerafÃ­n	B-GIVEN_NAME
Zambada	B-FAMILY_NAME
Ortiz	I-FAMILY_NAME
was	O
the	O
second	O
son	O
to	O
face	O
U.	B-LOCATION
S.	I-LOCATION
prison	O
.	O

He	O
was	O
arrested	O
in	O
November	B-DATE
2013	I-DATE
after	O
trying	O
to	O
cross	O
into	O
the	O
U.	B-LOCATION
S.	I-LOCATION
on	O
foot	O
from	O
Sonora	B-LOCATION
.	O
He	O
was	O
sentenced	O
to	O
five	O
and	O
a	O
half	O
years	O
in	O
prison	O
and	O
was	O
released	O
in	O
September	B-DATE
2018	I-DATE
.	O

U.	B-LOCATION
S.	I-LOCATION
officials	O
increased	O
their	O
reward	O
for	O
information	O
leading	O
to	O
the	O
capture	O
of	O
Zambada	B-GIVEN_NAME
GarcÃ­a	B-FAMILY_NAME
in	O
September	B-DATE
.	O
The	O
whereabouts	O
of	O
the	O
former	O
poppy	O
field	O
worker	O
was	O
deemed	O
to	O
be	O
worth	O
US	B-MONEY
$	I-MONEY
15	I-MONEY
million	I-MONEY
.	O

