Only	O
two	O
out	O
of	O
10	O
poblanos	B-AFFILIATION
know	O
the	O
year	O
in	O
which	O
the	O
Battle	B-BRANDS
of	B-MISC
May	I-MISC|B-BRANDS
5	I-MISC
occurred	O
when	O
the	O
Mexican	B-AFFILIATION
army	O
,	O
under	O
the	O
command	O
of	O
General	O
Ignacio	B-GIVEN_NAME
Zaragoza	B-FAMILY_NAME
,	O
faced	O
the	O
French	B-AFFILIATION
army	O
.	O

Within	O
the	O
framework	O
of	O
the	O
commemoration	O
of	O
the	O
160th	O
anniversary	O
of	O
the	O
Battle	B-BRANDS
of	B-MISC
Puebla	I-MISC|B-LOCATION
,	O
Alcance	B-GIVEN_NAME
Diario	B-FAMILY_NAME
asked	O
the	O
citizens	O
who	O
know	O
so	O
much	O
about	O
the	O
history	O
in	O
which	O
the	O
Puebla	B-LOCATION
entity	O
participated	O
.	O

During	O
a	O
tour	O
of	O
the	O
ZÃ³calo	B-LOCATION
of	O
the	O
City	O
of	O
Los	B-LOCATION
Angeles	I-LOCATION
,	O
when	O
asked	O
,	O
do	O
you	O
know	O
what	O
year	O
the	O
Battle	B-BRANDS
of	B-MISC
Puebla	I-MISC|B-LOCATION
took	O
place	O
?	O

,	O
the	O
citizens	O
immediately	O
replied	O
that	O
they	O
did	O
not	O
know	O
the	O
year	O
.	O

Some	O
recalled	O
that	O
the	O
moment	O
of	O
the	O
fight	O
between	O
the	O
Mexican	B-AFFILIATION
army	O
against	O
the	O
French	B-AFFILIATION
is	O
commemorated	O
,	O
some	O
that	O
it	O
was	O
an	O
important	O
date	O
for	O
the	O
parade	O
,	O
and	O
others	O
just	O
because	O
it	O
was	O
May	B-DATE
5	I-DATE
,	O
but	O
the	O
year	O
was	O
forgotten	O
.	O

Among	O
those	O
interviewed	O
,	O
only	O
two	O
people	O
keep	O
in	O
mind	O
the	O
year	O
1862	B-DATE
as	O
the	O
date	O
on	O
which	O
the	O
battle	O
in	O
which	O
Puebla	B-LOCATION
participated	O
to	O
defend	O
the	O
country	O
from	O
the	O
trench	O
took	O
place	O
,	O
which	O
is	O
part	O
of	O
the	O
historical	O
richness	O
in	O
the	O
area	O
of	O
ââ	O
the	O
Forts	O
,	O
mainly	O
.	O

