Teresa	B-GIVEN_NAME
Flores	B-FAMILY_NAME
,	O
president	O
of	O
the	O
AMPI	B-ORGANIZATION
reported	O
and	O
pointed	O
out	O
that	O
it	O
is	O
due	O
to	O
the	O
uncertainty	O
due	O
to	O
the	O
change	O
of	O
state	O
and	O
municipal	O
government	O
.	O

During	O
the	O
first	O
semester	O
of	O
2022	B-DATE
,	O
sales	O
in	O
the	O
real	O
estate	O
sector	O
of	O
the	O
capital	O
have	O
fallen	O
by	O
up	O
to	O
60	O
%	O
,	O
reported	O
MarÃ­a	B-GIVEN_NAME
Teresa	B-FAMILY_NAME
Flores	I-FAMILY_NAME
JÃ¡quez	I-FAMILY_NAME
,	O
president	O
of	O
the	O
Mexican	B-ORGANIZATION|B-AFFILIATION
Association	I-ORGANIZATION
of	I-ORGANIZATION
Real	I-ORGANIZATION
Estate	I-ORGANIZATION
Professionals	I-ORGANIZATION
(	O
AMPI	B-ORGANIZATION
)	O
,	O
and	O
pointed	O
out	O
that	O
it	O
is	O
due	O
to	O
the	O
uncertainty	O
by	O
the	O
change	O
of	O
state	O
and	O
municipal	O
government	O
.	O

He	O
explained	O
that	O
many	O
contract	O
personnel	O
do	O
not	O
know	O
if	O
they	O
will	O
be	O
able	O
to	O
continue	O
with	O
their	O
employment	O
,	O
even	O
to	O
some	O
grassroots	O
people	O
who	O
will	O
no	O
longer	O
continue	O
to	O
give	O
them	O
their	O
workspace	O
,	O
so	O
at	O
the	O
moment	O
there	O
is	O
concern	O
.	O

â	O
Yes	O
,	O
they	O
ask	O
us	O
,	O
they	O
ask	O
us	O
for	O
housing	O
,	O
etc	O
.	O
,	O
but	O
when	O
they	O
see	O
what	O
they	O
reach	O
in	O
their	O
Infonavit	B-ORGANIZATION
,	O
Fovissste	B-ORGANIZATION
or	O
bank	O
credit	O
,	O
they	O
do	O
not	O
complete	O
the	O
housing	O
and	O
that	O
is	O
when	O
the	O
client	O
becomes	O
discouraged	O
and	O
does	O
not	O
want	O
to	O
acquire	O
,	O
or	O
sees	O
that	O
the	O
monthly	O
payments	O
are	O
very	O
high	O
â	O
.	O

The	O
president	O
commented	O
that	O
it	O
is	O
already	O
a	O
vacation	O
period	O
and	O
rents	O
were	O
not	O
regularized	O
either	O
,	O
especially	O
for	O
young	O
high	O
school	O
and	O
undergraduate	O
students	O
,	O
â	O
the	O
houses	O
that	O
are	O
in	O
charge	O
of	O
renting	O
rooms	O
are	O
still	O
empty	O
,	O
the	O
premises	O
are	O
still	O
alone	O
,	O
cafeterias	O
that	O
are	O
close	O
to	O
the	O
same	O
schools	O
.	O
â	O

With	O
the	O
opening	O
of	O
the	O
spaces	O
,	O
and	O
in	O
the	O
next	O
return	O
to	O
classes	O
,	O
they	O
hope	O
that	O
both	O
the	O
issue	O
of	O
sales	O
and	O
rents	O
will	O
return	O
to	O
normal	O
since	O
they	O
have	O
not	O
been	O
able	O
to	O
recover	O
in	O
this	O
sector	O
and	O
it	O
has	O
been	O
for	O
various	O
reasons	O
.	O

