Zihuatanejo	B-LOCATION
,	I-LOCATION
Guerrero	I-LOCATION
-	O

The	O
president	O
of	O
the	O
Zihuatanejo	B-ORGANIZATION
Hotel	I-ORGANIZATION
Association	I-ORGANIZATION
,	O
Rogelio	B-GIVEN_NAME
Lozano	B-FAMILY_NAME
CalderÃ	I-FAMILY_NAME
Â³	O
n	O
,	O
commented	O
that	O
given	O
the	O
increase	O
in	O
active	O
cases	O
of	O
Covid	B-BRANDS
-	B-MISC
19	I-MISC
there	O
is	O
uncertainty	O
because	O
regardless	O
of	O
the	O
effects	O
caused	O
by	O
the	O
virus	O
in	O
the	O
health	O
of	O
the	O
person	O
,	O
this	O
could	O
also	O
affect	O
the	O
people	O
who	O
intend	O
to	O
visit	O
this	O
port	O
,	O
in	O
the	O
discouragement	O
of	O
making	O
their	O
trip	O
.	O

Fortunately	O
,	O
the	O
occupations	O
are	O
good	O
and	O
the	O
reservations	O
for	O
the	O
vacation	O
period	O
continue	O
to	O
register	O
with	O
a	O
good	O
trend	O
,	O
however	O
,	O
businessmen	O
are	O
concerned	O
about	O
the	O
increase	O
in	O
cases	O
,	O
which	O
is	O
not	O
exclusive	O
to	O
Zihuatanejo	B-LOCATION
,	O
since	O
it	O
is	O
a	O
national	O
trend	O
.	O

In	O
the	O
hotel	O
sector	O
that	O
is	O
organized	O
,	O
they	O
continue	O
to	O
apply	O
the	O
protocols	O
established	O
by	O
the	O
Ministry	B-ORGANIZATION
of	I-ORGANIZATION
Health	I-ORGANIZATION
to	O
prevent	O
infections	O
both	O
in	O
tourists	O
and	O
in	O
the	O
workers	O
themselves	O
.	O

EveryoneÃ¢	O
â¬	O
â¢	O
s	O
participation	O
is	O
required	O
to	O
reduce	O
this	O
problem	O
by	O
preventing	O
contagion	O
.	O

There	O
is	O
concern	O
about	O
this	O
increase	O
,	O
but	O
obviously	O
,	O
there	O
is	O
also	O
confidence	O
because	O
there	O
are	O
a	O
large	O
number	O
of	O
people	O
who	O
are	O
vaccinated	O
.	O

