Cinco	B-BRANDS
De	B-MISC
Mayo	I-MISC
,	O
a	O
holiday	O
rooted	O
in	O
Mexican	B-AFFILIATION
history	O
that	O
has	O
been	O
adopted	O
by	O
millions	O
of	O
Americans	B-AFFILIATION
,	O
both	O
Latino	B-AFFILIATION
and	O
non	B-AFFILIATION
-	I-AFFILIATION
Latino	I-AFFILIATION
.	O
The	O
holiday	O
is	O
actually	O
celebrated	O
more	O
in	O
the	O
United	B-LOCATION
States	I-LOCATION
than	O
in	O
Mexico	B-LOCATION
.	O

This	O
year	O
marks	O
the	O
160th	O
anniversary	O
of	O
the	O
inspiration	O
for	O
the	O
holiday	O
,	O
a	O
Mexican	B-AFFILIATION
victory	O
over	O
the	O
French	B-AFFILIATION
at	O
the	O
battle	B-BRANDS
of	B-MISC
Puebla	I-MISC|B-LOCATION
on	O
May	B-DATE
5	I-DATE
,	I-DATE
1862	I-DATE
.	O
The	O
improbable	O
outcome	O
is	O
a	O
cherished	O
moment	O
in	O
the	O
history	O
of	O
Mexico	B-LOCATION
and	O
is	O
often	O
confused	O
by	O
Americans	B-AFFILIATION
as	O
a	O
Mexican	B-AFFILIATION|B-AFFILIATION
Independence	B-MISC
Day	I-MISC
.	O

The	O
battle	B-BRANDS
of	B-MISC
Puebla	I-MISC|B-LOCATION
was	O
a	O
bright	O
spot	O
in	O
an	O
otherwise	O
dismal	O
period	O
for	O
Mexico	B-LOCATION
.	O
Saddled	O
with	O
crushing	O
debt	O
and	O
political	O
instability	O
,	O
Mexico	B-LOCATION
endured	O
36	O
changes	O
in	O
presidency	O
between	O
1833	B-DATE
and	O
1855	B-DATE
and	O
was	O
threatened	O
with	O
revolt	O
even	O
during	O
its	O
war	O
with	O
America	B-LOCATION
from	O
1846	B-DATE
to	I-DATE
48	I-DATE
.	O
The	O
legendary	O
Santa	B-GIVEN_NAME
Anna	B-FAMILY_NAME
ruled	O
Mexico	B-LOCATION
11	O
times	O
before	O
his	O
death	O
in	O
1876	B-DATE
.	O

By	O
1861	B-DATE
,	O
Mexico	B-LOCATION
was	O
heavily	O
in	O
debt	O
to	O
European	B-AFFILIATION
powers	O
such	O
as	O
Britain	B-LOCATION
,	O
France	B-LOCATION
,	O
and	O
Spain	B-LOCATION
,	O
who	O
allied	O
for	O
a	O
military	O
intervention	O
to	O
recoup	O
the	O
monies	O
owed	O
to	O
them	O
.	O
France	B-LOCATION
,	O
however	O
,	O
was	O
the	O
most	O
enthusiastic	O
,	O
as	O
Napoleon	B-GIVEN_NAME
wanted	O
to	O
conquer	O
Mexico	B-LOCATION
and	O
re	O
-	O
affirm	O
a	O
global	O
empire	O
.	O
Britain	B-LOCATION
and	O
Spain	B-LOCATION
eventually	O
negotiated	O
with	O
the	O
Mexicans	B-AFFILIATION
and	O
left	O
soon	O
after	O
realizing	O
French	B-AFFILIATION
intent	O
.	O

Mexico	B-LOCATION
was	O
little	O
match	O
for	O
the	O
powerful	O
French	B-AFFILIATION
army	O
,	O
one	O
of	O
the	O
strongest	O
in	O
the	O
world	O
,	O
and	O
suffered	O
from	O
a	O
lack	O
of	O
manpower	O
,	O
equipment	O
and	O
financial	O
resources	O
.	O
As	O
some	O
6,000	O
French	B-AFFILIATION
troops	O
and	O
2,000	O
loyalists	O
advanced	O
on	O
Mexico	B-LOCATION
City	I-LOCATION
,	O
they	O
approached	O
the	O
city	O
of	O
Puebla	B-LOCATION
,	O
where	O
a	O
hastily	O
assembled	O
force	O
of	O
4,000	O
Mexicans	B-AFFILIATION
awaited	O
.	O

The	O
Mexican	B-AFFILIATION
defenders	B-AFFILIATION
included	O
many	O
farmers	O
carrying	O
hunting	O
rifles	O
and	O
machetes	O
,	O
among	O
other	O
inferior	O
arms	O
.	O
Still	O
,	O
the	O
Mexicans	B-AFFILIATION
were	O
atop	O
a	O
steep	O
hill	O
,	O
with	O
a	O
ditch	O
and	O
brick	O
wall	O
as	O
extra	O
protection	O
.	O
A	O
short	O
artillery	O
bombardment	O
failed	O
,	O
so	O
the	O
French	B-AFFILIATION
command	O
recklessly	O
ordered	O
a	O
frontal	O
assault	O
,	O
which	O
was	O
summarily	O
repulsed	O
.	O

Two	O
other	O
charges	O
also	O
failed	O
before	O
the	O
Mexicans	B-AFFILIATION
counterattacked	O
,	O
and	O
the	O
French	B-AFFILIATION
forces	O
eventually	O
retreated	O
with	O
losses	O
of	O
over	O
500	O
men	O
.	O
Four	B-DURATION
days	I-DURATION
later	O
,	O
Mexican	B-AFFILIATION
President	O
Benito	B-GIVEN_NAME
Juarez	B-FAMILY_NAME
declared	O
Cinco	B-BRANDS
de	B-MISC
Mayo	I-MISC
as	O
an	O
annual	O
national	O
holiday	O
.	O

The	O
smashing	O
win	O
at	O
Puebla	B-LOCATION
,	O
however	O
,	O
did	O
not	O
affect	O
the	O
outcome	O
of	O
the	O
French	B-AFFILIATION
intervention	O
,	O
which	O
eventually	O
carried	O
the	O
nation	O
for	O
Napoleon	B-GIVEN_NAME
.	O
The	O
French	B-AFFILIATION
leader	O
installed	O
Maximillian	B-GIVEN_NAME
,	O
the	O
Archduke	O
of	O
Austria	B-LOCATION
,	O
as	O
Emperor	O
of	O
Mexico	B-LOCATION
.	O

A	O
number	O
of	O
ex	O
-	O
Confederates	O
settled	O
in	O
colonies	O
in	O
Mexico	B-LOCATION
after	O
the	O
Civil	B-BRANDS
War	B-MISC
.	O
Among	O
them	O
was	O
Missouri	B-LOCATION
Gen	O
.	O
Sterling	B-GIVEN_NAME
Price	B-FAMILY_NAME
,	O
who	O
lived	O
on	O
640	O
acres	O
west	O
of	O
Veracruz	B-LOCATION
in	O
the	O
attractive	O
colony	O
of	O
Carlota	B-LOCATION
,	O
named	O
for	O
Maximilian	B-GIVEN_NAME
âs	O
spirited	O
wife	O
.	O
The	O
United	B-LOCATION
States	I-LOCATION
,	O
preoccupied	O
with	O
the	O
Civil	B-BRANDS
War	B-MISC
,	O
had	O
done	O
little	O
to	O
halt	O
Napoleon	B-GIVEN_NAME
âs	O
advance	O
.	O

The	O
Maximilian	B-GIVEN_NAME
regime	O
was	O
seemingly	O
doomed	O
from	O
the	O
start	O
,	O
as	O
the	O
new	O
emperor	O
faced	O
stiff	O
Liberal	B-AFFILIATION
opposition	O
.	O
Though	O
he	O
embraced	O
many	O
forms	O
of	O
Mexican	B-AFFILIATION
culture	O
in	O
his	O
grand	O
mansion	O
outside	O
Mexico	B-LOCATION
City	I-LOCATION
and	O
pledged	O
his	O
allegiance	O
to	O
his	O
new	O
homeland	O
,	O
Maximilian	B-GIVEN_NAME
quickly	O
lost	O
popularity	O
.	O
The	O
United	B-LOCATION
States	I-LOCATION
,	O
now	O
free	O
of	O
the	O
Civil	B-BRANDS
War	B-MISC
,	O
demanded	O
French	B-AFFILIATION
evacuation	O
,	O
and	O
support	O
among	O
the	O
French	B-AFFILIATION
public	O
was	O
also	O
eroding	O
.	O

In	O
1866	B-DATE
,	O
France	B-LOCATION
began	O
to	O
withdraw	O
its	O
troops	O
,	O
leaving	O
Maximilian	B-GIVEN_NAME
with	O
badly	O
outnumbered	O
forces	O
.	O
The	O
emperor	O
was	O
eventually	O
captured	O
and	O
executed	O
by	O
firing	O
squad	O
on	O
June	B-DATE
19	I-DATE
,	I-DATE
1867	I-DATE
.	O
Carlota	B-GIVEN_NAME
,	O
having	O
failed	O
in	O
attempts	O
to	O
find	O
European	B-AFFILIATION
support	O
,	O
descended	O
into	O
madness	O
and	O
died	O
in	O
Belgium	B-LOCATION
in	O
1927	B-DATE
.	O

Today	O
,	O
Cinco	B-BRANDS
de	B-MISC
Mayo	I-MISC
is	O
an	O
important	O
day	O
on	O
the	O
calendar	O
in	O
Puebla	B-LOCATION
,	O
where	O
mass	O
celebrations	O
are	O
held	O
.	O
Neighboring	O
Mexican	B-AFFILIATION
states	O
also	O
honor	O
the	O
holiday	O
,	O
and	O
many	O
streets	O
across	O
Mexico	B-LOCATION
are	O
named	O
â	O
Cinco	B-DATE
de	I-DATE
Mayo	I-DATE
.	O
â	O

Still	O
,	O
the	O
holiday	O
is	O
much	O
more	O
popular	O
in	O
the	O
United	B-LOCATION
States	I-LOCATION
and	O
is	O
marked	O
in	O
numerous	O
American	B-AFFILIATION
cities	O
,	O
not	O
just	O
those	O
along	O
the	O
border	O
.	O

