LEON	B-LOCATION
,	I-LOCATION
GUANAJUATO	I-LOCATION
.	O
-	O
A	O
boy	O
was	O
bitten	O
by	O
a	O
jaguar	O
after	O
trying	O
to	O
enter	O
his	O
shelter	O
at	O
the	O
LeÃ³n	B-LOCATION
Zoo	I-LOCATION

The	O
minor	O
approached	O
the	O
place	O
despite	O
the	O
danger	O
signs	O
that	O
the	O
place	O
had	O
placed	O
,	O
supposedly	O
to	O
take	O
a	O
photo	O
.	O

A	O
14	O
-	O
year	O
-	O
old	O
boy	O
was	O
injured	O
after	O
he	O
crossed	O
the	O
protective	O
barriers	O
of	O
the	O
jaguar	O
shelter	O
at	O
the	O
LeÃ³n	B-LOCATION
Zoo	I-LOCATION
(	O
ZooleÃ³n	B-LOCATION
)	O
,	O
in	O
the	O
city	O
of	O
LeÃ³n	B-LOCATION
,	I-LOCATION
Guanajuato	I-LOCATION
.	O
The	O
minor	O
is	O
out	O
of	O
danger	O
and	O
was	O
treated	O
immediately	O
.	O

The	O
events	O
occurred	O
on	O
the	O
afternoon	O
of	O
Saturday	B-DATE
,	I-DATE
July	I-DATE
23	I-DATE
,	O
around	O
2	B-TIME
:	I-TIME
00	B-TIME
p.m.	I-TIME
,	O
according	O
to	O
local	O
media	O
.	O

The	O
minor	O
,	O
originally	O
from	O
the	O
municipality	O
of	O
Irapuato	B-LOCATION
,	O
identified	O
as	O
JosÃ©	B-GIVEN_NAME
â	B-FAMILY_NAME
N	I-FAMILY_NAME
â	I-FAMILY_NAME
,	O
suffered	O
an	O
injury	O
to	O
his	O
left	O
ankle	O
,	O
caused	O
by	O
the	O
feline	O
,	O
after	O
he	O
got	O
too	O
close	O
to	O
the	O
cage	O
,	O
supposedly	O
to	O
get	O
a	O
selfie	O
with	O
the	O
animal	O
.	O

The	O
LeÃ³n	B-LOCATION
Zoo	I-LOCATION
reported	O
in	O
a	O
statement	O
that	O
the	O
mishap	O
occurred	O
because	O
the	O
minor	O
approached	O
the	O
jaguar	O
shelter	O
despite	O
the	O
warning	O
signs	O
.	O

