Ulaanbaatar	B-LOCATION
/	O
MONTSAME	B-ORGANIZATION
/	O
.	O

President	O
of	O
the	O
Mars	B-ORGANIZATION
Society	I-ORGANIZATION
Dr	O
.	O
Robert	B-GIVEN_NAME
Zubrin	B-FAMILY_NAME
visited	O
Mongolia	B-LOCATION
at	O
the	O
invitation	O
of	O
the	O
â	O
Mars	B-LOCATION|B-LOCATION
V	B-MISC
â	O
project	O
team	O
,	O
which	O
aims	O
at	O
establishing	O
tourism	O
model	O
city	O
in	O
the	O
Mongolian	B-LOCATION|B-AFFILIATION
Gobi	I-LOCATION
with	O
an	O
international	B-ORGANIZATION
space	I-ORGANIZATION
science	I-ORGANIZATION
and	I-ORGANIZATION
technology	I-ORGANIZATION
institute	I-ORGANIZATION
and	O
an	O
academy	O
to	O
train	O
and	O
prepare	O
astronauts	O
.	O

During	O
the	O
visit	O
,	O
Deputy	O
Prime	O
Minister	O
of	O
Mongolia	B-LOCATION
S.	B-GIVEN_NAME
Amarsaikhan	B-FAMILY_NAME
received	O
Dr	O
.	O
Robert	B-GIVEN_NAME
Zubrin	B-FAMILY_NAME
.	O

â	O
Currently	O
,	O
the	O
Gobi	B-LOCATION
Desert	I-LOCATION
of	O
Mongolia	B-LOCATION
is	O
considered	O
the	O
most	O
similar	O
to	O
the	O
Mars	B-LOCATION
so	O
that	O
space	O
travel	O
can	O
be	O
open	O
not	O
only	O
for	O
astronauts	O
but	O
everyone	O
.	O

Also	O
,	O
this	O
uniqueness	O
will	O
make	O
a	O
valuable	O
contribution	O
to	O
the	O
development	O
of	O
tourism	O
in	O
our	O
country	O
,	O
â	O
noted	O
project	O
team	O
members	O
.	O

Dr	O
.	O
Robert	B-GIVEN_NAME
Zubrin	B-FAMILY_NAME
said	O
,	O
â	O
The	O
reason	O
why	O
we	O
intend	O
to	O
establish	O
the	O
training	O
station	O
to	O
prepare	O
those	O
who	O
will	O
be	O
sent	O
to	O
the	O
planet	O
,	O
and	O
â	O
Space	O
Studies	O
Free	O
Zone	O
â	O
in	O
the	O
Mongolian	B-AFFILIATION
Gobi	B-LOCATION
Desert	I-LOCATION
is	O
that	O
the	O
coldest	O
Gobi	B-LOCATION
,	O
reaching	O
-	O
42	O
degrees	O
Celsius	O
,	O
is	O
found	O
only	O
in	O
Mongolia	B-LOCATION
.	O

Scientist	O
around	O
the	O
world	O
proved	O
that	O
this	O
weather	O
condition	O
is	O
the	O
most	O
similar	O
to	O
the	O
Mars	B-LOCATION
.	O
â	O

He	O
also	O
expressed	O
his	O
commitment	O
to	O
launch	O
massive	O
construction	O
work	O
to	O
build	O
Mars	B-LOCATION|B-LOCATION
Research	I-LOCATION
Station	I-LOCATION
next	O
year	O
.	O

In	O
turn	O
,	O
Deputy	O
Prime	O
Minister	O
S.	B-GIVEN_NAME
Amarsaikhan	B-FAMILY_NAME
said	O
,	O
â	O
With	O
the	O
successful	O
implementation	O
of	O
the	O
project	O
,	O
it	O
will	O
become	O
possible	O
to	O
develop	O
a	O
technology	O
-	O
based	O
tourism	O
and	O
this	O
will	O
have	O
a	O
further	O
positive	O
impact	O
on	O
the	O
Mongolian	B-AFFILIATION
economy	O
.	O
â	O

Noting	O
that	O
the	O
Government	B-ORGANIZATION
of	I-ORGANIZATION
Mongolia	I-ORGANIZATION|B-LOCATION
will	O
provide	O
all	O
possible	O
support	O
,	O
S.	B-GIVEN_NAME
Amarsaikhan	B-FAMILY_NAME
congratulated	O
the	O
â	O
Mars	B-LOCATION|B-LOCATION
V	B-MISC
â	O
team	O
and	O
wished	O
them	O
success	O
in	O
their	O
future	O
endeavors	O
.	O

