Ulaanbaatar	B-LOCATION
/	O
MONTSAME	B-ORGANIZATION
/	O
.	O

A	O
67	O
-	O
km	O
Tosontsengel	B-LOCATION
-	I-LOCATION
Uliastai	I-LOCATION
road	O
was	O
commissioned	O
today	O
,	O
June	B-DATE
27	I-DATE
,	O
completing	O
the	O
Millennium	B-BRANDS
Road	B-MISC
project	I-MISC
,	O
which	O
was	O
aimed	O
at	O
connecting	O
21	O
aimags	O
of	O
Mongolia	B-LOCATION
with	O
the	O
capital	O
city	O
by	O
paved	O
roads	O
.	O

The	O
opening	O
ceremony	O
was	O
attended	O
by	O
Prime	O
Minister	O
of	O
Mongolia	B-LOCATION
L.	B-GIVEN_NAME
Oyun	B-FAMILY_NAME
-	I-FAMILY_NAME
Erdene	I-FAMILY_NAME
along	O
with	O
some	O
members	O
of	O
the	O
State	B-ORGANIZATION
Great	I-ORGANIZATION
Khural	I-ORGANIZATION
and	O
the	O
Government	O
.	O

â	O
Today	O
is	O
marking	O
the	O
historic	O
day	O
when	O
this	O
road	O
is	O
commissioned	O
and	O
Mongolia	B-LOCATION
has	O
fully	O
connected	O
21	O
aimags	O
with	O
the	O
capital	O
city	O
of	O
Ulaanbaatar	B-LOCATION
by	O
paved	O
roads	O
.	O

The	O
Millennium	B-BRANDS
Road	B-MISC
project	I-MISC
,	O
which	O
stretches	O
for	O
more	O
than	O
7,000	O
kilometers	O
,	O
has	O
been	O
successfully	O
completed	O
after	O
21	B-DURATION
years	I-DURATION
.	O

This	O
is	O
a	O
clear	O
example	O
of	O
how	O
long	O
it	O
takes	O
to	O
implement	O
a	O
long	O
-	O
term	O
development	O
policy	O
,	O
and	O
how	O
success	O
can	O
be	O
achieved	O
if	O
the	O
continuity	O
is	O
maintained	O
â	O
,	O
said	O
Prime	O
Minister	O
L.	B-GIVEN_NAME
Oyun	B-FAMILY_NAME
-	I-FAMILY_NAME
Erdene	I-FAMILY_NAME
before	O
thanking	O
the	O
relevant	O
authorities	O
,	O
investors	O
,	O
engineers	O
,	O
and	O
technicians	O
for	O
their	O
efforts	O
in	O
making	O
the	O
project	O
success	O
.	O

While	O
expressing	O
his	O
delight	O
with	O
the	O
fact	O
that	O
the	O
commissioning	O
of	O
the	O
auto	O
road	O
coincides	O
with	O
the	O
first	O
summer	O
of	O
the	O
â	O
New	B-BRANDS
Revival	B-MISC
Policy	I-MISC
â	O
,	O
the	O
Prime	O
Minister	O
stressed	O
that	O
this	O
is	O
one	O
of	O
the	O
few	O
projects	O
that	O
has	O
fully	O
resolved	O
the	O
investment	O
issue	O
in	O
accordance	O
with	O
the	O
policy	O
of	O
resolving	O
the	O
financing	O
of	O
large	O
projects	O
and	O
programs	O
that	O
have	O
been	O
stalled	O
for	O
many	O
years	O
and	O
have	O
not	O
been	O
completed	O
yet	O
.	O

This	O
summer	O
,	O
major	O
construction	O
projects	O
such	O
as	O
the	O
construction	O
of	O
the	O
416	O
-	O
kilometer	O
Tavan	B-LOCATION
Tolgoi	I-LOCATION
-	O
Gashuunsukhait	B-LOCATION
railroad	O
and	O
the	O
226	O
-	O
kilometer	O
Zuunbayan	B-LOCATION
-	O
Khangi	B-LOCATION
railroad	O
will	O
be	O
completed	O
and	O
the	O
construction	O
of	O
the	O
Bichigt	B-LOCATION
-	O
Zuunkhatavch	B-LOCATION
and	O
Artssuuri	B-LOCATION
-	O
Shiveekhuren	B-LOCATION
railroads	O
will	O
commence	O
.	O

As	O
a	O
result	O
,	O
all	O
the	O
border	O
ports	O
will	O
be	O
connected	O
by	O
auto	O
roads	O
and	O
strategic	O
ports	O
by	O
railroads	O
.	O

This	O
will	O
enable	O
Mongolia	B-LOCATION
to	O
increase	O
its	O
capacity	O
for	O
transportation	O
,	O
logistics	O
,	O
and	O
volume	O
of	O
exports	O
and	O
imports	O
by	O
3-4	O
times	O
.	O

It	O
was	O
highlighted	O
during	O
the	O
ceremony	O
that	O
the	O
commissioning	O
of	O
the	O
road	O
has	O
shortened	O
the	O
travel	O
duration	O
between	O
Tosontsengel	B-LOCATION
and	O
Uliastai	B-LOCATION
to	O
30-40	O
minutes	O
,	O
which	O
used	O
to	O
take	O
2	O
-	O
3	B-DURATION
hours	I-DURATION
.	O

At	O
the	O
end	O
of	O
his	O
remarks	O
,	O
the	O
Prime	O
Minister	O
expressed	O
confidence	O
that	O
this	O
road	O
would	O
play	O
an	O
essential	O
role	O
in	O
enhancing	O
economic	O
and	O
social	O
development	O
as	O
well	O
as	O
tourism	O
development	O
of	O
Zavkhan	B-LOCATION
aimag	I-LOCATION
.	O

