SHAH	B-LOCATION
ALAM	I-LOCATION
:	O
Police	O
are	O
having	O
difficulty	O
locating	O
the	O
workers	O
who	O
carried	O
out	O
renovations	O
on	O
former	O
TV	O
personality	O
Zalina	B-GIVEN_NAME
Shaharah	B-FAMILY_NAME
Azman	I-FAMILY_NAME
âs	O
house	O
here	O
as	O
the	O
work	O
was	O
completed	O
a	O
long	O
time	O
ago	O
.	O

Selangor	B-LOCATION
deputy	O
police	O
chief	O
Datuk	B-GIVEN_NAME
S.	B-FAMILY_NAME
Sasikala	I-FAMILY_NAME
Devi	I-FAMILY_NAME
said	O
the	O
workers	O
â	O
nationalities	O
also	O
could	O
not	O
be	O
ascertained	O
,	O
and	O
hoped	O
they	O
would	O
come	O
forward	O
to	O
help	O
with	O
the	O
investigation	O
into	O
Zalina	B-GIVEN_NAME
's	O
disappearance	O
.	O

"	O
However	O
,	O
investigations	O
will	O
continue	O
should	O
there	O
be	O
new	O
leads	O
.	O

"	O
For	O
now	O
,	O
it	O
is	O
status	O
quo	O
,	O
we	O
have	O
no	O
new	O
leads	O
...	O
the	O
police	O
inquiry	O
will	O
continue	O
,	O
â	O
she	O
told	O
a	O
press	O
conference	O
at	O
the	O
Selangor	B-LOCATION
police	O
contingent	O
headquarters	O
here	O
on	O
Monday	B-DATE
(	O
July	B-DATE
25	I-DATE
)	O
.	O

Police	O
had	O
earlier	O
said	O
that	O
Zalina	B-GIVEN_NAME
,	O
58	O
,	O
who	O
has	O
been	O
missing	O
since	O
November	B-DATE
last	O
year	O
,	O
was	O
still	O
in	O
the	O
country	O
.	O

They	O
received	O
a	O
missing	O
persons	O
report	O
from	O
her	O
son	O
Mikhael	B-GIVEN_NAME
Norman	B-FAMILY_NAME
,	O
33	O
,	O
on	O
Nov	B-DATE
29	I-DATE
after	O
he	O
failed	O
to	O
contact	O
her	O
since	O
Nov	B-DATE
24	I-DATE
to	O
say	O
that	O
his	O
grandfather	O
had	O
been	O
admitted	O
to	O
hospital	O
.	O

â	O
Bernama	B-ORGANIZATION

