Former	O
teen	O
idol	O
Jimmy	B-GIVEN_NAME
Lin	B-FAMILY_NAME
has	O
regained	O
consciousness	O
after	O
an	O
accident	O
last	O
Friday	B-DATE
and	O
is	O
now	O
able	O
to	O
engage	O
in	O
simple	O
conversations	O
.	O

Giving	O
an	O
update	O
at	O
a	O
press	O
conference	O
on	O
Monday	B-DATE
(	O
July	B-DATE
25	I-DATE
)	O
,	O
his	O
manager	O
and	O
younger	O
brother	O
said	O
Lin	O
,	O
47	O
,	O
who	O
is	O
warded	O
at	O
Linkou	B-ORGANIZATION
Chang	I-ORGANIZATION
Gung	I-ORGANIZATION
Memorial	I-ORGANIZATION
Hospital	I-ORGANIZATION
in	O
Taiwan	B-LOCATION
's	I-LOCATION
Taoyuan	I-LOCATION
city	O
,	O
sustained	O
fractures	O
in	O
his	O
face	O
and	O
body	O
.	O

The	O
Taiwanese	B-AFFILIATION
singer	O
was	O
driving	O
a	O
white	O
Tesla	B-BRANDS
Model	I-BRANDS
X	I-BRANDS
in	O
Taoyuan	B-LOCATION
last	O
Friday	B-DATE
when	O
the	O
car	O
was	O
believed	O
to	O
have	O
hit	O
the	O
road	O
divider	O
and	O
caught	O
fire	O
.	O

He	O
and	O
his	O
six	O
-	O
year	O
-	O
old	O
son	O
Jenson	B-GIVEN_NAME
were	O
pulled	O
out	O
of	O
the	O
car	O
by	O
nearby	O
workers	O
and	O
bystanders	O
before	O
it	O
burst	O
into	O
flames	O
.	O

Responding	O
to	O
questions	O
such	O
as	O
whether	O
Lin	B-GIVEN_NAME
was	O
wearing	O
a	O
seat	O
belt	O
or	O
whether	O
Jenson	B-GIVEN_NAME
was	O
in	O
the	O
co	O
-	O
driver	O
seat	O
,	O
Lin	B-GIVEN_NAME
's	O
manager	O
A	B-GIVEN_NAME
-	B-FAMILY_NAME
jen	I-FAMILY_NAME
said	O
:	O
"	O
Only	O
Jimmy	B-GIVEN_NAME
knows	O
the	O
exact	O
facts	O
and	O
he	O
is	O
currently	O
unable	O
to	O
recall	O
the	O
exact	O
sequence	O
of	O
the	O
accident	O
.	O
"	O

He	O
said	O
Lin	B-GIVEN_NAME
will	O
give	O
an	O
account	O
of	O
the	O
incident	O
to	O
the	O
relevant	O
agencies	O
when	O
his	O
condition	O
improves	O
.	O

Lin	B-GIVEN_NAME
will	O
be	O
undergoing	O
an	O
operation	O
,	O
but	O
his	O
manager	O
declined	O
to	O
go	O
into	O
details	O
of	O
the	O
surgery	O
.	O

Lin	B-GIVEN_NAME
's	O
younger	O
brother	O
Lin	B-GIVEN_NAME
Chih	B-FAMILY_NAME
-	I-FAMILY_NAME
hsin	I-FAMILY_NAME
also	O
urged	O
the	O
public	O
and	O
media	O
not	O
to	O
speculate	O
:	O
"	O
My	O
sister	O
-	O
in	O
-	O
law	O
and	O
I	O
tried	O
to	O
speak	O
with	O
Jimmy	B-GIVEN_NAME
at	O
the	O
hospital	O
,	O
but	O
he	O
was	O
unable	O
to	O
piece	O
together	O
the	O
whole	O
incident	O
due	O
to	O
his	O
current	O
condition	O
.	O
"	O

The	O
Taiwanese	B-AFFILIATION
police	O
said	O
last	O
Friday	B-DATE
that	O
according	O
to	O
traffic	O
cameras	O
,	O
Lin	B-GIVEN_NAME
was	O
not	O
speeding	O
when	O
he	O
made	O
the	O
turn	O
.	O

A	O
blood	O
alcohol	O
test	O
showed	O
he	O
was	O
not	O
drinking	O
before	O
the	O
accident	O
.	O

On	O
Sunday	B-DATE
,	O
Jimmy	B-GIVEN_NAME
Lin	B-FAMILY_NAME
's	O
wife	O
,	O
former	O
model	O
-	O
actress	O
Kelly	B-GIVEN_NAME
Chen	B-FAMILY_NAME
,	O
38	O
,	O
took	O
to	O
social	O
media	O
to	O
thank	O
the	O
Good	O
Samaritans	O
who	O
rescued	O
her	O
husband	O
and	O
son	O
from	O
the	O
car	O
.	O

But	O
she	O
also	O
expressed	O
concern	O
about	O
unkind	O
speculation	O
over	O
the	O
incident	O
and	O
said	O
she	O
was	O
saddened	O
by	O
the	O
untrue	O
allegations	O
online	O
.	O

Lin	B-GIVEN_NAME
and	O
Chen	B-GIVEN_NAME
have	O
three	O
sons	O
â	O
12	O
-	O
year	O
-	O
old	O
Kimi	B-GIVEN_NAME
and	O
six	O
-	O
year	O
-	O
old	O
twins	O
Jenson	B-GIVEN_NAME
and	O
Kyson	B-GIVEN_NAME
.	O

A	O
former	O
teen	O
heart	O
-	O
throb	O
nicknamed	O
The	B-BRANDS
Little	B-MISC
Whirlwind	I-MISC
,	O
Lin	B-GIVEN_NAME
is	O
known	O
for	O
songs	O
such	O
as	O
Summer	B-BRANDS
Of	B-MISC
'	I-MISC
92	I-MISC
,	I-MISC
Not	I-MISC
Every	I-MISC
Love	I-MISC
Song	I-MISC
Has	I-MISC
Fond	I-MISC
Memories	I-MISC
and	I-MISC
Why	I-MISC
Am	I-MISC
I	I-MISC
Always	I-MISC
Hurt	I-MISC
.	O

He	O
was	O
regarded	O
as	O
one	O
of	O
Taiwan	B-LOCATION
's	O
four	O
Little	B-LOCATION
Heavenly	I-LOCATION
Kings	I-LOCATION
,	O
along	O
with	O
singer	O
-	O
actors	O
Nicky	B-GIVEN_NAME
Wu	B-FAMILY_NAME
,	O
Alec	B-GIVEN_NAME
Su	B-FAMILY_NAME
and	O
Takeshi	B-GIVEN_NAME
Kaneshiro	B-FAMILY_NAME
,	O
in	O
the	O
1990s	B-DATE
.	O

Lin	B-GIVEN_NAME
is	O
also	O
known	O
for	O
acting	O
in	O
TV	O
serials	O
such	O
as	O
Master	B-BRANDS
Swordsman	B-MISC
Lu	I-MISC|B-GIVEN_NAME
Xiaofeng	I-MISC|B-FAMILY_NAME
(	O
2000	B-DATE
)	O
and	O
Demi	B-BRANDS
-	B-MISC
Gods	I-MISC
And	I-MISC
Semi	I-MISC
-	I-MISC
Devils	I-MISC
(	O
2003	B-DATE
)	O
,	O
and	O
for	O
taking	O
part	O
in	O
the	O
first	O
season	O
of	O
Chinese	B-AFFILIATION
reality	O
television	O
show	O
,	O
Where	B-BRANDS
Are	B-MISC
We	I-MISC
Going	I-MISC
,	I-MISC
Dad	I-MISC
?	I-MISC
,	O
with	O
Kimi	B-GIVEN_NAME
in	O
2013	B-DATE
.	O

Lin	B-GIVEN_NAME
,	O
who	O
loves	O
car	O
racing	O
,	O
took	O
part	O
in	O
his	O
first	O
car	O
race	O
in	O
1997	B-DATE
and	O
formed	O
his	O
first	O
racing	O
team	O
in	O
2006	B-DATE
.	O
He	O
met	O
with	O
a	O
racing	O
car	O
accident	O
in	O
1998	B-DATE
and	O
fractured	O
three	O
bones	O
in	O
his	O
right	O
foot	O
.	O
â	O
The	B-ORGANIZATION
Straits	I-ORGANIZATION
Times	I-ORGANIZATION
/	O
Asia	B-ORGANIZATION
News	I-ORGANIZATION
Network	I-ORGANIZATION

