TODAY	B-ORGANIZATION
NICARAGUA	I-ORGANIZATION|B-LOCATION
â	O
A	O
Nicaraguan	B-AFFILIATION
judge	O
has	O
ruled	O
two	O
workers	O
of	O
La	B-ORGANIZATION
Prensa	I-ORGANIZATION
are	O
to	O
spend	O
90	B-DURATION
days	I-DURATION
in	O
pretrial	O
detention	O
after	O
being	O
arrested	O
for	O
reporting	O
on	O
the	O
expulsion	O
from	O
the	O
country	O
of	O
nuns	O
belonging	O
to	O
the	O
Misioneras	B-ORGANIZATION
de	I-ORGANIZATION
la	I-ORGANIZATION
Caridad	I-ORGANIZATION
(	O
Missionaries	B-ORGANIZATION
of	I-ORGANIZATION
Charity	I-ORGANIZATION
)	O
,	O
founded	O
by	O
Mother	B-GIVEN_NAME
Teresa	B-FAMILY_NAME
of	O
Calcutta	B-LOCATION
.	O

The	O
reporters	O
are	O
being	O
held	O
in	O
cells	O
at	O
the	O
Judicial	B-ORGANIZATION
Assistance	I-ORGANIZATION
Directorate	I-ORGANIZATION
(	O
DAJ	B-ORGANIZATION
)	O
,	O
the	O
newspaper	O
said	O
.	O

â	O
La	B-ORGANIZATION
Prensa	I-ORGANIZATION
demands	O
respect	O
for	O
the	O
law	O
,	O
the	O
release	O
of	O
the	O
detainees	O
and	O
the	O
cessation	O
of	O
the	O
persecution	O
of	O
the	O
newspaper	O
âs	O
staff	O
who	O
are	O
only	O
doing	O
their	O
job	O
,	O
without	O
committing	O
any	O
crime	O
,	O
â	O
it	O
claimed	O
.	O

La	B-ORGANIZATION
Prensa	I-ORGANIZATION
said	O
the	O
measure	O
was	O
a	O
response	O
to	O
the	O
coverage	O
of	O
the	O
expulsion	O
to	O
Costa	B-LOCATION
Rica	I-LOCATION
of	O
nuns	O
which	O
was	O
decreed	O
by	O
the	O
Government	O
of	O
Daniel	B-GIVEN_NAME
Ortega	B-FAMILY_NAME
last	O
Wednesday	B-DATE
,	O
which	O
was	O
labeled	O
the	O
Nicaraguan	B-ORGANIZATION|B-AFFILIATION
Catholic	I-ORGANIZATION|B-AFFILIATION
Church	I-ORGANIZATION
as	O
an	O
â	O
opponent	O
and	O
coup	O
leader	O
.	O
â	O

Last	O
March	B-DATE
the	O
Nicaraguan	B-AFFILIATION
government	O
expelled	O
Nuncio	B-GIVEN_NAME
Waldemar	B-FAMILY_NAME
Sommertag	I-FAMILY_NAME
.	O

Between	O
May	B-DATE
and	O
June	B-DATE
,	O
authorities	O
also	O
closed	O
two	O
Catholic	B-AFFILIATION
television	O
channels	O
.	O

Meanwhile	O
,	O
all	O
property	O
which	O
used	O
to	O
belong	O
to	O
NGOs	O
outlawed	O
by	O
Ortega	B-GIVEN_NAME
âs	O
regime	O
â	O
namely	O
OperaciÃ³n	B-ORGANIZATION
Sonrisa	I-ORGANIZATION
,	O
Centro	B-ORGANIZATION
Humboldt	I-ORGANIZATION
,	O
Puntos	B-ORGANIZATION
de	I-ORGANIZATION
Encuentro	I-ORGANIZATION
,	O
La	B-ORGANIZATION
Corriente	I-ORGANIZATION
,	O
Cantera	B-ORGANIZATION
,	O
CEPS	B-ORGANIZATION
,	O
and	O
ANIA	B-ORGANIZATION
â	O
has	O
been	O
seized	O
by	O
government	O
officials	O
,	O
according	O
to	O
a	O
Confidencial	O
report	O
.	O

Nicaragua	B-LOCATION
âs	O
lawmakers	O
passed	O
a	O
law	O
in	O
April	B-DATE
which	O
tightens	O
the	O
government	O
of	O
Daniel	B-GIVEN_NAME
Ortega	B-FAMILY_NAME
controls	O
over	O
NGOs	O
after	O
in	O
recent	O
months	O
has	O
ordered	O
closures	O
of	O
independent	O
organizations	O
on	O
the	O
grounds	O
of	O
alleged	O
formal	O
irregularities	O
.	O

A	O
total	O
of	O
858	O
Non	O
-	O
Governmental	O
Organizations	O
(	O
NGOs	O
)	O
have	O
been	O
outlawed	O
,	O
out	O
of	O
more	O
than	O
6,000	O
.	O

â	O
Ortega	B-GIVEN_NAME
,	O
who	O
received	O
Mother	B-GIVEN_NAME
Teresa	B-FAMILY_NAME
of	O
Calcutta	B-LOCATION
in	O
the	O
1980s	B-DATE
,	O
is	O
the	O
one	O
who	O
expelled	O
her	O
religious	O
congregation	O
from	O
the	O
country	O
,	O
â	O
denounced	O
the	O
independent	O
Nicaraguan	B-ORGANIZATION|B-AFFILIATION
Center	I-ORGANIZATION
for	I-ORGANIZATION
Human	I-ORGANIZATION
Rights	I-ORGANIZATION
(	O
Cenidh	B-ORGANIZATION
)	O
on	O
Twitter	B-ORGANIZATION
.	O

According	O
to	O
Cenidh	B-ORGANIZATION
,	O
the	O
nuns	O
were	O
deported	O
as	O
if	O
they	O
were	O
â	O
criminals	O
â	O
.	O

The	O
religious	O
organization	O
was	O
annulled	O
last	O
week	O
by	O
the	O
Parliament	B-ORGANIZATION
,	O
controlled	O
by	O
the	O
ruling	O
Sandinista	B-ORGANIZATION
National	I-ORGANIZATION
Liberation	I-ORGANIZATION
Front	I-ORGANIZATION
(	O
FSLN	B-ORGANIZATION
)	O
,	O
along	O
with	O
a	O
hundred	O
other	O
NGOs	O
,	O
because	O
they	O
failed	O
to	O
comply	O
with	O
the	O
law	O
by	O
not	O
reporting	O
their	O
financial	O
statements	O
or	O
explaining	O
the	O
origin	O
of	O
the	O
donations	O
they	O
receive	O
.	O

Cenidh	B-ORGANIZATION
insisted	O
the	O
authorities	O
had	O
violated	O
â	O
the	O
honor	O
and	O
reputation	O
â	O
of	O
the	O
nuns	O
â	O
by	O
affirming	O
that	O
they	O
were	O
not	O
accredited	O
â	O
and	O
â	O
worked	O
illegally	O
in	O
Nicaragua	B-LOCATION
â	O
.	O

According	O
to	O
La	B-ORGANIZATION
Prensa	I-ORGANIZATION
,	O
the	O
nuns	O
,	O
of	O
various	O
nationalities	O
,	O
left	O
Nicaragua	B-LOCATION
for	O
Costa	B-LOCATION
Rica	I-LOCATION
by	O
land	O
.	O

Nicaragua	B-LOCATION
is	O
going	O
through	O
a	O
socio	O
-	O
political	O
crisis	O
since	O
April	B-DATE
2018	I-DATE
,	O
with	O
mass	O
demonstrations	O
against	O
the	O
Ortega	B-GIVEN_NAME
regime	O
that	O
were	O
controlled	O
by	O
armed	O
attacks	O
that	O
,	O
according	O
to	O
the	O
Inter	B-ORGANIZATION
-	I-ORGANIZATION
American	I-ORGANIZATION|B-AFFILIATION
Commission	I-ORGANIZATION
on	I-ORGANIZATION
Human	I-ORGANIZATION
Rights	I-ORGANIZATION
(	O
IACHR	B-ORGANIZATION
)	O
,	O
left	O
at	O
least	O
355	O
dead	O
,	O
of	O
which	O
the	O
Sandinista	B-ORGANIZATION
leadership	O
recognizes	O
just	O
200	O
.	O

The	O
situation	O
worsened	O
with	O
the	O
November	B-DATE
2021	I-DATE
elections	O
,	O
in	O
which	O
Ortega	B-GIVEN_NAME
and	O
Murillo	B-GIVEN_NAME
were	O
reelected	O
,	O
with	O
seven	O
of	O
their	O
potential	O
opponents	O
in	O
jail	O
and	O
two	O
in	O
exile	O
.	O

