(	O
American	B-ORGANIZATION
Thinker	I-ORGANIZATION
)	O
Remember	O
Bianca	B-GIVEN_NAME
Jagger	B-FAMILY_NAME
?	O

You	O
know	O
,	O
the	O
disco	O
queen	O
and	O
former	O
rock	O
-	O
star	O
âs	O
wife	O
turned	O
leftwing	O
â	O
human	O
rights	O
activist	O
â	O
who	O
was	O
last	O
seen	O
mourning	O
the	O
electoral	O
loss	O
of	O
Marxist	B-AFFILIATION
Sandinista	B-ORGANIZATION
strongman	O
Daniel	B-GIVEN_NAME
Ortega	B-FAMILY_NAME
,	O
back	O
in	O
1990	B-DATE
?	O

As	O
P.	B-GIVEN_NAME
J.	B-FAMILY_NAME
O	I-FAMILY_NAME
â	I-FAMILY_NAME
Rourke	I-FAMILY_NAME
immortalized	O
her	O
,	O
in	O
this	O
memorable	O
passage	O
?	O

On	O
the	O
morning	O
of	O
the	O
26th	O
,	O
the	O
day	O
after	O
Violeta	B-GIVEN_NAME
Chamorro	B-FAMILY_NAME
âs	O
victory	O
over	O
Danny	B-GIVEN_NAME
Ortega	B-FAMILY_NAME
,	O
I	O
walked	O
into	O
the	O
Inter	O
-	O
Continental	O
hotel	O
in	O
Managua	B-LOCATION
and	O
Bianca	B-GIVEN_NAME
Jagger	B-FAMILY_NAME
was	O
sitting	O
alone	O
in	O
the	O
lobby	O
.	O

Bianca	B-GIVEN_NAME
had	O
been	O
ubiquitous	O
during	O
the	O
election	O
campaign	O
:	O

There	O
was	O
Bianca	B-GIVEN_NAME
looking	O
smart	O
in	O
an	O
unconstructed	O
linen	O
jacket	O
and	O
yellow	O
socks	O
to	O
match	O
,	O
Bianca	B-GIVEN_NAME
looking	O
serious	O
with	O
press	O
pass	O
and	O
camera	O
,	O
Bianca	B-GIVEN_NAME
looking	O
thoughtful	O
listening	O
to	O
Jimmy	B-GIVEN_NAME
Carter	B-FAMILY_NAME
,	O
Bianca	B-GIVEN_NAME
looking	O
concerned	O
conferring	O
with	O
Senator	O
Christopher	B-GIVEN_NAME
Dodd	B-FAMILY_NAME
,	O
Bianca	B-GIVEN_NAME
looking	O
committed	O
in	O
simple	O
tennis	O
shoes	O
and	O
neatly	O
mussed	O
hair	O
,	O
Bianca	B-GIVEN_NAME
looking	O
important	O
wearing	O
sunglasses	O
after	O
dark	O
.	O

But	O
this	O
morning	O
Bianca	B-GIVEN_NAME
looked	O
...	O
her	O
age	O
.	O

Here	O
we	O
had	O
a	O
not	O
very	O
bright	O
,	O
fortyish	O
,	O
discarded	O
rock	O
star	O
wife	O
,	O
trapped	O
in	O
the	O
lonely	O
hell	O
of	O
the	O
formerly	O
cute	O
â	O
one	O
bummed	O
-	O
out	O
show	O
-	O
biz	O
lefty	O
.	O

I	O
was	O
feeling	O
great	O
myself	O
,	O
ready	O
to	O
turn	O
somersaults	O
over	O
the	O
Ortega	B-GIVEN_NAME
defeat	O
,	O
full	O
of	O
good	O
cheer	O
,	O
and	O
pleased	O
with	O
all	O
the	O
world	O
.	O

But	O
then	O
the	O
forlorn	O
,	O
sagging	O
little	O
shape	O
of	O
Bianca	B-GIVEN_NAME
caught	O
my	O
eye	O
and	O
,	O
all	O
of	O
a	O
sudden	O
,	O
I	O
felt	O
EVEN	O
BETTER	O
.	O

Well	O
,	O
she	O
âs	O
back	O
,	O
this	O
time	O
supposedly	O
supporting	O
the	O
student	O
strikers	O
as	O
Nicaragua	B-LOCATION
under	O
her	O
same	O
beloved	O
Ortega	B-GIVEN_NAME
goes	O
to	O
hell	O
.	O

She	O
âs	O
â	O
facing	O
down	O
the	O
death	O
squads	O
,	O
â	O
as	O
a	O
helpfully	O
suck	O
-	O
up	O
interview	O
with	O
the	O
Daily	B-ORGANIZATION
Beast	I-ORGANIZATION
reveals	O
.	O

Bianca	B-GIVEN_NAME
Jagger	B-FAMILY_NAME
is	O
on	O
the	O
phone	O
from	O
Nicaragua	B-LOCATION
.	O

Over	O
the	O
past	O
two	O
weeks	O
she	O
has	O
campaigned	O
for	O
human	O
rights	O
in	O
her	O
native	O
country	O
,	O
and	O
borne	O
witness	O
to	O
mounting	O
violence	O
as	O
the	O
regime	O
uses	O
murder	O
to	O
hold	O
on	O
to	O
power	O
.	O

We	O
had	O
talked	O
several	O
times	O
over	O
several	O
days	O
,	O
but	O
now	O
,	O
as	O
she	O
spoke	O
about	O
students	O
she	O
had	O
met	O
with	O
,	O
and	O
who	O
had	O
been	O
shot	O
down	O
,	O
she	O
choked	O
back	O
tears	O
.	O

Oh	O
,	O
barf	O
.	O

And	O
by	O
extension	O
,	O
that	O
means	O
she	O
âs	O
not	O
on	O
the	O
side	O
of	O
the	O
Marxist	B-AFFILIATION
Ortega	B-GIVEN_NAME
,	O
whom	O
she	O
admits	O
she	O
knows	O
â	O
very	O
well	O
,	O
â	O
as	O
she	O
revealed	O
to	O
the	O
Daily	B-ORGANIZATION
Beast	I-ORGANIZATION
.	O

Yep	O
,	O
that	O
she	O
does	O
,	O
and	O
it	O
âs	O
for	O
a	O
reason	O
â	O
up	O
until	O
now	O
,	O
she	O
âs	O
always	O
been	O
his	O
biggest	O
fan	O
.	O

Guys	O
like	O
Ortega	B-GIVEN_NAME
are	O
back	O
in	O
power	O
precisely	O
because	O
of	O
socialist	O
Sandalistas	B-AFFILIATION
such	O
as	O
Jagger	B-GIVEN_NAME
.	O

Ortega	B-GIVEN_NAME
âs	O
victory	O
in	O
his	O
second	O
coming	O
,	O
back	O
in	O
2007	B-DATE
,	O
was	O
his	O
chance	O
to	O
turn	O
the	O
country	O
into	O
a	O
communist	O
dictatorship	O
.	O

Never	O
again	O
would	O
he	O
let	O
a	O
mere	O
election	O
break	O
his	O
grip	O
on	O
power	O
as	O
it	O
did	O
in	O
the	O
surprise	O
election	O
of	O
1990	B-DATE
.	O

Polls	O
at	O
the	O
time	O
showed	O
that	O
Ortega	B-GIVEN_NAME
would	O
win	O
comfortably	O
and	O
people	O
like	O
Jagger	B-GIVEN_NAME
stated	O
that	O
this	O
showed	O
the	O
wonderful	O
appeal	O
of	O
socialist	O
ideas	O
.	O

Nicaraguans	B-AFFILIATION
,	O
on	O
the	O
other	O
hand	O
,	O
had	O
different	O
ideas	O
about	O
it	O
,	O
and	O
lied	O
to	O
the	O
pollsters	O
to	O
create	O
that	O
impression	O
,	O
the	O
better	O
to	O
avoid	O
retribution	O
from	O
the	O
state	O
for	O
voting	O
the	O
wrong	O
way	O
,	O
or	O
to	O
give	O
Ortega	B-GIVEN_NAME
the	O
rationale	O
to	O
rig	O
the	O
whole	O
thing	O
and	O
get	O
elected	O
dictator	O
for	O
life	O
.	O

Ortega	B-GIVEN_NAME
watched	O
and	O
learned	O
this	O
lesson	O
and	O
by	O
the	O
time	O
enough	O
new	O
young	O
voters	O
were	O
there	O
to	O
not	O
know	O
the	O
history	O
,	O
17	B-DURATION
years	I-DURATION
after	O
his	O
initial	O
exit	O
,	O
he	O
made	O
his	O
move	O
to	O
regain	O
power	O
in	O
2007	B-DATE
by	O
elections	O
.	O

This	O
time	O
,	O
he	O
ensured	O
that	O
there	O
would	O
never	O
be	O
a	O
free	O
election	O
again	O
.	O

Everything	O
that	O
has	O
gone	O
on	O
since	O
his	O
recrudescence	O
through	O
the	O
help	O
of	O
the	O
Castro	B-GIVEN_NAME
brothers	O
and	O
Hugo	B-GIVEN_NAME
Chavez	B-FAMILY_NAME
has	O
been	O
through	O
electoral	O
rigging	O
and	O
cheating	O
.	O

One	O
man	O
,	O
one	O
vote	O
,	O
once	O
,	O
so	O
the	O
saying	O
goes	O
.	O

That	O
âs	O
why	O
the	O
latest	O
activity	O
in	O
that	O
unhappy	O
land	O
is	O
getting	O
rather	O
violent	O
and	O
protestors	O
are	O
being	O
shot	O
by	O
the	O
regime	O
in	O
the	O
streets	O
.	O

Ortega	B-GIVEN_NAME
,	O
as	O
with	O
all	O
socialists	O
,	O
never	O
intends	O
to	O
give	O
up	O
power	O
.	O

Raul	B-GIVEN_NAME
Castro	B-FAMILY_NAME
and	O
Nicolas	B-GIVEN_NAME
Maduro	B-FAMILY_NAME
know	O
what	O
he	O
means	O
.	O

That	O
âs	O
what	O
socialism	O
is	O
,	O
and	O
you	O
can	O
expect	O
that	O
same	O
result	O
every	O
time	O
it	O
âs	O
tried	O
.	O
Nobody	O
wants	O
to	O
be	O
the	O
next	O
Ceaucescu	B-GIVEN_NAME
,	O
which	O
is	O
what	O
happens	O
when	O
you	O
engage	O
in	O
as	O
many	O
human	O
rights	O
violations	O
as	O
socialists	O
do	O
.	O

But	O
Bianca	B-GIVEN_NAME
Jagger	B-FAMILY_NAME
soldiers	O
on	O
,	O
making	O
no	O
recognition	O
to	O
the	O
reality	O
she	O
helped	O
foster	O
so	O
early	O
on	O
,	O
nor	O
to	O
the	O
culpable	O
role	O
that	O
socialism	O
plays	O
in	O
the	O
creation	O
of	O
a	O
dictatorship	O
.	O
She	O
actually	O
claims	O
to	O
speak	O
for	O
the	O
students	O
in	O
saying	O
the	O
students	O
plan	O
to	O
go	O
all	O
Gandhi	B-GIVEN_NAME
in	O
their	O
claim	O
to	O
non	O
-	O
violent	O
resistence	O
,	O
even	O
as	O
a	O
socialist	O
monster	O
with	O
no	O
intention	O
of	O
ever	O
giving	O
up	O
power	O
is	O
what	O
they	O
are	O
staring	O
down	O
.	O
They	O
can	O
ask	O
their	O
Venezuelan	B-AFFILIATION
buddies	O
how	O
well	O
that	O
âs	O
worked	O
out	O
.	O

What	O
it	O
shows	O
is	O
her	O
cynical	O
affiliation	O
to	O
the	O
international	O
human	O
rights	O
chi	O
-	O
chi	O
crowd	O
,	O
with	O
its	O
absurd	O
ideas	O
about	O
non	O
-	O
violent	O
resistance	O
in	O
the	O
face	O
of	O
totalitarian	O
regimes	O
.	O
Non	O
-	O
violent	O
resistance	O
does	O
work	O
,	O
very	O
well	O
,	O
when	O
it	O
comes	O
up	O
against	O
actual	O
democracies	O
and	O
authoritarian	O
regimes	O
that	O
nevertheless	O
have	O
some	O
fealty	O
to	O
rule	O
of	O
law	O
.	O
The	O
British	B-AFFILIATION
empire	O
and	O
the	O
U.	B-LOCATION
S.	I-LOCATION
during	O
the	O
Democrat	B-AFFILIATION
-	O
led	O
segregationist	O
era	O
are	O
prime	O
examples	O
,	O
as	O
is	O
Chile	B-LOCATION
,	O
which	O
transitioned	O
easily	O
to	O
democracy	O
in	O
the	O
wake	O
of	O
the	O
Pinochet	B-GIVEN_NAME
era	O
.	O
Where	O
it	O
does	O
nât	O
work	O
is	O
in	O
the	O
case	O
of	O
a	O
true	O
socialist	O
totalitarian	O
regime	O
,	O
loaded	O
with	O
sins	O
,	O
fearful	O
of	O
being	O
held	O
to	O
account	O
for	O
them	O
,	O
and	O
determined	O
to	O
cling	O
to	O
power	O
by	O
some	O
sort	O
of	O
Divine	B-BRANDS
Right	B-MISC
of	I-MISC
Marxist	I-MISC|B-AFFILIATION
Progress	I-MISC
.	O
Those	O
regimes	O
cannot	O
be	O
dislodged	O
through	O
peaceful	O
protests	O
.	O
Jeanne	B-GIVEN_NAME
Kirkpatrick	B-FAMILY_NAME
articulated	O
this	O
iron	O
law	O
of	O
human	O
nature	O
in	O
1979	B-DATE
,	O
in	O
a	O
piece	O
called	O
â	O
Dictatorships	B-BRANDS
and	B-MISC
Double	I-MISC
Standards	I-MISC
â	O
back	O
when	O
Bianca	B-GIVEN_NAME
was	O
agitating	O
for	O
the	O
wonders	O
of	O
Ortega	B-GIVEN_NAME
.	O

It	O
âs	O
all	O
such	O
baloney	O
.	O
Does	O
this	O
woman	O
believe	O
in	O
socialism	O
,	O
or	O
does	O
she	O
believe	O
in	O
the	O
protestors	O
protesting	O
socialist	O
Ortega	B-GIVEN_NAME
?	O
Based	O
on	O
the	O
Daily	B-ORGANIZATION
Beast	I-ORGANIZATION
interview	O
,	O
it	O
looks	O
like	O
she	O
is	O
trying	O
to	O
have	O
it	O
both	O
ways	O
â	O
an	O
â	O
ours	O
will	O
be	O
a	O
really	O
good	O
socialism	O
â	O
as	O
Tom	B-GIVEN_NAME
Wolfe	B-FAMILY_NAME
once	O
observed	O
,	O
and	O
a	O
camera	O
-	O
hogging	O
move	O
to	O
get	O
out	O
front	O
with	O
the	O
protestors	O
,	O
who	O
are	O
getting	O
good	O
media	O
coverage	O
,	O
but	O
who	O
will	O
probably	O
have	O
to	O
fight	O
if	O
they	O
want	O
to	O
get	O
Ortega	B-GIVEN_NAME
out	O
of	O
there	O
â	O
and	O
sow	O
the	O
earth	O
with	O
the	O
salt	O
of	O
a	O
total	O
rejection	O
of	O
socialism	O
if	O
they	O
do	O
nât	O
want	O
another	O
one	O
.	O

Jagger	B-GIVEN_NAME
should	O
just	O
beat	O
it	O
.	O
Her	O
credibility	O
is	O
shot	O
,	O
her	O
presence	O
is	O
a	O
nuisance	O
,	O
and	O
her	O
hypocrisy	O
is	O
showing	O
.	O

