TODAY	B-ORGANIZATION
NICARAGUA	I-ORGANIZATION|B-LOCATION
(	O
EFE	B-ORGANIZATION
)	O
The	O
Government	B-ORGANIZATION
of	O
President	O
Daniel	B-GIVEN_NAME
Ortega	B-FAMILY_NAME
,	O
through	O
the	O
Nicaraguan	B-ORGANIZATION|B-AFFILIATION
Institute	I-ORGANIZATION
of	I-ORGANIZATION
Telecommunications	I-ORGANIZATION
and	I-ORGANIZATION
Post	I-ORGANIZATION
Office	I-ORGANIZATION
(	O
Telcor	B-ORGANIZATION
)	O
,	O
ordered	O
on	O
Friday	B-DATE
,	B-BRANDS
May	B-DATE
20	I-DATE
,	I-DATE
2022	I-DATE
,	O
to	O
take	O
off	O
the	O
air	O
Channel	B-BRANDS
51	B-MISC
.	O

The	O
â	O
Canal	B-BRANDS
CatÃ³lico	B-MISC|B-AFFILIATION
â	O
(	O
Catholic	B-AFFILIATION
channel	O
)	O
is	O
owned	O
by	O
the	O
Episcopal	B-ORGANIZATION
Conference	I-ORGANIZATION
of	I-ORGANIZATION
Nicaragua	I-ORGANIZATION|B-LOCATION
.	O

â	O
We	O
inform	O
our	O
subscription	O
television	O
users	O
that	O
due	O
to	O
instructions	O
from	O
Telcor	B-ORGANIZATION
,	O
the	O
regulatory	O
entity	O
,	O
Channel	B-ORGANIZATION
51	I-ORGANIZATION
,	O
Canal	B-ORGANIZATION
CatÃ³lico	I-ORGANIZATION|B-AFFILIATION
,	O
is	O
being	O
removed	O
from	O
the	O
service	O
âs	O
programming	O
grid	O
,	O
â	O
said	O
Claro	B-ORGANIZATION
Nicaragua	I-ORGANIZATION|B-LOCATION
.	O

The	O
government	O
âs	O
decision	O
comes	O
after	O
Nicaraguan	B-AFFILIATION
bishop	O
Rolando	B-GIVEN_NAME
Ãlvarez	B-FAMILY_NAME
denounced	O
that	O
he	O
is	O
a	O
victim	O
of	O
police	O
persecution	O
and	O
announced	O
,	O
in	O
protest	O
,	O
a	O
day	O
of	O
fasting	O
,	O
prayer	O
and	O
indefinite	O
exorcism	O
.	O

Ãlvarez	B-GIVEN_NAME
,	O
bishop	O
of	O
the	O
diocese	O
of	O
Matagalpa	B-LOCATION
,	O
apostolic	O
administrator	O
of	O
the	O
diocese	O
of	O
EstelÃ­	B-LOCATION
(	O
north	O
)	O
,	O
is	O
in	O
charge	O
of	O
the	O
Communication	O
area	O
of	O
ââ	O
the	O
Episcopal	B-ORGANIZATION
Conference	I-ORGANIZATION
of	I-ORGANIZATION
Nicaragua	I-ORGANIZATION|B-LOCATION
and	O
is	O
in	O
charge	O
of	O
the	O
Catholic	B-AFFILIATION
channel	O
.	O

Bishop	O
:	O
Ortega	B-GIVEN_NAME
wants	O
a	O
â	O
silent	O
(	O
Catholic	B-AFFILIATION
)	O
church	O
â	O

In	O
an	O
impromptu	O
press	O
conference	O
before	O
the	O
Catholic	B-AFFILIATION
channel	O
was	O
ordered	O
to	O
be	O
taken	O
off	O
the	O
air	O
,	O
Ãlvarez	B-GIVEN_NAME
said	O
that	O
the	O
Ortega	B-GIVEN_NAME
government	O
wants	O
â	O
a	O
silent	O
(	O
Catholic	B-AFFILIATION
)	O
church	O
,	O
â	O
but	O
that	O
â	O
if	O
the	O
church	O
were	O
silent	O
,	O
the	O
stones	O
would	O
scream	O
,	O
â	O
said	O
the	O
bishop	O
before	O
a	O
small	O
group	O
of	O
media	O
,	O
including	O
the	O
EFE	B-ORGANIZATION
Agency	I-ORGANIZATION
,	O
which	O
managed	O
to	O
enter	O
the	O
parish	O
before	O
it	O
was	O
besieged	O
by	O
dozens	O
of	O
police	O
officers	O
.	O

â	O
What	O
I	O
think	O
is	O
that	O
not	O
only	O
from	O
me	O
,	O
but	O
from	O
the	O
pastors	O
of	O
the	O
church	O
in	O
general	O
â	O
,	O
what	O
the	O
Government	O
wants	O
â	O
is	O
a	O
silent	O
church	O
,	O
which	O
does	O
not	O
express	O
the	O
hope	O
of	O
the	O
people	O
(	O
â¦	O
)	O
and	O
the	O
denunciation	O
of	O
personal	O
sin	O
and	O
of	O
the	O
structures	O
of	O
injustice	O
,	O
â	O
said	O
the	O
bishop	O
from	O
the	O
Santo	B-LOCATION
Cristo	I-LOCATION
de	I-LOCATION
Esquipulas	I-LOCATION
parish	I-LOCATION
,	O
located	O
on	O
the	O
outskirts	O
of	O
Managua	B-LOCATION
.	O

Ãlvarez	B-GIVEN_NAME
explained	O
that	O
,	O
although	O
he	O
has	O
been	O
victimized	O
since	O
he	O
began	O
to	O
denounce	O
alleged	O
abuses	O
by	O
the	O
Government	O
,	O
after	O
the	O
social	O
outbreak	O
of	O
April	B-DATE
2018	I-DATE
that	O
left	O
hundreds	O
dead	O
,	O
it	O
was	O
until	O
yesterday	O
,	O
Thursday	B-DATE
,	O
that	O
he	O
suffered	O
â	O
a	O
real	O
,	O
true	O
and	O
authentic	O
persecution	O
â	O
by	O
the	O
police	O
,	O
concerned	O
for	O
his	O
safety	O
and	O
that	O
of	O
his	O
family	O
,	O
he	O
chose	O
to	O
travel	O
from	O
the	O
city	O
of	O
Matagalpa	B-LOCATION
to	O
Managua	B-LOCATION
and	O
begin	O
indefinite	O
fasting	O
,	O
prayer	O
,	O
and	O
exorcism	O
.	O

The	O
bishop	O
confirmed	O
that	O
he	O
will	O
not	O
consume	O
more	O
than	O
water	O
and	O
serum	O
indefinitely	O
until	O
the	O
police	O
guarantee	O
,	O
through	O
the	O
Episcopate	B-LOCATION
,	O
that	O
it	O
will	O
respect	O
his	O
â	O
constitutional	O
,	O
civil	O
,	O
freedom	O
of	O
movement	O
and	O
privacy	O
rights	O
â	O
of	O
his	O
family	O
.	O

He	O
explained	O
that	O
by	O
fasting	O
he	O
seeks	O
to	O
prevent	O
unjustified	O
police	O
persecution	O
from	O
being	O
seen	O
as	O
normal	O
.	O

Ortega	B-GIVEN_NAME
has	O
called	O
bishops	O
â	O
terrorists	O
â	O

The	O
Episcopal	B-ORGANIZATION
Conference	I-ORGANIZATION
of	I-ORGANIZATION
Nicaragua	I-ORGANIZATION|B-LOCATION
has	O
tried	O
to	O
establish	O
communication	O
with	O
the	O
National	B-ORGANIZATION
Police	I-ORGANIZATION
,	O
led	O
by	O
a	O
relative	O
of	O
President	O
Ortega	B-GIVEN_NAME
,	O
to	O
lift	O
the	O
siege	O
against	O
Ãlvarez	B-GIVEN_NAME
,	O
but	O
they	O
have	O
not	O
received	O
a	O
response	O
,	O
the	O
bishop	O
said	O
.	O

Ortega	B-GIVEN_NAME
has	O
branded	O
as	O
â	O
terrorists	O
â	O
the	O
Nicaraguan	B-AFFILIATION
bishops	O
who	O
acted	O
as	O
mediators	O
of	O
a	O
national	O
dialogue	O
that	O
sought	O
a	O
peaceful	O
solution	O
to	O
the	O
crisis	O
that	O
the	O
country	O
has	O
been	O
experiencing	O
since	O
2018	B-DATE
.	O

Ortega	B-GIVEN_NAME
has	O
also	O
described	O
the	O
bishops	O
as	O
â	O
coup	O
plotters	O
â	O
,	O
accused	O
of	O
being	O
accomplices	O
of	O
internal	O
forces	O
and	O
international	O
groups	O
that	O
,	O
in	O
his	O
opinion	O
,	O
act	O
in	O
Nicaragua	B-LOCATION
to	O
overthrow	O
him	O
.	O

Relations	O
between	O
the	O
Sandinistas	B-ORGANIZATION
and	O
the	O
Catholic	B-ORGANIZATION|B-AFFILIATION
Church	I-ORGANIZATION|B-LOCATION
of	I-ORGANIZATION
Nicaragua	I-ORGANIZATION|B-LOCATION
have	O
been	O
marked	O
by	O
friction	O
and	O
mistrust	O
in	O
the	O
last	O
43	B-DURATION
years	I-DURATION
.	O

Nicaragua	B-LOCATION
has	O
been	O
experiencing	O
a	O
political	O
and	O
social	O
crisis	O
since	O
April	B-DATE
2018	I-DATE
,	O
which	O
has	O
been	O
accentuated	O
after	O
the	O
controversial	O
general	O
elections	O
on	O
November	B-DATE
7	I-DATE
,	O
in	O
which	O
Ortega	B-GIVEN_NAME
was	O
re	O
-	O
elected	O
for	O
a	O
fifth	O
term	O
,	O
fourth	O
consecutive	O
and	O
second	O
along	O
with	O
his	O
wife	O
,	O
Rosario	B-GIVEN_NAME
Murillo	B-FAMILY_NAME
,	O
as	O
vice	O
president	O
,	O
with	O
their	O
main	O
contenders	O
remain	O
in	O
prison	O
or	O
under	O
house	O
arrest	O
.	O

