TODAY	B-BRANDS
NICARAGUA	B-MISC|B-LOCATION
TRAVEL	I-MISC
â	O

When	O
you	O
see	O
it	O
from	O
the	O
ferry	O
,	O
you	O
suddenly	O
understand	O
why	O
this	O
is	O
a	O
nation	O
of	O
poets	O
.	O

An	O
inhabited	O
island	O
in	O
the	O
sapphire	O
waters	O
of	O
Lake	B-LOCATION
Nicaragua	I-LOCATION
,	I-LOCATION
Ometepe	I-LOCATION
is	O
composed	O
of	O
two	O
side	O
-	O
by	O
-	O
side	O
volcanoes	O
.	O

Maderas	B-LOCATION
,	O
the	O
southernmost	O
,	O
is	O
almost	O
1,400	O
meters	O
tall	O
.	O

It	O
âs	O
been	O
dormant	O
since	O
the	O
age	O
of	O
mammoths	O
and	O
is	O
home	O
to	O
the	O
only	O
cloud	O
forest	O
on	O
the	O
Pacific	B-LOCATION
side	O
of	O
the	O
country	O
.	O

But	O
Concepcion	B-LOCATION
is	O
the	O
real	O
draw	O
.	O

At	O
just	O
over	O
1,600	O
meters	O
,	O
it	O
âs	O
often	O
wreathed	O
in	O
clouds	O
of	O
sulfur	O
,	O
and	O
its	O
gradual	O
,	O
jungle	O
-	O
clad	O
slopes	O
lead	O
to	O
a	O
busy	O
copper	O
-	O
colored	O
cone	O
that	O
last	O
erupted	O
in	O
2010	B-DATE
.	O

A	O
handful	O
of	O
years	O
ago	O
,	O
for	O
reasons	O
that	O
are	O
hard	O
to	O
pinpoint	O
,	O
I	O
decided	O
to	O
climb	O
it	O
.	O

It	O
was	O
midfall	O
,	O
a	O
month	O
before	O
a	O
stacked	O
election	O
returned	O
presidential	O
incumbent	O
Daniel	B-GIVEN_NAME
Ortega	B-FAMILY_NAME
to	O
power	O
and	O
touched	O
off	O
a	O
cycle	O
of	O
political	O
violence	O
and	O
economic	O
decline	O
that	O
âs	O
still	O
underway	O
.	O

The	O
country	O
was	O
enjoying	O
a	O
period	O
of	O
relative	O
calm	O
and	O
growth	O
,	O
and	O
it	O
was	O
a	O
privilege	O
to	O
travel	O
its	O
western	O
corridor	O
.	O

I	O
landed	O
in	O
the	O
capital	O
of	O
Managua	B-LOCATION
before	O
bussing	O
north	O
to	O
Leon	B-LOCATION
,	O
the	O
heart	O
of	O
the	O
more	O
than	O
a	O
decade	O
-	O
long	O
Nicaraguan	B-AFFILIATION|B-AFFILIATION
Revolution	B-MISC
that	O
saw	O
the	O
Sandinista	B-ORGANIZATION
National	I-ORGANIZATION
Liberation	I-ORGANIZATION
Front	I-ORGANIZATION
,	O
of	O
which	O
Ortega	B-GIVEN_NAME
was	O
a	O
leader	O
,	O
overthrow	O
the	O
violent	O
,	O
oppressive	O
,	O
and	O
U.	B-LOCATION
S.	I-LOCATION
-	O
allied	O
Somoza	B-GIVEN_NAME
dynasty	O
.	O

LÃ©on	B-LOCATION
is	O
a	O
friendly	O
,	O
beautiful	O
city	O
:	O
a	O
student	O
hub	O
full	O
of	O
churches	O
and	O
cathedrals	O
,	O
narrow	O
streets	O
lined	O
with	O
rainbow	O
-	O
colored	O
shops	O
,	O
and	O
a	O
busy	O
market	O
packed	O
with	O
handmade	O
jewelry	O
,	O
mangoes	O
,	O
and	O
beach	O
clothes	O
.	O

But	O
signs	O
of	O
the	O
revolution	O
linger	O
throughout	O
,	O
from	O
bullet	O
-	O
blasted	O
walls	O
to	O
chilling	O
torture	O
chambers	O
and	O
stunning	O
political	O
murals	O
,	O
including	O
a	O
portrait	O
of	O
poet	O
Rigoberto	B-GIVEN_NAME
Lopez	B-FAMILY_NAME
Perez	I-FAMILY_NAME
.	O

In	O
1956	B-DATE
,	O
after	O
leaving	O
behind	O
a	O
farewell	O
letter	O
to	O
his	O
mother	O
,	O
he	O
fatally	O
shot	O
Anastasio	B-GIVEN_NAME
Somoza	B-FAMILY_NAME
GarcÃ­a	I-FAMILY_NAME
â	O
then	O
the	O
country	O
âs	O
leader	O
and	O
the	O
forefather	O
of	O
the	O
Somoza	B-GIVEN_NAME
family	O
dictatorship	O
â	O
at	O
a	O
party	O
and	O
died	O
in	O
a	O
storm	O
of	O
bullets	O
immediately	O
after	O
.	O

In	O
a	O
somber	O
mood	O
,	O
I	O
traveled	O
south	O
past	O
Managua	B-LOCATION
and	O
down	O
to	O
Granada	B-LOCATION
,	O
the	O
political	O
counterpoint	O
of	O
Leon	B-LOCATION
.	O

Home	O
to	O
the	O
country	O
âs	O
elite	O
during	O
the	O
Somoza	B-GIVEN_NAME
years	O
,	O
the	O
city	O
remains	O
defined	O
by	O
colonial	O
architecture	O
â	O
though	O
its	O
man	O
-	O
made	O
splendor	O
is	O
easily	O
eclipsed	O
by	O
nearby	O
Masaya	B-LOCATION
,	O
another	O
active	O
volcano	O
just	O
25	B-DURATION
minutes	I-DURATION
away	O
.	O

Classified	O
as	O
a	O
caldera	O
,	O
it	O
âs	O
a	O
huge	O
crater	O
sloshing	O
with	O
lava	O
and	O
reeking	O
of	O
sulfur	O
.	O

I	O
took	O
a	O
bus	O
to	O
its	O
rim	O
and	O
peered	O
over	O
the	O
guardrails	O
.	O

It	O
was	O
like	O
staring	O
into	O
a	O
time	O
capsule	O
.	O

I	O
stood	O
there	O
imagining	O
four	O
billion	O
years	O
of	O
violent	O
planetary	O
development	O
,	O
meteor	O
strikes	O
and	O
spontaneous	O
crystallizations	O
.	O

I	O
wondered	O
if	O
,	O
with	O
an	O
estimated	O
100	O
thousand	O
million	O
stars	O
in	O
a	O
universe	O
that	O
contains	O
an	O
estimated	O
30	O
quintillion	O
galaxies	O
,	O
could	O
it	O
be	O
remotely	O
unlikely	O
that	O
an	O
almost	O
identical	O
attraction	O
exists	O
somewhere	O
overhead	O
?	O

Feeling	O
very	O
cosmic	O
,	O
I	O
took	O
a	O
bus	O
to	O
San	B-LOCATION
Juan	I-LOCATION
del	I-LOCATION
Sur	I-LOCATION
,	O
another	O
key	O
draw	O
in	O
Nicaragua	B-LOCATION
âs	O
western	O
corridor	O
.	O

A	O
surfer	O
town	O
with	O
an	O
absurd	O
party	O
atmosphere	O
,	O
it	O
âll	O
swallow	O
you	O
whole	O
if	O
you	O
stay	O
too	O
long	O
.	O

Luckily	O
,	O
it	O
âs	O
only	O
40	B-DURATION
minutes	I-DURATION
from	O
San	B-LOCATION
Jorge	I-LOCATION
,	O
which	O
is	O
where	O
I	O
needed	O
to	O
drag	O
my	O
desiccated	O
husk	O
to	O
catch	O
the	O
ferry	O
to	O
Ometepe	B-LOCATION
.	O

After	O
all	O
the	O
bustle	O
of	O
Managua	B-LOCATION
,	O
Leon	B-LOCATION
,	O
Granada	B-LOCATION
,	O
Masaya	B-LOCATION
,	O
and	O
San	B-LOCATION
Juan	I-LOCATION
,	O
landing	O
on	O
Ometepe	B-LOCATION
was	O
like	O
falling	O
into	O
a	O
deep	O
sleep	O
.	O

And	O
I	O
needed	O
a	O
bit	O
of	O
rest	O
.	O

Depending	O
on	O
how	O
fit	O
you	O
happen	O
to	O
be	O
,	O
hiking	O
Concepcion	B-LOCATION
takes	O
six	O
to	O
ten	B-DURATION
hours	I-DURATION
and	O
swells	O
from	O
mellow	O
to	O
manageable	O
to	O
what	O
-	O
the	O
-	O
hell	O
-	O
am	O
-	O
I	O
-	O
doing	O
in	O
fairly	O
short	O
order	O
.	O

But	O
,	O
my	O
god	O
,	O
is	O
it	O
ever	O
beautiful	O
.	O

I	O
put	O
several	O
liters	O
of	O
water	O
in	O
a	O
backpack	O
and	O
joined	O
a	O
group	O
of	O
tourists	O
one	O
mizzling	O
morning	O
as	O
our	O
guide	O
led	O
us	O
into	O
the	O
jungle	O
âs	O
damp	O
green	O
thickness	O
.	O

Everything	O
smelled	O
fresh	O
and	O
flourishing	O
.	O

The	O
terrain	O
was	O
rocky	O
and	O
washed	O
out	O
from	O
recent	O
rains	O
,	O
and	O
I	O
had	O
to	O
use	O
my	O
hands	O
almost	O
as	O
much	O
as	O
my	O
feet	O
,	O
grabbing	O
at	O
roots	O
and	O
tree	O
trunks	O
to	O
pull	O
myself	O
up	O
the	O
steeps	O
.	O

Howler	O
monkeys	O
swung	O
through	O
the	O
trees	O
,	O
and	O
a	O
family	O
of	O
white	O
-	O
faced	O
capuchins	O
,	O
tails	O
wound	O
around	O
branches	O
,	O
looked	O
down	O
on	O
us	O
with	O
dark	O
,	O
uncertain	O
eyes	O
.	O

We	O
fell	O
into	O
a	O
strangely	O
athletic	O
trance	O
,	O
a	O
sweat	O
-	O
soaked	O
,	O
pain	O
-	O
infused	O
zombie	O
stomp	O
,	O
and	O
after	O
maybe	O
four	B-DURATION
hours	I-DURATION
,	O
we	O
emerged	O
from	O
the	O
jungle	O
at	O
the	O
base	O
of	O
the	O
cone	O
.	O

We	O
could	O
smell	O
sulfur	O
now	O
,	O
and	O
the	O
climb	O
got	O
even	O
steeper	O
,	O
the	O
terrain	O
even	O
harder	O
.	O

This	O
is	O
where	O
the	O
scramble	O
really	O
started	O
.	O

I	O
had	O
to	O
watch	O
for	O
flying	O
rocks	O
kicked	O
loose	O
by	O
other	O
hikers	O
,	O
and	O
the	O
guide	O
made	O
sure	O
we	O
stayed	O
on	O
a	O
pretty	O
tight	O
course	O
.	O

Too	O
far	O
to	O
one	O
side	O
and	O
we	O
could	O
âve	O
fallen	O
off	O
a	O
cliff	O
or	O
burned	O
ourselves	O
on	O
a	O
vent	O
.	O

The	O
summit	O
was	O
a	O
staggering	O
thing	O
.	O

We	O
all	O
crowded	O
onto	O
a	O
surface	O
no	O
larger	O
than	O
a	O
dining	O
room	O
table	O
.	O

Clouds	O
swirled	O
around	O
us	O
,	O
dizzying	O
and	O
sulphuric	O
,	O
with	O
only	O
occasional	O
windows	O
through	O
the	O
fog	O
.	O

The	O
sun	O
had	O
come	O
out	O
,	O
and	O
the	O
view	O
of	O
Lake	B-LOCATION
Nicaragua	I-LOCATION
thousands	O
of	O
feet	O
below	O
was	O
mind	O
-	O
expanding	O
.	O

Known	O
as	O
Cocibolca	B-LOCATION
to	O
Nahuatl	B-BRANDS
speakers	O
,	O
it	O
âs	O
the	O
largest	O
freshwater	O
body	O
in	O
Central	B-LOCATION
America	I-LOCATION
,	O
and	O
much	O
like	O
the	O
rest	O
of	O
the	O
country	O
,	O
it	O
âs	O
the	O
stuff	O
of	O
magical	O
imagery	O
:	O
sharks	O
call	O
it	O
home	O
,	O
and	O
like	O
salmon	O
,	O
they	O
skip	O
their	O
way	O
from	O
the	O
ocean	O
up	O
the	O
San	B-LOCATION
Juan	I-LOCATION
River	I-LOCATION
and	O
into	O
what	O
must	O
be	O
an	O
immensely	O
satisfying	O
buffet	O
.	O

Because	O
there	O
âs	O
relatively	O
little	O
daylight	O
at	O
that	O
latitude	O
,	O
we	O
could	O
nât	O
spend	O
too	O
long	O
at	O
the	O
summit	O
and	O
quickly	O
started	O
to	O
slog	O
our	O
way	O
back	O
down	O
as	O
the	O
sky	O
grew	O
overcast	O
once	O
more	O
.	O

It	O
was	O
somehow	O
harder	O
than	O
going	O
up	O
,	O
a	O
three	O
-	O
hour	O
journey	O
that	O
ground	O
the	O
remaining	O
cartilage	O
out	O
of	O
my	O
knees	O
.	O

By	O
the	O
time	O
we	O
got	O
back	O
to	O
the	O
village	O
of	O
Moyogalpa	B-LOCATION
,	O
my	O
body	O
was	O
an	O
ancient	O
ruin	O
.	O

But	O
it	O
was	O
worth	O
it	O
.	O

We	O
sat	O
together	O
in	O
a	O
bar	O
eating	O
fresh	O
fish	O
,	O
drinking	O
beer	O
,	O
and	O
staring	O
into	O
the	O
pitch	O
-	O
black	O
sky	O
,	O
knowing	O
we	O
âd	O
been	O
up	O
there	O
just	O
a	O
few	O
hours	O
before	O
,	O
volcanic	O
overlords	O
in	O
a	O
land	O
of	O
poetry	O
.	O

