TODAY	B-ORGANIZATION
NICARAGUA	I-ORGANIZATION|B-LOCATION
(	O
EFE	B-ORGANIZATION
)	O
Oppositionist	O
Cristiana	B-GIVEN_NAME
Chamorro	B-FAMILY_NAME
Barrios	I-FAMILY_NAME
,	O
who	O
tried	O
to	O
challenge	O
the	O
president	O
of	O
Nicaragua	B-LOCATION
,	O
Daniel	B-GIVEN_NAME
Ortega	B-FAMILY_NAME
,	O
in	O
the	O
controversial	O
last	O
elections	O
,	O
was	O
found	O
on	O
Friday	B-DATE
,	B-BRANDS
March	B-DATE
11	I-DATE
,	O
guilty	O
of	O
the	O
crimes	O
of	O
money	O
laundering	O
,	O
goods	O
and	O
assets	O
,	O
improper	O
appropriation	O
and	O
retention	O
,	O
abusive	O
management	O
and	O
ideological	O
falsehood	O
.	O

Chamorro	B-GIVEN_NAME
,	O
a	O
68	O
-	O
year	O
-	O
old	O
journalist	O
by	O
profession	O
and	O
who	O
has	O
been	O
under	O
house	O
arrest	O
since	O
June	B-DATE
2	I-DATE
,	I-DATE
2021	I-DATE
,	O
was	O
found	O
guilty	O
by	O
Judge	O
Luden	B-GIVEN_NAME
MartÃ­n	B-FAMILY_NAME
Quiroz	I-FAMILY_NAME
,	O
of	O
the	O
ninth	O
district	O
criminal	O
trial	O
court	O
in	O
Managua	B-LOCATION
,	O
his	O
defense	O
informed	O
the	O
journalists	O
,	O
who	O
rejected	O
the	O
ruling	O
.	O

The	O
Prosecutor	O
âs	O
Office	O
requested	O
13	B-DURATION
years	I-DURATION
in	O
prison	O
for	O
Chamorro	B-GIVEN_NAME
,	O
who	O
is	O
the	O
daughter	O
of	O
the	O
murdered	O
Nicaraguan	B-AFFILIATION
hero	O
Pedro	B-GIVEN_NAME
JoaquÃ­n	B-FAMILY_NAME
Chamorro	I-FAMILY_NAME
Cardenal	I-FAMILY_NAME
and	O
former	O
president	O
Violeta	B-GIVEN_NAME
Barrios	B-FAMILY_NAME
de	I-FAMILY_NAME
Chamorro	I-FAMILY_NAME
(	O
1990-1997	B-DATE
)	O
.	O

Chamorro	B-GIVEN_NAME
was	O
the	O
opposition	O
figure	O
most	O
likely	O
to	O
win	O
the	O
presidential	O
elections	O
on	O
November	B-DATE
7	I-DATE
,	O
in	O
which	O
Ortega	B-GIVEN_NAME
was	O
re	O
-	O
elected	O
for	O
his	O
fifth	O
term	O
,	O
fourth	O
in	O
a	O
row	O
and	O
second	O
along	O
with	O
his	O
wife	O
,	O
Rosario	B-GIVEN_NAME
Murillo	B-FAMILY_NAME
,	O
as	O
vice	O
president	O
,	O
with	O
his	O
main	O
contenders	O
in	O
prison	O
.	O

The	O
trial	O
of	O
the	O
opponent	O
is	O
part	O
of	O
a	O
series	O
of	O
judicial	O
proceedings	O
against	O
forty	O
opposition	O
leaders	O
and	O
critics	O
of	O
the	O
Sandinista	B-ORGANIZATION
government	O
,	O
who	O
were	O
imprisoned	O
prior	O
to	O
those	O
elections	O
and	O
were	O
accused	O
mostly	O
of	O
â	O
treason	O
against	O
the	O
country	O
â	O
or	O
money	O
laundering	O
.	O

The	O
Prosecutor	O
âs	O
Office	O
accused	O
Chamorro	B-GIVEN_NAME
in	O
her	O
capacity	O
as	O
president	O
of	O
the	O
NGO	O
FundaciÃ³n	B-GIVEN_NAME
Violeta	B-FAMILY_NAME
Barrios	I-FAMILY_NAME
de	I-FAMILY_NAME
Chamorro	I-FAMILY_NAME
based	O
on	O
a	O
complaint	O
from	O
the	O
Ministry	B-ORGANIZATION
of	I-ORGANIZATION
the	I-ORGANIZATION
Interior	I-ORGANIZATION
.	O

According	O
to	O
the	O
Government	O
,	O
this	O
NGO	O
,	O
dedicated	O
to	O
the	O
protection	O
and	O
promotion	O
of	O
freedom	O
of	O
the	O
press	O
and	O
expression	O
,	O
â	O
seriously	O
breached	O
its	O
obligations	O
before	O
the	O
Regulatory	O
Entity	O
,	O
and	O
from	O
the	O
analysis	O
of	O
the	O
Financial	O
Statements	O
,	O
period	O
2015-2019	B-DATE
,	O
clear	O
indications	O
of	O
money	O
laundering	O
were	O
obtained	O
.	O

of	O
money	O
â	O
.	O

Brother	O
and	O
three	O
works	O
also	O
found	O
guilty	O

Along	O
with	O
the	O
journalist	O
,	O
the	O
general	O
accountant	O
and	O
the	O
financial	O
administrator	O
of	O
the	O
Foundation	O
,	O
Marcos	B-GIVEN_NAME
Fletes	B-FAMILY_NAME
and	O
Walter	B-GIVEN_NAME
GÃ³mez	B-FAMILY_NAME
,	O
respectively	O
,	O
as	O
well	O
as	O
Chamorro	B-GIVEN_NAME
âs	O
personal	O
driver	O
,	O
Pedro	B-GIVEN_NAME
VÃ¡squez	B-FAMILY_NAME
,	O
were	O
found	O
guilty	O
of	O
crimes	O
similar	O
to	O
those	O
of	O
Chamorro	B-GIVEN_NAME
.	O

Also	O
found	O
guilty	O
is	O
Cristiana	B-GIVEN_NAME
âs	O
older	O
brother	O
,	O
Pedro	B-GIVEN_NAME
JoaquÃ­n	B-FAMILY_NAME
Chamorro	I-FAMILY_NAME
Barrios	I-FAMILY_NAME
,	O
70	B-DURATION
years	I-DURATION
old	O
.	O

Both	O
are	O
members	O
of	O
the	O
Board	O
of	O
Directors	O
of	O
the	O
Nicaraguan	B-AFFILIATION
newspaper	O
La	B-ORGANIZATION
Prensa	I-ORGANIZATION
,	O
which	O
on	O
March	B-DATE
2	I-DATE
celebrated	O
its	O
96th	O
anniversary	O
.	O

The	O
Prosecutor	O
âs	O
Office	O
requested	O
13	B-DURATION
years	I-DURATION
in	O
prison	O
for	O
Fletes	B-GIVEN_NAME
and	O
GÃ³mez	B-GIVEN_NAME
,	O
and	O
seven	B-DURATION
years	I-DURATION
for	O
VÃ¡squez	B-GIVEN_NAME
and	O
Pedro	B-GIVEN_NAME
JoaquÃ­n	B-FAMILY_NAME
.	O

The	O
seven	O
opponents	O
to	O
Ortega	B-GIVEN_NAME

Cristiana	B-GIVEN_NAME
Chamorro	B-FAMILY_NAME
is	O
the	O
seventh	O
opponent	O
who	O
aspired	O
to	O
be	O
a	O
candidate	O
for	O
the	O
presidency	O
of	O
Nicaragua	B-LOCATION
in	O
the	O
last	O
elections	O
to	O
be	O
found	O
guilty	O
of	O
money	O
laundering	O
or	O
treason	O
.	O

The	O
other	O
six	O
are	O
:	O

Arturo	B-GIVEN_NAME
Cruz	B-FAMILY_NAME
,	O
who	O
was	O
ambassador	O
to	O
the	O
United	B-LOCATION
States	I-LOCATION
of	O
the	O
Ortega	B-GIVEN_NAME
government	O
between	O
(	O
2007-2009	B-DATE
)	O
,	O
from	O
whom	O
he	O
distanced	O
herself	O

FÃ©lix	B-GIVEN_NAME
Maradiaga	B-FAMILY_NAME
,	O
activist	O
,	O
academic	O
and	O
leader	O
of	O
the	O
Blue	B-ORGANIZATION
and	I-ORGANIZATION
White	I-ORGANIZATION
National	I-ORGANIZATION
Unity	I-ORGANIZATION

Juan	B-GIVEN_NAME
SebastiÃ¡n	B-FAMILY_NAME
Chamorro	I-FAMILY_NAME
,	O
economist	O
and	O
nephew	O
-	O
in	O
-	O
law	O
of	O
former	O
President	O
Barrios	B-GIVEN_NAME
de	B-FAMILY_NAME
Chamorro	I-FAMILY_NAME

Miguel	B-GIVEN_NAME
Mora	B-FAMILY_NAME
,	O
journalist	O
,	O
founder	O
,	O
owner	O
and	O
former	O
director	O
of	O
the	O
television	O
channel	O
100	O
%	O
Noticias	O
,	O
closed	O
by	O
the	O
authorities	O
and	O
now	O
broadcast	O
on	O
the	O
internet	O
platform	O

Peasant	O
leader	O
Medardo	B-GIVEN_NAME
Mairena	B-FAMILY_NAME

Lawyer	O
and	O
conservative	O
politician	O
Noel	B-GIVEN_NAME
Vidaurre	B-FAMILY_NAME
.	O

Ortega	B-GIVEN_NAME
has	O
branded	O
the	O
imprisoned	O
and	O
judged	O
opponents	O
as	O
â	O
traitors	O
to	O
the	O
country	O
,	O
â	O
â	O
criminals	O
,	O
â	O
and	O
â	O
sons	O
of	O
bitches	O
of	O
the	O
Yankee	B-AFFILIATION
imperialists	O
.	O
â	O

