IN	O
the	O
technical	O
and	O
vocational	O
education	O
and	O
training	O
sector	O
,	O
only	O
80	O
employers	O
are	O
participating	O
in	O
the	O
apprenticeship	O
programme	O
in	O
the	O
country	O
while	O
there	O
are	O
over	O
34	O
000	O
trainees	O
.	O

The	O
deputy	O
executive	O
director	O
of	O
the	O
higher	O
education	O
ministry	O
,	O
Raimo	B-GIVEN_NAME
Naanda	B-FAMILY_NAME
,	O
said	O
this	O
shows	O
that	O
employers	O
are	O
not	O
interested	O
in	O
training	O
.	O

â	O
Only	O
80	O
employers	O
are	O
participating	O
in	O
the	O
apprentice	O
scheme	O
,	O
while	O
over	O
2	O
800	O
employers	O
are	O
paying	O
the	O
Namibia	B-ORGANIZATION|B-LOCATION
Training	I-ORGANIZATION
Authority	I-ORGANIZATION
(	O
NTA	B-ORGANIZATION
)	O
levy	O
.	O

â	O
The	O
NTA	B-ORGANIZATION
has	O
implemented	O
a	O
levy	O
on	O
employers	O
whose	O
annual	O
payroll	O
is	O
more	O
than	O
N	B-MONEY
$	I-MONEY
1	I-MONEY
million	I-MONEY
to	O
contribute	O
1	O
%	O
towards	O
training	O
,	O
â	O
Naando	B-GIVEN_NAME
said	O
.	O

He	O
was	O
speaking	O
during	O
the	O
launch	O
of	O
the	O
MTC	B-ORGANIZATION
Namibia	B-LOCATION
national	O
internship	O
programme	O
yesterday	O
.	O

Naanda	B-GIVEN_NAME
said	O
companies	O
who	O
are	O
paying	O
this	O
levy	O
get	O
an	O
incentive	O
.	O

â	O
If	O
you	O
train	O
,	O
you	O
can	O
claim	O
up	O
to	O
50	O
%	O
of	O
your	O
training	O
cost	O
.	O

Why	O
are	O
we	O
not	O
taking	O
advantage	O
of	O
that	O
?	O

Why	O
are	O
we	O
not	O
taking	O
any	O
more	O
trainees	O
,	O
â	O
he	O
questioned	O
.	O

SKILLS	O
MISMATCH	O

Naanda	B-GIVEN_NAME
highlighted	O
the	O
mismatch	O
between	O
skills	O
delivered	O
and	O
skills	O
needed	O
on	O
the	O
job	O
.	O

Last	O
year	O
,	O
the	O
African	B-AFFILIATION|B-AFFILIATION
Peer	B-MISC
Review	I-MISC
Mechanism	I-MISC
(	O
APRM	B-BRANDS
)	O
echoed	O
these	O
sentiments	O
,	O
saying	O
Namibia	B-LOCATION
needs	O
to	O
reform	O
its	O
education	O
system	O
because	O
it	O
fails	O
to	O
meet	O
labour	O
market	O
demands	O
.	O

The	O
APRM	B-BRANDS
report	O
stated	O
that	O
the	O
curriculum	O
in	O
its	O
current	O
form	O
creates	O
a	O
mismatch	O
between	O
Namibia	B-LOCATION
's	O
basic	O
and	O
tertiary	O
education	O
sector	O
and	O
the	O
requirements	O
of	O
the	O
labour	O
market	O
.	O

â	O
The	O
provision	O
of	O
skills	O
and	O
voca	O
Â­	O
tional	O
training	O
in	O
the	O
informal	O
economy	O
lacks	O
a	O
coordinated	O
and	O
integrated	O
skills	O
development	O
strategy	O
,	O
â	O
the	O
report	O
highlighted	O
.	O

The	O
University	B-ORGANIZATION
of	I-ORGANIZATION
Namibia	I-ORGANIZATION|B-LOCATION
(	O
Unam	B-ORGANIZATION
)	O
and	O
Namibia	B-ORGANIZATION|B-LOCATION
University	I-ORGANIZATION
of	I-ORGANIZATION
Science	I-ORGANIZATION
and	I-ORGANIZATION
Technology	I-ORGANIZATION
have	O
both	O
expressed	O
difficulty	O
in	O
securing	O
internships	O
for	O
their	O
students	O
.	O

Previously	O
,	O
the	O
Ministry	B-ORGANIZATION
of	I-ORGANIZATION
Higher	I-ORGANIZATION
Education	I-ORGANIZATION
,	I-ORGANIZATION
Technology	I-ORGANIZATION
and	I-ORGANIZATION
Innovation	I-ORGANIZATION
stated	O
that	O
there	O
are	O
more	O
than	O
67	O
000	O
unemployed	O
graduates	O
in	O
the	O
country	O
.	O

Naanda	B-GIVEN_NAME
also	O
pointed	O
out	O
that	O
when	O
they	O
invite	O
captains	O
of	O
industry	O
to	O
engagements	O
,	O
they	O
send	O
junior	O
staff	O
who	O
cannot	O
take	O
decisions	O
.	O

â	O
As	O
a	O
country	O
,	O
if	O
we	O
need	O
to	O
go	O
forward	O
,	O
we	O
need	O
to	O
take	O
education	O
and	O
training	O
very	O
seriously	O
,	O
â	O
he	O
said	O
.	O

In	O
the	O
apprenticeship	O
programme	O
,	O
there	O
are	O
more	O
than	O
500	O
trainees	O
taking	O
part	O
in	O
this	O
programme	O
.	O

Wocational	O
training	O
centres	O
(	O
VTC	B-BRANDS
)	O
in	O
the	O
country	O
have	O
34	O
000	O
trainees	O
in	O
total	O
.	O

â	O
We	O
are	O
preparing	O
the	O
sixth	O
National	B-BRANDS
Development	B-MISC
Plan	I-MISC
,	O
and	O
are	O
targeting	O
to	O
double	O
that	O
figure	O
for	O
the	O
trainees	O
who	O
all	O
must	O
get	O
jobs	O
in	O
the	O
sector	O
,	O
â	O
Naanda	B-GIVEN_NAME
added	O
.	O

He	O
said	O
the	O
government	O
is	O
working	O
on	O
a	O
framework	O
on	O
work	O
-	O
integrated	O
learning	O
.	O

â	O
We	O
have	O
constituted	O
a	O
high	O
-	O
level	O
committee	O
involving	O
State	B-ORGANIZATION
House	I-ORGANIZATION
,	O
MTC	B-ORGANIZATION
,	O
institutions	O
of	O
higher	O
learning	O
and	O
the	O
private	O
sector	O
to	O
work	O
on	O
a	O
policy	O
framework	O
,	O
â	O
he	O
explained	O
.	O

The	O
deputy	O
director	O
said	O
during	O
this	O
process	O
,	O
they	O
realised	O
that	O
most	O
institutions	O
have	O
their	O
own	O
frameworks	O
that	O
are	O
uncoordinated	O
.	O

â	O
We	O
want	O
to	O
have	O
a	O
coordinated	O
approach	O
,	O
â	O
he	O
said	O
.	O

INTERNSHIP	O
PROGRAMME	O

Mobile	B-ORGANIZATION
Telecommunications	I-ORGANIZATION
Limited	I-ORGANIZATION
(	O
MTC	B-ORGANIZATION
)	O
and	O
the	O
Office	B-ORGANIZATION
of	I-ORGANIZATION
the	I-ORGANIZATION
Prime	I-ORGANIZATION
Minister	I-ORGANIZATION
will	O
collectively	O
contribute	O
N	B-MONEY
$	I-MONEY
2	I-MONEY
million	I-MONEY
annually	O
.	O

â	O
So	O
,	O
we	O
are	O
looking	O
for	O
other	O
corporate	O
companies	O
out	O
there	O
to	O
come	O
on	O
board	O
with	O
a	O
contribution	O
of	O
at	O
least	O
N	B-MONEY
$	I-MONEY
200	I-MONEY
000	I-MONEY
,	O
â	O
said	O
MTC	B-ORGANIZATION
chief	O
human	O
capital	O
,	O
corporate	O
affairs	O
and	O
marketing	O
officer	O
Tim	B-GIVEN_NAME
Ekandjo	B-FAMILY_NAME
.	O

They	O
have	O
so	O
far	O
assisted	O
600	O
students	O
on	O
a	O
budget	O
amounting	O
to	O
N	B-MONEY
$	I-MONEY
7	I-MONEY
million	I-MONEY
to	O
date	O
.	O

