LUKAS	B-GIVEN_NAME
Steven	B-FAMILY_NAME
won	O
the	O
DSTV	B-BRANDS|B-ORGANIZATION
Greenkeeper	B-MISC
's	I-MISC
Revenge	I-MISC
club	I-MISC
competition	I-MISC
at	O
the	O
Windhoek	B-LOCATION
Country	I-LOCATION
Club	I-LOCATION
over	O
the	O
weekend	O
.	O

Steven	B-GIVEN_NAME
claimed	O
the	O
honours	O
with	O
a	O
total	O
of	O
39	O
points	O
,	O
while	O
Johannes	B-GIVEN_NAME
Goagoseb	B-FAMILY_NAME
came	O
second	O
on	O
37	O
,	O
after	O
beating	O
Sakeus	B-GIVEN_NAME
Matheus	B-FAMILY_NAME
and	O
Borris	B-GIVEN_NAME
Erasmus	B-FAMILY_NAME
on	O
a	O
count	O
-	O
out	O
.	O

They	O
were	O
followed	O
by	O
Brenda	B-GIVEN_NAME
Roos	B-FAMILY_NAME
on	O
36	O
,	O
Claud	B-GIVEN_NAME
Abraham	B-FAMILY_NAME
on	O
35	O
and	O
Hylton	B-GIVEN_NAME
Villet	B-FAMILY_NAME
on	O
34	O
points	O
.	O

There	O
were	O
also	O
several	O
nearest	O
-	O
to	O
-	O
the	O
-	O
pin	O
winners	O
,	O
with	O
Ian	B-GIVEN_NAME
Wood	B-FAMILY_NAME
winning	O
on	O
the	O
third	O
hole	O
,	O
Raymond	B-GIVEN_NAME
van	B-FAMILY_NAME
Zyl	I-FAMILY_NAME
on	O
the	O
ninth	O
hole	O
,	O
Johannes	B-GIVEN_NAME
Goagoseb	B-FAMILY_NAME
on	O
the	O
13th	O
hole	O
and	O
Marco	B-GIVEN_NAME
Vollgraaff	B-FAMILY_NAME
on	O
the	O
17th	O
hole	O
.	O

A	O
total	O
of	O
51	O
golfers	O
competed	O
in	O
the	O
event	O
which	O
was	O
called	O
the	O
greenkeeper	O
's	O
revenge	O
since	O
the	O
pin	O
placings	O
were	O
strategically	O
set	O
to	O
make	O
it	O
more	O
difficult	O
for	O
players	O
to	O
get	O
the	O
ball	O
into	O
the	O
holes	O
.	O

It	O
was	O
the	O
third	O
club	O
competition	O
hosted	O
by	O
DSTV	B-ORGANIZATION
.	O

This	O
coming	O
weekend	O
the	O
club	O
will	O
host	O
the	O
first	O
Namib	B-ORGANIZATION
Mills	I-ORGANIZATION
-	O
sponsored	O
competition	O
.	O

