THE	O
education	O
ministry	O
has	O
suspended	O
school	O
on	O
Thursday	B-DATE
and	O
Friday	B-DATE
to	O
allow	O
civil	O
servants	O
to	O
vote	O
for	O
the	O
pending	O
strike	O
.	O

According	O
to	O
a	O
statement	O
issued	O
on	O
Wednesday	B-DATE
by	O
the	O
education	O
ministry	O
executive	O
director	O
,	O
Sanet	B-GIVEN_NAME
Steenkamp	B-FAMILY_NAME
,	O
the	O
Education	B-BRANDS
Act	B-MISC
of	I-MISC
2001	I-MISC
(	I-MISC
16	I-MISC
Act	I-MISC
of	I-MISC
2001	I-MISC
)	O
allows	O
the	O
minister	O
to	O
approve	O
a	O
deviation	O
from	O
the	O
school	O
calendar	O
,	O
either	O
generally	O
or	O
for	O
any	O
particular	O
school	O
.	O

â	O
The	O
minister	O
,	O
as	O
mandated	O
by	O
the	O
aforementioned	O
act	O
,	O
hereby	O
grants	O
permission	O
for	O
deviation	O
from	O
the	O
approved	O
calendar	O
for	O
2022	B-DATE
,	O
â	O
Steenkamp	B-GIVEN_NAME
said	O
.	O

She	O
said	O
the	O
regional	O
directors	O
within	O
the	O
ministry	O
,	O
school	O
principals	O
,	O
heads	O
of	O
department	O
,	O
teachers	O
and	O
school	O
boards	O
should	O
oversee	O
the	O
release	O
of	O
teachers	O
and	O
unified	O
staff	O
members	O
to	O
cast	O
their	O
ballots	O
.	O

â	O
The	O
hostel	O
boarders	O
must	O
remain	O
in	O
their	O
hostel	O
and	O
must	O
be	O
supervised	O
by	O
the	O
unified	O
staff	O
on	O
a	O
shift	O
basis	O
.	O

The	O
release	O
of	O
the	O
unified	O
staff	O
to	O
cast	O
their	O
ballots	O
must	O
be	O
done	O
in	O
a	O
manner	O
that	O
safeguards	O
the	O
health	O
and	O
well	O
-	O
being	O
of	O
the	O
hostel	O
boarders	O
,	O
â	O
she	O
said	O
.	O

Steenkamp	B-GIVEN_NAME
added	O
that	O
the	O
regional	O
directors	O
,	O
through	O
inspectors	O
of	O
education	O
,	O
school	O
principals	O
,	O
heads	O
of	O
department	O
,	O
teachers	O
and	O
school	O
boards	O
must	O
jointly	O
work	O
out	O
a	O
plan	O
to	O
compensate	O
for	O
the	O
teaching	O
and	O
learning	O
time	O
lost	O
on	O
the	O
voting	O
days	O
during	O
the	O
course	O
of	O
the	O
second	O
semester	O
.	O

â	O
Extension	O
of	O
teaching	O
hours	O
on	O
future	O
designated	O
days	O
could	O
be	O
an	O
option	O
,	O
â	O
she	O
said	O
.	O

The	O
school	O
suspension	O
comes	O
after	O
the	O
government	O
negotiating	O
team	O
and	O
the	O
two	O
bargaining	O
unions	O
,	O
the	O
Namibia	B-ORGANIZATION|B-LOCATION
National	I-ORGANIZATION
Teachers	I-ORGANIZATION
'	I-ORGANIZATION
Union	I-ORGANIZATION
and	O
Namibia	B-ORGANIZATION|B-LOCATION
Public	I-ORGANIZATION
Workers	I-ORGANIZATION
'	I-ORGANIZATION
Union	I-ORGANIZATION
agreed	O
on	O
the	O
voting	O
following	O
the	O
unresolved	O
dispute	O
on	O
the	O
adjustment	O
of	O
salary	O
and	O
other	O
benefits	O
from	O
2021	B-DATE
to	O
2023	B-DATE
.	O

Voting	O
preparations	O
are	O
underway	O
.	O

