Namibia	B-LOCATION
has	O
joined	O
the	O
cryptocurrency	O
frenzy	O
with	O
the	O
introduction	O
of	O
the	O
country	O
âs	O
first	O
Bitcoin	B-MONEY
automated	O
teller	O
machine	O
(	O
ATM	O
)	O
.	O

Bitcoin	B-MONEY
ATMs	O
are	O
machines	O
where	O
users	O
can	O
liquidate	O
their	O
cryptocurrency	B-MONEY
into	O
fiat	B-MONEY
currency	I-MONEY
/	O
cash	B-MONEY
directly	O
from	O
their	O
crypto	B-MONEY
wallets	O
and	O
also	O
turn	O
their	O
fiat	B-MONEY
currency	I-MONEY
/	O
cash	B-MONEY
into	O
cryptocurrency	B-MONEY
sent	O
directly	O
to	O
their	O
crypto	O
wallets	O
,	O
Crypto	B-ORGANIZATION|B-MONEY
Kiosk	I-ORGANIZATION
Investment	I-ORGANIZATION
Marketing	O
Manager	O
,	O
Aminah	B-GIVEN_NAME
Nauyoma	B-FAMILY_NAME
-	I-FAMILY_NAME
Ndeulita	I-FAMILY_NAME
said	O
in	O
a	O
statement	O
recently	O
.	O

Crypto	B-ORGANIZATION|B-MONEY
Kiosk	I-ORGANIZATION
Investment	I-ORGANIZATION
,	O
the	O
implementor	O
of	O
the	O
first	O
-	O
of	O
-	O
the	O
-	O
kind	O
product	O
,	O
is	O
a	O
registered	O
virtual	O
asset	O
service	O
provider	O
which	O
is	O
in	O
business	O
to	O
conduct	O
the	O
transfer	O
of	O
virtual	O
assets	O

with	O
an	O
instrument	O
enabling	O
the	O
administration	O
of	O
virtual	O
assets	O

â	O
Bitcoin	B-MONEY
ATM	O
providers	O
require	O
users	O
to	O
have	O
an	O
existing	O
crypto	B-MONEY
wallet	O
to	O
transact	O
on	O
the	O
machine	O
.	O

A	O
Bitcoin	B-MONEY
ATM	O
looks	O
like	O
a	O
traditional	O
ATM	O
but	O
does	O
not	O
connect	O
to	O
a	O
bank	O
account	O
but	O
instead	O
connects	O
the	O
user	O
directly	O
to	O
a	O
crypto	B-MONEY
exchange	O
or	O
private	O
wallet	O
,	O
â	O
she	O
said	O
in	O
a	O
statement	O
.	O

Nauyoma	B-GIVEN_NAME
-	B-FAMILY_NAME
Ndeulita	I-FAMILY_NAME
said	O
the	O
ATM	O
which	O
they	O
call	O
a	O
Crypto	B-BRANDS|B-MONEY
Kiosk	I-BRANDS
,	O
is	O
located	O
in	O
Windhoek	B-LOCATION
at	O
Mareua	B-LOCATION
Mall	I-LOCATION
and	O
it	O
operates	O
in	O
full	O
compliance	O
with	O
the	O
Namibian	B-ORGANIZATION|B-AFFILIATION
Financial	I-ORGANIZATION
Intelligence	I-ORGANIZATION
Center	I-ORGANIZATION
and	O
all	O
applicable	O
Namibian	B-AFFILIATION
and	O
International	O
laws	O
.	O

Nauyoma	B-GIVEN_NAME
-	B-FAMILY_NAME
Ndeulita	I-FAMILY_NAME
said	O
the	O
Crypto	B-MONEY
kiosk	O
allows	O
users	O
to	O
buy	O
or	O
sell	O
two	O
of	O
the	O
largest	O
cryptocurrencies	O
which	O
are	O
Bitcoin	B-BRANDS
and	O
Ethereum	B-BRANDS
.	O

â	O
To	O
be	O
able	O
to	O
use	O
the	O
Crypto	B-BRANDS|B-MONEY
Kiosk	I-BRANDS
you	O
need	O
to	O
have	O
an	O
existing	O
Crypto	B-MONEY
wallet	O
either	O
with	O
Coinbase	B-ORGANIZATION
,	O
Exodus	B-ORGANIZATION
,	O
etc	O
.	O
,	O
or	O
an	O
account	O
with	O
any	O
exchange	O
such	O
as	O
Binance	B-ORGANIZATION
,	O
Altcoin	B-BRANDS
trader	O
,	O
and	O
any	O
other	O
trusted	O
exchanges	O
,	O
â	O
she	O
explained	O
.	O

According	O
to	O
Nauyoma	B-GIVEN_NAME
-	B-FAMILY_NAME
Ndeulita	I-FAMILY_NAME
as	O
blockchain	O
-	O
based	O
financial	O
services	O
develop	O
as	O
an	O
industry	O
,	O
ATMs	O
will	O
become	O
an	O
essential	O
gateway	O
for	O
most	O
people	O
including	O
the	O
underbanked	O
.	O

â	O
We	O
are	O
optimistic	O
that	O
our	O
company	O
will	O
bring	O
user	O
-	O
friendly	O
and	O
convenient	O
service	O
to	O
more	O
people	O
across	O
the	O
country	O
as	O
we	O
grow	O
and	O
establish	O
more	O
crypto	B-MONEY
kiosks	O
nationwide	O
,	O
â	O
she	O
added	O
.	O

According	O
to	O
a	O
recent	O
report	O
by	O
Coin	B-ORGANIZATION
ATM	I-ORGANIZATION
Radar	I-ORGANIZATION
,	O
Bitcoin	B-MONEY
ATMs	O
around	O
the	O
world	O
have	O
risen	O
in	O
recent	O
days	O
.	O

Over	O
882	O
Bitcoin	B-MONEY
ATMs	O
have	O
already	O
been	O
added	O
,	O
in	O
the	O
first	O
ten	B-DURATION
days	I-DURATION
of	O
June	B-DATE
alone	O
.	O

The	O
bitcoin	B-MONEY
ATM	O
industry	O
has	O
reached	O
a	O
milestone	O
as	O
the	O
number	O
of	O
machines	O
installed	O
worldwide	O
has	O
surpassed	O
38000	O
after	O
eight	B-DURATION
years	I-DURATION
since	O
the	O
first	O
machine	O
was	O
installed	O
in	O
2013	B-DATE
.	O

There	O
are	O
now	O
38317	O
Bitcoin	B-MONEY
ATMs	O
worldwide	O
,	O
locations	O
spread	O
across	O
77	O
countries	O
.	O

