A	O
weaner	O
production	O
system	O
remains	O
the	O
obvious	O
choice	O
in	O
certain	O
cattle	O
producing	O
areas	O
of	O
Namibia	B-LOCATION
:	O
Farmers	O
must	O
be	O
able	O
to	O
choose	O
which	O
system	O
to	O
follow	O
.	O

By	O
Helmke	B-GIVEN_NAME
J	B-FAMILY_NAME
Sartorius	I-FAMILY_NAME
von	I-FAMILY_NAME
Bach	I-FAMILY_NAME
.	O

46	O
%	O
of	O
the	O
country	O
âs	O
total	O
surface	O
area	O
is	O
under	O
cattle	O
production	O
:	O

It	O
is	O
implemented	O
on	O
approximately	O
37.52	O
million	O
hectares	O
in	O
Namibia	B-LOCATION
,	O
which	O
is	O
46	O
%	O
of	O
the	O
country	O
âs	O
total	O
surface	O
area	O
.	O

This	O
production	O
is	O
practiced	O
through	O
different	O
systems	O
,	O
that	O
determine	O
the	O
sustainability	O
and	O
profitability	O
of	O
the	O
farm	O
.	O

There	O
are	O
many	O
ways	O
in	O
which	O
beef	O
production	O
systems	O
can	O
be	O
classified	O
,	O
but	O
the	O
typical	O
one	O
is	O
defined	O
by	O
the	O
age	O
and	O
body	O
mass	O
at	O
which	O
the	O
cattle	O
are	O
traded	O
.	O

It	O
must	O
be	O
understood	O
that	O
the	O
production	O
system	O
is	O
however	O
not	O
only	O
determined	O
by	O
the	O
intensity	O
of	O
land	O
-	O
use	O
,	O
as	O
farmers	O
with	O
different	O
land	O
-	O
uses	O
can	O
be	O
equally	O
profitable	O
,	O
while	O
using	O
different	O
management	O
systems	O
.	O

There	O
exist	O
many	O
production	O
systems	O
in	O
Namibia	B-LOCATION
,	O
of	O
which	O
the	O
two	O
main	O
once	O
are	O
compared	O
as	O
:	O

â	O
The	O
engine	O
room	O
â	O
of	O
beef	O
production	O
:	O

The	O
weaner	O
production	O
system	O
6	O
is	O
often	O
called	O
the	O
â	O
engine	O
room	O
â	O
of	O
beef	O
production	O
.	O

Under	O
this	O
system	O
,	O
a	O
cow	O
herd	O
is	O
kept	O
on	O
the	O
farm	O
and	O
their	O
calves	O
are	O
sold	O
once	O
they	O
are	O
weaned	O
at	O
205	B-DURATION
days	I-DURATION
for	O
further	O
processing	O
.	O

The	O
number	O
of	O
weaners	O
produced	O
depends	O
on	O
many	O
factors	O
,	O
such	O
as	O
the	O
size	O
of	O
the	O
cow	O
herd	O
,	O
the	O
fertility	O
,	O
the	O
grazing	O
availability	O
,	O
mortalities	O
,	O
and	O
the	O
practice	O
to	O
keep	O
the	O
cows	O
in	O
good	O
condition	O
throughout	O
their	O
production	O
cycle	O
.	O

The	O
longer	O
road	O
to	O
ox	O
production	O
:	O

If	O
the	O
farmer	O
however	O
decides	O
to	O
keep	O
the	O
offspring	O
or	O
buys	O
weaners	O
either	O
for	O
speculation	O
,	O
or	O
to	O
keep	O
and	O
feed	O
them	O
as	O
slaughter	O
animals	O
,	O
it	O
is	O
referred	O
to	O
as	O
â	O
oxen	O
off	O
-	O
veld	O
â	O
.	O

Calves	O
stay	O
for	O
a	O
year	O
or	O
longer	O
,	O
depending	O
on	O
the	O
farmer	O
âs	O
calculations	O
in	O
terms	O
of	O
fodder	O
or	O
feed	O
availability	O
not	O
only	O
for	O
the	O
cows	O
,	O
but	O
also	O
for	O
the	O
oxen	O
.	O

The	O
castrated	O
bull	O
or	O
heifer	O
calves	O
are	O
thus	O
typically	O
marketed	O
at	O
an	O
age	O
of	O
27	O
months	O
with	O
a	O
minimum	O
liveweight	O
of	O
450	O
kilograms	O
.	O

A	O
careful	O
decision	O
:	O

Because	O
of	O
the	O
biological	O
process	O
,	O
a	O
farmer	O
cannot	O
alternate	O
easily	O
between	O
the	O
two	O
systems	O
and	O
must	O
carefully	O
determine	O
which	O
system	O
to	O
be	O
maintained	O
without	O
price	O
incentives	O
provided	O
.	O

Many	O
factors	O
must	O
be	O
kept	O
in	O
mind	O
,	O
being	O
the	O
tenure	O
system	O
,	O
the	O
production	O
area	O
,	O
climatic	O
circumstances	O
and	O
its	O
fodder	O
flow	O
,	O
financial	O
constraints	O
,	O
and	O
fixed	O
circumstances	O
,	O
such	O
as	O
market	O
availability	O
,	O
farm	O
size	O
and	O
extent	O
of	O
development	O
,	O
transport	O
,	O
labour	O
,	O
and	O
veld	O
type	O
,	O
etc	O
.	O

The	O
type	O
of	O
tenure	O
determines	O
whether	O
farmers	O
have	O
control	O
over	O
their	O
management	O
decisions	O
,	O
such	O
as	O
to	O
implement	O
grazing	O
systems	O
,	O
breeding	O
systems	O
,	O
and	O
manage	O
the	O
mortality	O
.	O

In	O
the	O
freehold	O
system	O
,	O
the	O
farmers	O
are	O
the	O
sole	O
decision	O
makers	O
,	O
while	O
in	O
the	O
communal	O
areas	O
,	O
farmers	O
â	O
intentions	O
can	O
be	O
affected	O
through	O
the	O
entering	O
of	O
an	O
â	O
unwanted	O
â	O
herd	O
,	O
bull	O
of	O
different	O
breed	O
or	O
different	O
practice	O
.	O

Calculations	O
are	O
key	O
:	O

The	O
production	O
area	O
depends	O
on	O
factors	O
like	O
climatic	O
conditions	O
,	O
the	O
soil	O
types	O
,	O
access	O
to	O
markets	O
and	O
infrastructure	O
,	O
etc	O
.	O

In	O
areas	O
where	O
drought	O
occurs	O
more	O
often	O
,	O
a	O
tollie	O
or	O
slaughter	O
animal	O
system	O
is	O
more	O
likely	O
to	O
work	O
better	O
than	O
a	O
weaner	O
system	O
,	O
because	O
of	O
the	O
percentage	O
of	O
breeding	O
cows	O
in	O
the	O
herd	O
.	O

Cattle	O
will	O
at	O
least	O
need	O
to	O
eat	O
an	O
amount	O
of	O
roughage	O
equivalent	O
to	O
three	O
percent	O
of	O
its	O
body	O
weight	O
per	O
day	O
.	O

To	O
avail	O
roughage	O
to	O
the	O
cattle	O
herd	O
,	O
farmers	O
should	O
strive	O
to	O
determine	O
the	O
annual	O
herbaceous	O
kilogram	O
dry	O
matter	O
available	O
per	O
hectare	O
,	O
to	O
determine	O
the	O
number	O
of	O
cattle	O
to	O
be	O
kept	O
on	O
the	O
farm	O
.	O

This	O
will	O
help	O
reduce	O
unforeseen	O
expenses	O
.	O

These	O
estimates	O
will	O
help	O
a	O
farmer	O
to	O
budget	O
and	O
provide	O
supplements	O
effectively	O
given	O
the	O
number	O
of	O
animals	O
targeted	O
.	O

Many	O
farmers	O
do	O
not	O
use	O
these	O
estimates	O
,	O
and	O
thus	O
are	O
losing	O
out	O
by	O
either	O
buying	O
too	O
much	O
or	O
too	O
little	O
stock	O
,	O
which	O
in	O
turn	O
compromises	O
productivity	O
and	O
income	O
.	O

Geological	O
area	O
constraints	O
:	O

Namibia	B-LOCATION
âs	O
ground	O
cover	O
and	O
condition	O
of	O
soil	O
in	O
most	O
cattle	O
producing	O
areas	O
are	O
indeed	O
appropriate	O
for	O
cattle	O
production	O
,	O
except	O
for	O
the	O
Kaokoland	B-LOCATION
agro	I-LOCATION
-	I-LOCATION
ecological	I-LOCATION
zone	I-LOCATION
(	O
AEZ	B-LOCATION
)	O
(	O
see	O
map	O
below	O
)	O
.	O

The	O
latter	O
shows	O
serious	O
degradation	O
which	O
impacts	O
the	O
continuation	O
of	O
any	O
cattle	O
production	O
system	O
in	O
this	O
area	O
,	O
as	O
the	O
botanical	O
composition	O
and	O
soil	O
condition	O
are	O
negatively	O
affected	O
.	O

Soil	O
Map	O

Soil	O
characteristics	O
in	O
Namibia	B-LOCATION
,	O
as	O
tested	O
by	O
means	O
of	O
liver	O
analysis	O
showed	O
that	O
especially	O
in	O
the	O
northern	B-LOCATION
Kalahari	I-LOCATION
Sand	I-LOCATION
Plateau	I-LOCATION
(	O
see	O
map	O
above	O
)	O
,	O
and	O
to	O
a	O
lesser	O
extend	O
in	O
the	O
Kalkveld	B-LOCATION
zone	O
,	O
the	O
widespread	O
and	O
common	O
macro	O
-	O
mineral	O
deficiencies	O
involve	O
phosphorus	O
and	O
micro	O
â	O
minerals	O
deficiencies	O
in	O
copper	O
,	O
manganese	O
,	O
zinc	O
,	O
and	O
iodine	O
can	O
be	O
observed	O
.	O

These	O
insufficient	O
balance	O
in	O
the	O
nutrition	O
has	O
an	O
indirect	O
impact	O
on	O
the	O
cattle	O
immune	O
system	O
leading	O
to	O
increased	O
susceptibility	O
of	O
cattle	O
to	O
infectious	O
diseases	O
and	O
reduced	O
levels	O
of	O
immunity	O
following	O
vaccination	O
.	O

The	O
research	O
showed	O
that	O
mitigation	O
can	O
be	O
done	O
by	O
regular	O
deworming	O
,	O
and	O
vaccination	O
against	O
Bovine	B-BRANDS
Viral	B-MISC
Diarrhea	I-MISC
(	O
BVD	B-BRANDS
)	O
to	O
improve	O
general	O
cattle	O
health	O
responsiveness	O
to	O
vaccination	O
,	O
which	O
would	O
improve	O
herd	O
fertility	O
and	O
production	O
.	O

Licks	O
and	O
supplements	O
cost	O
money	O
:	O

Feed	O
and	O
lick	O
supplementation	O
is	O
intended	O
to	O
compensate	O
for	O
the	O
animal	O
âs	O
daily	O
nutritional	O
and	O
feed	O
intake	O
requirements	O
to	O
maintain	O
its	O
body	O
condition	O
,	O
health	O
,	O
and	O
performance	O
.	O

The	O
nutrients	O
that	O
livestock	O
require	O
include	O
protein	O
,	O
energy	O
,	O
minerals	O
,	O
and	O
vitamins	O
,	O
together	O
with	O
water	O
.	O

These	O
nutrients	O
are	O
very	O
costly	O
but	O
essential	O
to	O
counter	O
the	O
existing	O
low	O
growth	O
rates	O
in	O
the	O
Kalahari	B-LOCATION
Sand	I-LOCATION
Plateau	I-LOCATION
.	O

A	O
large	O
stock	O
unit	O
typically	O
would	O
require	O
about	O
350	O
g	O
supplements	O
per	O
day	O
for	O
maintenance	O
during	O
the	O
dry	O
season	O
,	O
up	O
to	O
4	O
kg	O
feed	O
per	O
day	O
for	O
production	O
purposes	O
,	O
a	O
mineral	O
supplement	O
injection	O
,	O
and	O
an	O
ad	O
lib	O
phosphorus	O
lick	O
for	O
the	O
wet	O
season	O
.	O

This	O
will	O
cost	O
a	O
Kalahari	B-LOCATION
Sand	I-LOCATION
Plateau	I-LOCATION
farmer	O
with	O
a	O
50	O
-	O
cattle	O
herd	O
size	O
about	O
N	B-MONEY
$	I-MONEY
66,000	I-MONEY
per	O
annum	O
.	O

For	O
a	O
farmer	O
closer	O
to	O
the	O
Botswana	B-LOCATION
border	O
,	O
it	O
would	O
require	O
more	O
,	O
while	O
producers	O
located	O
in	O
the	O
Central	B-LOCATION
Plateau	I-LOCATION
zone	O
produce	O
slaughter	O
cattle	O
with	O
much	O
lower	O
lick	O
supplements	O
and	O
feeding	O
costs	O
.	O

These	O
financial	O
constraints	O
also	O
contribute	O
to	O
the	O
selection	O
of	O
the	O
cattle	O
production	O
system	O
.	O

Farmers	O
without	O
financial	O
means	O
to	O
supply	O
the	O
available	O
fodder	O
to	O
raise	O
slaughter	O
cattle	O
and	O
breeding	O
stock	O
are	O
forced	O
to	O
accept	O
the	O
restricted	O
growth	O
during	O
the	O
rainy	O
season	O
and	O
to	O
rather	O
follow	O
the	O
weaner	O
production	O
system	O
,	O
because	O
less	O
hooves	O
reduces	O
the	O
feeding	O
expenses	O
during	O
the	O
dry	O
season	O
.	O

Because	O
of	O
the	O
soil	O
composition	O
in	O
the	O
Central	B-LOCATION
Plateau	I-LOCATION
,	O
the	O
cattle	O
farmers	O
there	O
are	O
less	O
affected	O
by	O
these	O
feeding	O
expenses	O
.	O

Besides	O
the	O
above	O
,	O
access	O
to	O
markets	O
,	O
infrastructure	O
and	O
economies	O
of	O
scale	O
also	O
impact	O
the	O
profitability	O
of	O
production	O
systems	O
.	O

Cattle	O
producers	O
switched	O
to	O
weaner	O
production	O
â	O
why	O
?	O

Historically	O
,	O
many	O
farmers	O
with	O
smaller	O
herds	O
are	O
known	O
as	O
weaner	O
producers	O
,	O
and	O
for	O
the	O
larger	O
producers	O
,	O
a	O
rule	O
of	O
thumb	O
showed	O
that	O
the	O
price	O
ratio	O
between	O
the	O
weaner	O
and	O
slaughter	O
cattle	O
price	O
determines	O
the	O
selection	O
of	O
the	O
system	O
that	O
the	O
farmer	O
will	O
follow	O
.	O

If	O
the	O
ratio	O
continues	O
to	O
be	O
above	O
62	O
%	O
for	O
some	O
time	O
,	O
the	O
weaner	O
system	O
is	O
favored	O
.	O

Here	O
,	O
the	O
farmer	O
will	O
obtain	O
the	O
revenue	O
for	O
the	O
7	O
months	O
old	O
weaners	O
,	O
while	O
they	O
must	O
wait	O
for	O
an	O
additional	O
20	O
months	O
to	O
obtain	O
a	O
small	O
incremental	O
return	O
,	O
on	O
slaughtering	O
of	O
the	O
animal	O
.	O

The	O
figure	O
below	O
illustrates	O
how	O
this	O
price	O
ratio	O
fluctuated	O
annually	O
since	O
1995	B-DATE
.	O

As	O
from	O
2021	B-DATE
,	O
the	O
monthly	O
ratios	O
are	O
presented	O
to	O
show	O
the	O
specific	O
details	O
.	O

The	O
ratio	O
was	O
relative	O
stable	O
prior	O
to	O
2006	B-DATE
but	O
entered	O
some	O
volatility	O
thereafter	O
.	O

Since	O
2020	B-DATE
,	O
the	O
price	O
ratio	O
favoured	O
weaner	O
production	O
because	O
local	O
carcass	O
prices	O
paid	O
to	O
producers	O
did	O
not	O
follow	O
international	O
trends	O
.	O

In	O
January	B-DATE
2021	I-DATE
,	O
this	O
ratio	O
peaked	O
at	O
92	O
%	O
and	O
declined	O
to	O
the	O
current	O
price	O
ratio	O
of	O
60	O
%	O
.	O

This	O
volatility	O
in	O
producer	O
prices	O
unfortunately	O
forced	O
many	O
cattle	O
producers	O
to	O
switch	O
to	O
the	O
weaner	O
production	O
system	O
,	O
and	O
it	O
will	O
be	O
difficult	O
to	O
incentivize	O
them	O
to	O
return	O
to	O
the	O
slaughter	O
production	O
system	O
again	O
.	O

If	O
a	O
farmer	O
can	O
obtain	O
92	O
%	O
after	O
7	O
months	O
,	O
why	O
wait	O
for	O
an	O
additional	O
20	O
months	O
to	O
produce	O
an	O
ox	O
,	O
to	O
obtain	O
only	O
8	O
%	O
of	O
revenue	O
,	O
in	O
a	O
free	O
market	O
system	O
.	O

Price	O
Period	O
graph	O

Namibia	B-LOCATION
beef	O
carcass	O
price	O
not	O
on	O
par	O
with	O
global	O
trends	O
:	O

Where	O
the	O
Namibian	B-AFFILIATION
carcass	O
prices	O
compared	O
favourably	O
with	O
the	O
other	O
cattle	O
producing	O
countries	O
,	O
Namibia	B-LOCATION
lost	O
their	O
comparative	O
advantage	O
since	O
2012	B-DATE
to	O
Australia	B-LOCATION
,	O
the	O
European	B-AFFILIATION|B-AFFILIATION
Union	B-ORGANIZATION
,	O
and	O
other	O
beef	O
exporting	O
countries	O
.	O

Beef	O
exporting	O
countries	O
,	O
such	O
as	O
Australia	B-LOCATION
implemented	O
strategic	O
adjustments	O
by	O
focusing	O
on	O
competitive	O
import	O
substitution	O
and	O
facilitated	O
high	O
-	O
end	O
export	O
investments	O
.	O

They	O
focused	O
on	O
premium	O
and	O
quality	O
assurance	O
to	O
capture	O
value	O
chain	O
benefits	O
which	O
offset	O
processing	O
and	O
logistical	O
costs	O
.	O

Until	O
Namibian	B-AFFILIATION
beef	O
slaughter	O
and	O
processing	O
create	O
economic	O
value	O
and	O
make	O
ox	O
production	O
financially	O
attractive	O
again	O
,	O
and	O
thereby	O
reversing	O
the	O
financial	O
equation	O
between	O
the	O
two	O
systems	O
,	O
the	O
weaner	O
production	O
system	O
will	O
remain	O
the	O
only	O
choice	O
for	O
most	O
farmers	O
in	O
a	O
Namibian	B-AFFILIATION
free	O
market	O
.	O

400,000	O
+	O
Namibian	B-AFFILIATION
livelihoods	O
depends	O
on	O
cattle	O
production	O
:	O

Switching	O
back	O
to	O
ox	O
production	O
will	O
only	O
happen	O
when	O
ox	O
prices	O
increase	O
to	O
a	O
level	O
on	O
par	O
with	O
global	O
trends	O
,	O
to	O
lower	O
the	O
current	O
cost	O
-	O
price	O
squeeze	O
,	O
badly	O
affected	O
by	O
current	O
(	O
unprecedented	O
)	O
fuel	O
price	O
increases	O
.	O

The	O
current	O
Namibian	B-AFFILIATION
cattle	O
slaughter	O
price	O
levels	O
are	O
only	O
half	O
of	O
what	O
Australian	B-AFFILIATION
slaughter	O
cattle	O
fetch	O
.	O

This	O
surely	O
is	O
disconcerting	O
for	O
400,000	O
livelihoods	O
that	O
depend	O
on	O
cattle	O
production	O
.	O

Once	O
farmers	O
receive	O
a	O
better	O
price	O
through	O
shortened	O
and	O
efficient	O
beef	O
value	O
chains	O
,	O
they	O
will	O
invest	O
again	O
in	O
supplementary	O
feeds	O
,	O
genetics	O
,	O
and	O
employment	O
to	O
supply	O
cattle	O
for	O
slaughter	O
and	O
processing	O
instead	O
of	O
sending	O
their	O
weaners	O
to	O
auctions	O
for	O
live	O
exports	O
.	O

The	O
last	O
quarter	O
of	O
price	O
increase	O
proved	O
farmers	O
â	O
responsiveness	O
to	O
slaughter	O
prices	O
.	O

Farmers	O
in	O
Namibia	B-LOCATION
are	O
desperately	O
awaiting	O
future	O
changes	O
and	O
adjustments	O
to	O
meet	O
global	O
opportunities	O
,	O
which	O
will	O
result	O
in	O
growth	O
at	O
home	O
development	O
,	O
support	O
the	O
Harambee	B-BRANDS
initiative	O
and	O
Vision	B-BRANDS
2030	B-MISC|B-DATE
,	O
and	O
to	O
finally	O
reverse	O
the	O
declining	O
rural	O
economies	O
.	O

In	O
excess	O
of	O
400,000	O
rural	O
livelihoods	O
depend	O
on	O
cattle	O
production	O
,	O
and	O
are	O
currently	O
negatively	O
impacted	O
and	O
impoverished	O
by	O
the	O
Namibian	B-AFFILIATION
beef	O
not	O
paid	O
to	O
value	O
.	O

