By	O
Hippolyte	B-GIVEN_NAME
Fofack	B-FAMILY_NAME
,	O
Chief	O
Economist	O
and	O
Director	O
of	O
Research	O
at	O
the	O
African	B-ORGANIZATION|B-AFFILIATION
Export	I-ORGANIZATION
-	I-ORGANIZATION
Import	I-ORGANIZATION
Bank	I-ORGANIZATION
(	O
Afreximbank	B-ORGANIZATION
)	O
.	O

CAIRO	B-LOCATION
â	O
Since	O
the	O
Latin	B-AFFILIATION
American	I-AFFILIATION
debt	O
crisis	O
of	O
the	O
1980s	B-DATE
,	O
sovereign	O
-	O
debt	O
crises	O
have	O
become	O
a	O
regular	O
occurrence	O
for	O
emerging	O
and	O
developing	O
economies	O
.	O

Today	O
,	O
Sri	B-LOCATION
Lanka	I-LOCATION
needs	O
a	O
bailout	O
from	O
the	O
International	B-ORGANIZATION
Monetary	I-ORGANIZATION
Fund	I-ORGANIZATION
after	O
defaulting	O
on	O
its	O
foreign	O
debt	O
in	O
May	B-DATE
,	O
and	O
a	O
growing	O
number	O
of	O
low	O
-	O
income	O
countries	O
are	O
facing	O
similar	O
challenges	O
.	O

The	O
World	B-ORGANIZATION
Bank	I-ORGANIZATION
estimates	O
that	O
around	O
60	O
%	O
of	O
all	O
emerging	O
and	O
developing	O
economies	O
have	O
become	O
high	O
-	O
risk	O
debtors	O
.	O

As	O
many	O
as	O
a	O
dozen	O
might	O
default	O
over	O
the	O
next	O
12	O
months	O
.	O

Unlike	O
the	O
advanced	O
economies	O
,	O
where	O
sharp	O
increases	O
in	O
government	O
debt	O
following	O
the	O
emergence	O
of	O
COVID	B-BRANDS
-	B-MISC
19	I-MISC
encouraged	O
a	O
speedy	O
return	O
to	O
trend	O
growth	O
,	O
developing	O
economies	O
have	O
been	O
constrained	O
by	O
a	O
shortage	O
of	O
vaccines	O
and	O
a	O
lack	O
of	O
monetary	O
and	O
fiscal	O
space	O
.	O

Unable	O
to	O
deficit	O
-	O
finance	O
their	O
way	O
out	O
of	O
the	O
synchronized	O
global	O
downturn	O
,	O
these	O
countries	O
now	O
must	O
contend	O
with	O
the	O
economic	O
fallout	O
from	O
the	O
Ukraine	B-LOCATION
crisis	O
,	O
which	O
all	O
but	O
eliminates	O
a	O
near	O
-	O
term	O
return	O
to	O
pre	O
-	O
pandemic	O
growth	O
rates	O
.	O

With	O
few	O
exceptions	O
â	O
Sri	B-LOCATION
Lanka	I-LOCATION
and	O
Zambia	B-LOCATION
,	O
for	O
example	O
â	O
most	O
developing	O
economies	O
are	O
not	O
heavily	O
indebted	O
.	O

Collectively	O
,	O
their	O
average	O
debt	O
-	O
to	O
-	O
GDP	B-BRANDS
ratio	O
has	O
increased	O
by	O
just	O
seven	O
percentage	O
points	O
(	O
to	O
65	O
%	O
)	O
since	O
the	O
start	O
of	O
the	O
pandemic	O
,	O
much	O
lower	O
than	O
the	O
20	O
percentage	O
points	O
increase	O
in	O
advanced	O
economies	O
where	O
the	O
combined	O
sovereign	O
debt	O
now	O
averages	O
122	O
%	O
of	O
GDP	B-BRANDS
.	O

The	O
flow	O
of	O
funds	O
that	O
developing	O
economies	O
receive	O
from	O
global	O
bond	O
markets	O
and	O
banks	O
has	O
remained	O
dismally	O
low	O
.	O

According	O
to	O
the	O
most	O
recent	O
estimates	O
from	O
the	O
Institute	B-ORGANIZATION
of	I-ORGANIZATION
International	I-ORGANIZATION
Finance	I-ORGANIZATION
,	O
their	O
combined	O
sovereign	O
liabilities	O
represent	O
less	O
than	O
30	O
%	O
of	O
global	O
public	O
debt	O
.	O

Worse	O
,	O
following	O
post	O
-	O
pandemic	O
credit	O
downgrades	O
,	O
many	O
low	O
-	O
income	O
countries	O
cannot	O
access	O
international	O
capital	O
markets	O
and	O
now	O
face	O
acute	O
liquidity	O
constraints	O
that	O
could	O
morph	O
into	O
solvency	O
crises	O
.	O

And	O
because	O
these	O
countries	O
â	O
sub	O
-	O
investment	O
-	O
grade	O
credit	O
ratings	O
have	O
raised	O
their	O
borrowing	O
costs	O
,	O
the	O
fiscal	O
impact	O
of	O
their	O
sovereign	O
liabilities	O
has	O
increased	O
,	O
and	O
their	O
governments	O
â	O
reduced	O
ability	O
to	O
roll	O
them	O
over	O
as	O
they	O
fall	O
due	O
has	O
raised	O
the	O
specter	O
of	O
a	O
developing	O
-	O
country	O
debt	O
crisis	O
.	O

Ghana	B-LOCATION
,	O
for	O
example	O
,	O
planned	O
to	O
issue	O
a	O
bond	O
to	O
refinance	O
its	O
foreign	O
currency	O
-	O
denominated	O
debt	O
earlier	O
this	O
year	O
.	O

But	O
with	O
a	O
wave	O
of	O
ratings	O
downgrades	O
driving	O
up	O
international	O
bond	O
yields	O
,	O
Ghana	B-LOCATION
has	O
effectively	O
been	O
shut	O
out	O
of	O
international	O
financial	O
markets	O
,	O
and	O
its	O
ten	O
-	O
year	O
sovereign	O
bond	O
yield	O
has	O
risen	O
above	O
22	O
%	O
.	O

After	O
resorting	O
to	O
painful	O
internal	O
adjustments	O
(	O
tax	O
increases	O
and	O
cuts	O
to	O
discretionary	O
spending	O
)	O
during	O
the	O
pandemic	O
,	O
Ghana	B-LOCATION
is	O
now	O
contending	O
with	O
soaring	O
food	O
prices	O
,	O
and	O
its	O
government	O
is	O
seeking	O
IMF	B-ORGANIZATION
assistance	O
.	O

Two	O
other	O
factors	O
are	O
combining	O
to	O
increase	O
the	O
risk	O
of	O
a	O
liquidity	O
crisis	O
in	O
developing	O
markets	O
:	O
the	O
currency	O
of	O
lending	O
and	O
the	O
shift	O
to	O
variable	O
interest	O
rates	O
in	O
a	O
context	O
of	O
increasingly	O
complex	O
lending	O
structures	O
and	O
growing	O
reliance	O
on	O
international	O
capital	O
markets	O
.	O

Between	O
2000	B-DATE
and	O
2020	B-DATE
,	O
the	O
number	O
of	O
low	O
-	O
income	O
countries	O
with	O
variable	O
-	O
rate	O
external	O
debt	O
rose	O
sharply	O
from	O
13	O
to	O
31	O
.	O

And	O
now	O
that	O
systemically	O
important	O
central	O
banks	O
are	O
normalizing	O
monetary	O
policies	O
to	O
fight	O
inflation	O
,	O
these	O
countries	O
will	O
incur	O
significantly	O
higher	O
costs	O
when	O
servicing	O
their	O
external	O
debts	O
.	O

While	O
reliance	O
on	O
foreign	O
currency	O
-	O
denominated	O
debt	O
can	O
reduce	O
the	O
risk	O
of	O
runaway	O
inflation	O
,	O
it	O
can	O
also	O
increase	O
the	O
risk	O
of	O
sovereign	O
default	O
,	O
especially	O
when	O
a	O
sharp	O
exchange	O
-	O
rate	O
depreciation	O
suddenly	O
raises	O
the	O
costs	O
of	O
servicing	O
external	O
debts	O
.	O

This	O
is	O
especially	O
the	O
case	O
during	O
episodes	O
of	O
heightened	O
global	O
volatility	O
and	O
tightening	O
financing	O
conditions	O
,	O
which	O
are	O
often	O
associated	O
with	O
large	O
-	O
scale	O
capital	O
outflows	O
from	O
emerging	O
and	O
developing	O
economies	O
.	O

Historically	O
,	O
sovereign	O
defaults	O
have	O
been	O
driven	O
by	O
markets	O
â	O
unwillingness	O
to	O
roll	O
over	O
existing	O
debt	O
or	O
to	O
do	O
so	O
only	O
at	O
prohibitively	O
high	O
interest	O
rates	O
.	O

Across	O
emerging	O
and	O
developing	O
economies	O
,	O
over	O
-	O
inflated	O
risk	O
premiums	O
,	O
driven	O
by	O
distorted	O
perceptions	O
,	O
have	O
amplified	O
the	O
fiscal	O
impact	O
of	O
sovereign	O
debt	O
and	O
been	O
a	O
major	O
driver	O
of	O
liquidity	O
crises	O
and	O
default	O
risk	O
.	O

Advanced	O
economies	O
with	O
the	O
â	O
exorbitant	O
privilege	O
â	O
to	O
issue	O
reserve	O
currencies	O
usually	O
do	O
not	O
face	O
such	O
risks	O
.	O

Because	O
their	O
currencies	O
are	O
regarded	O
as	O
safe	O
havens	O
,	O
they	O
can	O
sustainably	O
attract	O
foreign	O
investment	O
in	O
government	O
treasuries	O
and	O
bonds	O
,	O
continuously	O
roll	O
over	O
their	O
debts	O
at	O
low	O
costs	O
,	O
and	O
run	O
deficits	O
without	O
tears	O
.	O

Consider	O
the	O
European	B-AFFILIATION|B-AFFILIATION
Central	B-ORGANIZATION
Bank	I-ORGANIZATION
,	O
which	O
recently	O
adopted	O
exceptional	O
measures	O
to	O
reassure	O
investors	O
and	O
stem	O
bond	O
-	O
market	O
volatility	O
in	O
response	O
to	O
renewed	O
concerns	O
about	O
â	O
fragmentation	O
risks	O
â	O
within	O
the	O
eurozone	O
.	O

Under	O
the	O
â	O
anti	O
-	O
fragmentation	O
instrument	O
â	O
it	O
adopted	O
in	O
March	B-DATE
,	O
the	O
ECB	B-ORGANIZATION
now	O
â	O
reserves	O
the	O
right	O
to	O
deviate	O
in	O
the	O
future	O
from	O
credit	O
rating	O
agencies	O
â	O
ratings	O
if	O
warranted	O
,	O
in	O
line	O
with	O
its	O
discretion	O
under	O
the	O
monetary	O
policy	O
framework	O
.	O
â	O

The	O
short	O
-	O
term	O
impact	O
of	O
this	O
move	O
has	O
been	O
remarkable	O
,	O
with	O
yields	O
on	O
the	O
bonds	O
of	O
weaker	O
eurozone	O
members	O
falling	O
sharply	O
immediately	O
thereafter	O
.	O

But	O
systemically	O
important	O
central	O
banks	O
should	O
be	O
no	O
less	O
concerned	O
about	O
the	O
disproportionately	O
large	O
spreads	O
between	O
advanced	O
and	O
developing	O
economies	O
â	O
what	O
we	O
might	O
call	O
â	O
global	O
fragmentation	O
risk	O
.	O
â	O

The	O
tightening	O
of	O
financing	O
conditions	O
by	O
the	O
US	B-ORGANIZATION|B-LOCATION|B-LOCATION
Federal	I-ORGANIZATION
Reserve	I-ORGANIZATION
and	O
other	O
major	O
central	O
banks	O
has	O
exacerbated	O
developing	O
economies	O
â	O
macroeconomic	O
-	O
management	O
challenges	O
,	O
by	O
heightening	O
exchange	O
-	O
rate	O
volatility	O
,	O
increasing	O
liquidity	O
risks	O
,	O
and	O
widening	O
spreads	O
.	O

In	O
the	O
past	O
,	O
systemically	O
important	O
central	O
banks	O
have	O
successfully	O
extended	O
some	O
of	O
the	O
benefits	O
conferred	O
by	O
their	O
exorbitant	O
privilege	O
to	O
other	O
countries	O
.	O

At	O
the	O
height	O
of	O
the	O
pandemic	O
downturn	O
,	O
for	O
example	O
,	O
the	O
Fed	B-ORGANIZATION
reinforced	O
its	O
currency	O
-	O
swap	O
arrangements	O
(	O
first	O
introduced	O
during	O
the	O
2008	B-DATE
financial	O
crisis	O
)	O
and	O
broadened	O
the	O
geographical	O
coverage	O
of	O
its	O
support	O
to	O
include	O
a	O
few	O
emerging	O
economies	O
.	O

That	O
move	O
led	O
to	O
currency	O
appreciation	O
,	O
improved	O
credit	O
-	O
default	O
-	O
swap	O
spreads	O
,	O
and	O
lower	O
long	O
-	O
term	O
interest	O
rates	O
in	O
beneficiary	O
countries	O
.	O

And	O
,	O
beyond	O
alleviating	O
liquidity	O
risks	O
,	O
the	O
extension	O
of	O
dollar	B-MONEY
-	O
denominated	O
swap	O
lines	O
reassured	O
investors	O
,	O
thus	O
stemming	O
capital	O
outflows	O
and	O
enhancing	O
those	O
countries	O
â	O
ability	O
to	O
roll	O
over	O
their	O
debts	O
.	O

Even	O
though	O
low	O
-	O
income	O
countries	O
do	O
not	O
pose	O
a	O
systemic	O
risk	O
to	O
the	O
international	O
financial	O
system	O
,	O
a	O
concerted	O
effort	O
to	O
mitigate	O
liquidity	O
risks	O
should	O
be	O
a	O
high	O
global	O
priority	O
,	O
not	O
least	O
because	O
debt	O
restructuring	O
has	O
huge	O
costs	O
.	O

According	O
to	O
the	O
World	B-ORGANIZATION
Bank	I-ORGANIZATION
,	O
it	O
leads	O
to	O
lower	O
output	O
growth	O
in	O
the	O
short	O
term	O
.	O

For	O
countries	O
that	O
lack	O
the	O
protection	O
of	O
systemically	O
important	O
central	O
banks	O
,	O
default	O
-	O
driven	O
borrowing	O
rates	O
undermine	O
macroeconomic	O
stability	O
and	O
reduce	O
the	O
supply	O
of	O
patient	O
capital	O
over	O
the	O
medium	O
and	O
long	O
term	O
,	O
without	O
which	O
developing	O
economies	O
cannot	O
undergo	O
the	O
transformation	O
needed	O
to	O
break	O
the	O
negative	O
correlation	O
between	O
growth	O
and	O
commodity	O
-	O
price	O
cycles	O
.	O

In	O
the	O
long	O
term	O
,	O
the	O
most	O
sustainable	O
solution	O
to	O
recurrent	O
liquidity	O
crises	O
is	O
to	O
develop	O
deep	O
,	O
efficient	O
,	O
well	O
-	O
regulated	O
domestic	O
capital	O
markets	O
in	O
emerging	O
and	O
developing	O
economies	O
.	O

Under	O
an	O
integrated	O
financial	O
-	O
market	O
framework	O
,	O
a	O
vibrant	O
repo	O
market	O
will	O
enhance	O
the	O
money	O
-	O
and	O
bond	O
-	O
market	O
nexus	O
,	O
enabling	O
liquid	O
capital	O
markets	O
to	O
emerge	O
.	O

Taken	O
together	O
,	O
these	O
highly	O
integrated	O
markets	O
will	O
help	O
build	O
proper	O
yield	O
curves	O
to	O
improve	O
investment	O
decisions	O
.	O

The	O
world	O
already	O
has	O
effective	O
,	O
well	O
-	O
tested	O
tools	O
to	O
prevent	O
recurring	O
liquidity	O
crises	O
,	O
which	O
is	O
a	O
prerequisite	O
for	O
building	O
these	O
integrated	O
markets	O
.	O

Democratizing	O
the	O
global	O
financial	O
system	O
to	O
maximize	O
its	O
positive	O
impact	O
on	O
development	O
is	O
perhaps	O
the	O
most	O
important	O
challenge	O
on	O
the	O
road	O
to	O
international	O
debt	O
sustainability	O
.	O

