Pipeline	O
construction	O
activity	O
in	O
Windhoek	B-LOCATION
looks	O
moderately	O
promising	O
going	O
forward	O
into	O
2022	B-DATE
and	O
2023	B-DATE
,	O
where	O
a	O
continued	O
uptick	O
in	O
Swakopmund	B-LOCATION
is	O
expected	O
,	O
according	O
to	O
investment	O
and	O
research	O
firm	O
Simonis	B-ORGANIZATION
Storm	I-ORGANIZATION
Securities	I-ORGANIZATION
(	O
SSS	B-ORGANIZATION
)	O
in	O
a	O
recent	O
report	O
.	O

According	O
to	O
the	O
Building	B-ORGANIZATION
Statistics	I-ORGANIZATION
June	B-DATE
2022	I-DATE
report	O
,	O
SSS	B-ORGANIZATION
said	O
two	O
green	O
hydrogen	O
projects	O
at	O
the	O
coast	O
are	O
expected	O
to	O
commence	O
with	O
construction	O
soon	O
,	O
while	O
imported	O
equipment	O
has	O
arrived	O
for	O
the	O
construction	O
of	O
a	O
solar	O
power	O
plant	O
at	O
Rosh	B-LOCATION|B-LOCATION
Pinah	I-LOCATION|I-LOCATION
mine	I-LOCATION
.	O

â	O
Additional	O
announcements	O
of	O
renewable	O
energy	O
projects	O
expected	O
to	O
be	O
constructed	O
in	O
the	O
near	O
term	O
in	O
Namibia	B-LOCATION
could	O
lead	O
to	O
single	O
-	O
digit	O
contractions	O
in	O
the	O
construction	O
sector	O
,	O
as	O
opposed	O
to	O
double	O
-	O
digit	O
contractions	O
that	O
we	O
have	O
seen	O
in	O
the	O
last	O
two	O
quarters	O
of	O
2021	B-DATE
.	O

These	O
deep	O
contractions	O
will	O
also	O
provide	O
3	B-DATE
Q	I-DATE
2022	I-DATE
and	O
4	B-DATE
Q	I-DATE
2022	I-DATE
with	O
a	O
lower	O
base	O
to	O
grow	O
from	O
,	O
â	O
the	O
firm	O
added	O
.	O

Meanwhile	O
,	O
SSS	B-ORGANIZATION
said	O
in	O
their	O
Covid	B-BRANDS
update	O
report	O
released	O
in	O
April	B-DATE
2022	I-DATE
,	O
they	O
mentioned	O
that	O
about	O
N	B-MONEY
$	I-MONEY
13	I-MONEY
billion	I-MONEY
in	O
life	O
insurance	O
claims	O
were	O
paid	O
out	O
between	O
March	B-DATE
2020	I-DATE
and	O
September	B-DATE
2021	I-DATE
.	O

â	O
This	O
sizeable	O
amount	O
(	O
about	O
10	O
%	O
of	O
real	O
GDP	B-BRANDS
)	O
,	O
could	O
explain	O
the	O
rebound	O
in	O
volumes	O
traded	O
in	O
the	O
property	O
sector	O
and	O
could	O
support	O
renovations	O
or	O
residential	O
additions	O
for	O
the	O
rest	O
of	O
2022	B-DATE
and	O
potentially	O
in	O
2023	B-DATE
as	O
well	O
,	O
â	O
they	O
concluded	O
.	O

