Paratus	B-ORGANIZATION
Group	I-ORGANIZATION
Chief	O
Executive	O
and	O
Executive	O
Chairman	O
designate	O
,	O
Barney	B-GIVEN_NAME
Harmse	B-FAMILY_NAME
this	O
week	O
was	O
visibly	O
delighted	O
with	O
the	O
outcome	O
of	O
the	O
Supreme	B-ORGANIZATION
Court	I-ORGANIZATION
case	O
between	O
them	O
and	O
the	O
City	B-LOCATION
of	I-LOCATION
Windhoek	I-LOCATION|B-LOCATION
.	O

Harmse	B-GIVEN_NAME
said	O
on	O
19	B-DATE
July	I-DATE
the	O
court	O
ruling	O
in	O
their	O
favour	O
proves	O
that	O
the	O
attempt	O
by	O
the	O
City	B-LOCATION
of	I-LOCATION
Windhoek	I-LOCATION|B-LOCATION
to	O
disrupt	O
the	O
telecommunications	O
provider	O
âs	O
operations	O
,	O
was	O
illegal	O
.	O

After	O
undue	O
obstruction	O
to	O
continue	O
with	O
their	O
work	O
in	O
Windhoek	B-LOCATION
,	O
Paratus	B-ORGANIZATION
applied	O
to	O
the	O
High	B-ORGANIZATION
Court	I-ORGANIZATION
for	O
an	O
injunction	O
to	O
prevent	O
the	O
City	B-LOCATION
of	I-LOCATION
Windhoek	I-LOCATION|B-LOCATION
from	O
interfering	O
with	O
their	O
trenching	O
operations	O
.	O

The	O
City	B-LOCATION
lodged	O
an	O
appeal	O
against	O
the	O
High	B-ORGANIZATION
Court	I-ORGANIZATION
order	O
,	O
which	O
was	O
turned	O
down	O
by	O
the	O
Supreme	B-ORGANIZATION
Court	I-ORGANIZATION
.	O

â	O
We	O
at	O
Paratus	B-ORGANIZATION
Namibia	I-ORGANIZATION|B-LOCATION
are	O
very	O
proud	O
to	O
be	O
Namibians	B-AFFILIATION
and	O
we	O
consider	O
ourselves	O
privileged	O
to	O
be	O
in	O
a	O
country	O
where	O
the	O
Rule	O
of	O
Law	O
prevails	O
.	O

This	O
case	O
exemplifies	O
that	O
.	O

Even	O
though	O
we	O
do	O
not	O
harbour	O
any	O
bad	O
feelings	O
towards	O
the	O
City	B-LOCATION
,	O
we	O
will	O
stand	O
our	O
ground	O
if	O
they	O
decide	O
to	O
continue	O
disregarding	O
our	O
right	O
to	O
install	O
infrastructure	O
in	O
the	O
local	O
authority	O
area	O
,	O
â	O
added	O
Harmse	B-GIVEN_NAME
.	O

He	O
further	O
said	O
â	O
this	O
extended	O
legal	O
battle	O
has	O
racked	O
up	O
huge	O
costs	O
as	O
you	O
can	O
imagine	O
,	O
costs	O
that	O
the	O
taxpayer	O
inevitably	O
become	O
liable	O
for	O
.	O
â	O

â	O
The	O
intimidation	O
by	O
the	O
City	B-ORGANIZATION
Police	I-ORGANIZATION
on	O
behalf	O
of	O
the	O
City	B-LOCATION
of	I-LOCATION
Windhoek	I-LOCATION|B-LOCATION
caused	O
us	O
to	O
lose	O
millions	O
and	O
it	O
does	O
not	O
look	O
like	O
it	O
will	O
stop	O
,	O
therefore	O
we	O
reserve	O
our	O
right	O
.	O

The	O
fight	O
does	O
not	O
stop	O
here	O
,	O
â	O
emphasised	O
Harmse	B-GIVEN_NAME
.	O

He	O
said	O
their	O
mission	O
as	O
Paratus	B-ORGANIZATION
is	O
to	O
transform	O
Africa	B-LOCATION
through	O
exceptional	O
digital	O
infrastructure	O
and	O
customer	O
service	O
.	O

â	O
This	O
affair	O
was	O
merely	O
a	O
momentary	O
distraction	O
from	O
the	O
bigger	O
picture	O
,	O
and	O
we	O
will	O
continue	O
to	O
invest	O
in	O
infrastructure	O
and	O
connect	O
Africa	B-LOCATION
as	O
is	O
not	O
only	O
our	O
right	O
but	O
our	O
obligation	O
.	O

Our	O
track	O
record	O
speaks	O
for	O
itself	O
,	O
â	O
concluded	O
Harmse	B-GIVEN_NAME
.	O

Justifying	O
their	O
actions	O
against	O
Paratus	B-ORGANIZATION|B-LOCATION
Namibia	I-ORGANIZATION|B-LOCATION
,	O
the	O
City	B-LOCATION
of	I-LOCATION
Windhoek	I-LOCATION|B-LOCATION
said	O
they	O
were	O
protecting	O
public	O
space	O
from	O
abuse	O
for	O
purpose	O
of	O
self	O
-	O
interest	O
,	O
in	O
line	O
with	O
the	O
Local	B-BRANDS
Authorities	B-MISC
Act	I-MISC
(	I-MISC
Act	I-MISC
No	I-MISC
.	I-MISC
23	I-MISC
of	I-MISC
1992	I-MISC
.	I-MISC
)	I-MISC
.	O

