Aotearoa	B-LOCATION
New	I-LOCATION
Zealand	I-LOCATION
has	O
just	O
endured	O
its	O
wettest	O
-	O
and	O
fourth	O
warmest	O
-	O
July	B-DATE
ever	O
,	O
NIWA	B-ORGANIZATION
says	O
.	O

In	O
its	O
monthly	O
summary	O
,	O
the	O
National	B-ORGANIZATION
Institute	I-ORGANIZATION
of	I-ORGANIZATION
Water	I-ORGANIZATION
and	I-ORGANIZATION
Atmospheric	I-ORGANIZATION
Research	I-ORGANIZATION
(	O
NIWA	B-ORGANIZATION
)	O
said	O
from	O
11-31	B-DATE
July	I-DATE
,	O
five	O
separate	O
weather	O
events	O
delivered	O
enough	O
rain	O
to	O
cause	O
flooding	O
around	O
the	O
motu	O
.	O

The	O
culmination	O
of	O
these	O
frequent	O
rain	O
events	O
led	O
to	O
20	O
centres	O
experiencing	O
their	O
wettest	O
July	B-DATE
on	O
record	O
and	O
near	O
-	O
record	O
wet	O
months	O
for	O
a	O
further	O
25	O
locations	O
.	O

The	O
vast	O
majority	O
of	O
the	O
country	O
had	O
well	O
above	O
normal	O
rainfall	O
with	O
Wellington	B-LOCATION
and	O
Dunedin	B-LOCATION
experiencing	O
their	O
wettest	O
July	B-DATE
on	O
record	O
while	O
Auckland	B-LOCATION
and	O
Hamilton	B-LOCATION
saw	O
their	O
second	O
and	O
third	O
wettest	O
respectively	O
.	O

The	O
exceptions	O
were	O
coastal	O
parts	O
of	O
Gisborne	B-LOCATION
,	O
Hawke	B-LOCATION
's	I-LOCATION
Bay	I-LOCATION
and	O
northern	B-LOCATION
Wairarapa	I-LOCATION
,	O
which	O
experienced	O
below	O
normal	O
rainfall	O
.	O

In	O
Christchurch	B-LOCATION
,	O
it	O
was	O
the	O
wettest	O
month	O
(	O
of	O
any	O
month	O
)	O
on	O
record	O
.	O

The	O
310	O
mm	O
of	O
rain	O
recorded	O
there	O
was	O
the	O
first	O
time	O
that	O
more	O
than	O
300	O
mm	O
of	O
rain	O
fell	O
in	O
one	O
month	O
since	O
records	O
began	O
in	O
1863	B-DATE
.	O

It	O
represented	O
about	O
half	O
of	O
the	O
rain	O
the	O
city	O
typically	O
received	O
over	O
the	O
course	O
of	O
a	O
year	O
.	O

However	O
,	O
it	O
was	O
also	O
warm	O
,	O
especially	O
in	O
the	O
North	B-LOCATION
Island	I-LOCATION
where	O
temperatures	O
were	O
well	O
above	O
average	O
and	O
many	O
centres	O
experienced	O
record	O
or	O
near	O
-	O
record	O
warmth	O
.	O

Frequent	O
wet	O
weather	O
meant	O
that	O
it	O
was	O
also	O
a	O
cloudy	O
month	O
and	O
this	O
was	O
reflected	O
in	O
warmer	O
than	O
usual	O
overnight	O
temperatures	O
with	O
both	O
the	O
North	B-LOCATION
and	O
South	B-LOCATION
Islands	I-LOCATION
experiencing	O
record	O
or	O
near	O
-	O
record	O
high	O
mean	O
minimum	O
(	O
overnight	O
)	O
temperatures	O
.	O

Overall	O
,	O
it	O
was	O
New	B-LOCATION
Zealand	I-LOCATION
's	O
fourth	O
-	O
warmest	O
July	B-DATE
on	O
record	O
,	O
with	O
the	O
nationwide	O
average	O
temperature	O
(	O
9.9	O
degC	O
)	O
1.3	O
degC	O
above	O
average	O
,	O
NIWA	B-ORGANIZATION
said	O
.	O

Some	O
high	O
elevation	O
weather	O
stations	O
such	O
as	O
Mueller	B-LOCATION
Hut	I-LOCATION
(	O
in	O
Aoraki	B-LOCATION
/	I-LOCATION
Mt	I-LOCATION
Cook	I-LOCATION
National	I-LOCATION
park	I-LOCATION
)	O
in	O
NIWA	B-ORGANIZATION
's	O
snow	O
and	O
ice	O
network	O
recorded	O
snow	O
depths	O
during	O
July	O
that	O
were	O
the	O
largest	O
for	O
the	O
time	O
of	O
year	O
since	O
record	O
keeping	O
began	O
in	O
2010	B-DATE
.	O

NIWA	B-ORGANIZATION
said	O
the	O
wet	O
,	O
warm	O
weather	O
was	O
the	O
result	O
of	O
an	O
overall	O
air	O
pressure	O
pattern	O
that	O
saw	O
higher	O
than	O
usual	O
pressures	O
to	O
the	O
northeast	O
and	O
southwest	O
of	O
the	O
country	O
and	O
was	O
associated	O
with	O
more	O
northerly	O
quarter	O
air	O
flows	O
(	O
warm	O
and	O
wet	O
airmass	O
origin	O
)	O
.	O

The	O
dominant	O
pressure	O
setup	O
allowed	O
for	O
consecutive	O
low	O
-	O
pressure	O
systems	O
to	O
approach	O
from	O
the	O
northwest	O
which	O
were	O
supplied	O
with	O
flows	O
of	O
tropical	O
moisture	O
from	O
the	O
Coral	B-LOCATION
Sea	I-LOCATION
.	O

The	O
high	O
pressure	O
to	O
the	O
northeast	O
of	O
the	O
country	O
blocked	O
the	O
lows	O
from	O
moving	O
away	O
quickly	O
and	O
resulted	O
in	O
prolonged	O
rainfall	O
-	O
a	O
contrast	O
to	O
the	O
southerly	O
and	O
south	O
-	O
westerly	O
systems	O
which	O
are	O
more	O
characteristic	O
of	O
New	B-LOCATION
Zealand	I-LOCATION
winters	O
.	O

La	B-BRANDS
NiÃ±a	B-MISC
also	O
influenced	O
the	O
climate	O
system	O
,	O
bringing	O
more	O
northerly	O
quarter	O
air	O
flows	O
and	O
contributing	O
to	O
warm	O
sea	O
surface	O
temperatures	O
which	O
can	O
help	O
energise	O
incoming	O
storms	O
.	O

Further	O
highlights	O
:	O

The	O
highest	O
temperature	O
was	O
22.6	O
degC	O
,	O
observed	O
at	O
Bromley	B-LOCATION
on	O
14	B-DATE
July	I-DATE

The	O
lowest	O
temperature	O
was	O
-	O
11.6	O
degC	O
,	O
observed	O
at	O
Aoraki	B-LOCATION
/	O
Mt	B-LOCATION
Cook	I-LOCATION
Airport	I-LOCATION
on	O
17	B-DATE
July	I-DATE

The	O
highest	O
1	O
-	O
day	O
rainfall	O
was	O
371	O
mm	O
,	O
recorded	O
at	O
Aoraki	B-LOCATION
/	O
Mt	B-LOCATION
Cook	I-LOCATION
village	O
on	O
18	B-DATE
July	I-DATE

The	O
highest	O
wind	O
gust	O
was	O
198	O
km	O
/	O
h	O
,	O
observed	O
at	O
Waipara	B-LOCATION
West	I-LOCATION
on	O
9	B-DATE
July	I-DATE

Of	O
the	O
six	O
main	O
centres	O
,	O
Auckland	B-LOCATION
was	O
the	O
warmest	O
,	O
Christchurch	B-LOCATION
was	O
the	O
wettest	O
,	O
Hamilton	B-LOCATION
was	O
the	O
driest	O
,	O
Tauranga	B-LOCATION
was	O
the	O
sunniest	O
and	O
Dunedin	B-LOCATION
was	O
the	O
coldest	O
and	O
least	O
sunny	O

Of	O
the	O
available	O
,	O
regularly	O
reporting	O
sunshine	O
observation	O
sites	O
,	O
the	O
sunniest	O
four	O
regions	O
so	O
far	O
are	O
Taranaki	B-LOCATION
(	O
1539	B-DURATION
hours	I-DURATION
)	O
,	O
Bay	B-LOCATION
of	I-LOCATION
Plenty	I-LOCATION
(	O
147	O
8	B-DURATION
hours	I-DURATION
)	O
,	O
Greater	B-LOCATION
Nelson	I-LOCATION
(	O
146	O
2	B-DURATION
hours	I-DURATION
)	O
and	O
K	B-LOCATION
Ä	I-LOCATION
piti	I-LOCATION
Coast	I-LOCATION
(	O
1409	B-DURATION
hours	I-DURATION
)	O

