The	O
Waitangi	B-ORGANIZATION|B-LOCATION
Tribunal	I-ORGANIZATION
,	O
set	O
up	O
to	O
address	O
injustices	O
against	O
tangata	O
whenua	O
,	O
has	O
been	O
accused	O
of	O
being	O
unfair	O
to	O
MÄori	B-AFFILIATION
in	O
the	O
way	O
it	O
operates	O
.	O

The	O
Tribunal	B-ORGANIZATION
has	O
heard	O
that	O
a	O
lack	O
of	O
access	O
for	O
claimants	O
and	O
vast	O
inequities	O
in	O
resources	O
between	O
the	O
Crown	B-ORGANIZATION
and	O
MÄori	B-AFFILIATION
are	O
perpetuating	O
injustice	O
.	O

This	O
week	O
's	O
hearings	O
are	O
the	O
latest	O
in	O
the	O
Tribunal	B-ORGANIZATION
's	O
wide	O
-	O
ranging	O
kaupapa	O
inquiries	O
;	O
this	O
one	O
examining	O
how	O
the	O
justice	O
system	O
affects	O
M	B-AFFILIATION
Ä	I-AFFILIATION
ori	I-AFFILIATION
.	O
Its	O
first	O
two	B-DURATION
days	I-DURATION
were	O
spent	O
examining	O
access	O
to	O
the	O
Tribunal	B-ORGANIZATION
itself	O
.	O

Ng	B-LOCATION
Ä	I-LOCATION
ti	I-LOCATION
Hine	I-LOCATION
leader	O
Pita	B-GIVEN_NAME
Tipene	B-FAMILY_NAME
used	O
a	O
whakatauk	O
Ä«	O
to	O
describe	O
how	O
he	O
saw	O
things	O
for	O
claimant	O
groups	O
.	O

"	O
He	O
parirau	O
ki	O
te	O
rangi	O
,	O
he	O
tirohanga	O
mutu	O
ng	O
Ä	O
kore	O
,	O
he	O
huruhuru	O
ki	O
te	O
ururua	O
,	O
he	O
timotimo	O
haere	O
,	O
"	O
he	O
told	O
the	O
hearing	O
on	O
its	O
opening	O
day	O
:	O
The	O
Crown	B-ORGANIZATION
is	O
like	O
a	O
soaring	O
hawk	O
,	O
high	O
above	O
,	O
beady	O
eyed	O
and	O
predatory	O
,	O
ready	O
to	O
swoop	O
with	O
ease	O
.	O
Claimants	O
,	O
however	O
,	O
are	O
like	O
a	O
kiwi	O
:	O
flightless	O
,	O
poking	O
about	O
in	O
the	O
dark	O
.	O

"	O
It	O
goes	O
a	O
long	O
way	O
to	O
describe	O
the	O
manufactured	O
and	O
the	O
artificially	O
constructed	O
situation	O
we	O
are	O
faced	O
with	O
as	O
claimants	O
in	O
the	O
Waitangi	B-ORGANIZATION
Tribunal	I-ORGANIZATION
,	O
"	O
Tipene	B-GIVEN_NAME
said	O
.	O

"	O
For	O
the	O
avoidance	O
of	O
any	O
doubt	O
,	O
the	O
Crown	B-ORGANIZATION
has	O
the	O
strong	O
feathers	O
and	O
the	O
capability	O
in	O
any	O
inquiry	O
,	O
supported	O
with	O
much	O
resource	O
;	O
we	O
as	O
the	O
claimants	O
are	O
the	O
kiwi	B-AFFILIATION
.	O
"	O

The	O
Waitangi	B-ORGANIZATION
Tribunal	I-ORGANIZATION
was	O
set	O
up	O
nearly	O
50	B-DURATION
years	I-DURATION
ago	O
as	O
a	O
permanent	O
commission	O
of	O
inquiry	O
to	O
keep	O
watch	O
over	O
the	O
Crown	B-ORGANIZATION
and	O
address	O
injustices	O
.	O

But	O
claimant	O
Marise	B-GIVEN_NAME
Lant	B-FAMILY_NAME
said	O
the	O
Tribunal	B-ORGANIZATION
itself	O
could	O
often	O
be	O
the	O
source	O
of	O
grievances	O
.	O

"	O
I	O
believe	O
it	O
's	O
dysfunctional	O
,	O
"	O
she	O
said	O
.	O
"	O
And	O
a	O
structure	O
that	O
's	O
dysfunctional	O
cannot	O
represent	O
or	O
offer	O
my	O
people	O
that	O
fair	O
representation	O
in	O
terms	O
of	O
the	O
treaty	O
.	O
"	O

To	O
get	O
before	O
the	O
Tribunal	B-ORGANIZATION
often	O
involves	O
a	O
cumbersome	O
process	O
and	O
vast	O
amounts	O
of	O
time	O
and	O
resource	O
.	O

That	O
can	O
be	O
a	O
tough	O
ask	O
for	O
small	O
,	O
remote	O
whÄnau	B-AFFILIATION
,	O
or	O
poorly	O
-	O
resourced	O
hapÅ«	B-AFFILIATION
,	O
or	O
smell	O
-	O
of	O
-	O
an	O
-	O
oily	O
-	O
rag	O
community	O
groups	O
trying	O
to	O
go	O
up	O
against	O
the	O
machinery	O
of	O
the	O
Crown	B-ORGANIZATION
.	O

For	O
the	O
past	O
two	B-DURATION
days	I-DURATION
,	O
the	O
Tribunal	B-ORGANIZATION
has	O
heard	O
evidence	O
of	O
hurdles	O
getting	O
support	O
from	O
Te	B-ORGANIZATION
Arawhiti	I-ORGANIZATION
or	O
Legal	B-ORGANIZATION
Aid	I-ORGANIZATION
,	O
of	O
cumbersome	O
and	O
bureaucratic	O
criteria	O
that	O
did	O
little	O
to	O
match	O
what	O
was	O
needed	O
.	O

Auckland	B-ORGANIZATION|B-LOCATION
's	I-ORGANIZATION
Waipareira	I-ORGANIZATION
Trust	I-ORGANIZATION
chief	O
executive	O
John	B-GIVEN_NAME
Tamihere	B-FAMILY_NAME
gave	O
an	O
example	O
from	O
a	O
recent	O
hearing	O
into	O
Oranga	B-ORGANIZATION
Tamariki	I-ORGANIZATION
.	O

"	O
When	O
a	O
state	O
agency	O
has	O
118	O
lawyers	O
employed	O
within	O
it	O
,	O
has	O
the	O
ability	O
to	O
reach	O
out	O
-	O
at	O
leisure	O
and	O
at	O
its	O
own	O
whim	O
-	O
without	O
any	O
thought	O
about	O
cost	O
of	O
migrating	O
in	O
specialists	O
,	O
from	O
QCs	B-BRANDS
all	O
the	O
way	O
through	O
,	O
"	O
he	O
said	O
,	O
"	O
that	O
is	O
not	O
equality	O
.	O
"	O

Counsel	O
Cameron	B-GIVEN_NAME
Hockly	B-FAMILY_NAME
said	O
the	O
reality	O
for	O
claimants	O
could	O
not	O
have	O
been	O
more	O
stark	O
.	O

Many	O
claimants	O
may	O
only	O
have	O
a	O
single	O
lawyer	O
running	O
off	O
a	O
sliver	O
of	O
legal	O
aid	O
.	O
Claimants	O
can	O
only	O
offer	O
koha	O
to	O
expert	O
witnesses	O
,	O
and	O
vast	O
research	O
reports	O
are	O
often	O
done	O
on	O
voluntary	O
time	O
.	O
In	O
some	O
cases	O
,	O
iwi	B-AFFILIATION
tohunga	O
are	O
not	O
considered	O
experts	O
in	O
the	O
Crown	B-ORGANIZATION
's	O
criteria	O
for	O
legal	O
aid	O
.	O

"	O
It	O
's	O
very	O
difficult	O
,	O
"	O
Hockly	B-GIVEN_NAME
said	O
.	O

"	O
You	O
fall	O
to	O
Moana	B-GIVEN_NAME
Jackson	B-FAMILY_NAME
's	O
situation	O
,	O
you	O
know	O
,	O
are	O
they	O
willing	O
to	O
do	O
it	O
for	O
a	O
koha	O
.	O
If	O
you're	O
very	O
lucky	O
you	O
might	O
have	O
an	O
academic	O
who	O
's	O
an	O
expert	O
on	O
the	O
kaupapa	O
who	O
's	O
basically	O
already	O
covered	O
it	O
.	O
But	O
if	O
those	O
people	O
are	O
n't	O
there	O
or	O
they	O
're	O
too	O
busy	O
,	O
then	O
it	O
's	O
very	O
difficult	O
.	O
"	O

Access	O
was	O
another	O
barrier	O
,	O
he	O
said	O
.	O

Many	O
wh	O
Ä	O
nau	O
often	O
had	O
difficulty	O
getting	O
to	O
hearings	O
,	O
while	O
the	O
Crown	B-ORGANIZATION
would	O
have	O
observers	O
flown	O
in	O
to	O
sit	O
through	O
the	O
entire	O
process	O
-	O
if	O
it	O
was	O
ever	O
held	O
outside	O
of	O
Wellington	B-LOCATION
.	O

"	O
Claimants	O
always	O
want	O
to	O
be	O
present	O
,	O
they	O
really	O
do	O
.	O
It	O
's	O
as	O
much	O
being	O
the	O
face	O
to	O
the	O
claim	O
,	O
representing	O
the	O
group	O
that	O
they	O
are	O
there	O
for	O
.	O
And	O
it	O
's	O
about	O
being	O
present	O
in	O
a	O
process	O
that	O
could	O
have	O
very	O
serious	O
implications	O
for	O
them	O
.	O
"	O

Hockly	B-GIVEN_NAME
,	O
who	O
has	O
represented	O
claimants	O
on	O
several	O
significant	O
inquiries	O
,	O
told	O
the	O
Tribunal	B-ORGANIZATION
the	O
barriers	O
were	O
likely	O
to	O
be	O
perpetuating	O
injustices	O
.	O

Tamihere	B-GIVEN_NAME
said	O
the	O
way	O
things	O
stood	O
was	O
far	O
from	O
just	O
.	O

"	O
You	O
just	O
ca	O
n't	O
possibly	O
suggest	O
that	O
when	O
a	O
M	B-AFFILIATION
Ä	I-AFFILIATION
ori	I-AFFILIATION
claimant	O
comes	O
against	O
the	O
full	O
force	O
of	O
the	O
state	O
that	O
there	O
is	O
equality	O
before	O
the	O
law	O
in	O
terms	O
of	O
their	O
ability	O
to	O
actually	O
put	O
their	O
case	O
and	O
defend	O
it	O
.	O
"	O

The	O
first	O
stage	O
of	O
the	O
inquiry	O
runs	O
until	O
Friday	B-DATE
.	O

