On	O
the	O
35th	O
anniversary	O
of	O
te	O
reo	O
M	B-AFFILIATION
Ä	I-AFFILIATION
ori	I-AFFILIATION
becoming	O
an	O
official	O
language	O
,	O
the	O
M	B-ORGANIZATION|B-AFFILIATION
Ä	I-ORGANIZATION|I-AFFILIATION
ori	I-ORGANIZATION|I-AFFILIATION
Language	I-ORGANIZATION
Commission	I-ORGANIZATION
is	O
warning	O
more	O
work	O
is	O
needed	O
to	O
ensure	O
its	O
survival	O
.	O

In	O
1987	B-DATE
,	O
a	O
bill	O
introduced	O
by	O
Koro	B-GIVEN_NAME
Wetere	B-FAMILY_NAME
was	O
passed	O
after	O
years	O
of	O
campaigning	O
-	O
including	O
the	O
M	B-AFFILIATION
Ä	I-AFFILIATION
ori	I-AFFILIATION
language	O
petition	O
,	O
the	O
land	O
marches	O
and	O
Ng	B-ORGANIZATION
Ä	I-ORGANIZATION
Tamatoa	I-ORGANIZATION
movements	O
.	O

Up	O
until	O
the	O
late	O
1960s	B-DATE
,	O
the	O
language	O
was	O
officially	O
discouraged	O
and	O
tamariki	O
faced	O
corporal	O
punishment	O
for	O
speaking	O
their	O
native	O
tongue	O
.	O

Haare	B-GIVEN_NAME
Williams	B-FAMILY_NAME
-	O
on	O
an	O
RNZ	B-ORGANIZATION
panel	O
about	O
the	O
language	O
bill	O
broadcast	O
in	O
1986	B-DATE
-	O
said	O
it	O
was	O
crucial	O
for	O
the	O
country	O
that	O
it	O
survive	O
.	O

"	O
We	O
should	O
never	O
underestimate	O
the	O
emotive	O
power	O
of	O
the	O
M	B-AFFILIATION
Ä	I-AFFILIATION
ori	I-AFFILIATION
language	O
.	O
The	O
danger	O
of	O
loss	O
is	O
irretrievable	O
and	O
like	O
the	O
plague	O
the	O
danger	O
is	O
contagious	O
,	O
"	O
Williams	B-GIVEN_NAME
said	O
.	O

"	O
Should	O
we	O
lose	O
the	O
M	B-AFFILIATION
Ä	I-AFFILIATION
ori	I-AFFILIATION
language	O
in	O
this	O
country	O
,	O
both	O
M	B-AFFILIATION
Ä	I-AFFILIATION
ori	I-AFFILIATION
and	O
P	B-AFFILIATION
Ä	I-AFFILIATION
keh	I-AFFILIATION
Ä	I-AFFILIATION
will	O
be	O
the	O
losers	O
and	O
both	O
will	O
be	O
guilty	O
of	O
allowing	O
it	O
to	O
die	O
.	O
"	O

Thirty	O
-	O
five	B-DURATION
years	I-DURATION
later	O
,	O
Te	B-ORGANIZATION
Taura	I-ORGANIZATION
Whiri	I-ORGANIZATION
itereo	I-ORGANIZATION
MÄori	I-ORGANIZATION
chief	O
executive	O
Ngahiwi	B-GIVEN_NAME
Apanui	B-FAMILY_NAME
is	O
celebrating	O
where	O
the	O
reo	O
is	O
at	O
but	O
also	O
taking	O
stock	O
.	O

While	O
demand	O
for	O
courses	O
is	O
through	O
the	O
roof	O
and	O
about	O
30	O
percent	O
of	O
people	O
today	O
consider	O
themselves	O
proficient	O
in	O
te	O
reo	O
M	B-AFFILIATION
Ä	I-AFFILIATION
ori	I-AFFILIATION
,	O
it	O
would	O
still	O
be	O
classified	O
as	O
endangered	O
.	O

Apanui	B-GIVEN_NAME
said	O
the	O
goal	O
of	O
one	O
million	O
reo	O
speakers	O
by	O
2040	B-DATE
was	O
still	O
a	O
long	O
way	O
off	O
.	O

"	O
Only	O
3000	O
teachers	O
today	O
to	O
satisfy	O
demand	O
for	O
kids	O
going	O
into	O
M	B-AFFILIATION
Ä	I-AFFILIATION
ori	I-AFFILIATION
medium	O
and	O
for	O
English	B-AFFILIATION
medium	O
,	O
they	O
need	O
30,000	O
teachers	O
.	O
So	O
that	O
kind	O
of	O
gives	O
you	O
an	O
idea	O
of	O
the	O
problem	O
or	O
the	O
issue	O
that	O
we	O
face	O
,	O
"	O
Apanui	B-GIVEN_NAME
said	O
.	O

"	O
The	O
good	O
thing	O
is	O
there	O
's	O
unprecedented	O
demand	O
for	O
te	O
reo	O
but	O
the	O
issue	O
is	O
what	O
is	O
the	O
production	O
line	O
.	O
"	O

That	O
was	O
evident	O
in	O
the	O
disparities	O
faced	O
by	O
the	O
very	O
language	O
nests	O
that	O
are	O
meant	O
to	O
help	O
the	O
reo	O
flourish	O
.	O

Kohanga	B-AFFILIATION
and	O
Kura	B-AFFILIATION
Kaupapa	I-AFFILIATION
were	O
set	O
up	O
in	O
the	O
same	O
wave	O
in	O
which	O
parliament	O
acknowledged	O
te	O
reo	O
MÄori	B-AFFILIATION
.	O
But	O
since	O
their	O
inception	O
they	O
have	O
had	O
to	O
fight	O
for	O
funding	O
,	O
resources	O
and	O
acknowledgment	O
.	O

Te	B-ORGANIZATION|B-AFFILIATION
RÅ«nanganui	I-ORGANIZATION|I-AFFILIATION
of	I-ORGANIZATION
NgÄ	I-ORGANIZATION
Kura	I-ORGANIZATION
Kaupapa	I-ORGANIZATION
chair	O
Rawiri	B-GIVEN_NAME
Wright	B-FAMILY_NAME
said	O
if	O
they	O
were	O
better	O
resourced	O
,	O
successive	O
governments	O
would	O
be	O
closer	O
to	O
their	O
own	O
reo	O
goals	O
.	O

"	O
There	O
were	O
more	O
than	O
800	O
k	O
Å	O
hanga	O
reo	O
,	O
there	O
are	O
now	O
480	O
there	O
or	O
thereabouts	O
and	O
if	O
Kura	B-AFFILIATION
Kaupapa	I-AFFILIATION
M	I-AFFILIATION
Ä	I-AFFILIATION
ori	I-AFFILIATION
had	O
been	O
properly	O
and	O
equitably	O
resourced	O
...	O
we	O
currently	O
have	O
6500	O
students	O
in	O
kaupapa	O
M	B-AFFILIATION
Ä	I-AFFILIATION
ori	I-AFFILIATION
but	O
there	O
should	O
be	O
closer	O
to	O
10,000	O
.	O
"	O

Wright	B-GIVEN_NAME
said	O
teaching	O
the	O
language	O
runs	O
deeper	O
than	O
just	O
understanding	O
what	O
was	O
being	O
spoken	O
.	O

"	O
It	O
's	O
not	O
just	O
about	O
reo	O
M	B-AFFILIATION
Ä	I-AFFILIATION
ori	I-AFFILIATION
,	O
it	O
's	O
about	O
m	O
Ä	O
tauranga	O
M	B-AFFILIATION
Ä	I-AFFILIATION
ori	I-AFFILIATION
,	O
tikangi	O
M	B-AFFILIATION
Ä	I-AFFILIATION
ori	I-AFFILIATION
,	O
M	B-AFFILIATION
Ä	I-AFFILIATION
ori	I-AFFILIATION
worldview	O
,	O
M	B-AFFILIATION
Ä	I-AFFILIATION
ori	I-AFFILIATION
face	O
,	O
belief	O
,	O
essence	O
and	O
just	O
being	O
M	B-AFFILIATION
Ä	I-AFFILIATION
ori	I-AFFILIATION
,	O
"	O
he	O
said	O
.	O

Ngahiwi	B-GIVEN_NAME
Apanui	B-FAMILY_NAME
said	O
there	O
were	O
still	O
inequities	O
in	O
accessing	O
the	O
language	O
,	O
and	O
mainstream	O
schools	O
were	O
important	O
to	O
addressing	O
that	O
.	O

"	O
Not	O
all	O
M	B-AFFILIATION
Ä	I-AFFILIATION
ori	I-AFFILIATION
are	O
in	O
M	B-AFFILIATION
Ä	I-AFFILIATION
ori	I-AFFILIATION
medium	O
...	O
and	O
often	O
it	O
's	O
socioeconomically	O
related	O
,	O
if	O
you	O
look	O
through	O
South	B-LOCATION
Auckland	I-LOCATION
,	O
for	O
instance	O
,	O
you	O
wo	O
n't	O
find	O
as	O
many	O
children	O
coming	O
out	O
of	O
families	O
speaking	O
te	O
reo	O
M	B-AFFILIATION
Ä	I-AFFILIATION
ori	I-AFFILIATION
as	O
you	O
would	O
if	O
you	O
looked	O
at	O
the	O
middle	O
working	O
class	O
sector	O
of	O
society	O
in	O
Wellington	B-LOCATION
,	O
"	O
Apanui	B-GIVEN_NAME
said	O
.	O

