The	O
coastal	O
road	O
providing	O
the	O
main	O
access	O
to	O
M	B-LOCATION
Ä	I-LOCATION
hia	I-LOCATION
Peninsula	I-LOCATION
is	O
slowly	O
dropping	O
into	O
the	O
sea	O
,	O
leaving	O
one	O
concerned	O
resident	O
wondering	O
what	O
plan	O
of	O
action	O
is	O
to	O
be	O
taken	O
.	O

Nuhaka	B-LOCATION
Opoutama	I-LOCATION
Road	I-LOCATION
connects	O
Hawke	B-LOCATION
's	I-LOCATION
Bay	I-LOCATION
/	O
Wairoa	B-LOCATION
(	O
from	O
the	O
south	O
)	O
and	O
Gisborne	B-LOCATION
(	O
north	O
)	O
with	O
M	B-LOCATION
Ä	I-LOCATION
hia	I-LOCATION
-	O
a	O
peninsula	O
home	O
to	O
1100	O
people	O
which	O
burgeons	O
with	O
holidaymakers	O
over	O
summer	O
.	O

But	O
road	O
cones	O
have	O
become	O
a	O
familiar	O
sight	O
on	O
the	O
road	O
,	O
where	O
coastal	O
erosion	O
has	O
created	O
slumps	O
and	O
drop	O
-	O
offs	O
,	O
forcing	O
drivers	O
into	O
a	O
single	O
lane	O
at	O
some	O
sections	O
.	O

At	O
one	O
point	O
,	O
traffic	O
comes	O
within	O
a	O
few	O
metres	O
of	O
a	O
cliff	O
's	O
edge	O
,	O
where	O
the	O
road	O
's	O
shoulder	O
has	O
given	O
away	O
and	O
crumbled	O
onto	O
the	O
beach	O
below	O
.	O

For	O
Mahia	B-LOCATION
resident	O
Merv	B-GIVEN_NAME
Goodley	B-FAMILY_NAME
,	O
who	O
has	O
lived	O
in	O
the	O
area	O
for	O
39	B-DURATION
years	I-DURATION
,	O
seeing	O
the	O
coastline	O
drop	O
into	O
the	O
sea	O
has	O
become	O
normal	O
.	O

"	O
They	O
've	O
just	O
got	O
to	O
put	O
a	O
new	O
road	O
through	O
...	O
just	O
shift	O
it	O
all	O
in	O
,	O
"	O
he	O
said	O
.	O

"	O
I	O
do	O
n't	O
think	O
they	O
can	O
cut	O
inland	O
over	O
the	O
other	O
side	O
of	O
the	O
hill	O
.	O

"	O
It	O
's	O
stuffed	O
.	O

Beach	B-LOCATION
Loop	I-LOCATION
proves	O
that	O
.	O

It	O
's	O
all	O
dropping	O
into	O
the	O
sea	O
.	O
"	O

Part	O
of	O
the	O
problem	O
was	O
the	O
papa	O
the	O
roads	O
were	O
built	O
on	O
,	O
he	O
said	O
,	O
referring	O
to	O
the	O
East	B-LOCATION
Coast	I-LOCATION
's	O
soft	O
mudstone	O
rock	O
that	O
is	O
prone	O
to	O
crumbling	O
.	O

Goodley	B-GIVEN_NAME
feared	O
Nuhaka	B-LOCATION
Opoutama	I-LOCATION
Road	I-LOCATION
could	O
be	O
destined	O
for	O
the	O
same	O
fate	O
as	O
Beach	B-LOCATION
Loop	I-LOCATION
-	O
an	O
area	O
between	O
M	B-LOCATION
Ä	I-LOCATION
hia	I-LOCATION
and	O
Gisborne	B-LOCATION
-	O
where	O
the	O
landscape	O
changed	O
significantly	O
after	O
a	O
landslide	O
in	O
November	B-DATE
last	O
year	O
.	O

The	O
area	O
had	O
particular	O
interest	O
to	O
him	O
because	O
of	O
its	O
significance	O
as	O
part	O
of	O
the	O
Napier	B-LOCATION
-	I-LOCATION
Gisborne	I-LOCATION
railroad	I-LOCATION
,	O
which	O
ceased	O
operation	O
in	O
2012	B-DATE
following	O
severe	O
weather	O
.	O

In	O
May	B-DATE
,	O
the	O
railroad	O
was	O
thrust	O
back	O
into	O
the	O
spotlight	O
when	O
it	O
was	O
revealed	O
Gisborne	B-ORGANIZATION|B-LOCATION
District	I-ORGANIZATION
Council	I-ORGANIZATION
,	O
Hawke	B-ORGANIZATION|B-LOCATION
's	I-ORGANIZATION|I-LOCATION
Bay	I-ORGANIZATION|I-LOCATION
Regional	I-ORGANIZATION
Council	I-ORGANIZATION
and	O
Wairoa	B-ORGANIZATION|B-LOCATION
District	I-ORGANIZATION
Council	I-ORGANIZATION
had	O
spent	O
$	B-MONEY
60,000	I-MONEY
on	O
a	O
report	O
looking	O
into	O
a	O
potential	O
reopening	O
.	O

The	O
Napier	B-LOCATION
-	O
Wairoa	B-LOCATION
section	O
reopened	O
in	O
2019	B-DATE
but	O
the	O
stretch	O
to	O
Gisborne	B-LOCATION
has	O
remained	O
closed	O
.	O

Goodley	B-GIVEN_NAME
feared	O
holding	O
on	O
to	O
hope	O
for	O
rail	O
reinstatement	O
had	O
come	O
at	O
the	O
expense	O
of	O
Nuhaka	B-LOCATION
Opoutama	I-LOCATION
Road	I-LOCATION
.	O

At	O
a	O
section	O
before	O
Opoutama	B-LOCATION
,	O
the	O
road	O
has	O
been	O
reduced	O
to	O
a	O
single	O
lane	O
adjacent	O
to	O
the	O
now	O
-	O
unused	O
railway	O
track	O
.	O

Wairoa	B-ORGANIZATION|B-LOCATION
District	I-ORGANIZATION
Council	I-ORGANIZATION
told	O
Local	B-ORGANIZATION
Democracy	I-ORGANIZATION
Reporting	I-ORGANIZATION
it	O
was	O
working	O
with	O
KiwiRail	B-ORGANIZATION
,	O
which	O
had	O
agreed	O
to	O
move	O
the	O
rail	O
inland	O
at	O
the	O
blowhole	O
site	O
to	O
allow	O
for	O
shifting	O
the	O
road	O
over	O
.	O

The	O
council	O
is	O
aware	O
of	O
two	O
new	O
dropouts	O
-	O
one	O
along	O
Blacks	B-LOCATION
Beach	I-LOCATION
,	O
where	O
the	O
road	O
has	O
been	O
reduced	O
to	O
a	O
single	O
lane	O
,	O
and	O
one	O
along	O
Mahia	B-LOCATION
East	I-LOCATION
Coast	I-LOCATION
Road	I-LOCATION
.	O

Wairoa	B-ORGANIZATION|B-LOCATION
District	I-ORGANIZATION
Council	I-ORGANIZATION
chief	O
executive	O
Kitea	B-GIVEN_NAME
Tipuna	B-FAMILY_NAME
said	O
both	O
occurred	O
during	O
the	O
heavy	O
rainfall	O
events	O
of	O
March	B-DATE
and	O
April	B-DATE
.	O

"	O
Climate	O
change	O
appears	O
to	O
be	O
exacerbating	O
coastal	O
erosion	O
,	O
"	O
Tipuna	B-GIVEN_NAME
said	O
.	O

Coastal	O
erosion	O
and	O
M	B-LOCATION
Ä	I-LOCATION
hia	I-LOCATION
connectivity	O
had	O
been	O
identified	O
as	O
key	O
areas	O
of	O
the	O
council	O
's	O
land	O
transport	O
activity	O
management	O
plan	O
for	O
2021-2031	B-DATE
,	O
he	O
said	O
.	O

The	O
Nuhaka	B-LOCATION
Opoutama	I-LOCATION
Road	I-LOCATION
was	O
recognised	O
as	O
a	O
key	O
project	O
in	O
the	O
Hawke	B-BRANDS|B-LOCATION
's	B-MISC|I-LOCATION
Bay	I-MISC|I-LOCATION
Regional	I-MISC
Transport	I-MISC
Plan	I-MISC
,	O
and	O
the	O
council	O
was	O
also	O
working	O
with	O
external	O
funders	O
to	O
secure	O
25	O
percent	O
of	O
an	O
estimated	O
$	B-MONEY
8.4	I-MONEY
million	I-MONEY
required	O
to	O
strengthen	O
the	O
coastline	O
.	O

The	O
remainder	O
would	O
be	O
funded	O
by	O
Waka	B-ORGANIZATION
Kotahi	I-ORGANIZATION
NZ	I-ORGANIZATION
Transport	I-ORGANIZATION
Agency	I-ORGANIZATION
.	O

In	O
2020	B-DATE
,	O
a	O
business	O
case	O
funded	O
by	O
the	O
Provincial	B-ORGANIZATION
Growth	I-ORGANIZATION
Fund	I-ORGANIZATION
found	O
protecting	O
the	O
existing	O
Nuhaka	B-LOCATION
Opoutama	I-LOCATION
Road	I-LOCATION
,	O
including	O
the	O
blowhole	O
dropout	O
,	O
was	O
the	O
best	O
way	O
forward	O
.	O

