Muscat	B-LOCATION
:	O
With	O
the	O
Royal	O
Blessing	O
of	O
His	O
Majesty	O
Sultan	O
Haitham	B-GIVEN_NAME
bin	B-FAMILY_NAME
Tarik	I-FAMILY_NAME
,	O
the	O
Supreme	O
Commander	O
,	O
comes	O
the	O
establishment	O
of	O
International	B-ORGANIZATION
Olympic	I-ORGANIZATION
Shooting	I-ORGANIZATION
Clubs	I-ORGANIZATION
as	O
one	O
of	O
the	O
sports	O
,	O
social	O
and	O
educational	O
establishments	O
under	O
the	O
supervision	O
of	O
Oman	B-ORGANIZATION|B-LOCATION
Shooting	I-ORGANIZATION
Association	I-ORGANIZATION
with	O
the	O
purpose	O
of	O
preservation	O
of	O
the	O
cultural	O
heritage	O
and	O
encouragement	O
of	O
national	O
youth	O
to	O
practice	O
this	O
vital	O
sport	O
.	O

International	O
shooting	O
sport	O
is	O
one	O
of	O
the	O
Olympic	B-BRANDS
sports	O
exercised	O
in	O
most	O
countries	O
,	O
worldwide	O
,	O
and	O
is	O
governed	O
by	O
the	O
laws	O
and	O
regulations	O
of	O
the	O
International	B-ORGANIZATION
Shooting	I-ORGANIZATION
Sport	I-ORGANIZATION
Federation	I-ORGANIZATION
(	O
ISSF	B-ORGANIZATION
)	O
and	O
targets	O
unified	O
management	O
of	O
shooting	O
competitions	O
,	O
worldwide	O
,	O
for	O
development	O
of	O
this	O
sport	O
.	O

The	O
establishment	O
of	O
these	O
clubs	O
aims	O
to	O
provide	O
the	O
national	O
shooting	O
team	O
with	O
the	O
national	O
youth	O
of	O
both	O
genders	O
to	O
enable	O
them	O
to	O
efficiently	O
participate	O
in	O
the	O
regional	O
and	O
international	O
competitions	O
and	O
to	O
build	O
their	O
characters	O
in	O
accordance	O
with	O
the	O
instructions	O
and	O
teachings	O
of	O
Islam	B-AFFILIATION
,	O
besides	O
training	O
youngsters	O
in	O
the	O
safe	O
use	O
of	O
shooting	O
weapons	O
and	O
for	O
creation	O
of	O
clear	O
systems	O
for	O
this	O
sport	O
.	O

It	O
also	O
aims	O
to	O
expand	O
the	O
sports	O
base	O
and	O
disseminate	O
the	O
concept	O
of	O
the	O
international	O
Olympic	B-BRANDS
shooting	O
at	O
the	O
level	O
of	O
the	O
Sultanate	B-LOCATION
.	O

Vice	O
Admiral	O
,	O
Abdullah	B-GIVEN_NAME
bin	B-FAMILY_NAME
Khamis	I-FAMILY_NAME
Al	I-FAMILY_NAME
Raisi	I-FAMILY_NAME
,	O
Chief	O
of	O
Staff	O
of	O
the	O
Sultan	B-ORGANIZATION
âs	I-ORGANIZATION
Armed	I-ORGANIZATION
Forces	I-ORGANIZATION
(	O
SAF	B-ORGANIZATION
)	O
said	O
that	O
â	O
the	O
Royal	O
Blessing	O
for	O
establishment	O
of	O
International	B-ORGANIZATION
Olympic	I-ORGANIZATION
Shooting	I-ORGANIZATION
Clubs	I-ORGANIZATION
comes	O
within	O
the	O
keenness	O
of	O
His	O
Majesty	O
Sultan	O
Haitham	B-GIVEN_NAME
bin	B-FAMILY_NAME
Tarik	I-FAMILY_NAME
for	O
provision	O
of	O
the	O
appropriate	O
environment	O
for	O
this	O
cultural	O
heritage	O
and	O
is	O
consistent	O
with	O
the	O
regulations	O
and	O
laws	O
followed	O
to	O
this	O
effect	O
.	O

â	O
The	O
establishment	O
of	O
the	O
clubs	O
represents	O
an	O
opportunity	O
for	O
upgrading	O
the	O
level	O
and	O
skills	O
of	O
shooters	O
and	O
is	O
also	O
an	O
opportunity	O
for	O
selection	O
of	O
the	O
youth	O
capable	O
or	O
representing	O
the	O
Sultanate	B-LOCATION
in	O
the	O
regional	O
competitions	O
â	O
.	O

He	O
added	O
that	O
the	O
â	O
clubs	O
are	O
hoped	O
to	O
be	O
the	O
best	O
place	O
for	O
the	O
youth	O
to	O
exercise	O
this	O
sport	O
â	O
.	O

He	O
also	O
reaffirmed	O
the	O
keenness	O
and	O
care	O
of	O
the	O
Sultan	B-ORGANIZATION
âs	I-ORGANIZATION
Armed	I-ORGANIZATION
Forces	I-ORGANIZATION
for	O
this	O
sport	O
in	O
the	O
form	O
of	O
local	O
training	O
programmes	O
and	O
external	O
camps	O
and	O
international	O
and	O
regional	O
participations	O
,	O
which	O
have	O
resulted	O
in	O
achievement	O
of	O
excellent	O
results	O
that	O
have	O
contributed	O
and	O
added	O
to	O
the	O
Sultanate	B-LOCATION
âs	O
status	O
in	O
the	O
international	O
arena	O
.	O

He	O
also	O
laid	O
stress	O
on	O
the	O
necessity	O
of	O
for	O
observing	O
the	O
instructions	O
regulating	O
the	O
sport	O
and	O
the	O
work	O
of	O
these	O
clubs	O
and	O
employing	O
all	O
their	O
facilities	O
for	O
the	O
interest	O
of	O
the	O
shooters	O
.	O

Major	O
general	O
Mattar	B-GIVEN_NAME
bin	B-FAMILY_NAME
Salim	I-FAMILY_NAME
Al	I-FAMILY_NAME
Balushi	I-FAMILY_NAME
,	O
Commander	O
of	O
the	O
Royal	B-ORGANIZATION
Army	I-ORGANIZATION
of	I-ORGANIZATION
Oman	I-ORGANIZATION|B-LOCATION
(	O
RAO	B-ORGANIZATION
)	O
and	O
first	O
vice	O
-	O
chairman	O
of	O
Oman	B-ORGANIZATION|B-LOCATION
Shooting	I-ORGANIZATION
Association	I-ORGANIZATION
congratulated	O
SAF	B-ORGANIZATION
personnel	O
and	O
citizens	O
for	O
the	O
Royal	O
Blessing	O
of	O
His	O
Majesty	O
Sultan	O
Haitham	B-GIVEN_NAME
bin	B-FAMILY_NAME
Tarik	I-FAMILY_NAME
,	I-FAMILY_NAME
the	O
Supreme	O
Commander	O
,	O
for	O
the	O
establishment	O
of	O
International	B-ORGANIZATION
Olympic	I-ORGANIZATION
Shooting	I-ORGANIZATION
Club	I-ORGANIZATION
in	O
the	O
Sultanate	B-LOCATION
of	I-LOCATION
Oman	I-LOCATION
,	O
which	O
he	O
said	O
would	O
meet	O
the	O
needs	O
of	O
the	O
various	O
sectors	O
in	O
the	O
field	O
of	O
shooting	O
,	O
which	O
in	O
turn	O
,	O
represents	O
an	O
original	O
cultural	O
heritage	O
of	O
the	O
Sultanate	B-LOCATION
.	O

He	O
said	O
that	O
the	O
establishment	O
of	O
the	O
clubs	O
came	O
on	O
time	O
and	O
keeps	O
abreast	O
of	O
the	O
aspirations	O
of	O
the	O
Sultanate	B-LOCATION
âs	O
shooters	O
at	O
the	O
various	O
levels	O
.	O

He	O
said	O
that	O
the	O
establishment	O
of	O
the	O
clubs	O
would	O
motivate	O
shooters	O
to	O
achieve	O
high	O
places	O
in	O
their	O
participation	O
in	O
the	O
international	O
championships	O
.	O

Major	O
General	O
Abdullah	B-GIVEN_NAME
bin	B-FAMILY_NAME
Ali	I-FAMILY_NAME
Al	I-FAMILY_NAME
Harthi	I-FAMILY_NAME
,	O
Assistant	O
Inspector	O
general	O
for	O
police	O
and	O
customs	O
for	O
operations	O
and	O
second	O
vice	O
-	O
chairman	O
of	O
the	O
board	O
of	O
Oman	B-ORGANIZATION|B-LOCATION
Shooting	I-ORGANIZATION
Association	I-ORGANIZATION
said	O
that	O
the	O
establishment	O
of	O
the	O
international	O
Olympic	B-BRANDS
private	O
shooting	O
clubs	O
in	O
the	O
Sultanate	B-LOCATION
would	O
contribute	O
to	O
polishing	O
the	O
skills	O
of	O
the	O
youth	O
involved	O
in	O
the	O
sport	O
.	O

