Zanzibar	B-LOCATION
:	O
President	O
Hussein	B-GIVEN_NAME
Ali	B-FAMILY_NAME
Mwinyi	I-FAMILY_NAME
of	O
Zanzibar	B-LOCATION
received	O
at	O
his	O
office	O
on	O
Sunday	B-DATE
Mohammed	B-GIVEN_NAME
Nasser	B-FAMILY_NAME
Al	I-FAMILY_NAME
Wahaibi	I-FAMILY_NAME
,	O
Undersecretary	O
of	O
the	O
Foreign	B-ORGANIZATION
Ministry	I-ORGANIZATION
for	I-ORGANIZATION
Administrative	I-ORGANIZATION
and	I-ORGANIZATION
Financial	I-ORGANIZATION
Affairs	I-ORGANIZATION
.	O

Al	B-GIVEN_NAME
Wahaibi	B-FAMILY_NAME
conveyed	O
greetings	O
of	O
Sayyid	B-GIVEN_NAME
Badr	B-FAMILY_NAME
Hamad	I-FAMILY_NAME
Al	I-FAMILY_NAME
Busaidi	I-FAMILY_NAME
,	O
Foreign	O
Minister	O
,	O
to	O
President	O
Mwinyi	B-GIVEN_NAME
.	O

He	O
also	O
handed	O
the	O
President	O
of	O
Zanzibar	B-LOCATION
an	O
invitation	O
to	O
visit	O
the	O
Sultanate	B-LOCATION
of	I-LOCATION
Oman	I-LOCATION
.	O

The	O
meeting	O
reviewed	O
the	O
bilateral	O
relations	O
between	O
the	O
two	O
countries	O
,	O
as	O
well	O
as	O
means	O
of	O
enhancing	O
cooperation	O
to	O
serve	O
the	O
joint	O
interests	O
.	O

The	O
meeting	O
was	O
attended	O
by	O
Saud	B-GIVEN_NAME
Hilal	B-FAMILY_NAME
Al	I-FAMILY_NAME
Shidhani	I-FAMILY_NAME
,	O
Ambassador	O
of	O
the	O
Sultanate	B-LOCATION
of	I-LOCATION
Oman	I-LOCATION
to	O
the	O
United	B-LOCATION
Republic	I-LOCATION
of	I-LOCATION
Tanzania	I-LOCATION
,	O
Said	B-GIVEN_NAME
Salim	B-FAMILY_NAME
Al	I-FAMILY_NAME
Sinawi	I-FAMILY_NAME
,	O
Consulate	O
General	O
of	O
Oman	B-LOCATION
in	O
Zanzibar	B-LOCATION
,	O
the	O
Tanzanian	B-AFFILIATION
ambassador	O
to	O
Oman	B-LOCATION
and	O
some	O
officials	O
in	O
Zanzibar	B-LOCATION
âs	O
government	O
.	O

