Muscat	B-LOCATION
:	O
His	O
Highness	O
Sayyid	B-GIVEN_NAME
Shihab	B-FAMILY_NAME
bin	I-FAMILY_NAME
Tarik	I-FAMILY_NAME
Al	I-FAMILY_NAME
Said	I-FAMILY_NAME
,	O
Deputy	O
Prime	O
Minister	O
for	O
Defence	O
Affairs	O
received	O
in	O
his	O
office	O
at	O
Al	B-BRANDS
Murtafa	B-MISC
â	I-MISC
a	I-MISC
Garrison	I-MISC
today	O
Lt	O
.	O
Gen	O
Turki	B-GIVEN_NAME
Bandar	B-FAMILY_NAME
Al	I-FAMILY_NAME
Saud	I-FAMILY_NAME
,	O
Commander	O
of	O
the	O
Royal	B-ORGANIZATION
Saudi	I-ORGANIZATION|B-AFFILIATION
Air	I-ORGANIZATION
Force	I-ORGANIZATION
and	O
his	O
accompanying	O
delegation	O
.	O

During	O
the	O
meeting	O
,	O
the	O
two	O
sides	O
reviewed	O
the	O
relations	O
between	O
the	O
two	O
countries	O
and	O
exchanged	O
viewpoints	O
on	O
matters	O
of	O
common	O
interest	O
.	O

The	O
meeting	O
was	O
attended	O
by	O
Air	O
Vice	O
Marshal	O
Khamis	B-GIVEN_NAME
Hammad	B-FAMILY_NAME
Al	I-FAMILY_NAME
Ghafri	I-FAMILY_NAME
,	O
Commander	O
of	O
the	O
Royal	B-ORGANIZATION
Air	I-ORGANIZATION
Force	I-ORGANIZATION
of	I-ORGANIZATION
Oman	I-ORGANIZATION|B-LOCATION
(	O
RAFO	B-ORGANIZATION
)	O
.	O

