Makkah	B-LOCATION
:	O
The	O
General	O
Presidency	O
for	O
the	O
Affairs	B-ORGANIZATION
of	I-ORGANIZATION
the	I-ORGANIZATION
Grand	I-ORGANIZATION
Mosque	I-ORGANIZATION
and	O
the	O
Prophet	B-LOCATION
's	I-LOCATION
Mosque	I-LOCATION
has	O
stated	O
that	O
a	O
team	O
of	O
166	O
technicians	O
and	O
craftsmen	O
will	O
handle	O
the	O
replacement	O
process	O
of	O
the	O
Kaaba	B-LOCATION
Kiswah	B-BRANDS
(	O
cloth	O
)	O
next	O
Saturday	B-DATE
,	O
per	O
the	O
annual	O
custom	O
.	O

The	O
old	O
Kiawah	B-LOCATION
will	O
be	O
replaced	O
by	O
a	O
new	O
one	O
,	O
under	O
the	O
supervision	O
of	O
the	O
President	O
General	O
of	O
the	O
Affairs	O
of	O
the	O
Grand	B-LOCATION
Mosque	I-LOCATION
and	O
the	O
Prophet	B-LOCATION
's	I-LOCATION
Mosque	I-LOCATION
,	O
Sheikh	O
Dr	O
.	O
Abdulrahman	B-GIVEN_NAME
bin	B-FAMILY_NAME
Abdulaziz	I-FAMILY_NAME
Al	I-FAMILY_NAME
-	I-FAMILY_NAME
Sudais	I-FAMILY_NAME
.	O

Dr	O
.	O
Al	B-GIVEN_NAME
-	B-FAMILY_NAME
Sudais	I-FAMILY_NAME
stressed	O
the	O
wise	O
leadership	O
's	O
interest	O
in	O
the	O
holy	O
Kaaba	B-LOCATION
,	O
the	O
qiblah	O
of	O
Muslims	B-AFFILIATION
,	O
and	O
its	O
keenness	O
to	O
harness	O
all	O
capabilities	O
in	O
the	O
service	O
of	O
Islam	B-AFFILIATION
and	O
Muslims	B-AFFILIATION
.	O

For	O
his	O
part	O
,	O
The	O
Under	O
-	O
Secretary	O
-	O
General	O
for	O
the	O
Affairs	O
of	O
the	O
Grand	B-LOCATION
Mosque	I-LOCATION
Dr	O
.	O
Saad	B-GIVEN_NAME
bin	B-FAMILY_NAME
Mohammed	I-FAMILY_NAME
Al	I-FAMILY_NAME
-	I-FAMILY_NAME
Muhaimid	I-FAMILY_NAME
,	O
said	O
that	O
around	O
200	O
craftsmen	O
and	O
admins	O
work	O
in	O
King	B-LOCATION
Abdulaziz	I-LOCATION
Complex	I-LOCATION
for	I-LOCATION
Holy	I-LOCATION
Kaabah	I-LOCATION
Kiswah	I-LOCATION
,	O
adding	O
that	O
the	O
departments	O
of	O
the	O
complex	O
include	O
the	O
laundry	O
and	O
automatic	O
weaving	O
department	O
,	O
the	O
manual	O
weaving	O
department	O
,	O
the	O
printing	O
department	O
,	O
the	O
belt	O
department	O
and	O
the	O
gold	O
thread	O
department	O
,	O
the	O
Kiswah	B-BRANDS
sewing	O
and	O
assembling	O
section	O
,	O
which	O
includes	O
the	O
largest	O
computerized	O
sewing	O
machine	O
in	O
the	O
world	O
in	O
terms	O
of	O
length	O
,	O
with	O
a	O
length	O
of	O
16	O
meters	O
.	O

He	O
added	O
that	O
the	O
manufacturing	O
of	O
the	O
Kiawah	B-LOCATION
consumes	O
about	O
670	O
kilograms	O
of	O
raw	O
silk	O
,	O
dyed	O
in	O
black	O
inside	O
the	O
complex	O
,	O
120	O
kgs	O
of	O
gold	O
threads	O
,	O
and	O
100	O
kgs	O
of	O
silver	O
threads	O
.	O

