Muscat	B-LOCATION
:	O
An	O
earthquake	O
of	O
magnitude	O
5	O
on	O
the	O
Richter	B-GIVEN_NAME
scale	O
has	O
been	O
recorded	O
in	O
Southern	B-LOCATION
Iran	I-LOCATION
on	O
Monday	B-DATE
,	O
the	O
Earthquake	B-ORGANIZATION
Monitoring	I-ORGANIZATION
Centre	I-ORGANIZATION
(	O
EMC	B-ORGANIZATION
)	O
at	O
Sultan	B-ORGANIZATION|B-GIVEN_NAME
Qaboos	I-ORGANIZATION|B-FAMILY_NAME
University	I-ORGANIZATION
said	O
.	O

EMC	B-ORGANIZATION
said	O
in	O
a	O
statement	O
that	O
an	O
earthquake	O
in	O
Southern	B-LOCATION
Iran	I-LOCATION
with	O
a	O
magnitude	O
of	O
5	O
was	O
recorded	O
at	O
7	B-TIME
:	I-TIME
55	B-TIME
pm	I-TIME
MCT	B-BRANDS
and	O
at	O
a	O
depth	O
of	O
10	O
km	O
.	O

The	O
earthquake	O
was	O
recorded	O
114	O
km	O
away	O
from	O
Khasab	B-LOCATION
.	O

