The	O
increase	O
in	O
public	O
debt	O
levels	O
as	O
a	O
result	O
of	O
the	O
pandemic	O
limits	O
the	O
room	O
for	O
maneuver	O
of	O
the	O
countries	O
of	O
the	O
region	O
to	O
face	O
adverse	O
events	O
faced	O
by	O
the	O
economies	O
says	O
the	O
International	B-ORGANIZATION
Monetary	I-ORGANIZATION
Fund	I-ORGANIZATION
(	O
IMF	B-ORGANIZATION
)	O
in	O
an	O
analysis	O
that	O
evaluates	O
the	O
recovery	O
and	O
future	O
prospects	O
of	O
Central	B-LOCATION
America	I-LOCATION
.	O

The	O
text	O
points	O
out	O
that	O
"	O
the	O
region	O
's	O
economic	O
prospects	O
are	O
now	O
subject	O
to	O
an	O
unusually	O
high	O
degree	O
of	O
uncertainty	O
"	O
and	O
that	O
"	O
a	O
possible	O
confluence	O
of	O
adverse	O
global	O
factors	O
could	O
once	O
again	O
test	O
the	O
resilience	O
of	O
the	O
economies	O
.	O
"	O

Among	O
the	O
factors	O
that	O
can	O
affect	O
economies	O
,	O
the	O
IMF	B-ORGANIZATION
refers	O
to	O
greater	O
volatility	O
in	O
the	O
prices	O
of	O
raw	O
materials	O
,	O
in	O
a	O
region	O
that	O
depends	O
on	O
fuel	O
imports	O
;	O
weakening	O
growth	O
in	O
trading	O
partners	O
,	O
including	O
the	O
United	B-LOCATION
States	I-LOCATION
;	O
and	O
tighter	O
financing	O
conditions	O
due	O
to	O
faster	O
rises	O
in	O
global	O
and	O
domestic	O
interest	O
rates	O
.	O

Panama	B-LOCATION
affect	O

All	O
these	O
elements	O
can	O
potentially	O
affect	O
Panama	B-LOCATION
,	O
which	O
does	O
not	O
escape	O
the	O
regional	O
trend	O
of	O
having	O
less	O
fiscal	O
space	O
to	O
face	O
the	O
challenges	O
.	O

The	O
strong	O
contraction	O
of	O
the	O
economy	O
in	O
2020	B-DATE
,	O
as	O
a	O
result	O
of	O
the	O
restrictions	O
imposed	O
by	O
the	O
Government	O
,	O
reduced	O
income	O
,	O
while	O
expenses	O
grew	O
.	O

That	O
caused	O
a	O
substantial	O
increase	O
in	O
debt	O
when	O
compared	O
to	O
the	O
size	O
of	O
the	O
economy	O
,	O
which	O
went	O
from	O
46.3	O
%	O
in	O
2019	B-DATE
to	O
68.5	O
%	O
in	O
2020	B-DATE
.	O

Although	O
in	O
2021	B-DATE
the	O
weight	O
of	O
the	O
debt	O
was	O
reduced	O
to	O
63.7	O
%	O
of	O
the	O
gross	B-BRANDS
domestic	B-MISC
product	I-MISC
(	O
GDP	B-BRANDS
)	O
,	O
it	O
is	O
still	O
well	O
above	O
the	O
2019	B-DATE
level	O
and	O
the	O
40	O
%	O
recommended	O
by	O
the	O
Fiscal	B-BRANDS
Social	B-MISC
Responsibility	I-MISC
Law	I-MISC
.	O

That	O
rule	O
was	O
modified	O
for	O
the	O
last	O
time	O
in	O
2020	B-DATE
to	O
give	O
more	O
space	O
to	O
the	O
fiscal	O
deficit	O
during	O
the	O
pandemic	O
and	O
,	O
as	O
of	O
that	O
year	O
,	O
traced	O
a	O
path	O
of	O
consolidation	O
or	O
reduction	O
of	O
the	O
deficit	O
.	O

In	O
other	O
words	O
,	O
each	O
year	O
the	O
imbalance	O
in	O
public	O
accounts	O
has	O
to	O
be	O
less	O
in	O
order	O
to	O
comply	O
with	O
a	O
standard	O
closely	O
followed	O
by	O
risk	O
rating	O
agencies	O
and	O
international	O
organizations	O
.	O

Public	O
spending	O

Despite	O
calls	O
from	O
the	O
private	O
sector	O
,	O
public	O
spending	O
on	O
payroll	O
and	O
subsidies	O
-	O
as	O
well	O
as	O
interest	O
on	O
the	O
debt	O
-	O
has	O
risen	O
in	O
recent	O
years	O
,	O
reducing	O
flexibility	O
in	O
the	O
general	O
state	O
budget	O
.	O

The	O
IMF	B-ORGANIZATION
report	O
indicates	O
that	O
,	O
in	O
general	O
terms	O
,	O
the	O
region	O
recovered	O
solidly	O
and	O
that	O
,	O
since	O
the	O
start	O
of	O
the	O
pandemic	O
,	O
the	O
performance	O
of	O
the	O
economies	O
that	O
the	O
IMF	B-ORGANIZATION
groups	O
as	O
Central	B-LOCATION
America	I-LOCATION
,	O
Panama	B-LOCATION
,	O
and	O
the	O
Dominican	B-LOCATION
Republic	I-LOCATION
(	O
CAPRD	B-ORGANIZATION
)	O
have	O
been	O
among	O
the	O
best	O
in	O
Latin	B-LOCATION
America	I-LOCATION
.	O

However	O
,	O
the	O
text	O
indicates	O
that	O
of	O
this	O
group	O
of	O
countries	O
grouped	O
under	O
the	O
name	O
CAPRD	B-ORGANIZATION
,	O
"	O
by	O
2021	B-DATE
,	O
only	O
Panama	B-LOCATION
's	O
GDP	O
had	O
not	O
exceeded	O
levels	O
recorded	O
before	O
the	O
pandemic	O
.	O

This	O
,	O
despite	O
the	O
high	O
growth	O
of	O
the	O
economy	O
last	O
year	O
,	O
which	O
in	O
percentage	O
terms	O
rose	O
by	O
15.3	O
%	O
.	O

For	O
economist	O
Luis	B-GIVEN_NAME
Alberto	B-FAMILY_NAME
MorÃ	I-FAMILY_NAME
Â¡	O
n	O
,	O
this	O
situation	O
is	O
a	O
consequence	O
of	O
the	O
strong	O
economic	O
contraction	O
that	O
Panama	B-LOCATION
had	O
,	O
in	O
terms	O
of	O
production	O
and	O
employment	O
,	O
and	O
the	O
closure	O
of	O
businesses	O
,	O
with	O
sectors	O
that	O
have	O
been	O
left	O
behind	O
in	O
recovery	O
including	O
construction	O
and	O
tourism	O

In	O
the	O
first	O
quarter	O
of	O
2022	B-DATE
,	O
GDP	B-BRANDS
exceeds	O
the	O
records	O
of	O
2019	B-DATE
and	O
the	O
expectation	O
of	O
local	O
and	O
international	O
entities	O
is	O
that	O
this	O
exercise	O
will	O
finish	O
closing	O
the	O
gap	O
compared	O
to	O
before	O
the	O
pandemic	O
.	O

MorÃ	B-GIVEN_NAME
Â¡	O
n	O
said	O
that	O
Ã¢	O
â¬	O
Å	O
with	O
the	O
global	O
ramifications	O
of	O
the	O
war	O
in	O
Ukraine	B-LOCATION
,	O
Panama	B-LOCATION
still	O
maintains	O
economic	O
vulnerability	O
,	O
due	O
to	O
a	O
weak	O
labor	O
market	O
,	O
high	O
dependence	O
on	O
subsidies	O
,	O
and	O
current	O
debt	O
levels	O
.	O

