The	O
BA	B-BRANDS
.	B-MISC
5	I-MISC
subvariant	I-MISC
of	I-MISC
Ãmicron	I-MISC
,	O
which	O
appears	O
to	O
spread	O
faster	O
than	O
others	O
,	O
has	O
been	O
detected	O
in	O
at	O
least	O
22	O
countries	O
and	O
territories	O
in	O
the	O
Americas	B-LOCATION
and	O
is	O
likely	O
to	O
become	O
predominant	O
,	O
the	O
Pan	B-ORGANIZATION
American	I-ORGANIZATION
Health	I-ORGANIZATION
Organization	I-ORGANIZATION
(	O
PAHO	B-ORGANIZATION
)	O
warned	O
on	O
Wednesday	B-DATE
.	O

Last	O
week	O
,	O
1,562	O
.	O

967	O
infections	O
and	O
4,789	O
deaths	O
were	O
registered	O
,	O
a	O
decrease	O
of	O
0.9	O
%	O
in	O
cases	O
and	O
3.5	O
%	O
in	O
deaths	O
compared	O
to	O
the	O
previous	O
seven	B-DURATION
days	I-DURATION
,	O
detailed	O
PAHO	B-ORGANIZATION
director	O
,	O
Carissa	B-GIVEN_NAME
Etienne	B-FAMILY_NAME
,	O
in	O
a	O
virtual	O
press	O
conference	O
.	O

Cases	O
soared	O
in	O
Central	B-LOCATION
America	I-LOCATION
(	O
+	O
54.9	O
%	O
)	O
and	O
increased	O
2	O
%	O
in	O
South	B-LOCATION
America	I-LOCATION
,	O
while	O
they	O
decreased	O
5.2	O
%	O
in	O
the	O
Caribbean	B-LOCATION
and	O
4.5	O
%	O
in	O
North	B-LOCATION
America	I-LOCATION
,	O
it	O
added	O
.	O

But	O
"	O
an	O
increasing	O
proportion	O
of	O
cases	O
is	O
being	O
caused	O
by	O
the	O
Omicron	B-BRANDS
BA	B-MISC
.	I-MISC
4	I-MISC
and	I-MISC
BA	I-MISC
.	I-MISC
5	I-MISC
sublineages	O
and	O
this	O
is	O
generating	O
new	O
infections	O
across	O
the	O
continent	O
,	O
"	O
she	O
explained	O
.	O

The	O
BA	B-BRANDS
.	B-MISC
5	I-MISC
subvariant	I-MISC
has	O
been	O
detected	O
in	O
at	O
least	O
22	O
countries	O
and	O
territories	O
and	O
is	O
likely	O
to	O
become	O
predominant	O
in	O
all	O
subregions	O
in	O
the	O
coming	O
weeks	O
,	O
estimates	O
PAHO	B-ORGANIZATION
.	O

This	O
virus	O
"	O
knows	O
no	O
borders	O
,	O
"	O
especially	O
now	O
that	O
international	O
travel	O
has	O
resumed	O
,	O
but	O
vaccines	O
"	O
remain	O
highly	O
effective	O
"	O
against	O
any	O
of	O
the	O
subvariants	O
in	O
preventing	O
serious	O
illness	O
or	O
death	O
.	O

