The	O
Inter	B-AFFILIATION
-	I-AFFILIATION
American	I-AFFILIATION
highway	O
was	O
closed	O
again	O
on	O
Monday	B-DATE
at	O
several	O
points	O
in	O
the	O
provinces	O
of	O
ChiriquÃ­	B-LOCATION
and	O
Veraguas	B-LOCATION
,	O
putting	O
the	O
region	O
's	O
producers	O
on	O
alert	O
due	O
to	O
the	O
economic	O
effects	O
.	O

It	O
was	O
reported	O
that	O
the	O
sectors	O
of	O
Horconcitos	B-LOCATION
San	B-LOCATION
FÃ©lix	I-LOCATION
,	O
San	B-LOCATION
Juan	I-LOCATION
,	O
El	B-LOCATION
Salao	I-LOCATION
,	O
EscodÃº	B-LOCATION
,	O
Cerro	B-LOCATION
Iglesia	I-LOCATION
,	O
and	O
TolÃ©	B-LOCATION
have	O
been	O
closed	O
since	O
last	O
night	O
and	O
several	O
trucks	O
with	O
merchandise	O
were	O
trapped	O
.	O

Closures	O
are	O
also	O
reported	O
in	O
the	O
sectors	O
of	O
Ojo	B-LOCATION
de	I-LOCATION
Agua	I-LOCATION
and	O
Santiago	B-LOCATION
,	O
in	O
the	O
province	O
of	O
Veraguas	B-LOCATION
.	O

In	O
recent	O
days	O
,	O
the	O
flow	O
of	O
vehicles	O
on	O
the	O
international	O
highway	O
has	O
been	O
intermittent	O
after	O
protesting	O
groups	O
allowed	O
the	O
passage	O
of	O
food	O
,	O
fuel	O
,	O
and	O
medical	O
supplies	O
.	O

The	O
"	O
humanitarian	O
caravan	O
"	O
will	O
once	O
again	O
have	O
problems	O
following	O
the	O
routes	O
to	O
supply	O
the	O
different	O
markets	O
.	O

Javier	B-GIVEN_NAME
Pitti	B-FAMILY_NAME
,	O
mayor	O
of	O
the	O
district	O
of	O
Tierras	B-LOCATION
y	I-LOCATION
Altas	I-LOCATION
said	O
on	O
TVN	B-ORGANIZATION
:	O
"	O
We	O
proposed	O
that	O
they	O
keep	O
a	O
free	O
route	O
to	O
GuabalÃ¡	B-LOCATION
,	O
that	O
from	O
there	O
to	O
SonÃ¡	B-LOCATION
[	O
Veraguas	B-LOCATION
]	O
there	O
is	O
an	O
expedited	O
passage	O
,	O
even	O
if	O
we	O
have	O
to	O
go	O
through	O
problems	O
in	O
Santiago	B-LOCATION
,	O
we	O
can	O
get	O
through	O
.	O
"	O

Meanwhile	O
,	O
members	O
of	O
the	O
Construction	B-ORGANIZATION
and	I-ORGANIZATION
Similar	I-ORGANIZATION
Workers	I-ORGANIZATION
Union	I-ORGANIZATION
(	O
Suntracs	B-ORGANIZATION
)	O
returned	O
to	O
protest	O
in	O
the	O
streets	O
on	O
Monday	B-DATE
,	O
affecting	O
vehicular	O
traffic	O
in	O
several	O
points	O
of	O
the	O
capital	O
city	O
and	O
in	O
West	B-LOCATION
Panama	I-LOCATION
.	O

From	O
7	B-TIME
:	I-TIME
30	B-TIME
am	I-TIME
closures	O
were	O
reported	O
in	O
s	O
such	O
as	O
via	O
Israel	B-LOCATION
,	O
northern	B-LOCATION
Panama	I-LOCATION
,	O
via	O
Espana	B-LOCATION
,	O
and	O
Punta	B-LOCATION
Pacifica	I-LOCATION
.	O

Corridor	O
closed	O

The	O
National	B-ORGANIZATION
Highway	I-ORGANIZATION
Company	I-ORGANIZATION
reported	O
the	O
closure	O
of	O
the	O
South	B-LOCATION
Corridor	I-LOCATION
as	O
a	O
security	O
and	O
prevention	O
measure	O
in	O
the	O
event	O
of	O
any	O
situation	O
of	O
possible	O
vandalism	O
.	O

A	O
Suntracs	B-ORGANIZATION
protest	O
was	O
reported	O
in	O
the	O
Llano	B-LOCATION
Bonito	I-LOCATION
sector	O
(	O
Juan	B-GIVEN_NAME
DÃ­az	B-FAMILY_NAME
)	O
near	O
the	O
access	O
to	O
the	O
corridor	O
.	O

Similarly	O
,	O
protests	O
are	O
reported	O
on	O
the	O
Inter	B-AFFILIATION
-	I-AFFILIATION
American	I-AFFILIATION
highway	O
in	O
the	O
Loma	B-LOCATION
CovÃ¡	I-LOCATION
sector	O
,	O
district	O
of	O
ArraijÃ¡n	B-LOCATION
in	O
West	B-LOCATION
Panama	I-LOCATION
.	O

