The	O
African	B-ORGANIZATION|B-AFFILIATION
Export	I-ORGANIZATION
-	I-ORGANIZATION
Import	I-ORGANIZATION
Bank	I-ORGANIZATION
(	O
Afreximbank	B-ORGANIZATION
)	O
has	O
officially	O
partnered	O
with	O
the	O
continent	O
âs	O
premier	O
energy	O
event	O
,	O
African	B-AFFILIATION|B-AFFILIATION
Energy	B-MISC
Week	I-MISC
(	I-MISC
AEW	I-MISC|B-BRANDS
)	I-MISC
2022	I-MISC|B-DATE
â	O
which	O
takes	O
place	O
from	O
October	B-DATE
18-21	I-DATE
in	O
Cape	B-LOCATION
Town	I-LOCATION
â	O
in	O
a	O
move	O
expected	O
to	O
reawaken	O
a	O
new	O
era	O
of	O
deal	O
-	O
signing	O
,	O
local	O
content	O
and	O
multi	O
-	O
sector	O
expansion	O
.	O
Under	O
a	O
mandate	O
to	O
make	O
energy	O
poverty	O
history	O
in	O
Africa	B-LOCATION
by	O
2030	B-DATE
,	O
the	O
partnership	O
will	O
see	O
both	O
AEW	B-ORGANIZATION
and	O
Afreximbank	B-ORGANIZATION
uniting	O
the	O
power	O
of	O
investment	O
and	O
value	O
creation	O
,	O
driving	O
stronger	O
energy	O
developments	O
in	O
2022	B-DATE
and	O
beyond	O
.	O

As	O
a	O
leading	O
pan	B-AFFILIATION
-	I-AFFILIATION
African	I-AFFILIATION
financial	O
services	O
provider	O
,	O
Afreximbank	B-ORGANIZATION
has	O
established	O
itself	O
as	O
a	O
major	O
player	O
and	O
key	O
facilitator	O
of	O
Africa	B-LOCATION
âs	O
trade	O
finance	O
sector	O
.	O
From	O
funding	O
key	O
projects	O
to	O
creating	O
opportunities	O
for	O
capital	O
partnerships	O
and	O
deals	O
,	O
the	O
bank	O
has	O
and	O
continues	O
to	O
drive	O
multi	O
-	O
sector	O
growth	O
in	O
Africa	B-LOCATION
.	O
On	O
the	O
energy	O
front	O
,	O
the	O
bank	O
has	O
emerged	O
as	O
a	O
top	O
financial	O
services	O
provider	O
,	O
with	O
notable	O
deals	O
including	O
the	O
$	B-MONEY
200	I-MONEY
million	I-MONEY
loan	O
facility	O
agreement	O
signed	O
with	O
the	O
Egyptian	B-ORGANIZATION|B-AFFILIATION
General	I-ORGANIZATION
Petroleum	I-ORGANIZATION
Company	I-ORGANIZATION
to	O
enhance	O
the	O
expansion	O
of	O
power	O
generation	O
and	O
distribution	O
in	O
Egypt	B-LOCATION
;	O
$	B-MONEY
400	I-MONEY
million	I-MONEY
in	O
loans	O
and	O
guarantees	O
to	O
support	O
Mozambique	B-LOCATION
âs	O
liquified	O
natural	O
gas	O
project	O
;	O
$	B-MONEY
700	I-MONEY
million	I-MONEY
to	O
support	O
Sudan	B-LOCATION
âs	O
energy	O
and	O
communications	O
expansion	O
;	O
$	B-MONEY
250	I-MONEY
million	I-MONEY
credit	O
to	O
Trans	B-ORGANIZATION
Niger	I-ORGANIZATION|B-LOCATION
Oil	I-ORGANIZATION
and	I-ORGANIZATION
Gas	I-ORGANIZATION
Ltd	I-ORGANIZATION
to	O
help	O
facilitate	O
the	O
acquisition	O
of	O
a	O
45	O
%	O
stake	O
in	O
the	O
OML	B-BRANDS
17	B-MISC
onshore	O
oilfield	O
;	O
and	O
a	O
$	B-MONEY
500	I-MONEY
million	I-MONEY
financing	O
facility	O
to	O
assist	O
the	O
government	B-ORGANIZATION
of	I-ORGANIZATION
South	I-ORGANIZATION|B-LOCATION
Sudan	I-ORGANIZATION|I-LOCATION
in	O
power	O
transmission	O
,	O
infrastructure	O
and	O
agriculture	O
projects	O
.	O
With	O
the	O
partnership	O
,	O
both	O
AEW	B-ORGANIZATION
and	O
the	O
bank	O
are	O
committed	O
to	O
seeing	O
even	O
more	O
deals	O
on	O
the	O
table	O
,	O
with	O
the	O
conference	O
providing	O
the	O
most	O
suitable	O
platform	O
for	O
deals	O
to	O
be	O
signed	O
,	O
sealed	O
and	O
delivered	O
.	O

Meanwhile	O
,	O
having	O
made	O
significant	O
progress	O
in	O
financing	O
and	O
promoting	O
intra	O
-	O
African	B-AFFILIATION
trade	O
and	O
local	O
content	O
,	O
the	O
Afreximbank	B-ORGANIZATION
recognizes	O
the	O
need	O
for	O
an	O
intra	B-AFFILIATION
-	I-AFFILIATION
African	I-AFFILIATION
energy	O
push	O
,	O
one	O
built	O
against	O
improved	O
trade	O
,	O
finance	O
and	O
collaboration	O
.	O
With	O
the	O
implementation	O
of	O
the	O
African	B-AFFILIATION
Continental	B-MISC
Free	I-MISC
Trade	I-MISC
Agreement	I-MISC
(	O
AfCFTA	B-BRANDS
)	O
in	O
January	B-DATE
2021	I-DATE
,	O
new	O
opportunities	O
for	O
continental	O
trade	O
have	O
emerged	O
and	O
during	O
AEW	B-BRANDS
2022	B-MISC|B-DATE
,	O
the	O
bank	O
will	O
make	O
a	O
strong	O
case	O
for	O
regional	O
cooperation	O
and	O
commerce	O
.	O
Just	O
last	O
month	O
,	O
the	O
Afreximbank	B-ORGANIZATION
Board	O
of	O
Directors	O
approved	O
the	O
renewal	O
of	O
a	O
$	B-MONEY
1	I-MONEY
billion	I-MONEY
facility	O
to	O
operationalize	O
the	O
AfCFTA	B-BRANDS
,	O
demonstrating	O
its	O
commitment	O
to	O
financing	O
trade	O
in	O
Africa	B-LOCATION
.	O
As	O
countries	O
,	O
stakeholders	O
and	O
companies	O
capitalize	O
on	O
the	O
opportunities	O
of	O
the	O
agreement	O
,	O
the	O
partnership	O
between	O
AEW	B-ORGANIZATION
and	O
the	O
Afreximbank	B-ORGANIZATION
will	O
only	O
strengthen	O
intra	O
-	O
African	B-AFFILIATION
trade	O
,	O
as	O
the	O
bank	O
continues	O
to	O
finance	O
the	O
growth	O
of	O
the	O
continent	O
alongside	O
AEW	B-BRANDS
.	O

On	O
the	O
local	O
content	O
front	O
,	O
the	O
Afreximbank	B-ORGANIZATION
has	O
advanced	O
the	O
role	O
of	O
local	O
companies	O
in	O
Africa	B-LOCATION
âs	O
energy	O
future	O
,	O
providing	O
critical	O
capital	O
required	O
for	O
growth	O
,	O
asset	O
acquisition	O
and	O
expansion	O
.	O
By	O
providing	O
funding	O
to	O
both	O
new	O
and	O
mature	O
enterprises	O
,	O
covering	O
both	O
the	O
energy	O
and	O
trade	O
spectrums	O
,	O
the	O
bank	O
represents	O
a	O
key	O
driver	O
of	O
the	O
continent	O
âs	O
economic	O
expansion	O
.	O

In	O
strengthening	O
capacity	O
building	O
and	O
local	O
content	O
,	O
last	O
week	O
the	O
Afreximbank	B-ORGANIZATION
announced	O
a	O
grant	O
to	O
the	O
Grand	B-ORGANIZATION
Africa	I-ORGANIZATION|B-LOCATION
Initiative	I-ORGANIZATION
to	O
train	O
200	O
young	O
African	B-AFFILIATION
entrepreneurs	O
on	O
business	O
and	O
intra	B-AFFILIATION
-	I-AFFILIATION
African	I-AFFILIATION
trade	O
for	O
three	O
months	O
while	O
the	O
Nigerian	B-ORGANIZATION|B-AFFILIATION
Content	I-ORGANIZATION
Development	I-ORGANIZATION
and	I-ORGANIZATION
Monitoring	I-ORGANIZATION
Board	I-ORGANIZATION
announced	O
that	O
the	O
Afreximbank	B-ORGANIZATION
invested	O
more	O
than	O
$	B-MONEY
42	I-MONEY
billion	I-MONEY
in	O
support	O
of	O
African	B-AFFILIATION
businesses	O
between	O
2016	B-DATE
and	O
2020	B-DATE
.	O
With	O
this	O
number	O
expected	O
to	O
grow	O
as	O
the	O
bank	O
continues	O
its	O
local	O
content	O
and	O
intra	O
-	O
African	B-AFFILIATION
development	O
drive	O
,	O
AEW	B-BRANDS
2022	B-MISC|I-BRANDS
offers	O
a	O
platform	O
to	O
invest	O
,	O
partner	O
and	O
progress	O
.	O

â	O
This	O
partnership	O
is	O
what	O
the	O
African	B-AFFILIATION|B-AFFILIATION
energy	B-MISC
sector	I-MISC
needs	O
at	O
this	O
time	O
.	O
With	O
significant	O
,	O
untapped	O
resources	O
covering	O
the	O
entire	O
energy	O
spectrum	O
as	O
well	O
as	O
opportunities	O
across	O
the	O
entire	O
energy	O
value	O
chain	O
,	O
the	O
future	O
of	O
the	O
African	B-AFFILIATION|B-AFFILIATION
energy	B-MISC
sector	I-MISC
will	O
be	O
largely	O
driven	O
by	O
the	O
continent	O
âs	O
ability	O
to	O
finance	O
its	O
own	O
development	O
.	O
This	O
is	O
what	O
the	O
Afreximbank	B-ORGANIZATION
is	O
all	O
about	O
and	O
with	O
its	O
partnership	O
with	O
AEW	B-BRANDS
2022	B-MISC|B-DATE
,	O
a	O
wave	O
of	O
deals	O
,	O
capital	O
commitments	O
,	O
just	O
energy	O
transition	O
and	O
progress	O
can	O
be	O
expected	O
,	O
â	O
states	O
NJ	B-GIVEN_NAME
Ayuk	B-FAMILY_NAME
,	O
Executive	O
Chairman	O
of	O
the	O
African	B-ORGANIZATION|B-AFFILIATION
Energy	I-ORGANIZATION
Chamber	I-ORGANIZATION
(	O
AEC	B-ORGANIZATION
)	O
,	O
adding	O
that	O
,	O
â	O
The	O
spirit	O
of	O
starting	O
and	O
signing	O
deals	O
will	O
drive	O
AEW	B-ORGANIZATION
both	O
during	O
this	O
year	O
âs	O
conference	O
and	O
every	O
conference	O
that	O
follows	O
.	O
We	O
have	O
already	O
identified	O
various	O
agreements	O
and	O
consider	O
this	O
partnership	O
to	O
be	O
key	O
for	O
making	O
these	O
agreements	O
a	O
reality	O
.	O
The	O
Afreximbank	B-ORGANIZATION
,	O
alongside	O
initiatives	O
like	O
Team	B-ORGANIZATION
Energy	I-ORGANIZATION
Africa	I-ORGANIZATION|B-LOCATION
â	O
aimed	O
at	O
mobilizing	O
private	O
sector	O
financing	O
for	O
accelerated	O
clean	O
energy	O
deployment	O
across	O
Africa	B-LOCATION
â	O
will	O
be	O
key	O
for	O
ensuring	O
Africa	B-LOCATION
realizes	O
the	O
full	O
potential	O
of	O
its	O
energy	O
and	O
economic	O
sectors	O
.	O
â	O

The	O
Afreximbank	B-ORGANIZATION
-	O
AEW	B-ORGANIZATION
partnership	O
will	O
strengthen	O
the	O
continent	O
âs	O
manufacturing	O
industry	O
,	O
improve	O
local	O
content	O
,	O
drive	O
asset	O
acquisition	O
and	O
African	B-AFFILIATION
independent	O
participation	O
while	O
accelerating	O
a	O
just	O
and	O
inclusive	O
energy	O
transition	O
and	O
making	O
energy	O
poverty	O
history	O
in	O
Africa	B-LOCATION
.	O

