I	O
wrote	O
an	O
article	O
in	O
December	B-DATE
2021	I-DATE
entitled	O
CREATIVES	B-BRANDS
BRIDGING	B-MISC
THE	I-MISC
COLOUR	I-MISC
DIVIDE	I-MISC
AMIDST	I-MISC
POST	I-MISC
ELECTIONS	I-MISC
CRISIS	I-MISC
and	I-MISC
A	I-MISC
PANDEMIC	I-MISC
in	I-MISC
the	I-MISC
Gambia	I-MISC|B-LOCATION
.	O

The	O
article	O
received	O
quite	O
some	O
exposure	O
on	O
national	O
and	O
international	O
platforms	O
.	O

It	O
touched	O
on	O
the	O
outspokeness	O
of	O
creatives	O
,	O
who	O
encourage	O
other	O
players	O
to	O
keep	O
moving	O
and	O
build	O
global	O
networks	O
on	O
what	O
I	O
call	O
â	O
a	O
bridge	O
seemingly	O
impossible	O
to	O
cross	O
â	O
.	O
A	O
bridge	O
between	O
Gambian	B-AFFILIATION
creatives	O
and	O
their	O
international	O
counterparts	O
.	O
A	O
bridge	O
whose	O
very	O
entrance	O
is	O
seldom	O
reached	O
due	O
to	O
the	O
nature	O
of	O
the	O
country	O
âs	O
societal	O
construct	O
.	O
A	O
construct	O
often	O
limiting	O
access	O
to	O
progressive	O
development	O
,	O
as	O
the	O
standard	O
and	O
reknown	O
of	O
works	O
creatives	O
put	O
out	O
are	O
often	O
overshadowed	O
by	O
political	O
propanda	O
that	O
news	O
media	O
rather	O
focus	O
a	O
larger	O
part	O
of	O
their	O
platforms	O
on	O
.	O

The	O
article	O
gathered	O
quite	O
a	O
lot	O
of	O
readers	O
at	O
a	O
time	O
when	O
the	O
Gambian	B-AFFILIATION
elections	O
were	O
taking	O
place	O
.	O
Articles	O
such	O
as	O
these	O
receive	O
attention	O
from	O
the	O
people	O
as	O
it	O
highlights	O
the	O
fight	O
of	O
all	O
Gambians	B-AFFILIATION
.	O
To	O
move	O
away	O
from	O
an	O
undemocratic	O
reality	O
they	O
once	O
knew	O
and	O
survived	O
.	O
Some	O
are	O
conscious	O
participants	O
in	O
this	O
struggle	O
.	O
Others	O
subconsciously	O
resonate	O
this	O
desire	O
but	O
like	O
the	O
plight	O
of	O
the	O
African	B-AFFILIATION
citizenry	O
are	O
helpless	O
or	O
without	O
the	O
know	O
how	O
of	O
adding	O
value	O
to	O
this	O
fight	O
.	O
As	O
I	O
write	O
this	O
I	O
reminisce	O
on	O
a	O
video	O
I	O
saw	O
recently	O
,	O
African	B-AFFILIATION
migrants	O
in	O
the	O
Spain	B-LOCATION
Moroccan	B-AFFILIATION
border	O
being	O
treated	O
in	O
a	O
manner	O
already	O
spoken	O
against	O
many	O
times	O
by	O
human	O
rights	O
enthusiasts	O
everywhere	O
.	O
On	O
the	O
search	O
for	O
greener	O
pastures	O
,	O
we	O
creatives	O
are	O
also	O
on	O
a	O
journey	O
,	O
just	O
like	O
these	O
migrants	O
.	O
Hoping	O
our	O
ideas	O
and	O
creations	O
will	O
find	O
safe	O
haven	O
in	O
a	O
world	O
that	O
will	O
welcome	O
us	O
with	O
open	O
arms	O

Meet	O
Sally	B-GIVEN_NAME
Jatta	B-FAMILY_NAME
,	O
Bintou	B-GIVEN_NAME
Ndure	B-FAMILY_NAME
and	O
Majula	B-GIVEN_NAME
Joof	B-FAMILY_NAME
.	O
Two	O
models	O
and	O
a	O
beauty	O
queen	O
making	O
waves	O
in	O
their	O
country	O
the	O
Gambia	B-LOCATION
.	O
Their	O
story	O
resonates	O
with	O
this	O
article	O
and	O
the	O
one	O
I	O
previously	O
wrote	O
because	O
like	O
many	O
other	O
young	O
people	O
in	O
the	O
creative	O
industry	O
,	O
they	O
have	O
refused	O
to	O
take	O
the	O
easy	O
way	O
to	O
their	O
safe	O
heaven	O
.	O
They	O
have	O
refused	O
to	O
not	O
fight	O
for	O
their	O
shot	O
at	O
global	O
relevance	O
in	O
a	O
dignified	O
manner	O
.	O
Instead	O
of	O
riding	O
the	O
waves	O
of	O
the	O
Atlantic	B-LOCATION
,	O
away	O
from	O
the	O
echoes	O
of	O
political	O
instability	O
and	O
societal	O
ills	O
known	O
to	O
the	O
African	B-AFFILIATION
continent	O
,	O
they	O
have	O
decided	O
to	O
create	O
their	O
own	O
wave	O
and	O
ride	O
this	O
wave	O
.	O
It	O
is	O
only	O
right	O
that	O
writers	O
like	O
myself	O
,	O
publishers	O
like	O
the	O
ones	O
such	O
articles	O
end	O
up	O
on	O
continue	O
to	O
give	O
wings	O
to	O
these	O
young	O
Africans	B-AFFILIATION
and	O
others	O
on	O
the	O
journey	O
towards	O
development	O
of	O
self	O
and	O
the	O
universal	O
.	O

Sally	B-GIVEN_NAME
Jatta	B-FAMILY_NAME
began	O
modeling	O
7	B-DURATION
years	I-DURATION
ago	O
.	O
Won	O
a	O
home	O
based	O
contest	O
in	O
2016	B-DATE
and	O
has	O
grown	O
to	O
become	O
a	O
household	O
name	O
in	O
the	O
Gambia	B-LOCATION
.	O
Sought	O
out	O
by	O
different	O
companies	O
,	O
fashion	O
events	O
,	O
musical	O
artistes	O
and	O
fashion	O
houses	O
for	O
photoshoots	O
,	O
runway	O
work	O
,	O
model	O
coordinating	O
events	O
and	O
music	O
video	O
appearances	O
,	O
her	O
name	O
and	O
face	O
has	O
become	O
a	O
brand	O
many	O
want	O
to	O
work	O
with	O
.	O
Bintou	B-GIVEN_NAME
Ndure	B-FAMILY_NAME
also	O
started	O
a	O
modeling	O
career	O
7	B-DURATION
years	I-DURATION
ago	O
.	O
A	O
brand	O
ambassador	O
,	O
video	O
vixen	O
and	O
runway	O
model	O
.	O
She	O
now	O
owns	O
her	O
own	O
salon	O
called	O
Bintou	B-LOCATION|B-GIVEN_NAME
âs	I-LOCATION
Glowbelle	I-LOCATION
and	O
puts	O
together	O
a	O
yearly	O
event	O
called	O
the	O
IT	B-AFFILIATION
fashion	I-AFFILIATION
show	I-AFFILIATION
,	O
where	O
she	O
gives	O
a	O
platform	O
to	O
other	O
designers	O
and	O
models	O
to	O
showcase	O
their	O
own	O
works	O
and	O
ideas	O
.	O
All	O
hoping	O
their	O
attempt	O
to	O
all	O
set	O
sail	O
on	O
the	O
seas	O
towards	O
national	O
and	O
global	O
relevance	O
will	O
catch	O
wind	O
.	O
Majula	B-GIVEN_NAME
Joof	B-FAMILY_NAME
on	O
the	O
other	O
hand	O
,	O
recently	O
received	O
the	O
opportunity	O
to	O
travel	O
abroad	O
to	O
Eastern	B-LOCATION
Europe	I-LOCATION
.	O
Kossovo	B-LOCATION
to	O
be	O
precise	O
.	O
Where	O
she	O
participated	O
in	O
an	O
international	O
pageant	O
competition	O
called	O
â	O
Miss	B-BRANDS
Freedom	B-MISC
Of	I-MISC
The	I-MISC
World	I-MISC
â	O
.	O
A	O
competition	O
with	O
a	O
cause	O
that	O
fights	O
against	O
the	O
borders	O
that	O
divides	O
beauty	O
queen	O
âs	O
like	O
herself	O
,	O
out	O
of	O
Africa	B-LOCATION
from	O
the	O
rest	O
of	O
the	O
world	O
.	O
She	O
performed	O
extremely	O
well	O
in	O
the	O
competition	O
and	O
was	O
crowned	O
â	O
Miss	B-BRANDS
Freedom	B-MISC
Of	I-MISC
The	I-MISC
World	I-MISC
Africa	I-MISC|B-BRANDS
2022	I-MISC|I-BRANDS
â	O
.	O
She	O
returned	O
home	O
not	O
only	O
to	O
friends	O
and	O
families	O
celebrating	O
her	O
achievement	O
but	O
also	O
the	O
same	O
country	O
she	O
had	O
a	O
hard	O
time	O
finding	O
sponsors	O
and	O
help	O
to	O
secure	O
a	O
ticket	O
and	O
visa	O
to	O
Europe	B-LOCATION
.	O
Her	O
brand	O
has	O
grown	O
but	O
just	O
like	O
Sally	B-GIVEN_NAME
and	O
Bintou	B-GIVEN_NAME
,	O
she	O
quickly	O
returned	O
to	O
the	O
helplessness	O
of	O
feeling	O
trapped	O
as	O
she	O
attempts	O
to	O
calibrate	O
the	O
next	O
steps	O
of	O
her	O
journey	O
.	O
The	O
welcome	O
she	O
expected	O
seems	O
already	O
short	O
lived	O
.	O
She	O
is	O
aware	O
that	O
once	O
the	O
hype	O
to	O
her	O
achievement	O
dies	O
down	O
,	O
it	O
âs	O
back	O
to	O
basic	O
almost	O
like	O
a	O
junkie	O
chasing	O
another	O
high	O
.	O
In	O
a	O
country	O
where	O
junkies	O
and	O
youths	O
with	O
mental	O
disorders	O
themselves	O
multiply	O
on	O
the	O
streets	O
.	O
Some	O
have	O
stopped	O
fighting	O
.	O
Often	O
suicidal	O
.	O
Wondering	O
if	O
they	O
will	O
ever	O
make	O
it	O
in	O
their	O
own	O
country	O
,	O
let	O
alone	O
achieve	O
global	O
relevance	O
and	O
success	O
.	O

As	O
I	O
write	O
this	O
,	O
I	O
myself	O
,	O
a	O
popular	O
artist	O
in	O
my	O
own	O
rights	O
who	O
has	O
already	O
achieved	O
much	O
nationwide	O
relevance	O
,	O
is	O
on	O
a	O
similar	O
journey	O
with	O
Sally	B-GIVEN_NAME
,	O
Bintou	B-GIVEN_NAME
,	O
Majula	B-GIVEN_NAME
and	O
many	O
others	O
whose	O
incredible	O
stories	O
face	O
the	O
struggle	O
for	O
global	O
relevance	O
.	O
I	O
took	O
it	O
upon	O
myself	O
to	O
coach	O
these	O
girls	O
and	O
offer	O
them	O
some	O
direction	O
.	O
A	O
wind	O
I	O
feel	O
they	O
all	O
very	O
much	O
deserve	O
.	O
I	O
hope	O
I	O
can	O
create	O
enough	O
momentum	O
to	O
keep	O
going	O
and	O
to	O
keep	O
pushing	O
them	O
in	O
the	O
right	O
direction	O
.	O
A	O
momentum	O
nobody	O
gave	O
me	O
when	O
I	O
was	O
coming	O
up	O
.	O
In	O
a	O
world	O
where	O
creatives	O
(	O
especially	O
African	B-AFFILIATION
ones	O
)	O
where	O
once	O
considered	O
dreamers	O
without	O
real	O
jobs	O
,	O
the	O
tides	O
have	O
changed	O
and	O
creatives	O
now	O
have	O
exceptional	O
global	O
relevance	O
.	O
From	O
African	B-AFFILIATION
fashion	O
to	O
afrobeats	O
.	O
Many	O
without	O
the	O
help	O
of	O
stable	O
societies	O
continuously	O
encouraging	O
illegal	O
migration	O
.	O
Many	O
without	O
the	O
help	O
of	O
third	O
parties	O
.	O
Just	O
sheer	O
creativity	O
and	O
relevance	O
.	O
If	O
you	O
are	O
a	O
struggling	O
creative	O
reading	O
this	O
,	O
I	O
urge	O
you	O
to	O
not	O
give	O
up	O
on	O
your	O
quest	O
for	O
relevance	O
.	O
As	O
the	O
great	O
King	O
Solomon	B-GIVEN_NAME
once	O
said	O
â	O
Time	O
and	O
Chance	O
happens	O
to	O
us	O
all	O
â	O
.	O

