Kenyan	B-AFFILIATION
boxers	O
Christine	B-GIVEN_NAME
Ongare	B-FAMILY_NAME
and	O
Lorna	B-GIVEN_NAME
Kusa	B-FAMILY_NAME
have	O
been	O
knocked	O
out	O
of	O
the	O
ongoing	O
Women	B-BRANDS
âs	B-MISC
World	I-MISC
Boxing	I-MISC
Championship	I-MISC
in	O
Instanbul	B-LOCATION
,	I-LOCATION
Turkey	I-LOCATION
.	O

Ongare	B-GIVEN_NAME
fell	O
to	O
Hanna	B-GIVEN_NAME
Okhota	B-FAMILY_NAME
of	O
Ukraine	B-LOCATION
in	O
the	O
minimum	O
-	O
weight	O
contest	O
that	O
ended	O
5-0	O
points	O
on	O
Tuesday	B-BRANDS
night	O
,	O
while	O
Kazakhstan	B-LOCATION
âs	O
Valentina	B-GIVEN_NAME
Khalzova	B-FAMILY_NAME
defeated	O
Kusa	B-GIVEN_NAME
in	O
the	O
light	O
-	O
middleweight	O
bout	O
.	O

On	O
Wednesday	B-BRANDS
night	O
,	O
the	O
other	O
four	O
Kenyans	B-AFFILIATION
are	O
in	O
action	O
.	O

They	O
are	O
flyweight	O
Ann	B-GIVEN_NAME
Wanjiru	B-FAMILY_NAME
,	O
featherweight	O
Beatrice	B-GIVEN_NAME
Akoth	B-FAMILY_NAME
,	O
middleweight	O
Elizabeth	B-GIVEN_NAME
Akinyi	B-FAMILY_NAME
and	O
promising	O
light	O
-	O
welterweight	O
Teresia	B-GIVEN_NAME
Wanjiru	B-FAMILY_NAME
.	O

Ann	B-GIVEN_NAME
will	O
face	O
Ukrainian	B-AFFILIATION
Tetiana	B-GIVEN_NAME
Kob	B-FAMILY_NAME
,	O
while	O
Teresia	B-GIVEN_NAME
Waniiru	B-FAMILY_NAME
will	I-FAMILY_NAME
meet	O
Italian	B-AFFILIATION
Assunta	B-GIVEN_NAME
Canforal	B-FAMILY_NAME
.	O

Akoth	B-GIVEN_NAME
will	O
take	O
on	O
Jucielen	B-GIVEN_NAME
Romeu	B-FAMILY_NAME
of	O
Brazil	B-LOCATION
,	O
while	O
Akinyi	B-GIVEN_NAME
,	O
who	O
won	O
bronze	O
at	O
the	O
2017	B-BRANDS|B-DATE
Africa	B-MISC|B-LOCATION
Boxing	I-MISC
Championships	I-MISC
,	O
will	O
fight	O
Karolina	B-GIVEN_NAME
Makhno	B-FAMILY_NAME
of	O
Ukraine	B-LOCATION
.	O

