Paraguay	B-LOCATION
and	O
Costa	B-LOCATION
Rica	I-LOCATION
were	O
among	O
the	O
world	O
's	O
leading	O
countries	O
generating	O
electricity	O
from	O
renewable	O
sources	O
,	O
according	O
to	O
a	O
report	O
by	O
the	O
Latin	B-ORGANIZATION|B-AFFILIATION
American	I-ORGANIZATION|I-AFFILIATION
Energy	I-ORGANIZATION
Organization	I-ORGANIZATION
(	O
Olade	B-ORGANIZATION
)	O
published	O
Tuesday	B-DATE
.	O

The	O
two	O
Latin	B-AFFILIATION
American	I-AFFILIATION
nations	O
generate	O
100	O
%	O
of	O
their	O
electricity	O
from	O
renewable	O
sources	O
,	O
followed	O
by	O
Iceland	B-LOCATION
(	O
99	O
%	O
)	O
,	O
Norway	B-LOCATION
(	O
98	O
%	O
)	O
,	O
Ecuador	B-LOCATION
(	O
92	O
%	O
)	O
,	O
Uruguay	B-LOCATION
(	O
85	O
%	O
)	O
,	O
El	B-LOCATION
Salvador	I-LOCATION
and	O
Panama	B-LOCATION
(	O
84	O
%	O
each	O
)	O
,	O
Colombia	B-LOCATION
and	O
Venezuela	B-LOCATION
(	O
82	O
%	O
each	O
)	O
,	O
Denmark	B-LOCATION
(	O
81	O
%	O
)	O
,	O
New	B-LOCATION
Zealand	I-LOCATION
(	O
80	O
%	O
)	O
,	O
and	O
Brazil	B-LOCATION
(	O
77	O
%	O
)	O
.	O

Paraguay	B-LOCATION
has	O
three	O
hydropower	O
plants	O
in	O
operation	O
:	O
two	O
of	O
them	O
binational	O
-	O
Itaipu	B-LOCATION
and	O
YacyretÃ¡	B-LOCATION
-	O
and	O
the	O
other	O
-	O
Acaray	B-LOCATION
-	O
run	O
by	O
the	O
AdministraciÃ³n	B-ORGANIZATION
Nacional	I-ORGANIZATION
de	I-ORGANIZATION
Electricidad	I-ORGANIZATION
(	O
ANDE	B-ORGANIZATION
)	O
.	O

The	O
construction	O
of	O
a	O
new	O
dam	O
on	O
the	O
AÃ±a	B-LOCATION
CuÃ¡	I-LOCATION
arm	I-LOCATION
,	O
under	O
YacyretÃ¡'s	B-ORGANIZATION|B-LOCATION
Binational	I-ORGANIZATION
Entity	I-ORGANIZATION
(	O
EBY	B-ORGANIZATION
)	O
,	O
is	O
currently	O
underway	O
.	O

It	O
is	O
expected	O
to	O
increase	O
power	O
generation	O
by	O
10	O
%	O
,	O
while	O
ANDE	B-ORGANIZATION
is	O
in	O
the	O
process	O
of	O
building	O
and	O
equipping	O
the	O
YguazÃº	B-LOCATION|B-LOCATION
substation	I-LOCATION
,	O
which	O
will	O
receive	O
two	O
500	O
kVA	O
lines	O
from	O
Itaipu	B-LOCATION
and	O
will	O
allow	O
the	O
country	O
to	O
have	O
all	O
the	O
energy	O
it	O
is	O
entitled	O
to	O
from	O
the	O
dam	O
shared	O
with	O
Brazil	B-LOCATION
.	O

According	O
to	O
Olade	B-ORGANIZATION
,	O
there	O
are	O
20	O
countries	O
worldwide	O
with	O
percentages	O
above	O
70	O
%	O
in	O
their	O
renewable	O
energy	O
generation	O
,	O
of	O
which	O
12	O
are	O
from	O
Latin	B-LOCATION
America	I-LOCATION
and	O
the	O
Caribbean	B-LOCATION
.	O

â	O
Latin	B-LOCATION
America	I-LOCATION
and	O
the	O
Caribbean	B-LOCATION
report	O
values	O
higher	O
than	O
61	O
%	O
and	O
contribute	O
with	O
only	O
4.5	O
%	O
of	O
the	O
total	O
greenhouse	O
gas	O
emissions	O
worldwide	O
,	O
â	O
the	O
organization	O
explained	O
.	O

The	O
international	O
organization	O
also	O
pointed	O
out	O
that	O
these	O
countries	O
accounted	O
for	O
about	O
2	O
%	O
of	O
the	O
world	O
population	O
and	O
about	O
3	O
%	O
of	O
carbon	O
dioxide	O
(	O
CO	O
2	O
)	O
emissions	O
related	O
to	O
energy	O
.	O

Meanwhile	O
,	O
the	O
report	O
also	O
showed	O
that	O
during	O
2020	B-DATE
a	O
total	O
of	O
26,780	O
TWh	O
(	O
terawatt	O
-	O
hours	O
)	O
were	O
generated	O
globally	O
,	O
of	O
which	O
29	O
%	O
were	O
with	O
non	O
-	O
polluting	O
energy	O
sources	O
.	O

After	O
the	O
report	O
was	O
released	O
,	O
ANDE	B-ORGANIZATION
recalled	O
on	O
Twitter	B-ORGANIZATION
that	O
it	O
was	O
already	O
pushing	O
through	O
with	O
its	O
â	O
Master	O
Plan	O
for	O
the	O
period	O
2021-2040	B-DATE
,	O
â	O
to	O
diverse	O
the	O
country	O
's	O
energy	O
generation	O
matrix	O
towards	O
solar	O
energy	O
with	O
alternative	O
renewable	O
energy	O
sources	O
,	O
through	O
the	O
installation	O
of	O
Battery	O
Banks	O
and	O
Photovoltaic	O
Power	O
Plants	O
.	O

