The	O
Argentine	B-AFFILIATION
city	O
of	O
Puerto	B-LOCATION
IguazÃº	I-LOCATION
on	O
the	O
three	O
-	O
way	O
border	O
with	O
Brazil	B-LOCATION
and	O
Paraguay	B-LOCATION
has	O
superseded	O
Buenos	B-LOCATION|B-LOCATION
Aires	I-LOCATION|I-LOCATION
'	O
international	O
Ezeiza	B-LOCATION
airport	O
as	O
the	O
main	O
gateway	O
into	O
the	O
country	O
,	O
it	O
was	O
reported	O
.	O

As	O
travelers	O
cram	O
migration	O
posts	O
,	O
Esteban	B-GIVEN_NAME
Moreno	B-FAMILY_NAME
,	O
Land	O
Control	O
chief	O
at	O
the	O
Migrations	B-ORGANIZATION
Board	I-ORGANIZATION
explained	O
the	O
agency	O
has	O
been	O
taken	O
by	O
surprise	O
by	O
the	O
large	O
flow	O
of	O
tourists	O
despite	O
proper	O
manning	O
and	O
updated	O
equipment	O
at	O
the	O
crossing	O
posts	O
.	O

Images	O
of	O
delays	O
of	O
up	O
to	O
two	B-DURATION
hours	I-DURATION
went	O
viral	O
on	O
social	O
media	O
and	O
the	O
people	O
affected	O
would	O
not	O
agree	O
with	O
Moreno	B-GIVEN_NAME
's	O
statements	O
in	O
light	O
of	O
their	O
own	O
experiences	O
on	O
the	O
spot	O
.	O

Puerto	B-LOCATION
IguazÃº	I-LOCATION
handles	O
twice	O
as	O
many	O
travelers	O
as	O
Ezeiza	B-LOCATION
,	O
Moreno	B-GIVEN_NAME
explained	O
Thursday	B-DATE
.	O

â	O
We	O
are	O
in	O
peak	O
season	O
with	O
an	O
exponential	O
increase	O
in	O
traffic	O
;	O
we	O
currently	O
have	O
31,000	O
daily	O
entries	O
,	O
twice	O
as	O
many	O
as	O
Ezeiza	B-LOCATION
[	O
in	O
]	O
just	O
very	O
few	O
days	O
,	O
â	O
he	O
insisted	O
.	O

The	O
official	O
added	O
that	O
113	O
border	O
inspectors	O
are	O
currently	O
assigned	O
to	O
the	O
crossing	O
.	O

â	O
We	O
are	O
well	O
staffed	O
.	O

It	O
is	O
a	O
pass	O
that	O
has	O
its	O
peak	O
hours	O
where	O
there	O
may	O
be	O
a	O
little	O
more	O
congestion	O
.	O

We	O
are	O
going	O
to	O
rotate	O
the	O
personnel	O
so	O
that	O
they	O
go	O
to	O
the	O
sectors	O
where	O
traffic	O
is	O
increasing	O
â	O
,	O
he	O
added	O
.	O

He	O
also	O
pointed	O
out	O
that	O
in	O
terms	O
of	O
technology	O
â	O
we	O
are	O
doing	O
well	O
â	O
compared	O
to	O
the	O
Brazilian	B-AFFILIATION
and	O
Paraguayan	B-AFFILIATION
checkpoints	O
in	O
Foz	B-LOCATION
do	I-LOCATION
Yguazu	I-LOCATION
and	O
Ciudad	B-LOCATION
del	I-LOCATION
Este	I-LOCATION
respectively	O
.	O

â	O
We	O
changed	O
the	O
computers	O
,	O
the	O
readers	O
,	O
we	O
have	O
the	O
biometric	O
gates	O
,	O
â	O
insisted	O
Moreno	B-GIVEN_NAME
,	O
who	O
also	O
highlighted	O
Argentine	B-AFFILIATION
authorities	O
had	O
always	O
given	O
Puerto	B-LOCATION
IguazÃº	I-LOCATION
the	O
utmost	O
importance	O
.	O

This	O
shift	O
in	O
would	O
-	O
be	O
travelers	O
has	O
local	O
businesses	O
pressing	O
for	O
a	O
change	O
in	O
the	O
migration	O
rules	O
,	O
which	O
if	O
unchanged	O
results	O
in	O
severe	O
losses	O
for	O
local	O
businesses	O
,	O
who	O
have	O
pressed	O
for	O
a	O
tourist	O
corridor	O
across	O
the	O
Triple	B-LOCATION
Frontier	I-LOCATION
.	O

The	O
Economic	B-ORGANIZATION
,	I-ORGANIZATION
Social	I-ORGANIZATION
and	I-ORGANIZATION
Environmental	I-ORGANIZATION
Development	I-ORGANIZATION
Council	I-ORGANIZATION
of	I-ORGANIZATION
Puerto	I-ORGANIZATION|B-LOCATION
IguazÃº	I-ORGANIZATION|I-LOCATION
,	I-ORGANIZATION|I-LOCATION
Argentina	I-ORGANIZATION|I-LOCATION
,	O
has	O
dusted	O
off	O
an	O
old	O
project	O
to	O
strike	O
immigration	O
requirements	O
for	O
citizens	O
from	O
Brazil	B-LOCATION
and	O
Paraguay	B-LOCATION
.	O

They	O
believe	O
30	O
%	O
of	O
would	O
-	O
be	O
travelers	O
are	O
deterred	O
by	O
4	O
to	O
5	O
-	O
hour	O
lines	O
at	O
Customs	O
between	O
Brazil	B-LOCATION
and	O
Argentina	B-LOCATION
.	O

The	O
city	O
of	O
Puerto	B-LOCATION
IguazÃº	I-LOCATION
,	I-LOCATION
Argentina	I-LOCATION
,	O
is	O
linked	O
to	O
the	O
city	O
of	O
Foz	B-LOCATION
de	I-LOCATION
Yguazu	I-LOCATION
,	I-LOCATION
Brazil	I-LOCATION
,	O
through	O
the	O
Tancredo	B-LOCATION
Neves	I-LOCATION
International	I-LOCATION
Bridge	I-LOCATION
,	O
over	O
the	O
Iguazu	B-LOCATION
River	I-LOCATION
,	O
and	O
is	O
located	O
a	O
little	O
more	O
than	O
20	O
kilometers	O
from	O
Ciudad	B-LOCATION
del	I-LOCATION
Este	I-LOCATION
,	O
which	O
in	O
turn	O
is	O
linked	O
to	O
the	O
Brazilian	B-AFFILIATION
city	O
through	O
the	O
Friendship	B-LOCATION
Bridge	I-LOCATION
,	O
over	O
the	O
ParanÃ¡	B-LOCATION
River	I-LOCATION
.	O

Between	O
CDE	B-LOCATION
and	O
Foz	B-LOCATION
,	O
the	O
passage	O
is	O
free	O
up	O
to	O
about	O
60	O
kilometers	O
from	O
the	O
border	O
,	O
whereas	O
to	O
enter	O
Argentina	B-LOCATION
,	O
immigration	O
procedures	O
must	O
be	O
carried	O
out	O
.	O

The	O
procedure	O
may	O
take	O
several	O
hours	O
.	O

â	O
We	O
intend	O
that	O
the	O
migratory	O
procedure	O
,	O
if	O
you	O
come	O
to	O
IguazÃº	B-LOCATION
to	O
spend	O
the	O
day	O
,	O
should	O
not	O
be	O
carried	O
out	O
and	O
that	O
you	O
can	O
do	O
the	O
same	O
as	O
you	O
do	O
today	O
when	O
you	O
go	O
from	O
Ciudad	B-LOCATION
del	I-LOCATION
Este	I-LOCATION
to	O
Foz	B-LOCATION
de	I-LOCATION
YguazÃº	I-LOCATION
or	O
vice	O
versa	O
.	O

Customs	B-ORGANIZATION
and	I-ORGANIZATION
Gendarmerie	I-ORGANIZATION
(	O
Border	B-ORGANIZATION
Guard	I-ORGANIZATION
)	O
should	O
be	O
maintained	O
,	O
but	O
not	O
like	O
today	O
,	O
when	O
you	O
have	O
to	O
wait	O
in	O
line	O
for	O
3	O
to	O
4	B-DURATION
hours	I-DURATION
to	O
come	O
to	O
have	O
dinner	O
,	O
â	O
Council	O
Chairman	O
JoaquÃ­n	B-GIVEN_NAME
Barreto	B-FAMILY_NAME
told	O
reporters	O
.	O

The	O
idea	O
had	O
already	O
been	O
raised	O
sometime	O
between	O
2015	B-DATE
and	O
2016	B-DATE
,	O
but	O
it	O
was	O
quickly	O
shelved	O
.	O

