The	O
President	O
of	O
the	O
Republic	O
Pedro	B-GIVEN_NAME
Castillo	B-FAMILY_NAME
on	O
Friday	B-DATE
urged	O
Parliament	B-ORGANIZATION
to	O
set	O
aside	O
,	O
once	O
and	O
for	O
all	O
,	O
a	O
confrontation	O
that	O
he	O
deemed	O
as	O
useless	O
,	O
the	O
same	O
one	O
that	O
â	O
in	O
his	O
opinion	O
â	O
does	O
not	O
do	O
the	O
country	O
any	O
good	O
.	O

Mr.	O
Castillo	B-GIVEN_NAME
participated	O
in	O
the	O
ceremony	O
to	O
lay	O
the	O
first	O
stone	O
for	O
the	O
comprehensive	O
solutions	O
public	O
work	O
along	O
San	B-LOCATION
Idelfonso	I-LOCATION
and	O
San	B-LOCATION
Carlos	I-LOCATION
Streams	I-LOCATION
in	O
La	B-LOCATION
Libertad	I-LOCATION
region	O
.	O

Its	O
objective	O
is	O
to	O
control	O
flooding	O
and	O
reduce	O
the	O
risk	O
of	O
future	O
natural	O
phenomena	O
â	O
such	O
as	O
Coastal	B-BRANDS
El	B-MISC
NiÃ±o	I-MISC
.	O

"	O
I	O
call	O
on	O
Congress	B-ORGANIZATION
so	O
that	O
,	O
once	O
and	O
for	O
all	O
,	O
we	O
put	O
an	O
end	O
to	O
this	O
useless	O
confrontation	O
which	O
is	O
not	O
good	O
for	O
the	O
country	O
;	O
I	O
call	O
on	O
Congress	B-ORGANIZATION
(	O
members	O
)	O
and	O
tell	O
them	O
that	O
the	O
Government	O
will	O
not	O
interfere	O
in	O
their	O
job	O
,	O
because	O
we	O
must	O
be	O
respectful	O
of	O
State	O
powers	O
,	O
"	O
he	O
expressed	O
.	O

Likewise	O
,	O
the	O
Head	O
of	O
State	O
said	O
that	O
there	O
will	O
be	O
no	O
interference	O
on	O
his	O
part	O
â	O
especially	O
at	O
a	O
time	O
when	O
the	O
process	O
of	O
electing	O
new	O
Board	O
members	O
is	O
currently	O
underway	O
in	O
the	O
Legislative	O
Branch	O
.	O

"	O
Yet	O
I	O
do	O
call	O
on	O
the	O
future	O
Board	O
of	O
Chairpersons	O
to	O
walk	O
with	O
us	O
and	O
address	O
the	O
people	O
's	O
needs	O
;	O
we	O
wo	O
n't	O
interfere	O
,	O
but	O
I	O
call	O
on	O
them	O
to	O
walk	O
with	O
us	O
to	O
make	O
things	O
transparent	O
joined	O
by	O
the	O
people	O
,	O
"	O
he	O
expressed	O
.	O

Cornerstone	O

Concerning	O
the	O
comprehensive	O
solutions	O
public	O
work	O
,	O
the	O
President	O
said	O
it	O
is	O
a	O
project	O
expected	O
by	O
the	O
population	O
.	O

He	O
added	O
that	O
it	O
will	O
provide	O
a	O
solution	O
to	O
floods	O
and	O
inclemency	O
of	O
nature	O
.	O

The	O
Head	O
of	O
State	O
specified	O
that	O
the	O
project	O
will	O
be	O
developed	O
by	O
the	O
Authority	B-ORGANIZATION
for	I-ORGANIZATION
Reconstruction	I-ORGANIZATION
with	I-ORGANIZATION
Changes	I-ORGANIZATION
(	O
ARCC	B-ORGANIZATION
)	O
.	O

Within	O
this	O
framework	O
,	O
67	O
transverse	O
dams	O
will	O
be	O
built	O
to	O
retain	O
the	O
flow	O
from	O
the	O
streams	O
;	O
plus	O
an	O
intake	O
;	O
a	O
tunnel	O
;	O
and	O
a	O
channel	O
to	O
deliver	O
surplus	O
flows	O
to	O
Moche	B-LOCATION
River	I-LOCATION
.	O

"	O
This	O
(	O
public	O
)	O
work	O
will	O
benefit	O
640,000	O
people	O
in	O
Trujillo	B-LOCATION
;	O
the	O
corresponding	O
investment	O
exceeds	O
S	B-MONEY
/	I-MONEY
479	I-MONEY
million	I-MONEY
(	I-MONEY
over	I-MONEY
US	I-MONEY|B-LOCATION
$	I-MONEY
123	I-MONEY
million	I-MONEY
)	I-MONEY
,	O
thus	O
creating	O
jobs	O
for	O
the	O
citizens	O
of	O
Trujillo	B-LOCATION
,	O
"	O
he	O
indicated	O
.	O

