Peruvian	B-AFFILIATION
restaurants	O
Central	B-LOCATION
,	O
Maido	B-LOCATION
,	O
and	O
Mayta	B-LOCATION
have	O
been	O
included	O
on	O
the	O
list	O
of	O
The	B-BRANDS
World	B-MISC
's	I-MISC
50	I-MISC
Best	I-MISC
Restaurants	I-MISC
,	O
known	O
as	O
the	O
Oscars	B-BRANDS
of	O
gastronomy	O
.	O

During	O
its	O
recent	O
edition	O
held	O
in	O
London	B-LOCATION
,	O
the	O
jury	O
chose	O
Central	B-LOCATION
â	O
owned	O
by	O
chef	O
Virgilio	B-GIVEN_NAME
Martinez	B-FAMILY_NAME
â	O
as	O
the	O
second	O
-	O
best	O
restaurant	O
in	O
the	O
world	O
and	O
the	O
best	O
restaurant	O
in	O
South	B-LOCATION
America	I-LOCATION
.	O

It	O
should	O
be	O
noted	O
that	O
Central	B-LOCATION
was	O
previously	O
crowned	O
The	B-BRANDS
Greatest	B-MISC
Restaurant	I-MISC
in	O
Latin	B-LOCATION
America	I-LOCATION
2013-2021	B-DATE
.	O

Meanwhile	O
,	O
Maido	B-LOCATION
â	O
by	O
chef	O
Mitsuharu	B-GIVEN_NAME
Tsumura	B-FAMILY_NAME
â	O
occupies	O
the	O
11th	O
place	O
of	O
the	O
current	O
list	O
.	O

In	O
addition	O
,	O
Mayta	B-LOCATION
â	O
by	O
chef	O
Jaime	B-GIVEN_NAME
Pesaque	B-FAMILY_NAME
â	O
joined	O
said	O
list	O
,	O
taking	O
32nd	O
place	O
.	O

The	O
list	O
â	O
in	O
which	O
Geranium	B-LOCATION
(	O
in	O
Copenhagen	B-LOCATION
,	I-LOCATION
Denmark	I-LOCATION
)	O
was	O
named	O
the	O
World	B-BRANDS
's	B-MISC
Best	I-MISC
Restaurant	I-MISC
2022	I-MISC
â	O
is	O
the	O
result	O
of	O
a	O
poll	O
of	O
1,080	O
experts	O
,	O
including	O
specialized	O
journalists	O
,	O
cooks	O
,	O
and	O
food	O
lovers	O
across	O
27	O
regions	O
around	O
the	O
world	O
.	O

Regarding	O
Central	B-LOCATION
,	O
the	O
jury	O
highlighted	O
the	O
Peruvian	B-AFFILIATION
heritage	O
and	O
biodiversity	O
.	O

As	O
for	O
Maido	B-LOCATION
,	O
the	O
judges	O
underlined	O
how	O
Peru	B-LOCATION
and	O
Japan	B-LOCATION
unite	O
to	O
create	O
an	O
explosion	O
of	O
fantastic	O
flavor	O
.	O

In	O
the	O
case	O
of	O
Mayta	B-LOCATION
,	O
the	O
organizers	O
invited	O
diners	O
to	O
enjoy	O
its	O
colorful	O
cuisine	O
and	O
cocktails	O
.	O

The	O
World	B-BRANDS
's	B-MISC
50	I-MISC
Best	I-MISC
Restaurants	I-MISC
2022	I-MISC
,	O
sponsored	O
by	O
S.	B-ORGANIZATION
Pellegrino	I-ORGANIZATION
&	O
Acqua	B-ORGANIZATION
Panna	I-ORGANIZATION
,	O
was	O
unveiled	O
in	O
London	B-LOCATION
at	O
a	O
live	O
awards	O
ceremony	O
on	O
Monday	B-DATE
18th	I-DATE
July	I-DATE
.	O

The	O
celebration	O
marked	O
the	O
20th	O
year	O
of	O
the	O
list	O
,	O
creating	O
a	O
fantastic	O
opportunity	O
to	O
bring	O
an	O
incredible	O
community	O
of	O
chefs	O
together	O
from	O
around	O
the	O
world	O
.	O

