MULTAN	B-LOCATION
:	O
Leader	O
of	O
the	O
opposition	O
in	O
senate	O
Syed	B-GIVEN_NAME
Yousuf	B-FAMILY_NAME
Raza	I-FAMILY_NAME
Gilani	I-FAMILY_NAME
said	O
on	O
Monday	B-DATE
that	O
leaders	O
of	O
Pakistan	B-ORGANIZATION|B-LOCATION
Democratic	I-ORGANIZATION
Movement	I-ORGANIZATION
(	O
PDM	B-ORGANIZATION
)	O
alliance	O
would	O
discuss	O
the	O
next	O
political	O
strategy	O
in	O
the	O
backdrop	O
of	O
July	B-DATE
17	I-DATE
Punjab	B-LOCATION
bye	O
polls	O
results	O
and	O
reaffirmed	O
Pakistan	B-ORGANIZATION|B-ORGANIZATION
Peoples	I-ORGANIZATION
Party	I-ORGANIZATION
âs	O
(	O
PPP	B-ORGANIZATION
)	O
commitment	O
to	O
stand	O
by	O
the	O
allies	O
through	O
thick	O
and	O
thin	O
,	O
in	O
Lahore	B-LOCATION
on	O
Tuesday	B-DATE
.	O

Addressing	O
a	O
press	O
conference	O
at	O
Gilani	B-LOCATION|B-GIVEN_NAME
House	I-LOCATION
,	O
veteran	O
PPP	B-ORGANIZATION
leader	O
said	O
that	O
PPP	B-ORGANIZATION
central	O
executive	O
committee	O
(	O
CEC	B-ORGANIZATION
)	O
meeting	O
,	O
chaired	O
by	O
party	O
chairman	O
Bilawal	B-GIVEN_NAME
Bhutto	B-FAMILY_NAME
Zardari	I-FAMILY_NAME
and	O
former	O
president	O
Asif	B-GIVEN_NAME
Ali	B-FAMILY_NAME
Zardari	I-FAMILY_NAME
,	O
was	O
held	O
at	O
Bilalwal	B-LOCATION
House	I-LOCATION
Karachi	I-LOCATION|B-LOCATION
on	O
Monday	B-DATE
evening	O
where	O
all	O
important	O
matters	O
like	O
electoral	O
reforms	O
,	O
NAB	O
reforms	O
,	O
Supreme	B-ORGANIZATION
Court	I-ORGANIZATION
decisions	O
and	O
particularly	O
the	O
July	B-DATE
17	I-DATE
Punjab	B-LOCATION
bye	O
polls	O
were	O
discussed	O
.	O

PPP	B-ORGANIZATION
leadership	O
decided	O
that	O
the	O
party	O
would	O
stay	O
supportive	O
to	O
allies	O
in	O
every	O
difficult	O
time	O
,	O
he	O
said	O
.	O

Gilani	B-GIVEN_NAME
said	O
that	O
PPP	B-ORGANIZATION
being	O
part	O
of	O
PDM	B-ORGANIZATION
supported	O
PML	B-ORGANIZATION
-	I-ORGANIZATION
N	I-ORGANIZATION
candidates	O
wholeheartedly	O
in	O
the	O
bye	O
-	O
elections	O
.	O
He	O
said	O
that	O
all	O
the	O
20	O
seats	O
that	O
witnessed	O
bye	O
polls	O
in	O
Punjab	B-LOCATION
were	O
the	O
seats	O
won	O
earlier	O
by	O
PTI	B-ORGANIZATION
out	O
which	O
they	O
won	O
fifteen	O
and	O
lost	O
remaining	O
five	O
in	O
the	O
recent	O
bye	O
polls	O
.	O

Responding	O
to	O
a	O
question	O
regarding	O
article	O
6	O
on	O
PTI	B-ORGANIZATION
leaders	O
,	O
Gilani	B-GIVEN_NAME
said	O
that	O
it	O
was	O
the	O
prerogative	O
of	O
the	O
government	O
to	O
take	O
the	O
decision	O
,	O
however	O
,	O
added	O
that	O
in	O
his	O
opinion	O
it	O
was	O
not	O
a	O
practical	O
option	O
.	O

He	O
said	O
that	O
PPP	B-ORGANIZATION
would	O
be	O
represented	O
by	O
former	O
President	O
Asif	B-GIVEN_NAME
Ali	B-FAMILY_NAME
Zardari	I-FAMILY_NAME
in	O
the	O
important	O
PDM	B-ORGANIZATION
meeting	O
scheduled	O
Tuesday	B-DATE
to	O
discuss	O
the	O
situation	O
and	O
carve	O
out	O
the	O
next	O
political	O
strategy	O
.	O

All	O
the	O
decisions	O
would	O
be	O
taken	O
with	O
consensus	O
,	O
Gilani	B-GIVEN_NAME
said	O
adding	O
:	O
â	O
There	O
will	O
be	O
no	O
solo	O
flight	O
.	O
We	O
will	O
not	O
ditch	O
our	O
allies	O
.	O
â	O
To	O
a	O
question	O
,	O
Gilani	B-GIVEN_NAME
said	O
that	O
election	O
was	O
a	O
continuous	O
process	O
and	O
loss	O
or	O
triumph	O
were	O
part	O
of	O
the	O
game	O
.	O
Gilani	B-GIVEN_NAME
said	O
that	O
election	O
commission	O
and	O
the	O
government	O
deserve	O
commendation	O
for	O
holding	O
elections	O
in	O
free	O
,	O
fair	O
,	O
and	O
transparent	O
manner	O
.	O

He	O
said	O
,	O
contrary	O
to	O
PTI	B-ORGANIZATION
leaders	O
â	O
claims	O
of	O
rigging	O
and	O
foul	O
play	O
,	O
the	O
whole	O
process	O
was	O
held	O
in	O
a	O
transparent	O
manner	O
,	O
he	O
added	O
.	O
All	O
PTI	B-ORGANIZATION
leaders	O
claims	O
proved	O
wrong	O
.	O
Gilani	B-GIVEN_NAME
said	O
that	O
the	O
alliance	O
took	O
difficult	O
decisions	O
and	O
would	O
move	O
forward	O
with	O
consensus	O
for	O
stable	O
political	O
and	O
economic	O
environment	O
in	O
the	O
country	O
.	O

He	O
added	O
that	O
political	O
stability	O
brings	O
economic	O
stability	O
.	O
He	O
lauded	O
PML	B-ORGANIZATION
-	I-ORGANIZATION
N	I-ORGANIZATION
leaders	O
particularly	O
Maryam	B-GIVEN_NAME
Nawaz	B-FAMILY_NAME
Sharif	I-FAMILY_NAME
for	O
the	O
hard	O
work	O
during	O
the	O
election	O
campaign	O
.	O
To	O
another	O
question	O
whether	O
PPP	B-ORGANIZATION
would	O
be	O
part	O
of	O
alliance	O
in	O
the	O
next	O
general	O
elections	O
,	O
Gilani	B-GIVEN_NAME
said	O
that	O
PPP	B-ORGANIZATION
was	O
a	O
political	O
party	O
having	O
its	O
own	O
vision	O
and	O
manifesto	O
adding	O
that	O
decision	O
as	O
to	O
how	O
party	O
would	O
enter	O
next	O
general	O
elections	O
would	O
be	O
taken	O
by	O
the	O
party	O
âs	O
central	O
executive	O
committee	O
(	O
CEC	B-ORGANIZATION
)	O
.	O

PPP	B-ORGANIZATION
leaders	O
Dr	O
.	O
Javed	B-GIVEN_NAME
Siddiqui	B-FAMILY_NAME
,	O
Khawaja	B-GIVEN_NAME
Rizwan	B-FAMILY_NAME
Alam	I-FAMILY_NAME
,	O
and	O
others	O
were	O
present	O
.	O

