Doha	B-LOCATION
:	O
Qatar	B-ORGANIZATION|B-LOCATION
Charity	I-ORGANIZATION
has	O
handed	O
over	O
several	O
wheelchairs	O
to	O
the	O
â	O
Shafallah	B-ORGANIZATION
Center	I-ORGANIZATION
for	I-ORGANIZATION
Persons	I-ORGANIZATION
with	I-ORGANIZATION
Disabilities	I-ORGANIZATION
â	O
to	O
facilitate	O
their	O
movement	O
and	O
mobility	O
.	O

The	O
provision	O
of	O
wheelchairs	O
by	O
Qatar	B-ORGANIZATION|B-LOCATION
Charity	I-ORGANIZATION
to	O
the	O
centre	O
comes	O
within	O
the	O
framework	O
of	O
its	O
social	O
responsibilities	O
and	O
its	O
desire	O
to	O
support	O
the	O
integration	O
of	O
this	O
community	O
segment	O
into	O
public	O
life	O
.	O

Farid	B-GIVEN_NAME
Khalil	B-FAMILY_NAME
Al	I-FAMILY_NAME
Siddiqi	I-FAMILY_NAME
,	O
Head	O
of	O
the	O
Local	B-ORGANIZATION
Projects	I-ORGANIZATION
Department	I-ORGANIZATION
in	O
the	O
Department	B-ORGANIZATION
of	I-ORGANIZATION
Programmes	I-ORGANIZATION
and	I-ORGANIZATION
Community	I-ORGANIZATION
Development	I-ORGANIZATION
at	O
Qatar	B-ORGANIZATION|B-LOCATION
Charity	I-ORGANIZATION
,	O
handed	O
over	O
wheelchairs	O
to	O
Dr	O
.	O
Muhammad	B-GIVEN_NAME
Talfat	B-FAMILY_NAME
,	O
Director	O
of	O
the	O
Remedial	B-ORGANIZATION
Services	I-ORGANIZATION
Department	I-ORGANIZATION
at	O
the	O
Shafallah	B-ORGANIZATION
Centre	I-ORGANIZATION
.	O

Farid	B-GIVEN_NAME
Khalil	B-FAMILY_NAME
Al	I-FAMILY_NAME
Siddiqi	I-FAMILY_NAME
,	O
Head	O
of	O
the	O
Local	B-ORGANIZATION
Projects	I-ORGANIZATION
Department	I-ORGANIZATION
at	O
Qatar	B-ORGANIZATION|B-LOCATION
Charity	I-ORGANIZATION
,	O
said	O
:	O
â	O
Providing	O
wheelchairs	O
to	O
the	O
Shafallah	B-ORGANIZATION
Centre	I-ORGANIZATION
is	O
part	O
of	O
the	O
community	O
efforts	O
undertaken	O
by	O
Qatar	B-ORGANIZATION|B-LOCATION
Charity	I-ORGANIZATION
in	O
cooperation	O
with	O
various	O
youth	O
organisations	O
and	O
initiatives	O
and	O
individuals	O
serving	O
the	O
local	O
community	O
,	O
noting	O
that	O
Qatar	B-ORGANIZATION|B-LOCATION
Charity	I-ORGANIZATION
had	O
previously	O
provided	O
the	O
Shafallah	B-ORGANIZATION
Center	I-ORGANIZATION
for	O
people	O
with	O
disabilities	O
.	O

Disability	O
with	O
wheelchairs	O
before	O
this	O
time	O
and	O
wheelchairs	O
were	O
provided	O
to	O
several	O
other	O
agencies	O
,	O
including	O
Qatar	B-ORGANIZATION|B-LOCATION
Association	I-ORGANIZATION
for	I-ORGANIZATION
the	I-ORGANIZATION
Disabled	I-ORGANIZATION
,	O
Ihsan	B-ORGANIZATION
Center	I-ORGANIZATION
for	I-ORGANIZATION
Elderly	I-ORGANIZATION
Care	I-ORGANIZATION
,	O
and	O
others	O
.	O
â	O

He	O
added	O
that	O
Qatar	B-ORGANIZATION|B-LOCATION
Charity	I-ORGANIZATION
seeks	O
to	O
provide	O
wheelchairs	O
to	O
serve	O
these	O
groups	O
with	O
the	O
support	O
of	O
philanthropists	O
in	O
Qatar	B-LOCATION
who	O
can	O
donate	O
their	O
value	O
through	O
the	O
website	O
,	O
electronic	O
application	O
,	O
and	O
collection	O
points	O
to	O
Qatar	B-ORGANIZATION|B-LOCATION
Charity	I-ORGANIZATION
to	O
contribute	O
to	O
facilitating	O
their	O
movement	O
,	O
noting	O
that	O
Qatar	B-LOCATION
organizes	O
charity	O
visits	O
to	O
these	O
segments	O
and	O
implements	O
programs	O
and	O
events	O
.	O

It	O
âs	O
in	O
seasons	O
and	O
holidays	O
.	O

Prof	O
Dr	O
.	O
Mohamed	B-GIVEN_NAME
Talfat	B-FAMILY_NAME
,	O
Director	O
of	O
the	O
Therapeutic	B-ORGANIZATION
Services	I-ORGANIZATION
Department	I-ORGANIZATION
at	O
the	O
Shafallah	B-ORGANIZATION
Centre	I-ORGANIZATION
,	O
expressed	O
his	O
appreciation	O
for	O
the	O
donation	O
made	O
by	O
Qatar	B-ORGANIZATION|B-LOCATION
Charity	I-ORGANIZATION
in	O
favor	O
of	O
people	O
with	O
disabilities	O
in	O
Shafallah	B-ORGANIZATION
,	O
praising	O
its	O
role	O
and	O
efforts	O
in	O
providing	O
support	O
and	O
assistance	O
to	O
them	O
.	O

Providing	O
services	O
to	O
this	O
category	O
that	O
has	O
rights	O
over	O
all	O
members	O
of	O
society	O
.	O

He	O
pointed	O
out	O
that	O
Qatar	B-ORGANIZATION|B-LOCATION
Charity	I-ORGANIZATION
has	O
previously	O
supported	O
the	O
center	O
with	O
several	O
chairs	O
,	O
and	O
this	O
is	O
not	O
the	O
first	O
time	O
.	O

We	O
have	O
expanded	O
the	O
cooperation	O
and	O
look	O
forward	O
to	O
providing	O
more	O
services	O
to	O
this	O
segment	O
and	O
the	O
continued	O
cooperation	O
between	O
us	O
.	O

