Doha	B-LOCATION
:	O
Hospitals	O
in	O
the	O
Gaza	B-LOCATION
strip	I-LOCATION
received	O
a	O
new	O
batch	O
of	O
Palestinian	B-AFFILIATION
doctors	O
on	O
scholarship	O
from	O
the	O
Qatar	B-ORGANIZATION|B-LOCATION
Red	I-ORGANIZATION
Crescent	I-ORGANIZATION
Society	I-ORGANIZATION
(	O
QRCS	B-ORGANIZATION
)	O
after	O
they	O
completed	O
training	O
programmes	O
and	O
sub	O
-	O
specialities	O
in	O
Jordan	B-LOCATION
.	O

QRCS	B-ORGANIZATION
praised	O
the	O
successes	O
achieved	O
by	O
returning	O
doctors	O
,	O
whether	O
their	O
help	O
in	O
developing	O
the	O
medical	O
service	O
quality	O
or	O
their	O
contributions	O
to	O
developing	O
the	O
local	O
medical	O
cadres	O
according	O
to	O
international	O
health	O
protocols	O
.	O

Director	O
-	O
General	O
of	O
International	O
Cooperation	O
at	O
the	O
Palestinian	B-ORGANIZATION|B-AFFILIATION
Ministry	I-ORGANIZATION
of	I-ORGANIZATION
Health	I-ORGANIZATION
in	O
the	O
Gaza	B-LOCATION
Strip	I-LOCATION
,	O
Dr	O
.	O
Abdul	B-GIVEN_NAME
-	B-FAMILY_NAME
Latif	I-FAMILY_NAME
Al	I-FAMILY_NAME
Hajj	I-FAMILY_NAME
,	O
said	O
that	O
the	O
ministry	O
pays	O
great	O
attention	O
to	O
the	O
doctor	O
âs	O
scholarship	O
programme	O
abroad	O
which	O
enhances	O
the	O
performance	O
of	O
medical	O
sector	O
workers	O
despite	O
the	O
exceptional	O
and	O
difficult	O
circumstances	O
imposed	O
by	O
the	O
siege	O
and	O
the	O
ongoing	O
wars	O
on	O
the	O
strip	O
.	O

He	O
pointed	O
out	O
that	O
the	O
returning	O
physicians	O
received	O
special	O
medical	O
training	O
in	O
the	O
best	O
hospitals	O
and	O
medical	O
centres	O
in	O
Jordan	B-LOCATION
,	O
which	O
was	O
clearly	O
reflected	O
in	O
the	O
results	O
of	O
their	O
surgeries	O
that	O
they	O
provided	O
to	O
patients	O
in	O
governmental	O
hospitals	O
all	O
over	O
Gaza	B-LOCATION
governorates	O
.	O

QRCS	B-ORGANIZATION
has	O
supported	O
a	O
specialised	O
medical	O
education	O
programme	O
in	O
the	O
Gaza	B-LOCATION
strip	I-LOCATION
since	O
2009	B-DATE
,	O
which	O
includes	O
33	O
medical	O
scholarships	O
in	O
Jordan	B-LOCATION
with	O
a	O
total	O
amount	O
of	O
QR	B-MONEY
8,944,593	I-MONEY
.	O

During	O
this	O
period	O
,	O
doctors	O
on	O
scholarships	O
studied	O
medical	O
specialities	O
considered	O
the	O
neediest	O
and	O
scarce	O
,	O
to	O
improve	O
the	O
medical	O
services	O
provided	O
in	O
Gaza	B-LOCATION
hospitals	O
in	O
specialities	O
such	O
as	O
neurosurgery	O
,	O
haematology	O
,	O
oncology	O
,	O
interventional	O
radiology	O
,	O
kidney	O
diseases	O
,	O
endocrinology	O
,	O
and	O
diabetes	O
.	O

