JEDDAH	B-LOCATION
:	O
Secretary	O
-	O
General	O
of	O
the	O
Cooperation	B-ORGANIZATION
Council	I-ORGANIZATION
for	I-ORGANIZATION
the	I-ORGANIZATION
Arab	I-ORGANIZATION
States	I-ORGANIZATION
of	I-ORGANIZATION
the	I-ORGANIZATION
Gulf	I-ORGANIZATION
(	O
GCC	B-ORGANIZATION
)	O
Dr	O
.	O
Nayef	B-GIVEN_NAME
Falah	B-FAMILY_NAME
Mubarak	I-FAMILY_NAME
Al	I-FAMILY_NAME
Hajraf	I-FAMILY_NAME
underlined	O
the	O
importance	O
of	O
the	O
Jeddah	B-LOCATION|B-LOCATION
Security	B-MISC
and	I-MISC
Development	I-MISC
Summit	I-MISC
,	O
which	O
starts	O
Saturday	B-DATE
in	O
Jeddah	B-LOCATION
.	O

The	O
Summit	O
will	O
be	O
attended	O
by	O
the	O
leaders	O
of	O
the	O
GCC	B-ORGANIZATION
states	O
,	O
the	O
Hashemite	B-LOCATION
Kingdom	I-LOCATION
of	I-LOCATION
Jordan	I-LOCATION
,	O
the	O
Arab	B-LOCATION|B-AFFILIATION
Republic	I-LOCATION
of	I-LOCATION
Egypt	I-LOCATION
,	O
the	O
Republic	B-LOCATION
of	I-LOCATION
Iraq	I-LOCATION
,	O
and	O
the	O
United	B-LOCATION
States	I-LOCATION
of	I-LOCATION
America	I-LOCATION
.	O

GCC	B-ORGANIZATION
Secretary	O
-	O
General	O
said	O
that	O
the	O
summit	O
represents	O
a	O
regional	O
and	O
international	O
platform	O
for	O
addressing	O
security	O
files	O
,	O
challenges	O
,	O
and	O
areas	O
of	O
development	O
and	O
aspirations	O
.	O

Moreover	O
,	O
it	O
enhances	O
the	O
integrating	O
efforts	O
towards	O
achieving	O
stability	O
and	O
prosperity	O
in	O
the	O
region	O
and	O
the	O
world	O
,	O
especially	O
in	O
light	O
of	O
the	O
accelerating	O
challenges	O
,	O
he	O
pointed	O
out	O
.	O

He	O
stressed	O
the	O
GCC	B-ORGANIZATION
's	O
belief	O
in	O
its	O
constructive	O
and	O
pivotal	O
role	O
as	O
a	O
basic	O
pillar	O
of	O
security	O
and	O
stability	O
in	O
the	O
region	O
,	O
a	O
leading	O
model	O
for	O
comprehensive	O
development	O
,	O
an	O
engine	O
for	O
the	O
economy	O
,	O
and	O
a	O
partner	O
towards	O
the	O
future	O
by	O
strengthening	O
its	O
regional	O
and	O
international	O
position	O
and	O
presence	O
.	O

Al	B-GIVEN_NAME
Hajraf	B-FAMILY_NAME
expressed	O
aspiration	O
that	O
the	O
Jeddah	B-LOCATION|B-LOCATION
Security	B-MISC
and	I-MISC
Development	I-MISC
Summit	I-MISC
would	O
represent	O
the	O
launch	O
of	O
a	O
new	O
phase	O
based	O
on	O
a	O
mutual	O
understanding	O
of	O
dealing	O
with	O
security	O
and	O
stability	O
challenges	O
and	O
collective	O
work	O
to	O
cooperate	O
in	O
the	O
areas	O
of	O
development	O
and	O
prosperity	O
to	O
achieve	O
common	O
goals	O
and	O
build	O
the	O
future	O
.	O

