Cape	B-LOCATION
Town	I-LOCATION
-	O

The	O
investigation	O
into	O
the	O
Phala	B-ORGANIZATION
Phala	I-ORGANIZATION
farm	I-ORGANIZATION
matter	O
had	O
nothing	O
to	O
do	O
with	O
his	O
suspension	O
of	O
Public	O
Protector	O
advocate	O
Busisiwe	B-GIVEN_NAME
Mkhwebane	B-FAMILY_NAME
,	O
President	O
Cyril	B-GIVEN_NAME
Ramaphosa	B-FAMILY_NAME
âs	O
lawyers	O
have	O
told	O
the	O
Western	B-ORGANIZATION|B-LOCATION
Cape	I-ORGANIZATION|I-LOCATION
High	I-ORGANIZATION
Court	I-ORGANIZATION
.	O

Ramaphosa	B-GIVEN_NAME
âs	O
advocate	O
,	O
Karrisha	B-GIVEN_NAME
Pillay	B-FAMILY_NAME
,	O
SC	O
,	O
told	O
the	O
judges	O
hearing	O
Mkhwebane	B-GIVEN_NAME
âs	O
application	O
to	O
overturn	O
her	O
suspension	O
,	O
that	O
the	O
president	O
was	O
co	O
-	O
operating	O
fully	O
with	O
the	O
investigation	O
into	O
the	O
matter	O
,	O
where	O
it	O
is	O
alleged	O
that	O
he	O
violated	O
the	O
Executive	B-BRANDS
Ethics	B-MISC
Code	I-MISC
.	O

On	O
Monday	B-DATE
,	O
Mkhwebane	B-GIVEN_NAME
âs	O
advocate	O
,	O
Dali	B-GIVEN_NAME
Mpofu	B-FAMILY_NAME
,	O
SC	O
,	O
had	O
argued	O
before	O
the	O
court	O
that	O
Ramaphosa	B-GIVEN_NAME
suspended	O
Mkhwebane	B-GIVEN_NAME
out	O
of	O
revenge	O
because	O
of	O
her	O
investigation	O
into	O
the	O
2020	B-DATE
burglary	O
at	O
his	O
Phala	B-ORGANIZATION
Phala	I-ORGANIZATION
farm	I-ORGANIZATION
.	O

Mpofu	B-GIVEN_NAME
had	O
also	O
argued	O
that	O
Ramaphosa	B-GIVEN_NAME
was	O
aware	O
that	O
Mkhwebane	B-GIVEN_NAME
was	O
preparing	O
to	O
challenge	O
impeachment	O
proceedings	O
against	O
her	O
when	O
he	O
suspended	O
her	O
,	O
and	O
that	O
the	O
suspension	O
was	O
unconstitutional	O
because	O
it	O
took	O
place	O
ahead	O
of	O
the	O
process	O
in	O
Parliament	B-ORGANIZATION
to	O
remove	O
her	O
from	O
office	O
.	O

Pillay	B-GIVEN_NAME
argued	O
Ramaphosa	B-GIVEN_NAME
had	O
met	O
all	O
the	O
constitutional	O
prerequisites	O
to	O
suspend	O
Mkhwebane	B-GIVEN_NAME
,	O
and	O
that	O
the	O
Section	B-BRANDS
194	B-MISC
parliamentary	O
committee	O
looking	O
into	O
her	O
fitness	O
to	O
hold	O
office	O
was	O
a	O
properly	O
constituted	O
removal	O
committee	O
.	O

Appearing	O
on	O
behalf	O
of	O
the	O
DA	O
,	O
which	O
is	O
also	O
a	O
respondent	O
in	O
the	O
matter	O
,	O
advocate	O
Steven	B-GIVEN_NAME
Budlender	B-FAMILY_NAME
,	O
SC	O
,	O
said	O
the	O
DA	O
was	O
the	O
party	O
that	O
had	O
sponsored	O
the	O
impeachment	O
proceedings	O
against	O
Mkhwebane	B-GIVEN_NAME
in	O
Parliament	B-ORGANIZATION
.	O

Budlender	B-GIVEN_NAME
said	O
the	O
DA	O
had	O
no	O
complaint	O
lodged	O
against	O
it	O
with	O
Mkhwebane	B-GIVEN_NAME
,	O
and	O
there	O
was	O
no	O
suggestion	O
that	O
it	O
tried	O
to	O
protect	O
anyone	O
.	O

â	O
The	O
DA	O
is	O
of	O
the	O
view	O
that	O
previous	O
findings	O
of	O
courts	O
made	O
it	O
clear	O
that	O
advocate	O
Mkhwebane	B-GIVEN_NAME
is	O
unfit	O
to	O
hold	O
the	O
office	O
,	O
and	O
that	O
the	O
president	O
made	O
his	O
decision	O
,	O
and	O
she	O
is	O
now	O
trying	O
to	O
undo	O
that	O
decision	O
on	O
contrived	O
and	O
unsustainable	O
grounds	O
.	O
â	O

On	O
the	O
Phala	B-ORGANIZATION
Phala	I-ORGANIZATION
farm	I-ORGANIZATION
issue	O
,	O
Budlender	B-GIVEN_NAME
said	O
that	O
as	O
serious	O
as	O
the	O
matter	O
was	O
,	O
it	O
should	O
not	O
be	O
allowed	O
to	O
hide	O
the	O
fact	O
that	O
Mkhewebane	B-GIVEN_NAME
âs	O
suspension	O
was	O
lawful	O
.	O

He	O
said	O
Mkhwebane	B-GIVEN_NAME
âs	O
suspension	O
was	O
initiated	O
in	O
March	B-DATE
this	O
year	O
,	O
long	O
before	O
the	O
Phala	B-LOCATION
Phala	I-LOCATION
matter	O
hit	O
the	O
headlines	O
.	O

Judgment	O
has	O
been	O
reserved	O
.	O

Meanwhile	O
,	O
the	O
Section	B-BRANDS
194	B-MISC
Inquiry	I-MISC
,	O
which	O
has	O
been	O
on	O
a	O
break	O
to	O
allow	O
Mkhwebane	B-GIVEN_NAME
to	O
argue	O
this	O
matter	O
in	O
court	O
,	O
is	O
set	O
to	O
resume	O
its	O
hearings	O
today	O
with	O
a	O
new	O
witness	O
,	O
the	O
Public	O
Protector	O
âs	O
Free	O
State	O
head	O
,	O
Sphelo	B-GIVEN_NAME
Samuel	B-FAMILY_NAME
.	O

Samuel	B-GIVEN_NAME
was	O
subjected	O
to	O
a	O
disciplinary	O
hearing	O
by	O
Mkhwebane	B-GIVEN_NAME
in	O
2020	B-DATE
.	O

She	O
charged	O
him	O
with	O
misconduct	O
following	O
a	O
letter	O
he	O
wrote	O
to	O
Parliament	B-ORGANIZATION
in	O
2020	B-DATE
requesting	O
an	O
investigation	O
into	O
Mkhwebane	B-GIVEN_NAME
âs	O
conduct	O
.	O

He	O
was	O
dismissed	O
in	O
December	B-DATE
2020	I-DATE
,	O
but	O
the	O
Public	B-ORGANIZATION
Servants	I-ORGANIZATION
â	I-ORGANIZATION
Association	I-ORGANIZATION
(	O
PSA	B-ORGANIZATION
)	O
took	O
the	O
matter	O
up	O
as	O
an	O
unfair	O
dismissal	O
,	O
and	O
disputed	O
it	O
at	O
the	O
CCMA	B-ORGANIZATION
,	O
which	O
ruled	O
in	O
his	O
favour	O
and	O
ordered	O
his	O
reinstatement	O
.	O

