Cape	B-LOCATION
Town	I-LOCATION
-	O

How	O
the	O
office	B-ORGANIZATION
of	I-ORGANIZATION
the	I-ORGANIZATION
Auditor	I-ORGANIZATION
-	I-ORGANIZATION
General	I-ORGANIZATION
of	I-ORGANIZATION
SA	I-ORGANIZATION|B-LOCATION
(	O
AGSA	B-ORGANIZATION
)	O
handles	O
issues	O
of	O
maladministration	O
and	O
wasteful	O
expenditure	O
in	O
under	O
-	O
performing	O
Western	B-LOCATION
Cape	I-LOCATION
municipalities	O
dominated	O
a	O
briefing	O
on	O
local	O
government	O
audit	O
outcomes	O
to	O
the	O
legislature	O
âs	O
standing	O
committee	O
.	O

The	O
session	O
was	O
a	O
follow	O
up	O
to	O
the	O
2020/21	B-DATE
auditor	O
-	O
general	O
report	O
which	O
showed	O
that	O
the	O
municipalities	O
of	O
Beaufort	B-LOCATION
West	I-LOCATION
,	O
Kannaland	B-LOCATION
,	O
and	O
Laingsburg	B-LOCATION
received	O
qualified	O
audits	O
,	O
while	O
Prince	B-LOCATION|B-GIVEN_NAME
Albert	I-LOCATION|B-FAMILY_NAME
Municipality	I-LOCATION
regressed	O
from	O
an	O
unqualified	O
with	O
no	O
findings	O
outcome	O
to	O
an	O
unqualified	O
with	O
findings	O
outcome	O
.	O

The	O
audit	O
also	O
found	O
that	O
22	O
of	O
the	O
Western	B-LOCATION
Cape	I-LOCATION
âs	O
municipalities	O
had	O
received	O
clean	O
audits	O
,	O
representing	O
more	O
than	O
half	O
of	O
the	O
clean	O
audits	O
awarded	O
across	O
the	O
country	O
.	O

Committee	O
members	O
Nosipho	B-GIVEN_NAME
Makamba	B-FAMILY_NAME
-	I-FAMILY_NAME
Botya	I-FAMILY_NAME
(	O
EFF	B-ORGANIZATION
)	O
and	O
Matlhodi	B-GIVEN_NAME
Maseko	B-FAMILY_NAME
(	O
DA	B-ORGANIZATION
)	O
asked	O
AGSA	B-ORGANIZATION
Western	B-LOCATION
Cape	I-LOCATION
business	O
leader	O
Sangeeta	B-GIVEN_NAME
Kallen	B-FAMILY_NAME
about	O
whether	O
the	O
consequence	O
management	O
measures	O
recommended	O
by	O
AGSA	B-ORGANIZATION
were	O
enforceable	O
.	O

Kallen	B-GIVEN_NAME
said	O
the	O
reasons	O
for	O
the	O
less	O
optimal	O
results	O
were	O
often	O
due	O
to	O
the	O
inability	O
of	O
municipalities	O
to	O
attract	O
sufficiently	O
skilled	O
staff	O
to	O
ensure	O
financial	O
accountability	O
as	O
well	O
as	O
occasional	O
political	O
instability	O
on	O
the	O
governing	O
councils	O
.	O

She	O
told	O
members	O
of	O
the	O
legislature	O
that	O
they	O
had	O
engaged	O
with	O
municipal	O
managers	O
,	O
and	O
that	O
they	O
were	O
comfortable	O
with	O
the	O
path	O
forward	O
for	O
these	O
municipalities	O
.	O

Committee	O
member	O
Cameron	B-GIVEN_NAME
Dugmore	B-FAMILY_NAME
(	O
ANC	B-ORGANIZATION
)	O
wanted	O
to	O
know	O
whether	O
the	O
AGSA	B-ORGANIZATION
had	O
taken	O
advantage	O
of	O
new	O
legislation	O
allowing	O
them	O
to	O
make	O
recommendations	O
with	O
regard	O
to	O
furthering	O
investigations	O
against	O
officials	O
alleged	O
to	O
be	O
guilty	O
of	O
material	O
irregularities	O
.	O

Kallen	B-GIVEN_NAME
said	O
once	O
they	O
identify	O
a	O
material	O
irregularity	O
,	O
they	O
raised	O
it	O
with	O
the	O
accounting	O
officer	O
with	O
a	O
request	O
for	O
an	O
investigation	O
and	O
disciplinary	O
action	O
on	O
non	O
-	O
compliance	O
to	O
recover	O
the	O
monies	O
and	O
stop	O
further	O
losses	O
.	O

Reviewing	O
the	O
discussion	O
,	O
committee	O
chairperson	O
Derrick	B-GIVEN_NAME
America	B-FAMILY_NAME
(	O
DA	B-GIVEN_NAME
)	O
said	O
while	O
the	O
results	O
of	O
the	O
municipal	O
audit	O
were	O
generally	O
good	O
,	O
the	O
provincial	O
government	O
could	O
not	O
afford	O
to	O
sit	O
on	O
its	O
laurels	O
and	O
must	O
strive	O
for	O
perfection	O
.	O

â	O
I	O
look	O
forward	O
to	O
working	O
with	O
the	O
provincial	B-ORGANIZATION
department	I-ORGANIZATION
of	I-ORGANIZATION
Local	I-ORGANIZATION
Government	I-ORGANIZATION
and	O
the	O
AGSA	B-ORGANIZATION
to	O
ensure	O
that	O
this	O
is	O
achieved	O
,	O
â	O
he	O
said	O
.	O

