Pretoria	B-LOCATION
-	O
The	O
Western	B-ORGANIZATION|B-LOCATION
Cape	I-ORGANIZATION|I-LOCATION
High	I-ORGANIZATION
Court	I-ORGANIZATION
on	O
Tuesday	B-DATE
reserved	O
judgment	O
in	O
public	O
protector	O
Busisiwe	B-GIVEN_NAME
Mkhwebane	B-FAMILY_NAME
âs	O
application	O
to	O
overturn	O
President	O
Cyril	B-GIVEN_NAME
Ramaphosa	B-FAMILY_NAME
âs	O
decision	O
to	O
suspend	O
her	O
.	O

On	O
Monday	B-DATE
,	O
her	O
legal	O
representative	O
,	O
advocate	O
Dali	B-GIVEN_NAME
Mpofu	B-FAMILY_NAME
,	O
told	O
the	O
court	O
that	O
Ramaphosa	B-GIVEN_NAME
âs	O
decision	O
to	O
suspend	O
Mkhwebane	B-GIVEN_NAME
was	O
unconstitutional	O
.	O

He	O
said	O
Mkhwebane	B-GIVEN_NAME
âs	O
suspension	O
was	O
triggered	O
by	O
a	O
letter	O
written	O
by	O
National	B-ORGANIZATION
Assembly	I-ORGANIZATION
Speaker	O
Nosiviwe	B-GIVEN_NAME
Mapisa	B-FAMILY_NAME
-	I-FAMILY_NAME
Nqakula	I-FAMILY_NAME
in	O
March	B-DATE
this	O
year	O
.	O

The	O
letter	O
from	O
the	O
Speaker	O
informed	O
the	O
president	O
that	O
the	O
committee	O
on	O
the	O
Section	O
194	O
inquiry	O
to	O
consider	O
her	O
removal	O
would	O
be	O
resuming	O
its	O
proceedings	O
.	O

After	O
hearing	O
from	O
the	O
Speaker	O
,	O
Ramaphosa	B-GIVEN_NAME
issued	O
Mkhwebane	B-GIVEN_NAME
with	O
a	O
10	O
-	O
day	O
notice	O
in	O
which	O
to	O
explain	O
why	O
he	O
should	O
not	O
suspend	O
her	O
in	O
terms	O
of	O
Section	O
194	O
of	O
the	O
Constitution	O
.	O

Mkhwebane	B-GIVEN_NAME
made	O
the	O
submissions	O
as	O
to	O
why	O
she	O
should	O
not	O
be	O
suspended	O
.	O

However	O
,	O
Ramaphosa	B-GIVEN_NAME
suspended	O
her	O
on	O
June	B-DATE
9	I-DATE
,	O
saying	O
she	O
should	O
remain	O
suspended	O
until	O
the	O
National	B-ORGANIZATION
Assembly	I-ORGANIZATION
(	O
Section	B-ORGANIZATION
194	I-ORGANIZATION
committee	O
)	O
made	O
a	O
decision	O
on	O
her	O
impeachment	O
.	O

On	O
June	B-DATE
10	I-DATE
,	O
the	O
Western	B-ORGANIZATION|B-LOCATION
Cape	I-ORGANIZATION|I-LOCATION
High	I-ORGANIZATION
Court	I-ORGANIZATION
dismissed	O
Mkhwebane	B-GIVEN_NAME
âs	O
application	O
for	O
urgent	O
interim	O
relief	O
to	O
interdict	O
the	O
Section	B-BRANDS
194	B-MISC
committee	O
processes	O
.	O

On	O
Monday	B-DATE
and	O
Tuesday	B-DATE
,	O
Mpofu	B-GIVEN_NAME
argued	O
before	O
a	O
full	O
bench	O
comprising	O
Judges	O
Lister	B-GIVEN_NAME
Nuku	B-FAMILY_NAME
,	O
Matthew	B-GIVEN_NAME
Francis	B-FAMILY_NAME
and	O
James	B-GIVEN_NAME
Lekhuleni	B-FAMILY_NAME
that	O
the	O
Speaker	O
had	O
no	O
constitutional	O
authority	O
to	O
write	O
the	O
letter	O
to	O
Ramaphosa	B-GIVEN_NAME
and	O
that	O
the	O
letter	O
had	O
led	O
to	O
huge	O
consequences	O
,	O
including	O
the	O
current	O
court	O
action	O
.	O

He	O
said	O
Ramaphosa	B-GIVEN_NAME
suspended	O
Mkhwebane	B-GIVEN_NAME
â	O
out	O
of	O
revenge	O
â	O
because	O
of	O
her	O
report	O
on	O
the	O
CR	B-DATE
17	I-DATE
presidential	O
campaign	O
and	O
the	O
2020	B-DATE
burglary	O
at	O
his	O
Phala	B-ORGANIZATION
Phala	I-ORGANIZATION
farm	I-ORGANIZATION
.	O

Mpofu	B-GIVEN_NAME
said	O
the	O
suspension	O
came	O
one	B-DURATION
day	I-DURATION
after	O
Mkhwebane	B-GIVEN_NAME
posed	O
31	O
questions	O
about	O
the	O
Phala	B-LOCATION
Phala	I-LOCATION
farm	I-LOCATION
burglary	O
to	O
Ramaphosa	B-GIVEN_NAME
,	O
which	O
triggered	O
her	O
suspension	O
.	O

He	O
also	O
said	O
Ramaphosa	B-GIVEN_NAME
was	O
aware	O
that	O
Mkhwebane	B-GIVEN_NAME
was	O
preparing	O
to	O
challenge	O
impeachment	O
proceedings	O
against	O
her	O
when	O
he	O
suspended	O
her	O
and	O
that	O
the	O
suspension	O
was	O
unconstitutional	O
because	O
it	O
took	O
place	O
ahead	O
of	O
the	O
process	O
in	O
Parliament	B-ORGANIZATION
to	O
remove	O
her	O
from	O
office	O
.	O

Mpofu	B-GIVEN_NAME
argued	O
that	O
the	O
Constitution	O
provides	O
for	O
possible	O
suspension	O
only	O
after	O
the	O
commencement	O
of	O
the	O
removal	O
committee	O
.	O

The	O
inquiry	O
by	O
Parliament	B-ORGANIZATION
,	O
which	O
was	O
adjourned	O
to	O
allow	O
Mkhwebane	B-GIVEN_NAME
to	O
argue	O
the	O
matter	O
in	O
court	O
,	O
was	O
set	O
up	O
as	O
a	O
constitutional	O
process	O
to	O
establish	O
on	O
the	O
basis	O
of	O
evidence	O
presented	O
whether	O
she	O
was	O
incompetent	O
or	O
guilty	O
of	O
misconduct	O
,	O
as	O
alleged	O
.	O

Mpofu	B-GIVEN_NAME
argued	O
that	O
even	O
if	O
the	O
parliamentary	O
committee	O
was	O
a	O
properly	O
constituted	O
removal	O
committee	O
,	O
the	O
suspension	O
was	O
still	O
unconstitutional	O
because	O
it	O
was	O
not	O
completely	O
clear	O
when	O
the	O
proceedings	O
actually	O
began	O
,	O
as	O
a	O
number	O
of	O
different	O
commencement	O
dates	O
had	O
been	O
announced	O
.	O

