Cape	B-LOCATION
Town	I-LOCATION
-	O

In	O
the	O
light	O
of	O
Cyril	B-GIVEN_NAME
Ramaphosa	B-FAMILY_NAME
âs	O
new	O
measures	O
to	O
combat	O
South	B-LOCATION
Africa	I-LOCATION
âs	O
energy	O
crisis	O
,	O
the	O
Human	B-ORGANIZATION
Sciences	I-ORGANIZATION
Research	I-ORGANIZATION
Council	I-ORGANIZATION
(	O
HSRC	B-ORGANIZATION
)	O
looked	O
at	O
how	O
BRICS	B-ORGANIZATION
â	O
New	B-ORGANIZATION
Development	I-ORGANIZATION
Bank	I-ORGANIZATION
is	O
channelling	O
its	O
funding	O
.	O

On	O
Monday	B-DATE
,	O
Ramaphosa	B-GIVEN_NAME
announced	O
how	O
he	O
plans	O
to	O
stabilise	O
the	O
energy	O
crisis	O
that	O
forced	O
the	O
country	O
into	O
Stage	O
6	O
earlier	O
this	O
month	O
.	O

The	O
president	O
admitted	O
the	O
power	O
utility	O
was	O
â	O
unreliable	O
and	O
vulnerable	O
â	O
and	O
said	O
the	O
new	O
measures	O
allows	O
Eskom	B-ORGANIZATION
to	O
procure	O
power	O
from	O
private	O
entities	O
such	O
as	O
shopping	O
malls	O
,	O
mines	O
and	O
paper	O
mills	O
,	O
as	O
well	O
as	O
purchasing	O
from	O
neighbouring	O
countries	O
in	O
the	O
SADC	B-ORGANIZATION
region	O
.	O

Meanwhile	O
,	O
the	O
HSRC	B-ORGANIZATION
âs	O
Krish	B-GIVEN_NAME
Chetty	B-FAMILY_NAME
,	O
in	O
partnership	O
with	O
Nelson	B-ORGANIZATION|B-GIVEN_NAME
Mandela	I-ORGANIZATION|B-FAMILY_NAME
University	I-ORGANIZATION
,	O
the	O
University	B-ORGANIZATION
of	I-ORGANIZATION
Venda	I-ORGANIZATION
,	O
and	O
the	O
South	B-AFFILIATION
African	I-AFFILIATION
BRICS	B-ORGANIZATION
Think	O
Tank	O
,	O
hosted	O
a	O
webinar	O
on	O
Tuesday	B-DATE
to	O
share	O
ideas	O
and	O
strategies	O
on	O
renewable	O
energy	O
and	O
other	O
green	O
infrastructure	O
projects	O
.	O

Looking	O
into	O
the	O
financing	O
of	O
renewable	O
energy	O
,	O
Chetty	B-GIVEN_NAME
noted	O
that	O
the	O
BRICS	B-ORGANIZATION
New	B-ORGANIZATION
Development	I-ORGANIZATION
Bank	I-ORGANIZATION
has	O
been	O
investing	O
in	O
clean	O
energy	O
projects	O
since	O
2016	B-DATE
,	O
with	O
the	O
respective	O
heads	O
of	O
state	O
urging	O
partners	O
to	O
turn	O
to	O
the	O
New	B-ORGANIZATION
Development	I-ORGANIZATION
Bank	I-ORGANIZATION
more	O
often	O
in	O
order	O
to	O
source	O
financing	O
.	O

â	O
We	O
also	O
have	O
the	O
BRICS	B-ORGANIZATION
Interbank	I-ORGANIZATION
Cooperation	I-ORGANIZATION
Mechanism	I-ORGANIZATION
,	O
which	O
was	O
introduced	O
in	O
2017	B-DATE
,	O
â	O
said	O
Chetty	B-GIVEN_NAME
.	O

â	O
And	O
this	O
is	O
to	O
allow	O
BRICS	B-ORGANIZATION
to	O
extend	O
lanes	O
of	O
credit	O
to	O
each	O
other	O
in	O
local	O
currency	O
and	O
limiting	O
their	O
exposure	O
to	O
the	O
US	B-MONEY|B-LOCATION
Dollar	I-MONEY
,	O
â	O
he	O
said	O
.	O

Chetty	B-GIVEN_NAME
added	O
that	O
South	B-LOCATION
Africa	I-LOCATION
and	O
China	B-LOCATION
have	O
so	O
far	O
been	O
the	O
leading	O
beneficiaries	O
in	O
channelling	O
finances	O
from	O
the	O
New	B-ORGANIZATION
Development	I-ORGANIZATION
Bank	I-ORGANIZATION
with	O
respect	O
to	O
clean	O
energy	O
.	O

The	O
bank	O
has	O
14	O
different	O
infrastructure	O
projects	O
,	O
which	O
has	O
a	O
total	O
of	O
over	O
$	B-MONEY
4	I-MONEY
billion	I-MONEY
(	O
R	B-MONEY
67.6	I-MONEY
billion	I-MONEY
)	O
,	O
with	O
China	B-LOCATION
having	O
received	O
$	B-MONEY
1.4	I-MONEY
billion	I-MONEY
and	O
South	B-LOCATION
Africa	I-LOCATION
$	B-MONEY
1.43	I-MONEY
billion	I-MONEY
.	O

â	O
It	O
âs	O
important	O
to	O
note	O
that	O
BRICS	B-ORGANIZATION
also	O
classifies	O
clean	O
coal	O
,	O
nuclear	O
energy	O
and	O
gas	O
as	O
clean	O
energy	O
sources	O
,	O
â	O
said	O
Chetty	B-GIVEN_NAME
.	O

â	O
China	B-LOCATION
âs	O
big	O
projects	O
have	O
been	O
in	O
gas	O
generation	O
,	O
offshore	O
wind	O
and	O
solar	O
;	O
while	O
South	B-LOCATION
Africa	I-LOCATION
has	O
used	O
the	O
funds	O
for	O
carbon	O
extraction	O
,	O
for	O
energy	O
storage	O
as	O
well	O
as	O
generating	O
and	O
transmitting	O
energy	O
,	O
â	O
he	O
said	O
.	O

