Cape	B-LOCATION
Town	I-LOCATION
-	O
Following	O
President	O
Cyril	B-GIVEN_NAME
Ramaphosa	B-FAMILY_NAME
âs	O
announcement	O
on	O
the	O
new	O
measures	O
to	O
deal	O
with	O
Eskom	B-ORGANIZATION
âs	O
energy	O
crisis	O
,	O
the	O
Human	B-ORGANIZATION
Sciences	I-ORGANIZATION
Research	I-ORGANIZATION
Council	I-ORGANIZATION
(	O
HSRC	B-ORGANIZATION
)	O
looked	O
at	O
how	O
South	B-LOCATION
Africa	I-LOCATION
can	O
benefit	O
from	O
its	O
BRICS	B-ORGANIZATION
partners	O
.	O

Ramaphosa	B-GIVEN_NAME
revealed	O
his	O
plans	O
to	O
combat	O
the	O
country	O
âs	O
energy	O
crisis	O
on	O
Monday	B-DATE
with	O
a	O
list	O
of	O
measures	O
which	O
allows	O
Eskom	B-ORGANIZATION
to	O
purchase	O
energy	O
from	O
neighbouring	O
countries	O
in	O
the	O
SADC	B-ORGANIZATION
region	O
,	O
as	O
well	O
as	O
the	O
procurement	O
of	O
power	O
from	O
private	O
entities	O
such	O
as	O
shopping	O
malls	O
,	O
mines	O
and	O
paper	O
mills	O
.	O

â	O
One	O
of	O
the	O
challenges	O
that	O
Eskom	B-ORGANIZATION
has	O
faced	O
has	O
been	O
the	O
shortage	O
of	O
skilled	O
personnel	O
and	O
engineers	O
.	O

The	O
utility	O
is	O
now	O
recruiting	O
skilled	O
personnel	O
,	O
including	O
former	O
senior	O
Eskom	B-ORGANIZATION
plant	O
managers	O
and	O
engineers	O
from	O
the	O
private	O
sector	O
,	O
â	O
said	O
Ramaphosa	B-GIVEN_NAME
.	O

â	O
These	O
skilled	O
personnel	O
will	O
support	O
various	O
personnel	O
and	O
help	O
to	O
ensure	O
that	O
world	O
-	O
class	O
operating	O
and	O
maintenance	O
procedures	O
are	O
reinstated	O
,	O
â	O
he	O
said	O
.	O

Meanwhile	O
,	O
the	O
HSRC	B-ORGANIZATION
,	O
in	O
collaboration	O
with	O
the	O
South	B-AFFILIATION|B-AFFILIATION
African	I-AFFILIATION|I-AFFILIATION
BRICS	I-ORGANIZATION
Think	I-ORGANIZATION
Tank	I-ORGANIZATION
,	O
Nelson	B-ORGANIZATION|B-GIVEN_NAME
Mandela	I-ORGANIZATION|B-FAMILY_NAME
University	I-ORGANIZATION
and	O
the	O
University	B-ORGANIZATION
of	I-ORGANIZATION
Venda	I-ORGANIZATION
,	O
hosted	O
a	O
webinar	O
on	O
Tuesday	B-DATE
to	O
discuss	O
what	O
South	B-LOCATION
Africa	I-LOCATION
could	O
learn	O
from	O
its	O
partners	O
China	B-LOCATION
and	O
India	B-LOCATION
âs	O
renewable	O
energy	O
and	O
other	O
green	O
infrastructure	O
projects	O
.	O

Damodar	B-GIVEN_NAME
Pujari	B-FAMILY_NAME
from	O
Gateway	B-ORGANIZATION
House	I-ORGANIZATION
India	I-ORGANIZATION|B-LOCATION
,	O
which	O
is	O
a	O
Research	O
Institute	O
in	O
Mumbai	B-LOCATION
,	O
said	O
that	O
India	B-LOCATION
âs	O
main	O
challenges	O
in	O
its	O
transition	O
to	O
renewable	O
energy	O
has	O
been	O
geopolitical	O
uncertainties	O
,	O
which	O
impacted	O
domestic	O
markets	O
,	O
leading	O
to	O
high	O
inflation	O
and	O
supply	O
chain	O
shocks	O
.	O

Also	O
,	O
reducing	O
climate	O
finance	O
and	O
its	O
troubled	O
power	O
sector	O
as	O
well	O
as	O
low	O
investment	O
played	O
major	O
roles	O
in	O
slowing	O
down	O
the	O
transition	O
.	O

â	O
In	O
achieving	O
future	O
targets	O
on	O
renewable	O
energy	O
sources	O
,	O
India	B-LOCATION
will	O
look	O
at	O
municipal	O
level	O
finance	O
for	O
city	O
level	O
renewable	O
projects	O
and	O
climate	O
action	O
,	O
â	O
said	O
Pujari	B-GIVEN_NAME
.	O

â	O
Also	O
,	O
India	B-LOCATION
will	O
need	O
to	O
maintain	O
its	O
diversified	O
supply	O
chains	O
of	O
renewable	O
energy	O
and	O
critical	O
minerals	O
for	O
regeneration	O
,	O
â	O
he	O
said	O
.	O

Professor	O
Hong	B-GIVEN_NAME
Lan	B-FAMILY_NAME
from	O
the	O
Renmin	B-ORGANIZATION
University	I-ORGANIZATION
of	I-ORGANIZATION
China	I-ORGANIZATION|B-LOCATION
added	O
that	O
the	O
Chinese	B-AFFILIATION
government	O
has	O
done	O
a	O
lot	O
to	O
promote	O
renewable	O
energy	O
financing	O
and	O
that	O
the	O
launch	O
of	O
China	B-LOCATION
âs	O
national	O
carbon	O
market	O
in	O
July	B-DATE
last	O
year	O
boosted	O
its	O
renewable	O
energy	O
financing	O
.	O

Lan	B-GIVEN_NAME
said	O
the	O
inclusion	O
of	O
large	O
power	O
plants	O
in	O
the	O
national	O
mandatory	O
carbon	O
market	O
meant	O
that	O
these	O
companies	O
were	O
subjected	O
to	O
the	O
national	O
carbon	O
emissions	O
quotas	O
and	O
thus	O
forcing	O
the	O
increased	O
efforts	O
to	O
generate	O
renewable	O
energy	O
.	O

â	O
The	O
development	O
of	O
china	B-LOCATION
âs	O
voluntary	O
carbon	O
emission	O
reduction	O
trading	O
market	O
has	O
increased	O
carbon	O
sink	O
revenue	O
for	O
renewable	O
energy	O
projects	O
and	O
enhanced	O
financing	O
advantages	O
,	O
â	O
said	O
Lan	B-GIVEN_NAME
.	O

At	O
the	O
same	O
time	O
,	O
she	O
added	O
that	O
there	O
are	O
still	O
many	O
problems	O
in	O
renewable	O
energy	O
financing	O
,	O
such	O
as	O
the	O
high	O
financing	O
risk	O
and	O
that	O
solar	O
and	O
wind	O
energy	O
remains	O
expensive	O
to	O
store	O
and	O
transport	O
.	O

