SIYABONGA	B-GIVEN_NAME
SITHOLE	B-FAMILY_NAME

Head	O
of	O
ANC	B-ORGANIZATION
policy	O
and	O
member	O
of	O
the	O
ANC	B-ORGANIZATION
NEC	B-ORGANIZATION
Jeff	B-GIVEN_NAME
Radebe	B-FAMILY_NAME
said	O
the	O
party	O
was	O
committed	O
to	O
rooting	O
out	O
corruption	O
and	O
to	O
engage	O
and	O
act	O
on	O
the	O
state	O
capture	O
commission	O
âs	O
recommendations	O
.	O

Radebe	B-GIVEN_NAME
,	O
speaking	O
on	O
the	O
eve	O
of	O
the	O
party	O
âs	O
ANC	B-ORGANIZATION
policy	O
conference	O
,	O
said	O
this	O
was	O
important	O
for	O
the	O
ANC	B-ORGANIZATION
's	O
efforts	O
to	O
bring	O
about	O
renewal	O
of	O
the	O
party	O
,	O
which	O
has	O
been	O
plagued	O
by	O
a	O
series	O
of	O
corruption	O
scandals	O
implicating	O
members	O
of	O
the	O
party	O
and	O
some	O
of	O
its	O
government	O
deployees	O
in	O
the	O
Cabinet	B-ORGANIZATION
.	O

The	O
party	O
said	O
its	O
NEC	B-ORGANIZATION
meeting	O
from	O
July	B-DATE
2	I-DATE
to	I-DATE
4	I-DATE
had	O
adopted	O
a	O
multi	O
-	O
layered	O
action	O
plan	O
to	O
ensure	O
constitutional	O
,	O
legislative	O
and	O
structural	O
changes	O
proposed	O
by	O
the	O
chairperson	O
of	O
the	O
Commission	B-ORGANIZATION
of	I-ORGANIZATION
Inquiry	I-ORGANIZATION
into	I-ORGANIZATION
Allegations	I-ORGANIZATION
of	I-ORGANIZATION
State	I-ORGANIZATION
Capture	I-ORGANIZATION
,	O
Chief	O
Justice	O
Raymond	B-GIVEN_NAME
Zondo	B-FAMILY_NAME
,	O
which	O
it	O
hopes	O
to	O
take	O
forward	O
for	O
more	O
deliberations	O
this	O
weekend	O
.	O

"	O
By	O
way	O
of	O
example	O
,	O
the	O
NEC	B-ORGANIZATION
economic	O
transformation	O
committee	O
is	O
considering	O
the	O
recommendations	O
from	O
the	O
commission	O
on	O
public	O
procurement	O
and	O
as	O
another	O
example	O
,	O
the	O
NEC	B-ORGANIZATION
peace	O
and	O
stability	O
committee	O
and	O
the	O
NEC	B-ORGANIZATION
constitutional	O
and	O
legal	O
affairs	O
committee	O
are	O
together	O
considering	O
the	O
recommendations	O
around	O
a	O
new	O
anti	O
-	O
corruption	O
agency	O
,	O
the	O
protection	O
of	O
whistle	O
-	O
blowers	O
and	O
deferred	O
prosecution	O
agreements	O
,	O
among	O
others	O
,	O
â	O
Radebe	B-GIVEN_NAME
said	O
.	O

Radebe	B-GIVEN_NAME
added	O
that	O
all	O
the	O
NEC	B-ORGANIZATION
committees	O
had	O
already	O
started	O
working	O
on	O
various	O
individual	O
focus	O
areas	O
while	O
some	O
committees	O
had	O
already	O
submitted	O
their	O
reports	O
to	O
the	O
task	O
team	O
.	O

Other	O
important	O
issues	O
to	O
be	O
tackled	O
by	O
the	O
committee	O
on	O
state	O
capture	O
include	O
the	O
cadre	O
deployment	O
policy	O
,	O
party	O
funding	O
principles	O
,	O
organisational	O
discipline	O
and	O
accountability	O
,	O
and	O
parliamentary	O
oversight	O
.	O

"	O
Individuals	O
implicated	O
in	O
the	O
commission	O
report	O
must	O
immediately	O
take	O
the	O
initiative	O
and	O
present	O
themselves	O
to	O
the	O
integrity	O
commission	O
within	O
2	O
months	O
.	O
This	O
is	O
in	O
line	O
with	O
the	O
resolution	O
of	O
the	O
54th	B-BRANDS
National	B-MISC
Conference	I-MISC
which	O
resolved	O
to	O
demand	O
that	O
every	O
cadre	O
accused	O
of	O
,	O
or	O
reported	O
to	O
be	O
involved	O
in	O
corrupt	O
practices	O
accounts	O
to	O
the	O
commission	O
immediately	O
or	O
face	O
disciplinary	O
processes	O
,	O
â	O
Radebe	B-GIVEN_NAME
said	O
.	O

He	O
added	O
that	O
on	O
recommendations	O
by	O
the	O
commission	O
for	O
action	O
by	O
specific	O
entities	O
,	O
the	O
NEC	B-ORGANIZATION
has	O
agreed	O
that	O
these	O
are	O
either	O
part	O
of	O
normal	O
mandate	O
of	O
these	O
entities	O
which	O
they	O
should	O
act	O
on	O
or	O
be	O
directed	O
at	O
specific	O
industry	O
bodies	O
.	O

â	O
The	O
ANC	B-ORGANIZATION
firmly	O
believes	O
that	O
the	O
work	O
and	O
findings	O
of	O
the	O
state	O
capture	O
commission	O
provides	O
an	O
opportunity	O
for	O
South	B-LOCATION
Africa	I-LOCATION
(	O
to	O
)	O
make	O
a	O
decisive	O
break	O
from	O
the	O
era	O
of	O
state	O
capture	O
.	O
While	O
there	O
may	O
not	O
be	O
consensus	O
on	O
all	O
commissions	O
recommendations	O
,	O
there	O
lies	O
a	O
basis	O
for	O
a	O
comprehensive	O
set	O
of	O
actions	O
to	O
prevent	O
corruption	O
and	O
end	O
state	O
capture	O
.	O
â	O

