SIYABONGA	B-GIVEN_NAME
SITHOLE	B-FAMILY_NAME

Four	O
suspects	O
were	O
this	O
week	O
arrested	O
for	O
theft	O
of	O
shoes	O
,	O
weaves	O
and	O
clothes	O
belonging	O
to	O
the	O
dead	O
21	O
victims	O
of	O
the	O
Enyobeni	B-LOCATION
Tavern	I-LOCATION
massacre	O
.	O

Eastern	B-LOCATION
Cape	I-LOCATION
police	O
spokesperson	O
,	O
Brigadier	O
Tembinkosi	B-GIVEN_NAME
Kinana	B-FAMILY_NAME
said	O
four	O
male	O
suspects	O
aged	O
between	O
16	O
and	O
21	O
were	O
arrested	O
following	O
the	O
investigation	O
into	O
the	O
Enyobeni	B-LOCATION
incident	O
,	O
which	O
took	O
place	O
in	O
the	O
early	O
morning	O
of	O
Sunday	B-BRANDS
the	B-MISC
26	I-MISC
June	I-MISC
,	I-MISC
2022	I-MISC
.	O

Kinana	B-GIVEN_NAME
said	O
the	O
arrests	O
are	O
a	O
follow	O
up	O
to	O
the	O
investigation	O
which	O
began	O
immediately	O
after	O
the	O
reported	O
deaths	O
of	O
21	O
children	O
in	O
the	O
Scenery	B-LOCATION
Park	I-LOCATION
tavern	O
.	O

The	O
cause	O
of	O
their	O
deaths	O
is	O
yet	O
to	O
be	O
established	O
following	O
a	O
recent	O
forensic	O
report	O
.	O

This	O
week	O
,	O
the	O
Eastern	B-ORGANIZATION|B-LOCATION
Cape	I-ORGANIZATION|I-LOCATION
department	I-ORGANIZATION
of	I-ORGANIZATION
health	I-ORGANIZATION
revealed	O
that	O
methanol	O
was	O
found	O
in	O
the	O
blood	O
of	O
the	O
victims	O
following	O
widespread	O
speculation	O
that	O
alcohol	O
abuse	O
and	O
poisoning	O
could	O
be	O
responsible	O
for	O
the	O
deaths	O
of	O
the	O
21	O
victims	O
.	O

"	O
As	O
part	O
of	O
the	O
ongoing	O
investigation	O
by	O
crime	O
intelligence	O
,	O
SAPS	B-ORGANIZATION
detectives	O
followed	O
up	O
on	O
information	O
which	O
prompted	O
the	O
arrest	O
of	O
suspects	O
believed	O
to	O
have	O
been	O
involved	O
in	O
stealing	O
from	O
the	O
deceased	O
lifeless	O
bodies	O
.	O

Kinana	B-GIVEN_NAME
said	O
three	O
of	O
the	O
four	O
suspects	O
were	O
arrested	O
on	O
Thursday	B-DATE
21	I-DATE
July	I-DATE
2022	I-DATE
,	O
while	O
the	O
other	O
one	O
,	O
a	O
16	B-DURATION
year	I-DURATION
-	O
old	O
minor	O
was	O
arrested	O
on	O
Friday	B-DATE
,	I-DATE
22	I-DATE
July	I-DATE
2022	I-DATE
,	O
at	O
their	O
homes	O
in	O
Scenery	B-LOCATION
Park	I-LOCATION
.	O

"	O
The	O
16	O
-	O
year	O
-	O
old	O
has	O
been	O
handed	O
over	O
in	O
the	O
custody	O
of	O
his	O
parents	O
in	O
terms	O
of	O
the	O
Child	B-BRANDS
Justice	B-MISC
Act	I-MISC
,	O
which	O
stipulates	O
that	O
an	O
underage	O
child	O
may	O
not	O
be	O
detained	O
in	O
the	O
police	O
cells	O
,	O
"	O
Kinana	B-GIVEN_NAME
said	O
.	O

"	O
The	O
stolen	O
and	O
recovered	O
items	O
included	O
shoes	O
,	O
weaves	O
,	O
clothes	O
and	O
a	O
watch	O
belonging	O
to	O
some	O
of	O
the	O
children	O
who	O
died	O
during	O
the	O
incident	O
,	O
"	O
he	O
said	O
.	O

According	O
to	O
the	O
police	O
,	O
some	O
of	O
the	O
stolen	O
items	O
have	O
been	O
positively	O
identified	O
by	O
families	O
while	O
others	O
are	O
yet	O
to	O
be	O
identified	O
.	O

The	O
stolen	O
items	O
were	O
recovered	O
in	O
the	O
homes	O
of	O
the	O
suspects	O
.	O

"	O
Cases	O
of	O
theft	O
,	O
possession	O
of	O
suspected	O
stolen	O
property	O
,	O
defeating	O
the	O
ends	O
of	O
justice	O
have	O
been	O
registered	O
for	O
further	O
investigation	O
.	O

Kinana	B-GIVEN_NAME
indicated	O
that	O
the	O
arrested	O
suspects	O
are	O
not	O
linked	O
to	O
the	O
death	O
of	O
21	O
children	O
,	O
as	O
there	O
is	O
no	O
evidence	O
to	O
suggest	O
their	O
involvement	O
at	O
this	O
stage	O
.	O

Kinana	B-GIVEN_NAME
said	O
following	O
this	O
arrest	O
,	O
the	O
police	O
investigation	O
into	O
establishing	O
the	O
real	O
cause	O
of	O
death	O
will	O
continue	O
and	O
that	O
should	O
there	O
be	O
new	O
developments	O
,	O
affected	O
families	O
will	O
be	O
informed	O
.	O

All	O
four	O
suspects	O
are	O
expected	O
to	O
appear	O
in	O
the	O
East	B-ORGANIZATION|B-LOCATION
London	I-ORGANIZATION|I-LOCATION
Magistrate	I-ORGANIZATION
Court	I-ORGANIZATION
on	O
Monday	B-DATE
the	I-DATE
25	I-DATE
July	I-DATE
2022	I-DATE
.	O

