King	B-ORGANIZATION
Faisal	I-ORGANIZATION|B-GIVEN_NAME
Specialist	I-ORGANIZATION
Hospital	I-ORGANIZATION
and	I-ORGANIZATION
Research	I-ORGANIZATION
Centre	I-ORGANIZATION
(	O
KFSH	B-ORGANIZATION
&	I-ORGANIZATION
RC	I-ORGANIZATION
)	O
announces	O
a	O
new	O
approach	O
to	O
the	O
diagnosis	O
of	O
Glandular	O
and	O
Prostatic	O
tumours	O

A	O
research	O
team	O
at	O
the	O
Department	B-ORGANIZATION
of	I-ORGANIZATION
Cyclotron	I-ORGANIZATION
and	I-ORGANIZATION
Radiopharmaceuticals	I-ORGANIZATION
at	O
KFSH	B-ORGANIZATION
&	I-ORGANIZATION
RC	I-ORGANIZATION
has	O
succeeded	O
in	O
developing	O
a	O
novel	O
technique	O
of	O
producing	O
large	O
quantities	O
of	O
the	O
highly	O
purified	O
radioactive	O
isotope	O
Gallium	O
-	O
68	O
(	O
Ga	O
-	O
68	O
)	O
used	O
in	O
cancer	O
diagnosis	O
.	O

The	O
development	O
is	O
also	O
expected	O
to	O
lead	O
to	O
an	O
end	O
to	O
a	O
dependence	O
on	O
expensive	O
Gallium	O
-	O
68	O
generators	O
.	O

In	O
addition	O
,	O
this	O
achievement	O
will	O
contribute	O
to	O
improving	O
the	O
diagnostic	O
and	O
therapeutic	O
quality	O
of	O
cancer	O
patients	O
and	O
will	O
increase	O
the	O
availability	O
of	O
radiopharmaceuticals	O
throughout	O
the	O
Kingdom	O
.	O

Dr	O
.	O
Ibrahim	B-GIVEN_NAME
Al	B-FAMILY_NAME
-	I-FAMILY_NAME
Jammaz	I-FAMILY_NAME
,	O
Chairman	O
Head	O
of	O
the	O
Cyclotron	B-ORGANIZATION
and	I-ORGANIZATION
Radiopharmaceuticals	I-ORGANIZATION
Department	I-ORGANIZATION
at	O
KFSH	B-ORGANIZATION
&	I-ORGANIZATION
RC	I-ORGANIZATION
,	O
explained	O
that	O
the	O
radioactive	O
gallium	O
isotope	O
was	O
produced	O
locally	O
by	O
means	O
of	O
a	O
novel	O
process	O
using	O
proton	O
irradiation	O
technology	O
via	O
nuclear	O
accelerators	O
for	O
solid	O
targets	O
plated	O
with	O
Zinc	O
68	O
.	O

He	O
added	O
that	O
radioactive	O
Gallium	O
-	O
68	O
is	O
used	O
as	O
a	O
raw	O
material	O
for	O
producing	O
radioactive	O
clinical	O
pharmaceuticals	O
(	O
Ga	O
-	O
68	O
-	O
DOTATATE	O
and	O
Ga	O
-	O
68	O
-	O
PSMA	O
)	O
,	O
which	O
are	O
used	O
in	O
diagnosing	O
several	O
types	O
of	O
tumours	O
,	O
particularly	O
adenocarcinomas	O
and	O
prostate	O
cancer	O
.	O

Dr	O
.	O
Al	B-GIVEN_NAME
-	B-FAMILY_NAME
Jammaz	I-FAMILY_NAME
said	O
that	O
the	O
project	O
,	O
carried	O
out	O
under	O
the	O
supervision	O
of	O
the	O
International	B-ORGANIZATION
Atomic	I-ORGANIZATION
Energy	I-ORGANIZATION
Agency	I-ORGANIZATION
(	O
IAEA	B-ORGANIZATION
)	O
,	O
will	O
expand	O
to	O
include	O
other	O
new	O
isotope	O
gallium	O
-	O
68	O
âs	O
techniques	O
including	O
using	O
liquid	O
targets	O
,	O
which	O
could	O
completely	O
replace	O
the	O
gallium	O
generator	O
.	O

For	O
the	O
past	O
four	O
decades	O
,	O
KFSH	B-ORGANIZATION
&	I-ORGANIZATION
RC	I-ORGANIZATION
has	O
been	O
regarded	O
as	O
a	O
leading	O
Middle	B-AFFILIATION
Eastern	I-AFFILIATION
hospital	O
in	O
the	O
production	O
of	O
isotopes	O
and	O
radiopharmaceuticals	O
used	O
in	O
advanced	O
medical	O
applications	O
.	O

The	O
hospital	O
is	O
recognized	O
by	O
the	O
IAEA	B-ORGANIZATION
as	O
a	O
global	O
center	O
for	O
nuclear	O
-	O
medicine	O
production	O
,	O
research	O
,	O
and	O
development	O
.	O

Every	O
year	O
,	O
it	O
produces	O
around	O
30,000	O
doses	O
of	O
radioactive	O
pharmaceuticals	O
,	O
which	O
are	O
used	O
in	O
diagnosing	O
many	O
diseases	O
and	O
treating	O
malignant	O
tumours	O
.	O

This	O
achievement	O
is	O
in	O
line	O
with	O
the	O
hospital	O
's	O
ambitious	O
vision	O
to	O
meet	O
the	O
needs	O
of	O
the	O
Kingdom	O
and	O
achieve	O
self	O
-	O
sufficiency	O
in	O
the	O
production	O
of	O
radiopharmaceuticals	O
,	O
which	O
contributes	O
to	O
ongoing	O
reliable	O
high	O
-	O
quality	O
health	O
care	O
,	O
as	O
well	O
as	O
the	O
financial	O
sustainability	O
of	O
KFSH	B-ORGANIZATION
&	I-ORGANIZATION
RC	I-ORGANIZATION
in	O
privatizing	O
the	O
health	O
sector	O
.	O

