OMAN	B-LOCATION
Ã¢	O
â¬	O
â	O
Royal	B-ORGANIZATION
Saudi	I-ORGANIZATION|B-AFFILIATION
Air	I-ORGANIZATION
Force	I-ORGANIZATION
Commander	O
Lt	O
.	O
Gen	O
.	O
Turki	B-GIVEN_NAME
Bin	B-FAMILY_NAME
Bandar	I-FAMILY_NAME
visited	O
the	O
Command	O
of	O
the	O
Royal	B-ORGANIZATION
Air	I-ORGANIZATION
Force	I-ORGANIZATION
of	I-ORGANIZATION
Oman	I-ORGANIZATION|B-LOCATION
.	O

Upon	O
his	O
arrival	O
at	O
the	O
headquarters	O
of	O
the	O
Royal	B-ORGANIZATION
Air	I-ORGANIZATION
Force	I-ORGANIZATION
of	I-ORGANIZATION
Oman	I-ORGANIZATION|B-LOCATION
,	O
he	O
was	O
received	O
by	O
Royal	B-ORGANIZATION
Air	I-ORGANIZATION
Force	I-ORGANIZATION
of	I-ORGANIZATION
Oman	I-ORGANIZATION|B-LOCATION
Commander	O
Air	O
Vice	O
Marshal	O
Khamis	B-GIVEN_NAME
Hammad	B-FAMILY_NAME
Al	I-FAMILY_NAME
-	I-FAMILY_NAME
Ghafri	I-FAMILY_NAME
and	O
a	O
number	O
of	O
senior	O
officers	O
.	O

During	O
the	O
meeting	O
,	O
they	O
discussed	O
a	O
number	O
of	O
issues	O
of	O
common	O
interest	O
that	O
would	O
enhance	O
cooperation	O
between	O
the	O
two	O
sides	O
in	O
all	O
fields	O
.	O

He	O
also	O
met	O
with	O
Deputy	O
Prime	O
Minister	O
for	O
Defense	O
Affairs	O
of	O
Oman	B-LOCATION
Shihab	B-GIVEN_NAME
Bin	B-FAMILY_NAME
Tarik	I-FAMILY_NAME
Al	I-FAMILY_NAME
Said	I-FAMILY_NAME
.	O

The	O
Commander	O
of	O
the	O
Royal	B-ORGANIZATION
Saudi	I-ORGANIZATION|B-AFFILIATION
Air	I-ORGANIZATION
Force	I-ORGANIZATION
then	O
visited	O
the	O
Maritime	B-ORGANIZATION
Security	I-ORGANIZATION
Center	I-ORGANIZATION
of	I-ORGANIZATION
Oman	I-ORGANIZATION|B-LOCATION
and	O
the	O
Military	B-ORGANIZATION
Technical	I-ORGANIZATION
College	I-ORGANIZATION
of	I-ORGANIZATION
Oman	I-ORGANIZATION|B-LOCATION
.	O

The	O
Commander	O
of	O
the	O
Royal	B-ORGANIZATION
Saudi	I-ORGANIZATION
Air	I-ORGANIZATION
Force	I-ORGANIZATION
also	O
visited	O
Adam	B-LOCATION
Air	I-LOCATION
Base	I-LOCATION
,	O
accompanied	O
by	O
the	O
Commander	O
of	O
the	O
Royal	B-ORGANIZATION
Air	I-ORGANIZATION
Force	I-ORGANIZATION
of	O
Oman	B-LOCATION
.	O

Ã¢	O
â¬	O
â	O
SPA	O

