RIYADH	B-LOCATION
â	O
Minister	O
of	O
Environment	O
,	O
Water	O
,	O
and	O
Agriculture	O
and	O
Chairman	O
of	O
the	O
Food	B-ORGANIZATION
Security	I-ORGANIZATION
Committee	I-ORGANIZATION
Abdulrahman	B-GIVEN_NAME
Al	B-FAMILY_NAME
-	I-FAMILY_NAME
Fadhli	I-FAMILY_NAME
announced	O
on	O
Wednesday	B-DATE
that	O
the	O
Saudi	B-AFFILIATION
government	O
entities	O
concerned	O
with	O
the	O
food	O
security	O
system	O
have	O
allocated	O
around	O
SR	B-MONEY
10	I-MONEY
billion	I-MONEY
to	O
address	O
the	O
effects	O
of	O
rising	O
global	O
prices	O
.	O

He	O
said	O
this	O
while	O
addressing	O
the	O
periodic	O
meeting	O
of	O
the	O
Food	B-ORGANIZATION
Security	I-ORGANIZATION
Committee	I-ORGANIZATION
.	O

Al	B-GIVEN_NAME
-	B-FAMILY_NAME
Fadhli	I-FAMILY_NAME
pointed	O
out	O
that	O
the	O
Saudi	B-ORGANIZATION|B-AFFILIATION
Grains	I-ORGANIZATION
Organization	I-ORGANIZATION
(	O
SAGO	B-ORGANIZATION
)	O
allocated	O
a	O
total	O
of	O
SR	B-MONEY
4.5	I-MONEY
billion	I-MONEY
in	O
its	O
budget	O
to	O
support	O
the	O
strategic	O
inventory	O
of	O
wheat	O
and	O
barley	O
as	O
well	O
as	O
compensate	O
importers	O
.	O

In	O
addition	O
,	O
a	O
sum	O
of	O
SR	B-MONEY
4.2	I-MONEY
billion	I-MONEY
was	O
allocated	O
in	O
the	O
Agricultural	B-ORGANIZATION
Development	I-ORGANIZATION
Fund	I-ORGANIZATION
âs	O
(	O
ADF	B-ORGANIZATION
)	O
budget	O
to	O
lend	O
the	O
private	O
sector	O
to	O
finance	O
contracts	O
that	O
cover	O
the	O
Kingdom	B-ORGANIZATION
âs	O
needs	O
for	O
a	O
period	O
of	O
no	O
less	O
than	O
six	O
months	O
of	O
the	O
main	O
commodities	O
,	O
including	O
corn	O
,	O
barley	O
,	O
and	O
soybeans	O
.	O

Also	O
,	O
an	O
amount	O
of	O
SR	B-MONEY
800	I-MONEY
million	I-MONEY
was	O
provided	O
as	O
additional	O
support	O
for	O
the	O
subsidies	O
presented	O
to	O
breeders	O
and	O
producers	O
,	O
the	O
minister	O
added	O
.	O

The	O
committee	O
meeting	O
reviewed	O
the	O
latest	O
developments	O
regarding	O
food	O
security	O
.	O

It	O
noted	O
an	O
abundant	O
quantity	O
of	O
food	O
commodities	O
in	O
the	O
local	O
market	O
as	O
well	O
as	O
the	O
volume	O
of	O
stocks	O
,	O
and	O
local	O
and	O
external	O
supply	O
chains	O
in	O
light	O
of	O
global	O
markets	O
â	O
developments	O
against	O
the	O
backdrop	O
of	O
the	O
Russia	B-LOCATION
-	O
Ukraine	B-LOCATION
crisis	O
.	O

The	O
committee	O
said	O
in	O
a	O
statement	O
that	O
it	O
is	O
working	O
continuously	O
to	O
follow	O
up	O
on	O
implementing	O
the	O
leadership	O
âs	O
directives	O
to	O
ensure	O
abundant	O
supply	O
,	O
enhance	O
the	O
local	O
stock	O
of	O
basic	O
food	O
commodities	O
and	O
support	O
their	O
continuity	O
in	O
the	O
Kingdom	O
âs	O
markets	O
,	O
which	O
are	O
characterized	O
by	O
their	O
safe	O
and	O
reassuring	O
situation	O
.	O

