RIYADH	B-LOCATION
â	O
The	O
Transport	B-ORGANIZATION
General	I-ORGANIZATION
Authority	I-ORGANIZATION
(	O
TGA	B-ORGANIZATION
)	O
confirmed	O
that	O
it	O
has	O
detected	O
violations	O
on	O
the	O
part	O
of	O
a	O
total	O
of	O
349	O
taxi	O
drivers	O
in	O
adhering	O
to	O
the	O
mandatory	O
rule	O
of	O
wearing	O
uniform	O
.	O

The	O
authority	O
stated	O
that	O
these	O
taxi	O
drivers	O
will	O
be	O
slapped	O
with	O
fines	O
as	O
a	O
penalty	O
for	O
the	O
violation	O
.	O

The	O
authority	O
âs	O
decision	O
to	O
make	O
wearing	O
uniforms	O
mandatory	O
for	O
men	O
and	O
women	O
taxi	O
drivers	O
came	O
into	O
force	O
on	O
July	B-DATE
12	I-DATE
.	O

The	O
TGA	B-ORGANIZATION
clarified	O
that	O
drivers	O
who	O
will	O
be	O
obligated	O
to	O
wear	O
the	O
designated	O
uniforms	O
are	O
public	O
taxi	O
drivers	O
;	O
airport	O
taxi	O
drivers	O
;	O
family	O
taxi	O
drivers	O
;	O
passenger	O
transport	O
apps	O
drivers	O
;	O
and	O
private	O
taxi	O
drivers	O
.	O

Since	O
then	O
,	O
TGA	B-ORGANIZATION
beefed	O
up	O
inspections	O
of	O
public	O
taxis	O
to	O
ensure	O
that	O
the	O
drivers	O
adhere	O
to	O
the	O
assigned	O
uniform	O
.	O

The	O
violations	O
were	O
detected	O
during	O
more	O
than	O
6,000	O
inspections	O
carried	O
out	O
throughout	O
Saudi	B-LOCATION
Arabia	I-LOCATION
.	O

As	O
per	O
the	O
newly	O
introduced	O
provisions	O
of	O
the	O
regulations	O
governing	O
the	O
activities	O
of	O
the	O
public	O
taxi	O
,	O
the	O
designated	O
uniform	O
has	O
become	O
a	O
prerequisite	O
for	O
practicing	O
this	O
activity	O
.	O

It	O
is	O
required	O
for	O
taxi	O
drivers	O
to	O
wear	O
the	O
national	O
dress	O
or	O
long	O
-	O
sleeved	O
gray	O
shirt	O
,	O
black	O
pants	O
,	O
and	O
belt	O
,	O
in	O
addition	O
to	O
putting	O
on	O
their	O
identification	O
card	O
.	O

The	O
driver	O
can	O
add	O
a	O
jacket	O
or	O
coat	O
if	O
wanted	O
.	O

TGA	B-ORGANIZATION
also	O
called	O
on	O
all	O
licensed	O
companies	O
to	O
adhere	O
to	O
the	O
requirements	O
that	O
guarantee	O
an	O
increase	O
in	O
the	O
quality	O
of	O
services	O
provided	O
to	O
the	O
beneficiaries	O
.	O

The	O
authority	O
indicated	O
that	O
compliance	O
to	O
wearing	O
the	O
uniform	O
contributes	O
to	O
enhancing	O
the	O
authority	O
âs	O
efforts	O
to	O
further	O
develop	O
the	O
sector	O
as	O
well	O
as	O
to	O
raise	O
the	O
quality	O
of	O
services	O
in	O
transport	O
activities	O
.	O

The	O
TGA	B-ORGANIZATION
stated	O
that	O
obligating	O
drivers	O
to	O
wear	O
the	O
uniform	O
aims	O
to	O
standardize	O
and	O
upgrade	O
their	O
general	O
appearance	O
in	O
line	O
with	O
the	O
public	O
decorum	O
regulations	O
,	O
as	O
well	O
as	O
to	O
raise	O
the	O
quality	O
of	O
the	O
services	O
and	O
improve	O
the	O
beneficiaries	O
â	O
experience	O
.	O

The	O
authority	O
called	O
on	O
everyone	O
,	O
if	O
they	O
detect	O
any	O
violation	O
in	O
its	O
activities	O
,	O
to	O
submit	O
it	O
through	O
the	O
website	O
:	O
https://tga.gov.sa/	O
,	O
or	O
via	O
the	O
unified	O
number	O
19929	O
.	O

