Riyadh	B-LOCATION
Region	I-LOCATION
Municipality	I-LOCATION
Launches	O
its	O
Development	O
Arm	O
"	O
Remat	B-ORGANIZATION
Al	I-ORGANIZATION
-	I-ORGANIZATION
Riyadh	I-ORGANIZATION|B-LOCATION
Development	I-ORGANIZATION
Company	I-ORGANIZATION
"	O
to	O
Boost	O
Municipal	O
Services	O
Sector	O
,	O
Improve	O
Experience	O
of	O
Region	O
âs	O
Residents	O
,	O
Visitors	O

Prince	O
Faisal	B-GIVEN_NAME
bin	B-FAMILY_NAME
Abdulaziz	I-FAMILY_NAME
bin	I-FAMILY_NAME
Ayyaf	I-FAMILY_NAME
,	O
Mayor	O
of	O
Riyadh	B-LOCATION
,	O
launched	O
Remat	B-ORGANIZATION
Al	I-ORGANIZATION
-	I-ORGANIZATION
Riyadh	I-ORGANIZATION|B-LOCATION
Development	I-ORGANIZATION
Company	I-ORGANIZATION
,	O
the	O
development	O
arm	O
of	O
the	O
Riyadh	B-LOCATION
Region	I-LOCATION
Municipality	I-LOCATION
,	O
which	O
will	O
serve	O
as	O
the	O
strategic	O
enabler	O
of	O
private	O
sector	O
participation	O
,	O
with	O
the	O
aim	O
of	O
enhancing	O
the	O
quality	O
of	O
municipal	O
services	O
and	O
contributing	O
to	O
the	O
development	O
of	O
a	O
vibrant	O
community	O
,	O
while	O
achieving	O
economic	O
and	O
social	O
development	O
for	O
Riyadh	B-LOCATION
Region	I-LOCATION
.	O

Remat	B-ORGANIZATION
Al	I-ORGANIZATION
-	I-ORGANIZATION
Riyadh	I-ORGANIZATION|B-LOCATION
Development	I-ORGANIZATION
Company	I-ORGANIZATION
will	O
help	O
bolster	O
the	O
municipality	O
âs	O
strategic	O
function	O
by	O
supporting	O
its	O
operational	O
roles	O
in	O
the	O
region	O
,	O
enabling	O
the	O
private	O
sector	O
to	O
implement	O
and	O
develop	O
municipal	O
projects	O
,	O
providing	O
services	O
to	O
contribute	O
to	O
improving	O
the	O
quality	O
of	O
life	O
,	O
and	O
providing	O
direct	O
value	O
to	O
residents	O
and	O
visitors	O
of	O
the	O
region	O
by	O
prioritizing	O
municipal	O
services	O
and	O
and	O
projects	O
with	O
the	O
highest	O
positive	O
impact	O
.	O

Commenting	O
on	O
the	O
launch	O
,	O
Prince	O
Faisal	B-GIVEN_NAME
bin	B-FAMILY_NAME
Abdulaziz	I-FAMILY_NAME
bin	I-FAMILY_NAME
Ayyaf	I-FAMILY_NAME
,	O
Mayor	O
of	O
Riyadh	B-LOCATION
Region	I-LOCATION
and	O
Chairman	O
of	O
the	O
Board	O
of	O
Directors	O
of	O
Remat	B-ORGANIZATION
Al	I-ORGANIZATION
-	I-ORGANIZATION
Riyadh	I-ORGANIZATION|B-LOCATION
Development	I-ORGANIZATION
Company	I-ORGANIZATION
,	O
said	O
that	O
the	O
Company	O
will	O
contribute	O
to	O
accelerating	O
the	O
development	O
plans	O
and	O
projects	O
of	O
the	O
Riyadh	B-LOCATION
Region	I-LOCATION
,	O
and	O
improving	O
the	O
lifestyle	O
of	O
its	O
residents	O
,	O
as	O
the	O
region	O
is	O
bristling	O
with	O
exceptional	O
and	O
propitious	O
housing	O
and	O
livelihood	O
opportunities	O
.	O

The	O
Company	O
will	O
contribute	O
to	O
promoting	O
this	O
economic	O
growth	O
by	O
involving	O
the	O
private	O
sector	O
in	O
the	O
municipal	O
sector	O
,	O
as	O
it	O
aspires	O
to	O
be	O
one	O
of	O
the	O
largest	O
municipal	O
development	O
companies	O
.	O

The	O
Company	O
's	O
activities	O
focus	O
on	O
three	O
main	O
sectors	O
:	O
urban	O
development	O
,	O
municipal	O
asset	O
management	O
,	O
and	O
municipal	O
services	O
.	O

It	O
will	O
seek	O
to	O
enhance	O
the	O
quality	O
of	O
municipal	O
services	O
and	O
projects	O
,	O
while	O
improving	O
customer	O
experience	O
and	O
satisfaction	O
.	O

Remat	B-ORGANIZATION
Al	I-ORGANIZATION
-	I-ORGANIZATION
Riyadh	I-ORGANIZATION|B-LOCATION
âs	O
launch	O
comes	O
as	O
a	O
milestone	O
towards	O
fulfilling	O
the	O
overall	O
strategy	O
of	O
the	O
Ministry	B-ORGANIZATION
of	I-ORGANIZATION
Municipal	I-ORGANIZATION
,	I-ORGANIZATION
Rural	I-ORGANIZATION
Affairs	I-ORGANIZATION
and	I-ORGANIZATION
Housing	I-ORGANIZATION
,	O
namely	O
,	O
to	O
achieve	O
sustainable	O
and	O
balanced	O
urban	O
development	O
,	O
and	O
improve	O
the	O
level	O
of	O
municipal	O
services	O
,	O
so	O
as	O
to	O
contribute	O
to	O
the	O
enhancement	O
of	O
the	O
quality	O
of	O
life	O
and	O
prosperity	O
of	O
Saudi	B-AFFILIATION
cities	O
and	O
bolster	O
their	O
preparedness	O
to	O
meet	O
the	O
ambitious	O
aspirations	O
of	O
future	O
generations	O
.	O

Chief	O
Executive	O
Officer	O
of	O
Remat	B-ORGANIZATION
Al	I-ORGANIZATION
-	I-ORGANIZATION
Riyadh	I-ORGANIZATION|B-LOCATION
Development	I-ORGANIZATION
Company	I-ORGANIZATION
Abdullah	B-GIVEN_NAME
Abudawood	B-FAMILY_NAME
said	O
the	O
Company	O
aspires	O
to	O
take	O
part	O
in	O
turning	O
Riyadh	B-LOCATION
into	O
an	O
ideal	O
and	O
successful	O
model	O
by	O
developing	O
and	O
shaping	O
the	O
future	O
of	O
the	O
municipal	O
sector	O
,	O
based	O
on	O
strategic	O
priorities	O
aimed	O
at	O
providing	O
quality	O
projects	O
and	O
services	O
that	O
contribute	O
to	O
the	O
prosperity	O
of	O
the	O
region	O
,	O
improving	O
the	O
quality	O
of	O
life	O
,	O
enabling	O
the	O
Riyadh	B-LOCATION
Region	I-LOCATION
Municipality	O
âs	O
overall	O
strategic	O
role	O
,	O
achieving	O
financial	O
sustainability	O
,	O
and	O
developing	O
attractive	O
and	O
innovative	O
business	O
models	O
in	O
partnership	O
with	O
the	O
private	O
sector	O
.	O

About	O
the	O
partnership	O
with	O
the	O
private	O
sector	O
,	O
Abudawood	B-GIVEN_NAME
said	O
:	O
â	O
Remat	B-ORGANIZATION
Al	I-ORGANIZATION
-	I-ORGANIZATION
Riyadh	I-ORGANIZATION|B-LOCATION
will	O
work	O
to	O
enable	O
and	O
motivate	O
the	O
private	O
sector	O
to	O
participate	O
in	O
the	O
development	O
of	O
municipal	O
services	O
and	O
projects	O
,	O
provide	O
the	O
best	O
services	O
and	O
innovative	O
municipal	O
solutions	O
,	O
and	O
take	O
advantage	O
of	O
the	O
promising	O
opportunities	O
in	O
the	O
municipal	O
sector	O
,	O
to	O
improve	O
the	O
experience	O
of	O
residents	O
and	O
visitors	O
of	O
the	O
Riyadh	B-LOCATION
Region	I-LOCATION
.	O
â	O

Remat	B-ORGANIZATION
Al	I-ORGANIZATION
-	I-ORGANIZATION
Riyadh	I-ORGANIZATION|B-LOCATION
Development	I-ORGANIZATION
Company	I-ORGANIZATION
will	O
work	O
towards	O
contributing	O
to	O
the	O
achievement	O
of	O
sustainable	O
and	O
balanced	O
urban	O
development	O
in	O
the	O
Riyadh	B-LOCATION
Region	I-LOCATION
and	O
improving	O
the	O
level	O
of	O
municipal	O
services	O
.	O

This	O
in	O
turn	O
will	O
contribute	O
to	O
enhancing	O
the	O
quality	O
of	O
life	O
,	O
thus	O
turning	O
Riyadh	B-LOCATION
into	O
an	O
ideal	O
and	O
successful	O
model	O
in	O
the	O
field	O
of	O
sustainable	O
comprehensive	O
urban	O
renaissance	O
.	O

Remat	B-ORGANIZATION
Al	I-ORGANIZATION
-	I-ORGANIZATION
Riyadh	I-ORGANIZATION|B-LOCATION
âs	O
mission	O
will	O
also	O
include	O
contributing	O
to	O
the	O
development	O
of	O
a	O
vibrant	O
community	O
in	O
the	O
Riyadh	B-LOCATION
Region	I-LOCATION
,	O
in	O
addition	O
to	O
ongoing	O
efforts	O
to	O
improve	O
the	O
region	O
âs	O
urban	O
landscape	O
in	O
harmony	O
with	O
its	O
identity	O
and	O
ancient	O
history	O
.	O

