ATHENS	B-LOCATION
â	O
Crown	O
Prince	O
Mohammed	B-GIVEN_NAME
Bin	B-FAMILY_NAME
Salman	I-FAMILY_NAME
,	O
deputy	O
premier	O
and	O
minister	O
of	O
defense	O
,	O
has	O
left	O
Greece	B-LOCATION
on	O
Wednesday	B-DATE
following	O
a	O
visit	O
that	O
saw	O
both	O
sides	O
discuss	O
all	O
issues	O
of	O
mutual	O
interest	O
and	O
sign	O
several	O
agreements	O
.	O

The	O
Crown	O
Prince	O
was	O
seen	O
off	O
by	O
Deputy	O
Prime	O
Minister	O
Panagiotis	B-ORGANIZATION
Pikrammenos	I-ORGANIZATION
and	O
other	O
senior	O
officials	O
at	O
Athens	B-LOCATION|B-LOCATION
International	I-LOCATION
Airport	I-LOCATION
.	O

Prince	O
Mohammed	B-GIVEN_NAME
bin	B-FAMILY_NAME
Salman	I-FAMILY_NAME
sent	O
a	O
letter	O
of	O
thanks	O
to	O
the	O
Greek	B-AFFILIATION
president	O
and	O
prime	O
minister	O
,	O
after	O
leaving	O
Athens	B-LOCATION
.	O

In	O
the	O
letters	O
,	O
the	O
crown	O
prince	O
expressed	O
gratitude	O
and	O
appreciation	O
for	O
the	O
hospitality	O
during	O
his	O
visit	O
with	O
the	O
Saudi	B-AFFILIATION
delegation	O
.	O

â	O
The	O
visit	O
allowed	O
us	O
to	O
emphasize	O
the	O
strength	O
of	O
relations	O
between	O
our	O
two	O
countries	O
,	O
and	O
the	O
common	O
desire	O
to	O
strengthen	O
them	O
in	O
all	O
fields	O
to	O
achieve	O
the	O
interests	O
of	O
the	O
two	O
friendly	O
countries	O
and	O
peoples	O
,	O
â	O
Crown	O
prince	O
said	O
in	O
his	O
letter	O
to	O
president	O
Katerina	B-GIVEN_NAME
Sakellaropoulou	B-FAMILY_NAME
.	O

â	O
The	O
discussions	O
we	O
had	O
confirmed	O
the	O
importance	O
of	O
the	O
relationship	O
between	O
our	O
two	O
countries	O
,	O
and	O
the	O
desire	O
to	O
enhance	O
joint	O
cooperation	O
in	O
all	O
fields	O
,	O
â	O
Crown	O
Prince	O
letter	O
to	O
prime	O
minister	O
Kyriakos	B-GIVEN_NAME
Mitsotakis	B-FAMILY_NAME
read	O
.	O

The	O
two	O
countries	O
signed	O
on	O
Tuesday	B-DATE
an	O
agreement	O
to	O
establish	O
the	O
Saudi	B-ORGANIZATION|B-AFFILIATION
-	I-ORGANIZATION
Greek	I-ORGANIZATION|B-AFFILIATION
Strategic	I-ORGANIZATION
Partnership	I-ORGANIZATION
Council	I-ORGANIZATION
.	O

Also	O
,	O
agreements	O
in	O
the	O
fields	O
of	O
investment	O
,	O
science	O
,	O
technology	O
,	O
and	O
the	O
military	O
were	O
signed	O
between	O
both	O
countries	O
.	O

