Iraqi	B-AFFILIATION
Prime	O
Minister	O
Mustafa	B-GIVEN_NAME
Al	B-FAMILY_NAME
-	I-FAMILY_NAME
Kadhimi	I-FAMILY_NAME
paid	O
a	O
visit	O
to	O
the	O
Kingdom	B-LOCATION
of	I-LOCATION
Saudi	I-LOCATION|B-LOCATION
Arabia	I-LOCATION
,	O
during	O
which	O
he	O
met	O
Crown	O
Prince	O
Mohammed	B-GIVEN_NAME
Bin	B-FAMILY_NAME
Salman	I-FAMILY_NAME
.	O

The	O
visit	O
was	O
followed	O
by	O
another	O
visit	O
to	O
the	O
Iranian	B-AFFILIATION
capital	O
Tehran	B-LOCATION
,	O
during	O
which	O
he	O
met	O
senior	O
Iranian	B-AFFILIATION
officials	O
of	O
that	O
country	O
.	O

What	O
emerged	O
from	O
these	O
two	O
visits	O
was	O
an	O
attempt	O
of	O
mediation	O
to	O
ease	O
the	O
atmosphere	O
and	O
reduce	O
tension	O
in	O
the	O
region	O
,	O
through	O
dialogue	O
between	O
Saudi	B-LOCATION
Arabia	I-LOCATION
and	O
Iran	B-LOCATION
.	O

There	O
has	O
been	O
no	O
halt	O
for	O
the	O
Iraqi	B-AFFILIATION
attempts	O
of	O
mediation	O
over	O
the	O
past	O
few	O
years	O
,	O
especially	O
after	O
the	O
assumption	O
of	O
office	O
by	O
Al	B-GIVEN_NAME
-	B-FAMILY_NAME
Kadhimi	I-FAMILY_NAME
as	O
prime	O
minister	O
of	O
the	O
country	O
.	O

Al	B-GIVEN_NAME
-	B-FAMILY_NAME
Kadhimi	I-FAMILY_NAME
is	O
a	O
respectable	O
leader	O
for	O
Saudi	B-LOCATION
Arabia	I-LOCATION
,	O
as	O
the	O
Kingdom	O
sees	O
him	O
as	O
a	O
patriotic	O
figure	O
who	O
works	O
sincerely	O
to	O
resolve	O
the	O
huge	O
crises	O
that	O
are	O
afflicting	O
Iraq	B-LOCATION
.	O

The	O
Iraqi	B-AFFILIATION
viewpoint	O
is	O
that	O
crises	O
in	O
inter	O
-	O
regional	O
relations	O
produce	O
negative	O
impact	O
on	O
Iraq	B-LOCATION
internally	O
.	O

The	O
more	O
the	O
region	O
moves	O
towards	O
resolving	O
crises	O
and	O
easing	O
tension	O
,	O
the	O
more	O
this	O
gives	O
a	O
comfortable	O
ground	O
for	O
rulers	O
in	O
Mesopotamia	B-LOCATION
.	O

It	O
is	O
true	O
that	O
the	O
crises	O
in	O
Iraq	B-LOCATION
are	O
structural	O
crises	O
,	O
and	O
it	O
is	O
very	O
difficult	O
to	O
be	O
rid	O
of	O
most	O
of	O
them	O
without	O
realizing	O
all	O
the	O
crises	O
in	O
their	O
entirety	O
.	O

There	O
is	O
a	O
possibility	O
to	O
mitigate	O
the	O
impact	O
of	O
these	O
dilemmas	O
,	O
and	O
perhaps	O
the	O
most	O
important	O
of	O
them	O
is	O
the	O
security	O
dilemma	O
.	O

It	O
is	O
ironic	O
that	O
Saudi	B-LOCATION
Arabia	I-LOCATION
,	O
in	O
its	O
understanding	O
and	O
approach	O
,	O
is	O
betting	O
on	O
Iran	B-LOCATION
,	O
which	O
is	O
striving	O
to	O
be	O
a	O
national	O
state	O
,	O
and	O
this	O
is	O
a	O
major	O
point	O
of	O
contention	O
with	O
Iran	B-LOCATION
.	O

The	O
latter	O
is	O
betting	O
on	O
pre	O
-	O
state	O
groups	O
,	O
and	O
even	O
supports	O
them	O
through	O
illegal	O
channels	O
far	O
from	O
what	O
is	O
supposed	O
to	O
be	O
from	O
a	O
national	O
state	O
,	O
whether	O
the	O
militias	O
in	O
Iraq	B-LOCATION
,	O
the	O
Houthis	B-ORGANIZATION
in	O
Yemen	B-LOCATION
,	O
Hezbollah	B-ORGANIZATION
in	O
Lebanon	B-LOCATION
and	O
others	O
.	O

Restoring	O
the	O
national	O
state	O
will	O
not	O
be	O
an	O
easy	O
matter	O
after	O
years	O
of	O
tampering	O
with	O
the	O
social	O
fabric	O
in	O
the	O
countries	O
of	O
the	O
region	O
,	O
which	O
negatively	O
affected	O
the	O
security	O
and	O
stability	O
of	O
the	O
entire	O
region	O
.	O

It	O
goes	O
without	O
saying	O
that	O
restoration	O
of	O
the	O
stateÃ¢	O
â¬	O
â¢	O
s	O
presence	O
and	O
roles	O
through	O
internal	O
dialogue	O
and	O
negotiations	O
and	O
by	O
stopping	O
states	O
from	O
interfering	O
in	O
the	O
internal	O
affairs	O
of	O
other	O
states	O
,	O
all	O
of	O
this	O
would	O
contribute	O
to	O
averting	O
these	O
states	O
and	O
the	O
entire	O
region	O
from	O
bloodshed	O
.	O

Saudi	B-LOCATION
Arabia	I-LOCATION
spares	O
no	O
effort	O
in	O
extending	O
the	O
hand	O
of	O
dialogue	O
to	O
all	O
who	O
want	O
to	O
reach	O
to	O
this	O
end	O
,	O
despite	O
the	O
pile	O
up	O
of	O
discouraging	O
experiences	O
in	O
terms	O
of	O
dialogue	O
.	O

As	O
for	O
the	O
other	O
file	O
,	O
it	O
is	O
the	O
arms	O
race	O
that	O
Tehran	B-LOCATION
wants	O
to	O
launch	O
.	O

It	O
will	O
not	O
serve	O
anyone	O
,	O
and	O
it	O
will	O
cause	O
serious	O
consequences	O
for	O
Iran	B-LOCATION
itself	O
.	O

Here	O
we	O
are	O
talking	O
about	O
two	O
aspects	O
:	O

The	O
first	O
is	O
the	O
nuclear	O
program	O
and	O
the	O
anxiety	O
it	O
causes	O
to	O
countries	O
in	O
the	O
region	O
and	O
the	O
lack	O
of	O
confidence	O
in	O
Iranian	B-AFFILIATION
promises	O
,	O
especially	O
with	O
the	O
increase	O
in	O
the	O
enrichment	O
rate	O
and	O
the	O
secret	O
aspects	O
that	O
Iran	B-LOCATION
seeks	O
to	O
hide	O
.	O

The	O
second	O
aspect	O
is	O
the	O
program	O
of	O
drones	O
and	O
ballistic	O
missiles	O
that	O
pose	O
a	O
serious	O
threat	O
to	O
the	O
entire	O
region	O
,	O
and	O
in	O
this	O
also	O
there	O
is	O
a	O
threat	O
to	O
the	O
arms	O
race	O
that	O
has	O
already	O
begun	O
.	O

Serious	O
dialogue	O
to	O
reach	O
a	O
security	O
system	O
can	O
be	O
a	O
window	O
not	O
to	O
resolve	O
crises	O
,	O
as	O
we	O
all	O
wish	O
,	O
but	O
at	O
least	O
to	O
manage	O
them	O
.	O

As	O
for	O
the	O
idea	O
of	O
dialogue	O
for	O
the	O
sake	O
of	O
image	O
,	O
it	O
will	O
not	O
work	O
as	O
the	O
region	O
had	O
tried	O
it	O
during	O
the	O
past	O
decades	O
,	O
a	O
dialogue	O
that	O
results	O
in	O
smiles	O
in	O
front	O
of	O
cameras	O
but	O
fears	O
remain	O
.	O

What	O
is	O
worst	O
is	O
that	O
Tehran	B-LOCATION
is	O
using	O
this	O
dialogue	O
to	O
continue	O
its	O
troubling	O
policies	O
,	O
all	O
of	O
which	O
will	O
not	O
be	O
useful	O
.	O

Saudi	B-LOCATION
Arabia	I-LOCATION
,	O
under	O
the	O
leadership	O
of	O
Custodian	O
of	O
the	O
Two	O
Holy	O
Mosques	O
King	O
Salman	B-GIVEN_NAME
and	O
Crown	O
Prince	O
Mohammed	B-GIVEN_NAME
Bin	B-FAMILY_NAME
Salman	I-FAMILY_NAME
,	O
continues	O
its	O
efforts	O
in	O
the	O
region	O
to	O
restore	O
stability	O
,	O
avoid	O
tension	O
,	O
and	O
defuse	O
crises	O
whenever	O
it	O
is	O
possible	O
.	O

