ATHENS	B-LOCATION
-	O
-	O
Saudi	B-LOCATION
Arabia	I-LOCATION
and	O
Greece	B-LOCATION
have	O
agreed	O
to	O
form	O
a	O
technical	O
team	O
to	O
carry	O
out	O
studies	O
about	O
the	O
prospect	O
of	O
Saudi	B-LOCATION
Arabia	I-LOCATION
exporting	O
electricity	O
and	O
hydrogen	O
to	O
Europe	B-LOCATION
via	O
Greece	B-LOCATION
.	O

This	O
proposal	O
was	O
contained	O
in	O
the	O
joint	O
statement	O
issued	O
by	O
the	O
two	O
countries	O
at	O
the	O
end	O
of	O
the	O
two	O
-	O
day	O
official	O
visit	O
of	O
Crown	O
Prince	O
Mohammed	B-GIVEN_NAME
Bin	B-FAMILY_NAME
Salman	I-FAMILY_NAME
to	O
Greece	B-LOCATION
.	O

The	O
statement	O
affirmed	O
the	O
distinguished	O
and	O
strong	O
relations	O
between	O
the	O
two	O
countries	O
and	O
their	O
common	O
desire	O
to	O
upgrade	O
them	O
to	O
a	O
strategic	O
level	O
.	O

The	O
Crown	O
Prince	O
and	O
Prime	O
Minister	O
Kyriakos	B-GIVEN_NAME
Mitsotakis	B-FAMILY_NAME
of	O
Greece	B-LOCATION
praised	O
the	O
strong	O
partnership	O
that	O
binds	O
the	O
two	O
countries	O
and	O
its	O
development	O
over	O
the	O
past	O
years	O
.	O

They	O
affirmed	O
their	O
determination	O
to	O
work	O
to	O
consolidate	O
it	O
for	O
the	O
benefit	O
of	O
the	O
peoples	O
of	O
the	O
two	O
countries	O
.	O

The	O
Crown	O
Prince	O
praised	O
the	O
support	O
of	O
the	O
Greek	B-AFFILIATION
government	O
for	O
the	O
candidacy	O
of	O
the	O
city	O
of	O
Riyadh	B-LOCATION
to	O
host	O
the	O
World	B-BRANDS
Expo	B-MISC
2030	I-MISC
.	O

The	O
two	O
sides	O
signed	O
a	O
memorandum	O
of	O
understanding	O
regarding	O
the	O
establishment	O
of	O
the	O
Saudi	B-ORGANIZATION|B-AFFILIATION
-	I-ORGANIZATION
Greek	I-ORGANIZATION|B-AFFILIATION
Strategic	I-ORGANIZATION
Partnership	I-ORGANIZATION
Council	I-ORGANIZATION
,	O
which	O
will	O
be	O
chaired	O
by	O
Crown	O
Prince	O
Mohammed	B-GIVEN_NAME
Bin	B-FAMILY_NAME
Salman	I-FAMILY_NAME
and	O
Prime	O
Minister	B-GIVEN_NAME
Mitsotakis	B-FAMILY_NAME
of	O
Greece	B-LOCATION
.	O

The	O
two	O
sides	O
stressed	O
the	O
importance	O
of	O
enhancing	O
economic	O
cooperation	O
between	O
the	O
two	O
countries	O
,	O
keeping	O
pace	O
with	O
the	O
objectives	O
of	O
the	O
Kingdom	B-ORGANIZATION
's	O
Vision	B-BRANDS
2030	B-MISC
and	O
the	O
Greek	B-AFFILIATION|B-AFFILIATION
National	B-MISC
Recovery	I-MISC
and	I-MISC
Resilience	I-MISC
Plan	I-MISC
(	O
Greece	B-LOCATION|B-LOCATION
2.0	B-MISC
)	O
.	O

Saudi	B-LOCATION
Arabia	I-LOCATION
and	O
Greece	B-LOCATION
welcomed	O
the	O
signing	O
of	O
a	O
number	O
of	O
agreements	O
and	O
memoranda	O
of	O
understanding	O
between	O
the	O
private	O
sectors	O
of	O
the	O
two	O
countries	O
amounting	O
to	O
SR	B-MONEY
14	I-MONEY
billion	I-MONEY
in	O
the	O
fields	O
of	O
energy	O
,	O
renewable	O
energy	O
,	O
infrastructure	O
,	O
tourism	O
,	O
maritime	O
transport	O
and	O
logistics	O
,	O
communications	O
and	O
information	O
technology	O
,	O
healthcare	O
,	O
and	O
food	O
.	O

The	O
two	O
sides	O
welcomed	O
the	O
signing	O
of	O
a	O
data	O
cable	O
project	O
agreement	O
aimed	O
at	O
strengthening	O
the	O
infrastructure	O
for	O
data	O
transmission	O
between	O
Asia	B-LOCATION
and	O
Europe	B-LOCATION
.	O

The	O
two	O
countries	O
stressed	O
the	O
importance	O
of	O
strategic	O
cooperation	O
between	O
them	O
in	O
a	O
number	O
of	O
issues	O
of	O
common	O
interest	O
in	O
the	O
field	O
of	O
energy	O
,	O
including	O
the	O
generation	O
of	O
electricity	O
using	O
renewable	O
energy	O
,	O
the	O
establishment	O
of	O
the	O
power	O
grid	O
,	O
and	O
the	O
export	O
of	O
electricity	O
,	O
produced	O
using	O
renewable	O
energy	O
to	O
Greece	B-LOCATION
,	O
and	O
to	O
Europe	B-LOCATION
via	O
Greece	B-LOCATION
.	O

They	O
underscored	O
the	O
significance	O
of	O
cooperation	O
between	O
the	O
two	O
countries	O
in	O
the	O
field	O
of	O
clean	O
hydrogen	O
,	O
including	O
low	O
-	O
carbon	O
hydrogen	O
,	O
green	O
hydrogen	O
,	O
and	O
its	O
transfer	O
to	O
Europe	B-LOCATION
.	O

In	O
this	O
context	O
,	O
they	O
highlighted	O
the	O
importance	O
of	O
the	O
memorandum	O
of	O
understanding	O
signed	O
between	O
the	O
two	O
countries	O
in	O
the	O
field	O
of	O
energy	O
and	O
the	O
formation	O
of	O
a	O
joint	O
technical	O
team	O
to	O
carry	O
out	O
the	O
necessary	O
studies	O
in	O
the	O
field	O
of	O
electrical	O
interconnection	O
and	O
exporting	O
electricity	O
to	O
Greece	B-LOCATION
,	O
as	O
well	O
as	O
exporting	O
electricity	O
and	O
hydrogen	O
to	O
Europe	B-LOCATION
through	O
Greece	B-LOCATION
.	O

A	O
decision	O
will	O
be	O
taken	O
on	O
the	O
implementation	O
of	O
the	O
project	O
in	O
line	O
with	O
the	O
recommendations	O
of	O
the	O
study	O
at	O
the	O
earliest	O
possible	O
.	O

The	O
two	O
countries	O
agreed	O
to	O
enhance	O
cooperation	O
in	O
applying	O
the	O
circular	O
carbon	O
economy	O
approach	O
and	O
its	O
technologies	O
;	O
carbon	O
capture	O
,	O
reuse	O
,	O
transport	O
and	O
storage	O
,	O
and	O
direct	O
carbon	O
capture	O
from	O
the	O
air	O
,	O
to	O
reduce	O
the	O
effects	O
of	O
climate	O
change	O
.	O

With	O
regard	O
to	O
climate	O
change	O
issues	O
,	O
the	O
two	O
sides	O
stressed	O
the	O
importance	O
of	O
adhering	O
to	O
the	O
principles	O
of	O
the	O
Framework	B-BRANDS
Convention	B-MISC
on	I-MISC
Climate	I-MISC
Change	I-MISC
and	O
the	O
Paris	B-LOCATION|B-LOCATION
Agreement	B-MISC
,	O
and	O
the	O
need	O
to	O
develop	O
and	O
implement	O
climate	O
agreements	O
by	O
focusing	O
on	O
emissions	O
without	O
sources	O
.	O

Saudi	B-LOCATION
Arabia	I-LOCATION
reaffirmed	O
its	O
support	O
for	O
Greece	B-LOCATION
's	O
candidacy	O
for	O
non	O
-	O
permanent	O
member	O
of	O
the	O
United	B-ORGANIZATION
Nations	I-ORGANIZATION
Security	I-ORGANIZATION
Council	I-ORGANIZATION
for	O
the	O
period	O
of	O
2025-2026	B-DATE
.	O

The	O
two	O
sides	O
agreed	O
to	O
enhance	O
multi	O
-	O
dimensional	O
cooperation	O
in	O
the	O
defense	O
and	O
security	O
field	O
,	O
the	O
statement	O
pointed	O
out	O
.	O

