JEDDAH	B-LOCATION
â	O
Police	O
in	O
Saudi	B-LOCATION
Arabia	I-LOCATION
have	O
arrested	O
23	O
foreign	O
residents	O
in	O
Jeddah	B-LOCATION
for	O
43	O
criminal	O
acts	O
.	O

Makkah	B-LOCATION
provincial	O
police	O
said	O
the	O
23	O
residents	O
were	O
of	O
Pakistani	B-AFFILIATION
and	O
Indian	B-AFFILIATION
nationalities	O
,	O
and	O
the	O
crimes	O
included	O
impersonation	O
.	O

The	O
perpetrators	O
,	O
pretending	O
to	O
be	O
bank	O
employees	O
,	O
sent	O
random	O
messages	O
to	O
the	O
victims	O
claiming	O
their	O
ATM	O
cards	O
had	O
been	O
blocked	O
.	O

They	O
asked	O
the	O
victims	O
to	O
provide	O
them	O
with	O
confidential	O
information	O
and	O
OTP	O
numbers	O
to	O
reactivate	O
their	O
cards	O
.	O

Police	O
confirmed	O
that	O
the	O
perpetrators	O
were	O
able	O
to	O
withdraw	O
funds	O
from	O
the	O
victims	O
'	O
bank	O
accounts	O
,	O
in	O
addition	O
to	O
entering	O
one	O
of	O
their	O
accounts	O
on	O
a	O
government	O
platform	O
.	O

The	O
criminals	O
took	O
semi	O
-	O
deserted	O
courtyards	O
in	O
one	O
of	O
the	O
Jeddah	B-LOCATION
neighborhoods	O
as	O
their	O
base	O
,	O
police	O
said	O
,	O
adding	O
that	O
they	O
seized	O
46	O
mobile	O
phones	O
and	O
59	O
SIM	O
cards	O
from	O
the	O
men	O
.	O

Police	O
confirmed	O
that	O
they	O
arrested	O
the	O
perpetrators	O
,	O
took	O
legal	O
measures	O
against	O
them	O
,	O
and	O
referred	O
them	O
to	O
the	O
Public	B-ORGANIZATION
Prosecution	I-ORGANIZATION
.	O

