A	O
poster	O
for	O
the	O
movie	O
sequel	O
to	O
the	O
TV	O
series	O
Buppaesannivas	B-BRANDS
(	O
Love	B-BRANDS
Destiny	B-MISC
)	O
is	O
upsetting	O
some	O
Cambodian	B-AFFILIATION
netizens	O
for	O
using	O
the	O
country	O
's	O
national	O
lamduan	O
flower	O
.	O

The	O
romantic	O
comedy	O
is	O
based	O
on	O
the	O
novel	O
of	O
the	O
same	O
name	O
by	O
the	O
author	O
known	O
only	O
by	O
the	O
penname	O
"	O
Romphaeng	B-GIVEN_NAME
"	O
.	O

It	O
follows	O
the	O
adventures	O
of	O
a	O
young	O
archaeologist	O
who	O
,	O
after	O
a	O
car	O
accident	O
,	O
wakes	O
up	O
in	O
the	O
body	O
of	O
a	O
woman	O
named	O
Karakket	B-GIVEN_NAME
living	O
in	O
Ayutthaya	B-LOCATION
during	O
the	O
reign	O
of	O
King	O
Narai	B-GIVEN_NAME
the	O
Great	O
,	O
who	O
lived	O
from	O
1632	B-DATE
to	O
1688	B-DATE
.	O

Since	O
it	O
first	O
aired	O
on	O
Channel	O
3	O
in	O
2018	B-DATE
,	O
it	O
has	O
become	O
a	O
hugely	O
popular	O
Thai	B-AFFILIATION
drama	O
and	O
has	O
also	O
been	O
aired	O
in	O
many	O
Asian	B-AFFILIATION
counties	O
.	O

The	O
series	O
has	O
been	O
such	O
a	O
big	O
hit	O
that	O
visitors	O
to	O
the	O
region	O
have	O
begun	O
seeking	O
out	O
the	O
temples	O
and	O
ancient	O
ruins	O
featured	O
in	O
the	O
show	O
.	O

Following	O
that	O
success	O
,	O
a	O
feature	O
-	O
length	O
movie	O
was	O
made	O
by	O
Thai	B-AFFILIATION
production	O
studio	O
GDH	B-ORGANIZATION
559	I-ORGANIZATION
Co	I-ORGANIZATION
and	O
will	O
go	O
on	O
national	O
release	O
on	O
Thursday	B-DATE
.	O

The	O
movie	O
poster	O
from	O
GDH	B-ORGANIZATION
features	O
the	O
two	O
protagonists	O
-	O
-	O
played	O
by	O
Ranee	B-GIVEN_NAME
"	B-FAMILY_NAME
Bella	I-FAMILY_NAME
"	I-FAMILY_NAME
Campen	I-FAMILY_NAME
and	O
Tanawat	B-GIVEN_NAME
"	B-FAMILY_NAME
Pope	I-FAMILY_NAME
"	I-FAMILY_NAME
Wattanaputi	I-FAMILY_NAME
-	O
-	O
set	O
against	O
a	O
backdrop	O
of	O
lamduan	O
flowers	O
(	O
melodorum	O
fruticosum	O
lour	O
)	O
with	O
the	O
message	O
"	O
lamduan	O
flowers	O
represent	O
sustainable	O
love	O
"	O
.	O

However	O
,	O
the	O
choice	O
of	O
the	O
Cambodian	B-AFFILIATION
national	O
flower	O
has	O
led	O
to	O
a	O
backlash	O
among	O
netizens	O
from	O
the	O
country	O
.	O

One	O
user	O
posted	O
a	O
comment	O
on	O
social	O
media	O
,	O
saying	O
:	O
"	O
Thanks	O
for	O
promoting	O
our	O
national	O
flower	O
to	O
the	O
world	O
,	O
but	O
next	O
time	O
do	O
n't	O
forget	O
to	O
give	O
credit	O
to	O
the	O
owner	O
.	O

I	O
remind	O
you	O
,	O
do	O
n't	O
forget	O
your	O
own	O
culture	O
or	O
your	O
own	O
stuff	O
.	O

If	O
you	O
do	O
n't	O
know	O
your	O
own	O
culture	O
,	O
you	O
can	O
search	O
[	O
on	O
]	O
Google	B-ORGANIZATION
.	O
"	O

The	O
comment	O
was	O
liked	O
by	O
many	O
other	O
Cambodian	B-AFFILIATION
users	O
prompting	O
an	O
online	O
war	O
of	O
words	O
between	O
netizens	O
of	O
the	O
two	O
countries	O
.	O

However	O
,	O
one	O
Thai	B-AFFILIATION
social	O
media	O
poster	O
countered	O
by	O
asking	O
:	O
"	O
Why	O
be	O
so	O
dramatic	O
about	O
a	O
flower	O
?	O

Lamduan	B-LOCATION
flowers	O
are	O
seen	O
in	O
many	O
countries	O
and	O
are	O
also	O
well	O
-	O
known	O
in	O
Thailand	B-LOCATION
,	O
especially	O
the	O
northeastern	O
province	O
of	O
Si	B-LOCATION
Sa	I-LOCATION
Ket	I-LOCATION
.	O
"	O

Nevertheless	O
,	O
GDH	B-ORGANIZATION
moved	O
to	O
end	O
the	O
feud	O
and	O
released	O
a	O
new	O
poster	O
featuring	O
Chongko	B-LOCATION
flowers	O
(	O
bauhinia	O
purpurea	O
)	O
,	O
which	O
are	O
believed	O
to	O
symbolise	O
"	O
indomitable	O
love	O
"	O
,	O
in	O
place	O
of	O
the	O
original	O
choice	O
.	O

