Lovers	O
of	O
handcrafted	O
timepieces	O
are	O
drooling	O
over	O
rare	O
Patek	B-ORGANIZATION
Philippe	I-ORGANIZATION
creations	O
,	O
on	O
show	O
at	O
Central	B-ORGANIZATION
Embassy	I-ORGANIZATION
in	O
Bangkok	B-LOCATION
until	O
the	O
end	O
of	O
July	B-DATE
.	O

Catching	O
the	O
eye	O
among	O
the	O
exhibition	O
of	O
ticking	O
treasures	O
are	O
four	O
exquisite	O
dome	O
table	O
clocks	O
,	O
each	O
showcasing	O
a	O
multitude	O
of	O
different	O
crafts	O
in	O
one	O
object	O
.	O

The	O
â	O
Esplanade	B-BRANDS
â	O
commemorates	O
Singapore	B-LOCATION
âs	O
Golden	B-BRANDS
Jubilee	B-MISC
with	O
a	O
geometrical	O
shell	O
and	O
splash	O
of	O
fireworks	O
across	O
the	O
clock	O
.	O

The	O
â	O
Bay	B-BRANDS
of	I-BRANDS
Singapore	I-BRANDS|B-LOCATION
â	O
was	O
created	O
for	O
the	O
Merlion	B-LOCATION
state	O
âs	O
Patek	B-BRANDS|B-BRANDS|B-ORGANIZATION
Philippe	B-MISC|I-BRANDS|I-ORGANIZATION
Watch	I-MISC|I-BRANDS
Art	I-MISC
Grand	I-MISC
Exhibition	I-MISC
in	O
2019	B-DATE
.	O

The	O
"	O
Twilight	B-BRANDS
Taipei	I-BRANDS|B-LOCATION
"	O
celebrates	O
Taipei	B-LOCATION
âs	O
skyline	O
in	O
cloisonnÃ©	O
enamel	O
,	O
created	O
to	O
commemorate	O
the	O
brand	O
âs	O
first	O
boutique	O
in	O
Taipei	B-LOCATION
101	O
.	O

Finally	O
,	O
the	O
prima	O
donna	O
of	O
this	O
exhibition	O
is	O
â	O
Singapore	B-BRANDS|B-LOCATION
Skyline	I-BRANDS
â	O
,	O
crafted	O
to	O
commemorate	O
50	B-DURATION
years	I-DURATION
of	O
partnership	O
between	O
Patek	B-ORGANIZATION
Philippe	I-ORGANIZATION
and	O
Cortina	B-ORGANIZATION
Watch	I-ORGANIZATION
.	O

This	O
unique	O
piece	O
,	O
crafted	O
in	O
Grand	B-BRANDS
Feu	I-BRANDS
cloisonnÃ©	I-BRANDS
enamel	I-BRANDS
,	O
features	O
Singapore	B-LOCATION
âs	O
waterfront	O
skyline	O
from	O
the	O
Merlion	B-LOCATION
to	O
the	O
Central	B-LOCATION
Business	I-LOCATION
District	I-LOCATION
,	O
the	O
Esplanade	B-LOCATION
and	O
across	O
to	O
Marina	B-LOCATION
Bay	I-LOCATION
Sands	I-LOCATION
.	O

Meanwhile	O
,	O
two	O
Patek	B-ORGANIZATION
Philippe	I-ORGANIZATION
watch	O
models	O
â	O
Ref	B-BRANDS
5057	I-BRANDS
R	I-BRANDS
-	I-BRANDS
001	I-BRANDS
in	O
rose	O
gold	O
and	O
Ref	B-BRANDS
5057	I-BRANDS
G	I-BRANDS
-	I-BRANDS
010	I-BRANDS
in	O
white	O
gold	O
â	O
have	O
been	O
specially	O
commissioned	O
by	O
Cortina	B-ORGANIZATION
Watch	I-ORGANIZATION
for	O
the	O
brand	O
âs	O
25th	O
and	O
50th	O
anniversary	O
.	O

The	O
latter	O
is	O
available	O
for	O
order	O
at	O
the	O
event	O
.	O

