American	B-AFFILIATION
fried	O
rice	O
and	O
corn	O
soup	O
at	O
Took	B-LOCATION
Lae	I-LOCATION
Dee	I-LOCATION
(	O
cheap	O
and	O
good	O
)	O
Restaurant	B-LOCATION
have	O
become	O
food	O
items	O
of	O
interest	O
among	O
netizens	O
,	O
thanks	O
to	O
an	O
Asian	B-AFFILIATION
rapper	O
's	O
influence	O
.	O

Jackson	B-GIVEN_NAME
Wang	B-FAMILY_NAME
praised	O
the	O
two	O
dishes	O
for	O
being	O
delicious	O
during	O
an	O
interview	O
with	O
EFM	B-ORGANIZATION
radio	O
station	O
on	O
Tuesday	B-DATE
(	O
July	B-DATE
19	I-DATE
)	O
.	O

He	O
explained	O
that	O
he	O
had	O
tasted	O
American	B-AFFILIATION
fried	O
rice	O
and	O
corn	O
soup	O
at	O
the	O
restaurant	O
in	O
Foodland	B-LOCATION
supermarket	I-LOCATION
near	O
Rajamangala	B-LOCATION
Stadium	I-LOCATION
in	O
Bangkok	B-LOCATION
after	O
finishing	O
his	O
concert	O
rehearsal	O
on	O
July	B-DATE
11	I-DATE
.	O

Wang	B-GIVEN_NAME
was	O
scheduled	O
to	O
perform	O
in	O
the	O
one	O
-	O
hour	O
opening	O
show	O
at	O
the	O
stadium	O
before	O
the	O
exhibition	O
match	O
between	O
Manchester	B-ORGANIZATION
United	I-ORGANIZATION
and	O
Liverpool	B-ORGANIZATION
on	O
July	B-DATE
12	I-DATE
.	O

"	O
It	O
's	O
so	O
good	O
,	O
it	O
's	O
the	O
best	O
!	O
,	O
"	O
he	O
said	O
.	O

He	O
added	O
that	O
American	B-AFFILIATION
fried	O
rice	O
is	O
more	O
delicious	O
than	O
tomato	O
fried	O
rice	O
.	O

In	O
response	O
to	O
the	O
trend	O
,	O
Foodland	B-ORGANIZATION
launched	O
a	O
promotion	O
of	O
a	O
set	O
of	O
American	B-AFFILIATION
fried	O
rice	O
and	O
corn	O
soup	O
at	O
99	B-MONEY
baht	I-MONEY
per	O
set	O
at	O
Took	B-ORGANIZATION
Lae	I-ORGANIZATION
Dee	I-ORGANIZATION
restaurants	O
nationwide	O
until	O
Sunday	B-DATE
(	O
July	B-DATE
24	I-DATE
)	O
.	O

Foodland	B-ORGANIZATION
operates	O
the	O
Took	B-ORGANIZATION
Lae	I-ORGANIZATION
Dee	I-ORGANIZATION
Restaurant	I-ORGANIZATION
business	O
under	O
the	O
slogan	O
"	O
Everyone	O
âs	O
favourite	O
restaurant	O
"	O
since	O
1972	B-DATE
.	O

The	O
restaurant	O
offers	O
a	O
variety	O
of	O
reasonably	O
priced	O
Thai	B-AFFILIATION
,	O
Chinese	B-AFFILIATION
and	O
Western	B-AFFILIATION
dishes	O
.	O

According	O
to	O
CNN	B-ORGANIZATION
report	O
"	O
World	B-BRANDS
's	B-MISC
Greatest	I-MISC
City	I-MISC
:	I-MISC
50	I-MISC
reasons	I-MISC
why	I-MISC
Bangkok	I-MISC|B-LOCATION
is	I-MISC
No	I-MISC
.	I-MISC
1	I-MISC
"	O
,	O
it	O
said	O
Took	B-LOCATION
Lae	I-LOCATION
Dee	I-LOCATION
Restaurant	I-LOCATION
in	O
Foodland	B-LOCATION
,	O
Sukhumvit	B-LOCATION
Soi	I-LOCATION
5	O
branch	O
,	O
is	O
a	O
good	O
place	O
for	O
dining	O
anytime	O
.	O

It	O
also	O
advised	O
people	O
to	O
taste	O
Pad	O
Kaprao	O
Kai	O
(	O
stir	O
fried	O
basil	O
with	O
chicken	O
)	O
,	O
saying	O
that	O
it	O
is	O
a	O
delicious	O
dish	O
whose	O
taste	O
is	O
unforgettable	O
.	O

Currently	O
,	O
there	O
were	O
25	O
Foodland	B-LOCATION
branches	O
across	O
the	O
East	B-LOCATION
and	I-LOCATION
Northeast	I-LOCATION
of	I-LOCATION
Thailand	I-LOCATION
,	O
as	O
well	O
as	O
Bangkok	B-LOCATION
and	O
its	O
surrounding	O
areas	O
.	O

