Heavy	O
rains	O
last	O
week	O
have	O
left	O
14	O
provinces	O
inundated	O
and	O
cost	O
two	O
lives	O
,	O
but	O
the	O
situation	O
has	O
returned	O
to	O
normal	O
,	O
the	O
government	O
spokesman	O
said	O
on	O
Monday	B-DATE
.	O

Spokesman	O
Thanakorn	B-GIVEN_NAME
Wangboonkongchana	B-FAMILY_NAME
said	O
Prime	O
Minister	O
Prayut	B-GIVEN_NAME
Chan	B-FAMILY_NAME
-	I-FAMILY_NAME
o	I-FAMILY_NAME
-	I-FAMILY_NAME
cha	I-FAMILY_NAME
met	O
with	O
National	B-ORGANIZATION
Water	I-ORGANIZATION
Resources	I-ORGANIZATION
Committee	I-ORGANIZATION
(	O
NWRC	B-ORGANIZATION
)	O
on	O
Monday	B-DATE
to	O
discuss	O
the	O
heavy	O
flooding	O
in	O
many	O
provinces	O
last	O
week	O
.	O

At	O
the	O
meeting	O
,	O
the	O
Disaster	B-ORGANIZATION
Prevention	I-ORGANIZATION
and	I-ORGANIZATION
Mitigation	I-ORGANIZATION
Department	I-ORGANIZATION
reported	O
that	O
the	O
provinces	O
of	O
Chiang	B-LOCATION
Mai	I-LOCATION
,	O
Lampang	B-LOCATION
,	O
Uttaradit	B-LOCATION
,	O
Phetchabun	B-LOCATION
,	O
Phitsanulok	B-LOCATION
,	O
Phichit	B-LOCATION
,	O
Chaiyaphum	B-LOCATION
,	O
Khon	B-LOCATION
Kaen	I-LOCATION
,	O
Nakhon	B-LOCATION
Ratchasima	I-LOCATION
,	O
Rayong	B-LOCATION
,	O
Chonburi	B-LOCATION
,	O
Samut	B-LOCATION
Prakan	I-LOCATION
,	O
Nonthaburi	B-LOCATION
and	O
Yala	B-LOCATION
had	O
been	O
flooded	O
last	O
week	O
.	O

As	O
many	O
as	O
29	O
subdistricts	O
,	O
63	O
villages	O
and	O
392	O
households	O
were	O
affected	O
,	O
with	O
two	O
deaths	O
reported	O
in	O
Chonburi	B-LOCATION
.	O

The	O
department	O
said	O
that	O
as	O
of	O
Monday	B-DATE
,	O
the	O
overall	O
situation	O
had	O
returned	O
to	O
normal	O
.	O

Thanakorn	B-GIVEN_NAME
said	O
Prayut	B-GIVEN_NAME
has	O
asked	O
the	O
department	O
to	O
coordinate	O
with	O
local	O
authorities	O
to	O
monitor	O
the	O
situation	O
and	O
provide	O
assistance	O
to	O
those	O
affected	O
.	O

The	O
PM	O
has	O
also	O
instructed	O
the	O
department	O
to	O
prepare	O
necessary	O
equipment	O
for	O
flood	O
prevention	O
.	O

â	O
Related	O
agencies	O
have	O
also	O
been	O
instructed	O
to	O
clear	O
sewers	O
and	O
waterways	O
of	O
garbage	O
to	O
ensure	O
maximum	O
drainage	O
after	O
heavy	O
rains	O
,	O
â	O
Thanakorn	B-GIVEN_NAME
said	O
.	O

â	O
People	O
living	O
in	O
flood	O
-	O
prone	O
areas	O
should	O
move	O
their	O
properties	O
to	O
higher	O
ground	O
,	O
ensure	O
their	O
home	O
âs	O
electrical	O
system	O
is	O
safe	O
and	O
beware	O
of	O
poisonous	O
insects	O
and	O
reptiles	O
that	O
come	O
with	O
floods	O
.	O
â	O

People	O
have	O
also	O
been	O
advised	O
to	O
keep	O
up	O
with	O
weather	O
updates	O
from	O
the	O
Thai	B-ORGANIZATION|B-AFFILIATION
Meteorological	I-ORGANIZATION
Department	I-ORGANIZATION
or	O
download	O
the	O
â	O
Thai	B-AFFILIATION|B-AFFILIATION
Disaster	B-MISC
Alert	I-MISC
â	O
mobile	O
app	O
.	O

Meanwhile	O
,	O
the	O
department	O
said	O
on	O
Monday	B-DATE
that	O
Thailand	B-LOCATION
will	O
see	O
less	O
rain	O
this	O
week	O
as	O
the	O
southwest	O
monsoon	O
over	O
the	O
Andaman	B-LOCATION
Sea	I-LOCATION
,	O
the	O
South	B-LOCATION
and	O
Gulf	B-LOCATION
is	O
weakening	O
.	O

On	O
Friday	B-DATE
and	O
Saturday	B-DATE
,	O
however	O
,	O
the	O
southwest	O
monsoon	O
prevailing	O
over	O
the	O
Andaman	B-LOCATION
Sea	I-LOCATION
and	O
the	O
Gulf	B-LOCATION
of	I-LOCATION
Thailand	I-LOCATION
will	O
strengthen	O
,	O
bringing	O
more	O
rain	O
,	O
with	O
isolated	O
heavy	O
showers	O
in	O
the	O
East	O
and	O
the	O
South	O
.	O

