A	O
statue	O
of	O
the	O
sea	O
goddess	O
Matsu	B-GIVEN_NAME
has	O
completed	O
a	O
13,000	O
km	O
journey	O
from	O
Cape	B-LOCATION
Town	I-LOCATION
,	O
South	B-LOCATION
Africa	I-LOCATION
,	O
to	O
Yunlin	B-LOCATION
County	I-LOCATION
,	O
returning	O
home	O
to	O
Beigang	B-LOCATION
Chaotian	I-LOCATION
Temple	I-LOCATION
for	O
the	O
first	O
time	O
in	O
nine	B-DURATION
years	I-DURATION
.	O

The	O
Cape	B-LOCATION
Town	I-LOCATION
Matsu	B-GIVEN_NAME
came	O
back	O
to	O
Taiwan	B-LOCATION
to	O
perform	O
Yezu	B-BRANDS
(	O
è¬ç¥	O
)	O
,	O
a	O
type	O
of	O
pilgrimage	O
where	O
an	O
enshrined	O
icon	O
revisits	O
its	O
original	O
temple	O
in	O
a	O
ceremony	O
featuring	O
lion	O
dances	O
and	O
fireworks	O
.	O

Wei	B-GIVEN_NAME
Yu	B-FAMILY_NAME
-	I-FAMILY_NAME
hsun	I-FAMILY_NAME
(	O
éä½å³	O
)	O
,	O
chairman	O
of	O
Mar	B-ORGANIZATION
Tzu	I-ORGANIZATION
Temple	I-ORGANIZATION
in	O
Cape	B-LOCATION
Town	I-LOCATION
,	O
said	O
temple	O
staff	O
had	O
asked	O
the	O
icon	O
in	O
mid	O
-	O
February	B-DATE
if	O
she	O
wished	O
to	O
visit	O
to	O
perform	O
Yezu	B-BRANDS
,	O
with	O
the	O
goddess	O
expressing	O
agreement	O
.	O

While	O
COVID	B-BRANDS
-	B-MISC
19	I-MISC
flight	O
changes	O
and	O
cancelations	O
created	O
some	O
uncertainty	O
around	O
the	O
trip	O
,	O
the	O
Cape	B-LOCATION
Town	I-LOCATION
Matsu	B-GIVEN_NAME
eventually	O
arrived	O
in	O
Taiwan	B-LOCATION
on	O
Wednesday	B-DATE
last	O
week	O
,	O
Wei	B-GIVEN_NAME
said	O
.	O

The	O
Cape	B-LOCATION
Town	I-LOCATION
Matsu	B-GIVEN_NAME
has	O
not	O
performed	O
Yezu	B-BRANDS
since	O
2002	B-DATE
,	O
one	B-DURATION
year	I-DURATION
after	O
the	O
South	B-AFFILIATION
African	I-AFFILIATION
temple	O
was	O
built	O
,	O
he	O
said	O
.	O

Taiwanese	B-AFFILIATION
expatriates	O
,	O
fishers	O
and	O
religious	O
acolytes	O
in	O
South	B-LOCATION
Africa	I-LOCATION
founded	O
the	O
Cape	B-LOCATION
Town	I-LOCATION
temple	O
by	O
asking	O
the	O
Beigang	B-LOCATION
Matsu	B-GIVEN_NAME
to	O
share	O
her	O
spirit	O
and	O
power	O
,	O
he	O
added	O
.	O

The	O
temple	O
is	O
active	O
in	O
the	O
local	O
community	O
,	O
working	O
with	O
charity	O
groups	O
to	O
serve	O
free	O
meals	O
and	O
donating	O
supplies	O
to	O
a	O
nursing	O
home	O
,	O
Wei	B-GIVEN_NAME
said	O
.	O

In	O
addition	O
to	O
Cape	B-LOCATION
Town	I-LOCATION
,	O
the	O
Beigang	B-LOCATION
Matsu	B-GIVEN_NAME
has	O
temples	O
in	O
more	O
than	O
20	O
nations	O
,	O
including	O
Japan	B-LOCATION
,	O
the	O
US	B-LOCATION
,	O
Australia	B-LOCATION
and	O
Malaysia	B-LOCATION
,	O
Beigang	B-ORGANIZATION|B-LOCATION
Chaotian	I-ORGANIZATION
Temple	I-ORGANIZATION
said	O
.	O

Matsu	B-GIVEN_NAME
,	O
also	O
known	O
as	O
Tian	B-BRANDS
Hou	B-MISC
(	O
å¤©å	O
,	O
Queen	O
of	O
Heaven	O
)	O
,	O
is	O
a	O
deity	O
who	O
has	O
been	O
worshiped	O
for	O
protecting	O
fishers	O
and	O
seafarers	O
in	O
Chinese	B-AFFILIATION
communities	O
since	O
at	O
least	O
the	O
12th	O
century	O
.	O

Over	O
the	O
centuries	O
,	O
belief	O
in	O
Matsu	B-GIVEN_NAME
spread	O
throughout	O
China	B-LOCATION
âs	O
coastal	O
regions	O
and	O
overseas	O
Chinese	B-AFFILIATION
communities	O
,	O
eventually	O
reaching	O
Taiwan	B-LOCATION
via	O
Chinese	B-AFFILIATION
settlers	O
during	O
the	O
late	O
Ming	B-ORGANIZATION
Dynasty	I-ORGANIZATION
.	O

