Two	O
managers	O
at	O
a	O
Hong	B-LOCATION
Kong	I-LOCATION
-	O
based	O
company	O
were	O
on	O
Monday	B-DATE
granted	O
deferred	O
prosecution	O
for	O
illegally	O
setting	O
up	O
a	O
business	O
in	O
Taiwan	B-LOCATION
.	O

Analogix	B-ORGANIZATION
Semiconductor	I-ORGANIZATION
Inc	I-ORGANIZATION
(	O
ç¡è°·æ¸æ¨¡ç§æ	O
)	O
business	O
manager	O
Teng	B-GIVEN_NAME
Yun	B-FAMILY_NAME
(	O
æ»ç­ 	O
)	O
and	O
an	O
assistant	O
manager	O
surnamed	O
Cheng	B-GIVEN_NAME
(	O
é­	O
)	O
were	O
also	O
fined	O
NT	B-MONEY
$	I-MONEY
500,000	I-MONEY
each	O
,	O
the	O
Taipei	B-ORGANIZATION|B-LOCATION
Shilin	I-ORGANIZATION|I-LOCATION
District	I-ORGANIZATION|I-LOCATION
Prosecutors	I-ORGANIZATION
â	I-ORGANIZATION

Office	B-ORGANIZATION
said	O
.	O

Investigators	O
found	O
that	O
Analogix	B-ORGANIZATION
is	O
wholly	O
backed	O
by	O
Chinese	B-AFFILIATION
funds	O
,	O
although	O
it	O
is	O
registered	O
as	O
a	O
Hong	B-LOCATION
Kong	I-LOCATION
company	O
that	O
engages	O
in	O
IC	O
design	O
and	O
packaging	O
in	O
Taiwan	B-LOCATION
as	O
part	O
of	O
the	O
semiconductor	O
supply	O
chain	O
.	O

Analogix	B-ORGANIZATION
registered	O
its	O
business	O
in	O
Taiwan	B-LOCATION
in	O
2012	B-DATE
and	O
opened	O
an	O
office	O
in	O
Taipei	B-LOCATION
âs	I-LOCATION
Neihu	I-LOCATION
District	I-LOCATION
(	O
å§æ¹	O
)	O
,	O
Ministry	B-ORGANIZATION
of	I-ORGANIZATION
Economic	I-ORGANIZATION
Affairs	I-ORGANIZATION
records	O
show	O
.	O

Its	O
owner	O
was	O
listed	O
as	O
Yang	B-GIVEN_NAME
Kewei	B-FAMILY_NAME
(	O
æ¥å¯çº	O
)	O
,	O
the	O
records	O
show	O
.	O

The	O
Ministry	B-ORGANIZATION
of	I-ORGANIZATION
Justice	I-ORGANIZATION
âs	O
Investigation	B-ORGANIZATION
Bureau	I-ORGANIZATION
in	O
March	B-DATE
conducted	O
searches	O
at	O
eight	O
companies	O
allegedly	O
backed	O
by	O
Chinese	B-AFFILIATION
funds	O
,	O
including	O
Analogix	B-ORGANIZATION
,	O
and	O
detained	O
more	O
than	O
60	O
people	O
for	O
questioning	O
.	O

Yang	B-GIVEN_NAME
has	O
since	O
fled	O
Taiwan	B-LOCATION
and	O
a	O
wanted	O
bulletin	O
has	O
been	O
issued	O
for	O
him	O
,	O
prosecutors	O
said	O
.	O

Bureau	O
officials	O
said	O
the	O
companies	O
stole	O
proprietary	O
technology	O
and	O
other	O
trade	O
secrets	O
from	O
Taiwanese	B-AFFILIATION
firms	O
,	O
and	O
recruited	O
Taiwanese	B-AFFILIATION
professionals	O
in	O
high	O
-	O
tech	O
sectors	O
to	O
work	O
in	O
China	B-LOCATION
.	O

Teng	B-GIVEN_NAME
and	O
Cheng	B-GIVEN_NAME
were	O
aware	O
that	O
Chinese	B-AFFILIATION
-	O
backed	O
companies	O
may	O
not	O
set	O
up	O
offices	O
or	O
operate	O
in	O
Taiwan	B-LOCATION
without	O
approval	O
from	O
government	O
agencies	O
,	O
prosecutors	O
said	O
.	O

Their	O
actions	O
have	O
contravened	O
the	O
Act	B-BRANDS
Governing	B-MISC
Relations	I-MISC
Between	I-MISC
the	I-MISC
People	I-MISC
of	I-MISC
the	I-MISC
Taiwan	I-MISC|B-LOCATION
Area	I-MISC
and	I-MISC
the	I-MISC
Mainland	I-MISC
Area	I-MISC
(	O
å°ç£å°åèå¤§é¸å°åäººæ°éæ¢ä¾	O
)	O
,	O
they	O
said	O
.	O

Teng	B-GIVEN_NAME
was	O
in	O
charge	O
of	O
sales	O
and	O
promotion	O
,	O
while	O
Chang	B-GIVEN_NAME
was	O
responsible	O
for	O
customized	O
IC	O
design	O
and	O
packaging	O
for	O
customers	O
.	O

The	O
duo	O
were	O
granted	O
deferred	O
prosecution	O
,	O
because	O
they	O
admitted	O
to	O
wrongdoing	O
,	O
had	O
no	O
prior	O
criminal	O
record	O
and	O
their	O
activities	O
did	O
not	O
cause	O
too	O
much	O
damage	O
,	O
they	O
said	O
.	O

