Two	O
steam	O
train	O
tours	O
are	O
to	O
be	O
held	O
next	O
month	O
and	O
in	O
November	B-DATE
to	O
celebrate	O
the	O
100th	O
anniversary	O
of	O
the	O
fan	O
-	O
shaped	O
train	O
maintenance	O
depot	O
in	O
Changhua	B-LOCATION
County	I-LOCATION
,	O
the	O
Tri	B-ORGANIZATION
-	I-ORGANIZATION
Mountain	I-ORGANIZATION
National	I-ORGANIZATION
Scenic	I-ORGANIZATION
Area	I-ORGANIZATION
Administration	I-ORGANIZATION
said	O
yesterday	O
.	O

The	O
depot	O
,	O
built	O
in	O
1922	B-DATE
,	O
has	O
made	O
Changhua	B-LOCATION
County	I-LOCATION
the	O
hub	O
of	O
the	O
Taiwan	B-ORGANIZATION|B-LOCATION
Railways	I-ORGANIZATION
Administration	I-ORGANIZATION
âs	O
(	O
TRA	B-ORGANIZATION
)	O
Mountain	B-LOCATION
and	I-LOCATION
Western	I-LOCATION
Trunk	I-LOCATION
lines	O
on	O
the	O
west	O
coast	O
,	O
and	O
is	O
a	O
maintenance	O
base	O
for	O
locomotive	O
services	O
,	O
the	O
Ministry	B-ORGANIZATION
of	I-ORGANIZATION
Culture	I-ORGANIZATION
âs	O
Bureau	B-ORGANIZATION
of	I-ORGANIZATION
Cultural	I-ORGANIZATION
Heritage	I-ORGANIZATION
said	O
.	O

The	O
Aug	B-DATE
.	I-DATE
13	I-DATE
and	O
Nov	B-DATE
.	I-DATE
5	I-DATE
tours	O
will	O
take	O
tourists	O
from	O
Changhua	B-LOCATION
Railway	I-LOCATION
Station	I-LOCATION
to	O
Ershui	B-LOCATION
Station	I-LOCATION
in	O
a	O
steam	O
train	O
led	O
by	O
a	O
DT	B-BRANDS
-	I-BRANDS
668	I-BRANDS
-	I-BRANDS
model	I-BRANDS
locomotive	I-BRANDS
,	O
which	O
is	O
known	O
as	O
the	O
â	O
King	O
of	O
Steam	O
Trains	O
,	O
â	O
administration	O
director	O
Tsao	B-GIVEN_NAME
Chung	B-FAMILY_NAME
-	I-FAMILY_NAME
yu	I-FAMILY_NAME
(	O
æ¹å¿ ç·	O
)	O
said	O
.	O

The	O
DT	B-BRANDS
-	I-BRANDS
668	I-BRANDS
locomotive	I-BRANDS
is	O
the	O
TRA	B-ORGANIZATION
âs	O
heaviest	O
steam	O
locomotive	O
and	O
has	O
the	O
best	O
traction	O
,	O
Tsao	B-GIVEN_NAME
said	O
,	O
adding	O
that	O
railway	O
fans	O
and	O
steam	O
-	O
train	O
enthusiasts	O
can	O
order	O
tickets	O
online	O
starting	O
at	O
10am	O
tomorrow	O
.	O

Passenger	O
numbers	O
for	O
each	O
tour	O
are	O
capped	O
at	O
260	O
,	O
he	O
said	O
.	O

To	O
celebrate	O
the	O
depot	O
âs	O
100th	O
anniversary	O
,	O
the	O
TRA	B-ORGANIZATION
has	O
also	O
introduced	O
a	O
new	O
boxed	O
lunch	O
featuring	O
braised	O
pork	O
belly	O
,	O
a	O
Changhua	B-LOCATION
favorite	O
,	O
and	O
is	O
available	O
now	O
at	O
the	O
Changhua	B-LOCATION
and	O
Taichung	B-LOCATION
TRA	B-ORGANIZATION
stations	O
,	O
and	O
at	O
the	O
high	O
-	O
speed	O
rail	O
station	O
in	O
Taichung	B-LOCATION
.	O

The	O
agency	O
said	O
that	O
it	O
recruited	O
a	O
chef	O
in	O
Taichung	B-LOCATION
who	O
selected	O
top	O
-	O
quality	O
pork	O
belly	O
,	O
which	O
is	O
fried	O
until	O
golden	O
brown	O
,	O
and	O
seasoned	O
with	O
sugar	O
,	O
garlic	O
,	O
spring	O
onions	O
and	O
spices	O
.	O
She	O
developed	O
a	O
marinade	O
using	O
soy	O
sauce	O
and	O
rice	O
wine	O
,	O
which	O
is	O
boiled	O
before	O
adding	O
the	O
pork	O
belly	O
and	O
pickled	O
Chinese	B-AFFILIATION
mustard	O
.	O

The	O
pork	O
must	O
be	O
marinaded	O
for	O
about	O
three	B-DURATION
hours	I-DURATION
for	O
optimum	O
flavor	O
,	O
the	O
TRA	B-ORGANIZATION
said	O
.	O

Side	O
dishes	O
include	O
fried	O
boiled	O
peanuts	O
with	O
edamame	O
,	O
fried	O
king	O
oyster	O
mushrooms	O
with	O
salted	O
duck	O
eggs	O
,	O
spiced	O
corned	O
eggs	O
,	O
fresh	O
vegetables	O
and	O
fried	O
yam	O
rolls	O
.	O

Only	O
80	O
pork	O
belly	O
bentos	O
are	O
being	O
sold	O
daily	O
,	O
it	O
said	O
.	O

