Taoyuan	B-LOCATION
prosecutors	O
have	O
indicted	O
a	O
Jhongli	B-LOCATION
District	I-LOCATION
(	O
ä¸­å£¢	O
)	O
police	O
officer	O
for	O
allegedly	O
throwing	O
a	O
female	O
music	O
teacher	O
to	O
the	O
ground	O
and	O
handcuffing	O
her	O
after	O
she	O
refused	O
to	O
submit	O
to	O
questioning	O
.	O

The	O
Taoyuan	B-ORGANIZATION|B-LOCATION
District	I-ORGANIZATION|I-LOCATION
Prosecutors	I-ORGANIZATION
â	I-ORGANIZATION
Office	I-ORGANIZATION
had	O
initially	O
declined	O
to	O
press	O
charges	O
,	O
but	O
the	O
Taiwan	B-ORGANIZATION|B-LOCATION
High	I-ORGANIZATION
Prosecutors	I-ORGANIZATION
â	I-ORGANIZATION

Office	B-ORGANIZATION
ordered	O
local	O
authorities	O
in	O
December	B-DATE
last	O
year	O
to	O
conduct	O
a	O
second	O
review	O
after	O
the	O
music	O
teacher	O
,	O
Chan	B-GIVEN_NAME
Hui	B-FAMILY_NAME
-	I-FAMILY_NAME
ling	I-FAMILY_NAME
(	O
è©¹æ§ç²	O
)	O
,	O
filed	O
an	O
appeal	O
.	O

On	O
April	B-DATE
22	I-DATE
last	O
year	O
,	O
a	O
police	O
officer	O
,	O
surnamed	O
Yeh	B-GIVEN_NAME
(	O
è	O
)	O
,	O
approached	O
Chan	B-GIVEN_NAME
as	O
she	O
was	O
walking	O
near	O
Jhongli	B-LOCATION
Railway	I-LOCATION
Station	I-LOCATION
and	O
attempted	O
to	O
question	O
her	O
,	O
asking	O
her	O
name	O
,	O
if	O
she	O
lived	O
nearby	O
and	O
whether	O
she	O
was	O
carrying	O
identification	O
.	O

When	O
Chan	B-GIVEN_NAME
asked	O
why	O
,	O
the	O
officer	O
said	O
he	O
was	O
worried	O
â	O
someone	O
reported	O
you	O
missing	O
â	O
â	O
apparently	O
assuming	O
she	O
was	O
an	O
unaccounted	O
-	O
for	O
migrant	O
worker	O
,	O
a	O
video	O
of	O
the	O
encounter	O
released	O
by	O
police	O
shows	O
.	O

A	O
dispute	O
broke	O
out	O
after	O
Chan	B-GIVEN_NAME
refused	O
to	O
answer	O
Yeh	B-GIVEN_NAME
,	O
with	O
Chan	B-GIVEN_NAME
appearing	O
to	O
use	O
the	O
words	O
â	O
really	O
stupid	O
,	O
â	O
the	O
video	O
shows	O
.	O

When	O
the	O
officer	O
asked	O
if	O
she	O
called	O
him	O
stupid	O
,	O
Chan	B-GIVEN_NAME
replied	O
:	O
â	O
What	O
you	O
did	O
violated	O
...	O
â	O

The	O
officer	O
interjected	O
,	O
saying	O
:	O
â	O
Okay	O
,	O
well	O
you	O
âve	O
just	O
called	O
me	O
stupid	O
,	O
â	O
before	O
the	O
video	O
clip	O
stops	O
a	O
few	O
seconds	O
later	O
.	O

However	O
,	O
videos	O
of	O
the	O
subsequent	O
moments	O
taken	O
by	O
bystanders	O
show	O
Yeh	B-GIVEN_NAME
throwing	O
Chan	B-GIVEN_NAME
to	O
the	O
ground	O
and	O
handcuffing	O
her	O
as	O
she	O
screams	O
in	O
panic	O
.	O

He	O
then	O
places	O
her	O
under	O
arrest	O
for	O
â	O
obstructing	O
a	O
public	O
official	O
,	O
â	O
the	O
video	O
shows	O
.	O

In	O
Facebook	B-BRANDS
posts	O
after	O
the	O
incident	O
,	O
Chan	B-GIVEN_NAME
argued	O
that	O
Yeh	B-GIVEN_NAME
did	O
not	O
have	O
grounds	O
to	O
question	O
her	O
,	O
and	O
accused	O
him	O
of	O
abusing	O
his	O
power	O
by	O
slamming	O
her	O
to	O
the	O
ground	O
,	O
handcuffing	O
her	O
and	O
holding	O
her	O
at	O
a	O
police	O
station	O
for	O
questioning	O
.	O

Prosecutors	O
said	O
in	O
a	O
news	O
release	O
yesterday	O
that	O
after	O
conducting	O
a	O
second	O
review	O
of	O
the	O
evidence	O
in	O
the	O
case	O
,	O
they	O
had	O
charged	O
Yeh	B-GIVEN_NAME
with	O
offenses	O
against	O
personal	O
freedom	O
by	O
a	O
public	O
official	O
.	O

The	O
Taoyuan	B-ORGANIZATION|B-LOCATION
Police	I-ORGANIZATION
Department	I-ORGANIZATION
âs	O
Jhongli	B-LOCATION
Precinct	I-LOCATION
vowed	O
to	O
respect	O
the	O
judicial	O
process	O
,	O
and	O
to	O
step	O
up	O
training	O
to	O
ensure	O
officers	O
carry	O
out	O
their	O
duties	O
legally	O
and	O
with	O
a	O
sense	O
of	O
proportionality	O
.	O

