The	O
High	B-ORGANIZATION
Court	I-ORGANIZATION
yesterday	O
acquitted	O
former	O
president	O
Chen	B-GIVEN_NAME
Shui	B-FAMILY_NAME
-	I-FAMILY_NAME
bian	I-FAMILY_NAME
(	O
é³æ°´æ	O
)	O
of	O
charges	O
related	O
to	O
his	O
personal	O
use	O
of	O
state	O
funds	O
following	O
a	O
recent	O
change	O
to	O
the	O
Accounting	B-BRANDS
Act	B-MISC
(	O
æè¨æ³	O
)	O
,	O
while	O
his	O
wife	O
and	O
son	O
were	O
sentenced	O
on	O
bribery	O
charges	O
.	O

In	O
its	O
second	O
retrial	O
ruling	O
,	O
the	O
High	B-ORGANIZATION
Court	I-ORGANIZATION
dismissed	O
all	O
charges	O
against	O
Chen	B-GIVEN_NAME
,	O
his	O
wife	O
,	O
Wu	B-GIVEN_NAME
Shu	B-FAMILY_NAME
-	I-FAMILY_NAME
jen	I-FAMILY_NAME
(	O
å³æ·ç	O
)	O
,	O
and	O
his	O
close	O
aides	O
relating	O
to	O
the	O
former	O
president	O
âs	O
use	O
of	O
Presidential	B-ORGANIZATION
Office	I-ORGANIZATION
funds	O
from	O
2000	B-DATE
to	O
2008	B-DATE
.	O

The	O
judgement	O
was	O
made	O
in	O
accordance	O
with	O
a	O
contentious	O
May	B-DATE
amendment	O
to	O
Article	B-BRANDS
99-1	B-MISC
of	O
the	O
Accounting	B-BRANDS
Act	B-MISC
,	O
which	O
makes	O
the	O
personal	O
use	O
of	O
such	O
funds	O
legal	O
and	O
absolves	O
officials	O
of	O
liability	O
for	O
its	O
improper	O
use	O
prior	O
to	O
Dec	B-DATE
.	I-DATE
31	I-DATE
,	I-DATE
2006	I-DATE
,	O
the	O
court	O
said	O
.	O

The	O
amendment	O
,	O
which	O
was	O
pushed	O
through	O
the	O
legislature	O
by	O
the	O
Democratic	B-ORGANIZATION|B-AFFILIATION
Progressive	I-ORGANIZATION
Party	I-ORGANIZATION
and	O
came	O
into	O
effect	O
last	O
month	O
,	O
expanded	O
the	O
exemption	O
of	O
punishment	O
for	O
the	O
misuse	O
of	O
special	O
allowance	O
funds	O
to	O
include	O
state	O
affairs	O
funds	O
available	O
to	O
the	O
president	O
.	O

Chen	B-GIVEN_NAME
was	O
first	O
indicted	O
on	O
charges	O
of	O
corruption	O
,	O
forgery	O
and	O
money	O
laundering	O
in	O
2008	B-DATE
,	O
with	O
prosecutors	O
accusing	O
the	O
now	O
-	O
71	O
-	O
year	O
-	O
old	O
of	O
misusing	O
a	O
total	O
of	O
NT	B-MONEY
$	I-MONEY
104	I-MONEY
million	I-MONEY
(	O
US	B-MONEY|B-LOCATION
$	I-MONEY
3.47	I-MONEY
million	I-MONEY
)	O
from	O
the	O
state	O
affairs	O
fund	O
for	O
personal	O
use	O
.	O

Chen	B-GIVEN_NAME
has	O
maintained	O
his	O
innocence	O
,	O
saying	O
that	O
the	O
fund	O
was	O
used	O
to	O
promote	O
confidential	O
diplomatic	O
missions	O
,	O
including	O
paying	O
a	O
US	B-LOCATION
lobbying	O
firm	O
,	O
supporting	O
pro	O
-	O
Taiwan	B-LOCATION
democracy	O
parades	O
,	O
and	O
sponsoring	O
democracy	O
advocates	O
and	O
groups	O
.	O

The	O
case	O
is	O
one	O
of	O
several	O
corruption	O
scandals	O
that	O
Chen	B-GIVEN_NAME
became	O
embroiled	O
in	O
after	O
leaving	O
office	O
.	O

In	O
2010	B-DATE
,	O
he	O
was	O
sentenced	O
to	O
about	O
20	B-DURATION
years	I-DURATION
in	O
jail	O
for	O
accepting	O
bribes	O
in	O
a	O
land	O
deal	O
in	O
Taoyuan	B-LOCATION
and	O
other	O
cases	O
.	O

Chen	B-GIVEN_NAME
was	O
released	O
on	O
conditional	O
medical	O
parole	O
in	O
2015	B-DATE
.	O

The	O
High	B-ORGANIZATION
Court	I-ORGANIZATION
yesterday	O
found	O
Wu	B-ORGANIZATION
guilty	O
of	O
money	O
laundering	O
in	O
a	O
separate	O
case	O
and	O
sentenced	O
the	O
69	O
-	O
year	O
-	O
old	O
to	O
two	B-DURATION
years	I-DURATION
in	O
prison	O
.	O

The	O
court	O
said	O
that	O
Wu	B-GIVEN_NAME
had	O
instructed	O
her	O
son	O
,	O
Kaohsiung	B-LOCATION
City	I-LOCATION
Councilor	O
Chen	B-GIVEN_NAME
Chih	B-FAMILY_NAME
-	I-FAMILY_NAME
chung	I-FAMILY_NAME
(	O
é³è´ä¸­	O
)	O
,	O
and	O
daughter	O
-	O
in	O
-	O
law	O
,	O
Huang	B-GIVEN_NAME
Jui	B-FAMILY_NAME
-	I-FAMILY_NAME
ching	I-FAMILY_NAME
(	O
é»ç¿é	O
)	O
,	O
to	O
place	O
the	O
money	O
she	O
received	O
from	O
bribes	O
relating	O
to	O
the	O
land	O
deal	O
and	O
the	O
construction	O
of	O
Taipei	B-LOCATION
Nangang	I-LOCATION
Exhibition	I-LOCATION
Center	I-LOCATION
into	O
overseas	O
bank	O
accounts	O
.	O

Wu	B-GIVEN_NAME
,	O
who	O
was	O
a	O
legislator	O
from	O
1987	B-DATE
to	O
1990	B-DATE
,	O
was	O
previously	O
sentenced	O
to	O
17	O
-	O
and	O
-	O
a	O
-	O
half	O
years	O
in	O
prison	O
for	O
bribery	O
and	O
other	O
charges	O
in	O
2010	B-DATE
.	O

She	O
has	O
yet	O
to	O
serve	O
time	O
in	O
jail	O
due	O
to	O
health	O
issues	O
.	O

Chen	B-GIVEN_NAME
Chih	B-FAMILY_NAME
-	I-FAMILY_NAME
chung	I-FAMILY_NAME
was	O
sentenced	O
to	O
one	B-DURATION
year	I-DURATION
in	O
prison	O
yesterday	O
and	O
fined	O
NT	B-MONEY
$	I-MONEY
1.5	I-MONEY
million	I-MONEY
for	O
his	O
involvement	O
in	O
the	O
money	O
laundering	O
case	O
,	O
while	O
Huang	B-GIVEN_NAME
was	O
given	O
four	B-DURATION
years	I-DURATION
â	O
probation	O
and	O
fined	O
NT	B-MONEY
$	I-MONEY
1	I-MONEY
million	I-MONEY
.	O

The	O
sentences	O
can	O
be	O
appealed	O
.	O

