National	B-ORGANIZATION
Taiwan	I-ORGANIZATION|B-LOCATION
University	I-ORGANIZATION
(	O
NTU	B-ORGANIZATION
)	O
should	O
investigate	O
plagiarism	O
allegations	O
against	O
former	O
Hsinchu	B-LOCATION
mayor	O
Lin	B-GIVEN_NAME
Chih	B-FAMILY_NAME
-	I-FAMILY_NAME
chien	I-FAMILY_NAME
(	O
ææºå 	O
)	O
,	O
as	O
the	O
reputation	O
and	O
integrity	O
of	O
the	O
school	O
are	O
at	O
stake	O
,	O
the	O
Chinese	B-ORGANIZATION|B-AFFILIATION
Nationalist	I-ORGANIZATION|B-AFFILIATION
Party	I-ORGANIZATION
(	O
KMT	B-ORGANIZATION
)	O
caucus	O
said	O
yesterday	O
.	O

Lin	B-GIVEN_NAME
,	O
who	O
is	O
the	O
Democratic	B-ORGANIZATION|B-AFFILIATION
Progressive	I-ORGANIZATION
Party	I-ORGANIZATION
âs	O
Taoyuan	B-LOCATION
mayoral	O
candidate	O
for	O
the	O
Nov	B-DATE
.	I-DATE
26	I-DATE
election	O
,	O
obtained	O
two	O
master	O
âs	O
degrees	O
,	O
one	O
from	O
Chung	B-ORGANIZATION
Hwa	I-ORGANIZATION
University	I-ORGANIZATION
and	O
another	O
from	O
NTU	B-ORGANIZATION
.	O

His	O
two	O
master	O
âs	O
theses	O
are	O
under	O
close	O
scrutiny	O
over	O
alleged	O
similarities	O
to	O
the	O
theses	O
of	O
other	O
graduate	O
students	O
.	O

Lin	B-GIVEN_NAME
âs	O
master	O
âs	O
thesis	O
at	O
NTU	B-ORGANIZATION
is	O
similar	O
to	O
a	O
thesis	O
written	O
by	O
another	O
former	O
NTU	B-ORGANIZATION
graduate	O
student	O
named	O
Yu	B-GIVEN_NAME
Cheng	B-FAMILY_NAME
-	I-FAMILY_NAME
huang	I-FAMILY_NAME
(	O
ä½æ­£ç	O
)	O
,	O
KMT	B-ORGANIZATION
caucus	O
whip	O
Tseng	B-GIVEN_NAME
Ming	B-FAMILY_NAME
-	I-FAMILY_NAME
chung	I-FAMILY_NAME
(	O
æ¾éå®	O
)	O
told	O
a	O
news	O
conference	O
in	O
Taipei	B-LOCATION
.	O

Of	O
the	O
281	O
words	O
in	O
the	O
summary	O
section	O
of	O
Lin	B-GIVEN_NAME
âs	O
thesis	O
,	O
151	O
words	O
are	O
similar	O
to	O
Yu	B-GIVEN_NAME
âs	O
,	O
Tseng	B-GIVEN_NAME
said	O
.	O

Lin	B-GIVEN_NAME
wrote	O
734	O
in	O
a	O
section	O
defining	O
his	O
concepts	O
,	O
operational	O
definitions	O
and	O
methods	O
of	O
measurement	O
,	O
of	O
which	O
667	O
words	O
are	O
similar	O
to	O
Yu	B-GIVEN_NAME
âs	O
,	O
he	O
said	O
.	O

â	O
This	O
is	O
a	O
fact	O
,	O
not	O
a	O
political	O
problem	O
.	O

Lin	B-GIVEN_NAME
should	O
not	O
deliberately	O
blur	O
the	O
focus	O
,	O
â	O
Tseng	B-GIVEN_NAME
said	O
.	O

Based	O
on	O
the	O
NTU	B-ORGANIZATION
âs	O
academic	O
ethics	O
regulations	O
,	O
and	O
the	O
regulations	O
on	O
breaches	O
of	O
academic	O
ethics	O
in	O
master	O
âs	O
theses	O
and	O
doctoral	O
dissertations	O
,	O
the	O
NTU	B-ORGANIZATION
Academic	B-LOCATION
Affairs	I-LOCATION
Office	I-LOCATION
should	O
review	O
the	O
materials	O
within	O
four	B-DURATION
days	I-DURATION
and	O
determine	O
whether	O
it	O
would	O
accept	O
the	O
case	O
,	O
he	O
said	O
.	O

The	O
university	O
might	O
then	O
form	O
a	O
review	O
committee	O
within	O
10	B-DURATION
days	I-DURATION
and	O
complete	O
the	O
review	O
within	O
two	O
months	O
,	O
he	O
said	O
,	O
adding	O
that	O
the	O
procedure	O
should	O
be	O
conducted	O
in	O
a	O
confidential	O
manner	O
.	O

If	O
it	O
is	O
confirmed	O
that	O
Lin	B-GIVEN_NAME
âs	O
master	O
âs	O
thesis	O
contravenes	O
academic	O
ethics	O
,	O
his	O
degree	O
should	O
be	O
revoked	O
,	O
Tseng	B-GIVEN_NAME
said	O
.	O

KMT	B-ORGANIZATION
Legislator	O
Alex	B-GIVEN_NAME
Fai	B-FAMILY_NAME
(	O
è²»é´»æ³°	O
)	O
said	O
the	O
structures	O
of	O
Lin	B-GIVEN_NAME
âs	O
and	O
Yu	B-GIVEN_NAME
âs	O
theses	O
are	O
taken	O
from	O
a	O
2014	B-DATE
study	O
titled	O
â	O
The	O
Spillover	O
Effect	O
of	O
the	O
Ke	B-GIVEN_NAME
Wen	B-FAMILY_NAME
-	I-FAMILY_NAME
je	I-FAMILY_NAME
Phenomenon	O
in	O
Taiwan	B-LOCATION
âs	O
Local	O
Elections	O
,	O
â	O
which	O
was	O
conducted	O
by	O
NTU	B-ORGANIZATION
Center	I-ORGANIZATION
for	I-ORGANIZATION
China	I-ORGANIZATION|B-LOCATION
Studies	I-ORGANIZATION
researcher	O
Yang	B-GIVEN_NAME
Shi	B-FAMILY_NAME
-	I-FAMILY_NAME
hui	I-FAMILY_NAME
(	O
æ¥åæ§	O
)	O
and	O
then	O
-	O
NTU	B-ORGANIZATION
Institute	B-ORGANIZATION
of	I-ORGANIZATION
National	I-ORGANIZATION
Development	I-ORGANIZATION
professor	O
Chen	B-GIVEN_NAME
Ming	B-FAMILY_NAME
-	I-FAMILY_NAME
tong	I-FAMILY_NAME
(	O
é³æé	O
)	O
,	O
who	O
now	O
heads	O
the	O
National	B-ORGANIZATION
Security	I-ORGANIZATION
Bureau	I-ORGANIZATION
.	O

Using	O
large	O
parts	O
of	O
the	O
publicly	O
available	O
study	O
without	O
citing	O
it	O
as	O
a	O
source	O
is	O
plagiarism	O
,	O
Fai	B-GIVEN_NAME
said	O
.	O

â	O
Chen	B-GIVEN_NAME
has	O
supervised	O
173	O
students	O
,	O
and	O
nearly	O
all	O
of	O
them	O
are	O
senior	O
government	O
officials	O
who	O
were	O
guaranteed	O
admissions	O
to	O
the	O
NTU	B-ORGANIZATION
Institute	B-ORGANIZATION
of	I-ORGANIZATION
National	I-ORGANIZATION
Development	I-ORGANIZATION
,	O
â	O
Fai	B-GIVEN_NAME
said	O
,	O
adding	O
that	O
the	O
students	O
did	O
not	O
have	O
to	O
develop	O
their	O
own	O
topics	O
and	O
Chen	B-GIVEN_NAME
was	O
lenient	O
during	O
their	O
oral	O
defenses	O
.	O

That	O
helped	O
them	O
to	O
graduate	O
more	O
quickly	O
,	O
Fai	B-GIVEN_NAME
said	O
,	O
urging	O
Chen	B-GIVEN_NAME
to	O
explain	O
his	O
conduct	O
.	O

Lin	B-GIVEN_NAME
,	O
who	O
has	O
denied	O
the	O
accusations	O
since	O
they	O
surfaced	O
earlier	O
this	O
month	O
,	O
said	O
it	O
was	O
Yu	B-GIVEN_NAME
who	O
used	O
his	O
data	O
and	O
referenced	O
his	O
draft	O
thesis	O
without	O
correct	O
citations	O
.	O

Lin	B-GIVEN_NAME
said	O
he	O
had	O
his	O
oral	O
presentation	O
one	B-DURATION
year	I-DURATION
after	O
Yu	B-GIVEN_NAME
because	O
of	O
his	O
duties	O
as	O
Hsinchu	B-LOCATION
mayor	O
.	O

