His	O
Highness	O
Sheikh	O
Humaid	B-GIVEN_NAME
bin	B-FAMILY_NAME
Rashid	I-FAMILY_NAME
Al	I-FAMILY_NAME
Nuaimi	I-FAMILY_NAME
,	O
Supreme	O
Council	O
Member	O
and	O
Ruler	O
of	O
Ajman	B-LOCATION
,	O
has	O
covered	O
the	O
tuition	O
fees	O
of	O
outstanding	O
student	O
Dina	B-GIVEN_NAME
Ahmed	B-FAMILY_NAME
Abbas	I-FAMILY_NAME
Fayez	I-FAMILY_NAME
,	O
who	O
received	O
a	O
grade	O
of	O
99.14	O
per	O
cent	O
in	O
the	O
general	O
high	O
school	O
examinations	O
despite	O
being	O
classified	O
among	O
people	O
of	O
determination	O
.	O

Sheikh	O
Humaid	B-GIVEN_NAME
made	O
this	O
announcement	O
on	O
Wednes	B-DATE
-	I-DATE
day	I-DATE
while	O
receiving	O
Fayez	B-GIVEN_NAME
and	O
her	O
family	O
at	O
the	O
Emiri	B-LOCATION
Court	I-LOCATION
,	O
in	O
the	O
presence	O
of	O
Sheikh	O
Ammar	B-GIVEN_NAME
bin	B-FAMILY_NAME
Humaid	I-FAMILY_NAME
Al	I-FAMILY_NAME
Nuaimi	I-FAMILY_NAME
,	O
Crown	O
Prince	O
of	O
Ajman	B-LOCATION
.	O

Sheikh	O
Humaid	B-GIVEN_NAME
said	O
that	O
stu	O
-	O
dents	O
â	O
support	O
underscores	O
the	O
UAE	B-LOCATION
âs	O
approach	O
to	O
honouring	O
outstanding	O
talents	O
,	O
encourag	O
-	O
es	O
future	O
generations	O
and	O
cre	O
-	O
ates	O
the	O
appropriate	O
environ	O
-	O
ment	O
for	O
them	O
to	O
achieve	O
their	O
aspirations	O
.	O

Fayez	B-GIVEN_NAME
âs	O
father	O
thanked	O
the	O
Aj	B-LOCATION
-	I-LOCATION
man	I-LOCATION
Ruler	O
for	O
his	O
noble	O
gesture	O
and	O
his	O
ongoing	O
support	O
for	O
stu	O
-	O
dents	O
,	O
while	O
noting	O
that	O
this	O
is	O
part	O
of	O
Sheikh	O
Humaid	B-GIVEN_NAME
âs	O
legacy	O
.	O

Fayez	B-GIVEN_NAME
and	O
her	O
mother	O
also	O
thanked	O
Sheikh	O
Ammar	B-GIVEN_NAME
,	O
high	O
-	O
lighting	O
their	O
happiness	O
at	O
his	O
initiative	O
.	O

