A	O
Dubai	B-LOCATION
university	O
has	O
joined	O
forces	O
with	O
a	O
sustainable	O
vehicle	O
company	O
,	O
to	O
develop	O
a	O
range	O
of	O
three	O
innovative	O
electric	O
motorcycles	O
that	O
will	O
transform	O
last	O
-	O
mile	O
transportation	O
.	O

The	O
project	O
with	O
One	B-ORGANIZATION
Moto	I-ORGANIZATION
will	O
be	O
conducted	O
in	O
the	O
first	O
-	O
of	O
-	O
its	O
-	O
kind	O
Smart	B-LOCATION
Mobility	I-LOCATION
and	I-LOCATION
Innovation	I-LOCATION
Centre	I-LOCATION
.	O

The	O
new	O
,	O
iconic	O
and	O
industry	O
changing	O
electric	O
motorcycles	O
are	O
expected	O
to	O
be	O
adopted	O
by	O
individual	O
commuters	O
as	O
well	O
as	O
last	O
-	O
mile	O
delivery	O
and	O
logistics	O
companies	O
and	O
are	O
anticipated	O
to	O
go	O
to	O
market	O
in	O
the	O
fourth	O
quarter	O
of	O
2022	B-DATE
.	O

The	O
new	O
partnership	O
will	O
see	O
Rochester	B-ORGANIZATION
Institute	I-ORGANIZATION
of	I-ORGANIZATION
Technology	I-ORGANIZATION
(	O
RIT	B-ORGANIZATION
)	O
Dubai	B-LOCATION
âs	O
engineering	O
faculty	O
and	O
students	O
collaborate	O
on	O
the	O
research	O
,	O
design	O
,	O
fabrication	O
,	O
and	O
testing	O
for	O
the	O
new	O
electric	O
vehicles	O
,	O
aiming	O
to	O
achieve	O
the	O
UAE	B-LOCATION|B-LOCATION
Net	B-MISC
Zero	I-MISC
2050	B-DATE
strategy	O
.	O

Dr	O
Ghalib	B-GIVEN_NAME
Kahwaji	B-FAMILY_NAME
,	O
Chair	O
of	O
the	O
Mechanical	B-ORGANIZATION
and	I-ORGANIZATION
Industrial	I-ORGANIZATION
Engineering	I-ORGANIZATION
Department	I-ORGANIZATION
,	O
Principal	O
Investigator	O
of	O
the	O
Geothermal	B-ORGANIZATION
Coupling	I-ORGANIZATION
of	I-ORGANIZATION
Refrigeration	I-ORGANIZATION
Systems	I-ORGANIZATION
research	O
,	O
and	O
lead	O
for	O
the	O
Sustainability	B-ORGANIZATION
and	I-ORGANIZATION
Energy	I-ORGANIZATION
Efficiency	I-ORGANIZATION
Center	I-ORGANIZATION
,	O
is	O
among	O
the	O
RIT	B-ORGANIZATION
Dubai	B-LOCATION
faculty	O
involved	O
in	O
this	O
latest	O
initiative	O
.	O

He	O
underlines	O
,	O
â	O
The	O
One	B-ORGANIZATION
Moto	I-ORGANIZATION
project	O
will	O
revolutionise	O
the	O
application	O
of	O
electric	O
motorcycles	O
in	O
the	O
delivery	O
and	O
logistics	O
industry	O
in	O
the	O
UAE	B-LOCATION
and	O
the	O
region	O
.	O

It	O
is	O
at	O
the	O
core	O
of	O
the	O
sustainability	O
research	O
track	O
at	O
RIT	B-ORGANIZATION
.	O
â	O

He	O
adds	O
,	O
â	O
By	O
helping	O
to	O
minimize	O
the	O
dependence	O
on	O
fossil	O
fuels	O
and	O
reduce	O
the	O
carbon	O
footprint	O
of	O
the	O
country	O
,	O
it	O
will	O
speed	O
up	O
the	O
progress	O
towards	O
net	O
zero	O
energy	O
and	O
pollution	O
goals	O
.	O

This	O
project	O
will	O
also	O
serve	O
as	O
an	O
excellent	O
opportunity	O
for	O
industrial	O
and	O
entrepreneurial	O
training	O
for	O
the	O
students	O
,	O
readying	O
them	O
for	O
the	O
future	O
job	O
market	O
.	O
â	O

Explaining	O
the	O
initiative	O
on	O
how	O
the	O
new	O
project	O
builds	O
on	O
a	O
range	O
of	O
ongoing	O
initiatives	O
led	O
by	O
RIT	B-ORGANIZATION
Dubai	I-ORGANIZATION|B-LOCATION
to	O
support	O
the	O
goals	O
of	O
the	O
UAE	B-LOCATION|B-LOCATION
2050	B-DATE
environment	B-BRANDS
strategy	B-MISC
.	O

Dr	O
Al	B-GIVEN_NAME
-	B-FAMILY_NAME
Assaf	I-FAMILY_NAME
says	O
,	O
â	O
Sustainability	O
is	O
one	O
of	O
the	O
pillars	O
on	O
which	O
RIT	B-ORGANIZATION
âs	O
new	O
campus	O
was	O
built	O
.	O

It	O
is	O
interwoven	O
in	O
our	O
brand	O
identity	O
,	O
and	O
we	O
are	O
therefore	O
committed	O
to	O
working	O
on	O
environmentally	O
friendly	O
projects	O
that	O
support	O
the	O
overall	O
vision	O
of	O
this	O
country	O
.	O
â	O

The	O
University	O
âs	O
Sustainability	B-ORGANIZATION
and	I-ORGANIZATION
Energy	I-ORGANIZATION
Efficiency	I-ORGANIZATION
Center	I-ORGANIZATION
is	O
already	O
working	O
on	O
research	O
projects	O
with	O
leading	O
international	O
companies	O
and	O
universities	O
to	O
explore	O
the	O
geothermal	O
coupling	O
of	O
refrigeration	O
systems	O
,	O
the	O
creation	O
of	O
biofuels	O
from	O
palm	O
waste	O
,	O
and	O
the	O
use	O
of	O
water	O
from	O
air	O
harvesting	O
.	O

One	B-ORGANIZATION
Moto	I-ORGANIZATION
is	O
planning	O
the	O
development	O
of	O
three	O
new	O
vehicles	O
,	O
alongside	O
swappable	O
battery	O
banks	O
,	O
using	O
industry	O
-	O
changing	O
innovation	O
and	O
hyper	O
-	O
modular	O
designs	O
and	O
applications	O
.	O

Company	O
representatives	O
aver	O
they	O
apply	O
the	O
principles	O
of	O
environmental	O
sustainability	O
and	O
driver	O
safety	O
in	O
the	O
development	O
of	O
its	O
vehicles	O
,	O
using	O
recycled	O
materials	O
and	O
data	O
capture	O
technology	O
.	O

Shedding	O
light	O
on	O
the	O
new	O
collaboration	O
,	O
One	B-ORGANIZATION
Moto	I-ORGANIZATION
Founder	O
and	O
CEO	O
,	O
Adam	B-GIVEN_NAME
Ridgway	B-FAMILY_NAME
opines	O
,	O
â	O
We	O
are	O
delighted	O
to	O
unite	O
expertise	O
to	O
ensure	O
we	O
are	O
collectively	O
redesigning	O
the	O
way	O
we	O
move	O
,	O
from	O
a	O
position	O
of	O
sustainability	O
,	O
efficiency	O
,	O
data	O
-	O
driven	O
wisdom	O
and	O
to	O
ensure	O
we	O
embed	O
our	O
technology	O
and	O
innovation	O
within	O
the	O
DNA	B-BRANDS
of	O
the	O
UAE	B-ORGANIZATION|B-LOCATION
Government	I-ORGANIZATION
âs	O
green	O
initiatives	O
.	O

United	O
we	O
will	O
demonstrate	O
the	O
UAE	B-LOCATION
action	O
before	O
COP	B-BRANDS
28	B-MISC
and	O
work	O
towards	O
our	O
mission	O
,	O
to	O
electrify	O
all	O
last	O
-	O
mile	O
vehicles	O
in	O
the	O
UAE	B-LOCATION
by	O
2024	B-DATE
.	O
â	O

