The	O
UAE	B-LOCATION
won	O
nine	O
medals	O
including	O
two	O
golds	O
and	O
seven	O
bronze	O
medals	O
in	O
the	O
2022	B-DATE
International	B-BRANDS
Olympiads	B-MISC
in	I-MISC
Physics	I-MISC
and	I-MISC
Chemistry	I-MISC
.	O

The	O
Emirati	B-AFFILIATION
student	O
team	O
showcased	O
their	O
brilliant	O
skills	O
in	O
the	O
52nd	B-BRANDS
Physics	B-MISC
Olympiad	I-MISC
,	O
held	O
virtually	O
in	O
Switzerland	B-LOCATION
from	O
12th	B-DATE
to	I-DATE
17th	I-DATE
July	I-DATE
,	I-DATE
2022	I-DATE
,	O
by	O
winning	O
two	O
gold	O
and	O
three	O
bronze	O
medals	O
.	O

The	O
chemistry	O
team	O
also	O
won	O
four	O
bronze	O
medals	O
in	O
the	O
International	B-BRANDS
Chemistry	B-MISC
Olympiad	I-MISC
,	O
held	O
virtually	O
in	O
China	B-LOCATION
.	O

Dr	O
.	O
Ahmad	B-GIVEN_NAME
Belhoul	B-FAMILY_NAME
Al	I-FAMILY_NAME
Falasi	I-FAMILY_NAME
,	O
Minister	O
of	O
Education	O
,	O
has	O
said	O
that	O
the	O
UAE	B-LOCATION
has	O
taken	O
strategic	O
steps	O
to	O
consolidate	O
and	O
develop	O
its	O
educational	O
system	O
and	O
shape	O
the	O
knowledge	O
and	O
innovation	O
community	O
,	O
and	O
strengthen	O
its	O
competitiveness	O
and	O
leadership	O
.	O

"	O
Today	O
,	O
we	O
witness	O
the	O
results	O
of	O
these	O
efforts	O
through	O
the	O
outstanding	O
levels	O
of	O
the	O
UAE	B-LOCATION
student	O
teams	O
,	O
who	O
have	O
won	O
nine	O
gold	O
and	O
bronze	O
medals	O
in	O
the	O
2022	B-DATE
International	B-BRANDS
Olympiads	B-MISC
,	O
"	O
Al	B-GIVEN_NAME
Falasi	B-FAMILY_NAME
stated	O
.	O

He	O
stressed	O
that	O
the	O
Ministry	B-ORGANIZATION
of	I-ORGANIZATION
Education	I-ORGANIZATION
bases	O
its	O
strategies	O
on	O
modern	O
educational	O
ideas	O
and	O
a	O
vision	O
to	O
achieve	O
innovative	O
education	O
,	O
stemming	O
from	O
the	O
firm	O
conviction	O
that	O
emulates	O
national	O
trends	O
.	O

This	O
is	O
realised	O
by	O
building	O
student	O
capabilities	O
in	O
various	O
fields	O
of	O
science	O
,	O
and	O
enabling	O
them	O
with	O
tools	O
of	O
critical	O
thinking	O
,	O
to	O
encourage	O
Emirati	B-AFFILIATION
generations	O
that	O
possess	O
the	O
excellent	O
potential	O
to	O
implement	O
the	O
state	O
âs	O
plans	O
for	O
the	O
next	O
fifty	B-DURATION
years	I-DURATION
and	O
formulate	O
effective	O
solutions	O
to	O
local	O
and	O
global	O
challenges	O
.	O

Al	B-GIVEN_NAME
Falasi	B-FAMILY_NAME
explained	O
that	O
the	O
ministry	O
has	O
been	O
preparing	O
students	O
to	O
participate	O
in	O
the	O
International	B-BRANDS
Student	B-MISC
Olympiad	I-MISC
,	O
highlighting	O
their	O
scientific	O
excellence	O
,	O
and	O
creating	O
a	O
wide	O
range	O
of	O
opportunities	O
for	O
them	O
by	O
discovering	O
and	O
nurturing	O
the	O
outstanding	O
among	O
them	O
in	O
various	O
scientific	O
fields	O
,	O
in	O
addition	O
to	O
creating	O
a	O
positive	O
competitive	O
environment	O
during	O
the	O
academic	O
stages	O
.	O

The	O
honours	O
list	O
of	O
the	O
medal	O
winners	O
in	O
physics	O
included	O
Ahmed	B-GIVEN_NAME
Al	B-FAMILY_NAME
Abdouli	I-FAMILY_NAME
from	O
Hamad	B-ORGANIZATION
bin	I-ORGANIZATION
Abdullah	I-ORGANIZATION
Al	I-ORGANIZATION
Sharqi	I-ORGANIZATION
School	I-ORGANIZATION
,	O
Fatima	B-GIVEN_NAME
Al	B-FAMILY_NAME
Yamahi	I-FAMILY_NAME
and	O
Fatima	B-GIVEN_NAME
Al	B-FAMILY_NAME
Dhanhani	I-FAMILY_NAME
from	O
Al	B-ORGANIZATION
Massa	I-ORGANIZATION
School	I-ORGANIZATION
,	O
Mihul	B-GIVEN_NAME
Agarwal	B-FAMILY_NAME
from	O
the	O
Private	O
Secondary	O
School	O
,	O
and	O
Sara	B-GIVEN_NAME
Korovila	B-FAMILY_NAME
from	O
Our	B-ORGANIZATION
Own	I-ORGANIZATION
English	I-ORGANIZATION
High	I-ORGANIZATION
School	I-ORGANIZATION
.	O

The	O
chemistry	O
medals	O
went	O
to	O
Bashayer	B-GIVEN_NAME
Al	B-FAMILY_NAME
Yamahi	I-FAMILY_NAME
from	O
Al	B-ORGANIZATION
Massa	I-ORGANIZATION
School	I-ORGANIZATION
,	O
Yasmin	B-GIVEN_NAME
Mahmoud	B-FAMILY_NAME
from	O
the	O
Rashidiya	B-ORGANIZATION
School	I-ORGANIZATION
for	I-ORGANIZATION
Secondary	I-ORGANIZATION
Education	I-ORGANIZATION
,	O
Dhanvi	B-GIVEN_NAME
Nutial	B-FAMILY_NAME
from	O
GEMS	B-ORGANIZATION
Our	I-ORGANIZATION
Own	I-ORGANIZATION
English	I-ORGANIZATION
High	I-ORGANIZATION
School	I-ORGANIZATION
,	O
and	O
Shyamal	B-GIVEN_NAME
Dwivedi	B-FAMILY_NAME
from	O
Our	B-ORGANIZATION
Own	I-ORGANIZATION
English	I-ORGANIZATION|B-AFFILIATION
High	I-ORGANIZATION
School	I-ORGANIZATION
,	O
along	O
with	O
an	O
honorary	O
plaque	O
for	O
Adi	B-GIVEN_NAME
Sinha	B-FAMILY_NAME
of	O
Delhi	B-ORGANIZATION|B-LOCATION
Private	I-ORGANIZATION
School	I-ORGANIZATION
for	O
participating	O
in	O
the	O
International	B-BRANDS
Mathematics	B-MISC
Olympiad	I-MISC
.	O

Dr	O
.	O
Muhammad	B-GIVEN_NAME
Al	B-FAMILY_NAME
-	I-FAMILY_NAME
Mualla	I-FAMILY_NAME
,	O
Under	O
-	O
Secretary	O
of	O
the	O
Ministry	B-ORGANIZATION
of	I-ORGANIZATION
Education	I-ORGANIZATION
for	I-ORGANIZATION
Academic	I-ORGANIZATION
Affairs	I-ORGANIZATION
,	O
stressed	O
that	O
the	O
medals	O
won	O
by	O
the	O
student	O
teams	O
highlighted	O
the	O
ministry	O
âs	O
vision	O
.	O

Dr	O
.	O
Amna	B-GIVEN_NAME
Al	B-FAMILY_NAME
Dahak	I-FAMILY_NAME
Al	I-FAMILY_NAME
Shamsi	I-FAMILY_NAME
,	O
Assistant	O
Under	O
-	O
Secretary	O
for	O
the	O
Care	B-ORGANIZATION
and	I-ORGANIZATION
Capacity	I-ORGANIZATION
Building	I-ORGANIZATION
Sector	I-ORGANIZATION
,	O
said	O
that	O
this	O
achievement	O
consolidates	O
the	O
ministry	O
âs	O
role	O
in	O
developing	O
an	O
integrated	O
system	O
for	O
the	O
care	O
of	O
the	O
gifted	O
and	O
innovative	O
youths	O
in	O
various	O
scientific	O
and	O
cultural	O
fields	O
.	O
The	O
aim	O
is	O
to	O
achieve	O
the	O
objectives	O
of	O
the	O
national	O
programmes	O
,	O
within	O
an	O
educational	O
system	O
that	O
is	O
in	O
line	O
with	O
the	O
best	O
educational	O
and	O
international	O
standards	O
,	O
preparing	O
students	O
to	O
build	O
the	O
future	O
and	O
contributing	O
to	O
building	O
a	O
knowledge	O
-	O
based	O
economy	O
.	O

The	O
winners	O
emphasised	O
that	O
this	O
achievement	O
is	O
due	O
to	O
positive	O
efforts	O
,	O
attention	O
and	O
care	O
given	O
by	O
the	O
ministry	O
,	O
and	O
the	O
establishment	O
of	O
an	O
appropriate	O
environment	O
that	O
helps	O
them	O
to	O
succeed	O
.	O

Of	O
the	O
19	O
students	O
,	O
four	O
each	O
went	O
to	O
the	O
Biology	B-BRANDS
and	B-MISC
Chemistry	I-MISC
Olympiads	I-MISC
,	O
five	O
to	O
the	O
Physics	B-BRANDS
Olympiad	B-MISC
and	O
six	O
to	O
the	O
Mathematics	B-BRANDS
Olympiad	B-MISC
.	O

