This	O
Monday	B-DATE
,	O
a	O
Criollo	B-BRANDS
horse	O
that	O
the	O
Uruguayan	B-AFFILIATION
President	O
,	O
Luis	B-GIVEN_NAME
Lacalle	B-FAMILY_NAME
Pou	I-FAMILY_NAME
,	O
promised	O
to	O
send	O
as	O
a	O
gift	O
to	O
the	O
Emir	O
of	O
Qatar	B-LOCATION
,	O
Tamim	B-GIVEN_NAME
bin	B-FAMILY_NAME
Hamad	I-FAMILY_NAME
Al	I-FAMILY_NAME
Thani	I-FAMILY_NAME
,	O
left	O
Uruguay	B-LOCATION
for	O
Qatar	B-LOCATION
.	O

Last	O
February	B-DATE
,	O
the	O
South	B-AFFILIATION
American	I-AFFILIATION
president	O
offered	O
the	O
animal	O
during	O
his	O
trip	O
to	O
that	O
country	O
for	O
the	O
international	O
fair	O
Expo	B-BRANDS
Dubai	B-MISC|B-LOCATION
.	O

A	O
peculiar	O
request	O
of	O
the	O
Uruguayan	B-AFFILIATION
president	O
,	O
Luis	B-GIVEN_NAME
Lacalle	B-FAMILY_NAME
Pou	I-FAMILY_NAME
,	O
reached	O
the	O
ears	O
of	O
the	O
Society	B-ORGANIZATION
of	I-ORGANIZATION
Criollo	I-ORGANIZATION
Horse	I-ORGANIZATION
Breeders	I-ORGANIZATION
of	I-ORGANIZATION
Uruguay	I-ORGANIZATION|B-LOCATION
(	O
SCCCU	B-ORGANIZATION
)	O
last	O
January	B-DATE
.	O

The	O
head	O
of	O
state	O
,	O
who	O
had	O
made	O
an	O
official	O
visit	O
to	O
Qatar	B-LOCATION
in	O
December	B-DATE
2021	I-DATE
,	O
commissioned	O
the	O
selection	O
of	O
a	O
Criollo	B-BRANDS
equine	O
to	O
give	O
as	O
a	O
gift	O
to	O
Al	B-GIVEN_NAME
Thani	B-FAMILY_NAME
,	O
who	O
demonstrated	O
his	O
interest	O
in	O
horse	O
breeding	O
during	O
his	O
meeting	O
with	O
the	O
Uruguayan	B-AFFILIATION
statesman	O
.	O

Her	O
breeders	O
hope	O
she	O
will	O
also	O
be	O
a	O
â	O
talisman	O
â	O
for	O
the	O
Uruguayan	B-AFFILIATION
football	O
team	O
in	O
the	O
next	O
World	B-BRANDS
Cup	B-MISC
,	O
to	O
be	O
held	O
in	O
November	B-DATE
,	O
where	O
Uruguay	B-LOCATION
will	O
face	O
the	O
Qatar	B-LOCATION
team	O
in	O
the	O
group	O
stage	O
.	O

Seven	B-DURATION
years	I-DURATION
old	O
,	O
the	O
Moorish	B-AFFILIATION
mare	O
â	O
Murta	B-LOCATION
â	O
was	O
finally	O
chosen	O
,	O
because	O
,	O
as	O
stated	O
to	O
Efe	B-GIVEN_NAME
by	O
the	O
administrator	O
of	O
the	O
Estancia	B-LOCATION
La	I-LOCATION
Invernada	I-LOCATION
,	O
JoÃ£o	B-GIVEN_NAME
Antonio	B-FAMILY_NAME
Martins	I-FAMILY_NAME
,	O
after	O
being	O
designated	O
by	O
the	O
SCCCU	B-ORGANIZATION
,	O
the	O
establishment	O
wanted	O
to	O
bet	O
on	O
a	O
â	O
new	O
â	O
and	O
â	O
tamed	O
â	O
mare	O
.	O

â	O
We	O
chose	O
this	O
mare	O
because	O
we	O
wanted	O
one	O
that	O
,	O
in	O
addition	O
to	O
being	O
morphologically	O
beautiful	O
,	O
would	O
bring	O
together	O
the	O
most	O
important	O
bloodlines	O
of	O
La	B-LOCATION
Invernada	I-LOCATION
,	O
â	O
said	O
Martins	B-GIVEN_NAME
.	O

They	O
explained	O
that	O
this	O
ranch	O
,	O
located	O
in	O
the	O
department	O
(	O
province	O
)	O
of	O
Cerro	B-LOCATION
Largo	I-LOCATION
(	O
east	O
)	O
,	O
has	O
been	O
selecting	O
Criollo	B-BRANDS
endurance	O
horses	O
for	O
a	O
century	O
.	O

La	B-LOCATION
Invernada	I-LOCATION
today	O
has	O
some	O
600	O
pedigree	O
horses	O
that	O
year	O
after	O
year	O
participates	O
in	O
national	O
or	O
international	O
endurance	O
competitions	O
,	O
according	O
to	O
its	O
administrator	O
,	O
who	O
said	O
that	O
the	O
stud	O
is	O
â	O
very	O
happy	O
â	O
that	O
Murta	B-BRANDS
will	O
represent	O
the	O
country	O
in	O
Qatar	B-LOCATION
.	O

He	O
also	O
explained	O
that	O
the	O
mare	O
was	O
prepared	O
to	O
adapt	O
to	O
the	O
stables	O
and	O
sheared	O
especially	O
so	O
as	O
not	O
to	O
suffer	O
the	O
heat	O
during	O
the	O
long	O
flight	O
and	O
arrival	O
in	O
Qatar	B-LOCATION
.	O

