Axel	B-GIVEN_NAME
Stein	B-FAMILY_NAME
,	O
a	O
curator	O
and	O
Venezuelan	B-AFFILIATION
art	O
consultant	O
who	O
headed	O
Sotheby	B-ORGANIZATION
âs	O
Department	B-ORGANIZATION
of	I-ORGANIZATION
Latin	I-ORGANIZATION|B-AFFILIATION
American	I-ORGANIZATION|I-AFFILIATION
Art	I-ORGANIZATION
,	O
did	O
nât	O
expect	O
that	O
a	O
curious	O
fact	O
from	O
the	O
catalog	O
of	O
the	O
exhibition	O
Genius	O
and	O
glory	O
of	O
Arturo	B-GIVEN_NAME
Michelena	B-FAMILY_NAME
,	O
1863-1898	B-DATE
on	O
the	O
Centenary	O
of	O
his	O
death	O
(	O
Gallery	B-LOCATION
of	I-LOCATION
National	I-LOCATION
Art	I-LOCATION
in	O
1998	B-DATE
)	O
would	O
take	O
him	O
on	O
a	O
journey	O
.	O

Reading	O
the	O
text	O
by	O
Venezuelan	B-AFFILIATION
researchers	O
Rafael	B-GIVEN_NAME
Romero	B-FAMILY_NAME
and	O
Juan	B-GIVEN_NAME
Ignacio	B-FAMILY_NAME
Parra	I-FAMILY_NAME
Schlageter	I-FAMILY_NAME
,	O
who	O
were	O
in	O
charge	O
of	O
the	O
exhibition	O
,	O
Stein	B-GIVEN_NAME
discovered	O
that	O
The	B-BRANDS
Sick	B-MISC
Child	I-MISC
(	O
1886	B-DATE
)	O
,	O
by	O
the	O
painter	O
Arturo	B-GIVEN_NAME
Michelena	B-FAMILY_NAME
,	O
exhibited	O
for	O
many	O
years	O
at	O
the	O
GalerÃ­a	B-ORGANIZATION
de	I-ORGANIZATION
Arte	I-ORGANIZATION
Nacional	I-ORGANIZATION
in	O
Caracas	B-LOCATION
,	O
was	O
a	O
copy	O
made	O
by	O
the	O
same	O
artist	O
.	O

The	O
original	O
piece	O
had	O
disappeared	O
a	O
century	O
ago	O
.	O

The	O
original	O
was	O
painted	O
during	O
Michelena	B-GIVEN_NAME
âs	O
time	O
in	O
Paris	B-LOCATION
.	O

At	O
only	O
22	B-DURATION
years	I-DURATION
old	O
,	O
the	O
painter	O
born	O
in	O
Valencia	B-LOCATION
,	I-LOCATION
Venezuela	I-LOCATION
won	O
a	O
scholarship	O
created	O
by	O
the	O
government	O
of	O
JoaquÃ­n	B-GIVEN_NAME
Crespo	B-FAMILY_NAME
in	O
1883	B-DATE
to	O
commemorate	O
the	O
centenary	O
of	O
the	O
birth	O
of	O
SimÃ³n	B-GIVEN_NAME
BolÃ­var	B-FAMILY_NAME
.	O

This	O
opportunity	O
allowed	O
him	O
to	O
study	O
fine	O
arts	O
in	O
Paris	B-LOCATION
.	O

Two	B-DURATION
years	I-DURATION
later	O
,	O
on	O
March	B-DATE
6	I-DATE
,	I-DATE
1885	I-DATE
,	O
he	O
embarked	O
on	O
the	O
ship	O
Ville	B-BRANDS
de	B-MISC
Paris	I-MISC|B-LOCATION
with	O
renowned	O
painter	O
MartÃ­n	B-GIVEN_NAME
Tovar	B-FAMILY_NAME
y	I-FAMILY_NAME
Tovar	I-FAMILY_NAME
,	O
who	O
had	O
just	O
finished	O
the	O
famous	O
battle	O
scenes	O
at	O
the	O
Elliptical	B-LOCATION
Hall	I-LOCATION
of	O
the	O
Legislative	B-LOCATION
Palace	I-LOCATION
and	O
was	O
returning	O
to	O
Paris	B-LOCATION
,	O
where	O
he	O
became	O
the	O
protÃ©gÃ©	O
of	O
Venezuelans	B-AFFILIATION
Bernardo	B-GIVEN_NAME
and	O
Ana	B-GIVEN_NAME
MarÃ­a	B-FAMILY_NAME
Tarbes	I-FAMILY_NAME
,	O
and	O
enrolled	O
in	O
the	O
prestigious	O
Academie	B-ORGANIZATION
Julian	I-ORGANIZATION
,	O
where	O
another	O
genius	O
of	O
Venezuelan	B-AFFILIATION
arts	O
,	O
CristÃ³bal	B-GIVEN_NAME
Rojas	B-FAMILY_NAME
,	O
was	O
already	O
studying	O
.	O

French	B-AFFILIATION
portraitist	O
Jean	B-GIVEN_NAME
-	B-FAMILY_NAME
Paul	I-FAMILY_NAME
Laurens	I-FAMILY_NAME
,	O
who	O
mentored	O
Michelena	B-GIVEN_NAME
âs	O
work	O
at	O
the	O
Academie	B-ORGANIZATION
,	O
quickly	O
discovered	O
the	O
young	O
man	O
âs	O
talent	O
.	O
In	O
1887	B-DATE
,	O
Laurens	B-GIVEN_NAME
proposed	O
that	O
Michelena	B-GIVEN_NAME
should	O
exhibit	O
at	O
the	O
Salon	B-ORGANIZATION
of	I-ORGANIZATION
French	I-ORGANIZATION|B-AFFILIATION
Artists	I-ORGANIZATION
.	O
Michelena	B-GIVEN_NAME
sent	O
the	O
Enfant	B-BRANDS
malade	B-MISC
and	O
La	B-BRANDS
visite	B-MISC
electorale	I-MISC
(	O
The	O
electoral	O
visit	O
)	O
.	O
The	O
Salon	B-ORGANIZATION
awarded	O
him	O
the	O
MÃ©daille	B-BRANDS
d	B-MISC
â	I-MISC
Or	I-MISC
in	O
second	O
class	O
.	O

Both	O
paintings	O
are	O
from	O
a	O
period	O
when	O
â	O
some	O
Venezuelan	B-AFFILIATION
artists	O
had	O
a	O
good	O
presence	O
in	O
Europe	B-LOCATION
at	O
the	O
end	O
of	O
the	O
19th	O
century	O
,	O
â	O
says	O
Stein	B-GIVEN_NAME
.	O
At	O
that	O
time	O
,	O
CristÃ³bal	B-GIVEN_NAME
Rojas	B-FAMILY_NAME
shared	O
an	O
apartment	O
and	O
studio	O
with	O
Arturo	B-GIVEN_NAME
Michelena	B-FAMILY_NAME
.	O
Emilio	B-GIVEN_NAME
Boggio	B-FAMILY_NAME
Dupuy	I-FAMILY_NAME
,	O
a	O
neo	O
-	O
impressionist	O
from	O
La	B-LOCATION
Guaira	I-LOCATION
who	O
was	O
friends	O
with	O
Claude	B-GIVEN_NAME
Monet	B-FAMILY_NAME
and	O
Camille	B-GIVEN_NAME
Pissarro	B-FAMILY_NAME
,	O
also	O
arrived	O
in	O
the	O
city	O
when	O
he	O
was	O
very	O
young	O
and	O
developed	O
his	O
artistic	O
career	O
there	O
.	O
Tovar	B-GIVEN_NAME
y	B-FAMILY_NAME
Tovar	I-FAMILY_NAME
,	O
â	O
GuzmÃ¡n	B-GIVEN_NAME
Blanco	B-FAMILY_NAME
âs	O
favorite	O
artist	O
,	O
â	O
was	O
also	O
in	O
town	O
and	O
â	O
was	O
well	O
known	O
,	O
â	O
says	O
Stein	B-GIVEN_NAME
.	O
But	O
GuzmÃ¡n	B-GIVEN_NAME
Blanco	B-FAMILY_NAME
would	O
revoke	O
Michelena	B-GIVEN_NAME
âs	O
scholarship	O
at	O
some	O
point	O
,	O
apparently	O
because	O
he	O
wanted	O
the	O
artist	O
to	O
be	O
in	O
Rome	B-LOCATION
and	O
not	O
Paris	B-LOCATION
.	O

Two	B-DURATION
years	I-DURATION
after	O
that	O
Official	B-BRANDS
Salon	B-MISC
in	O
which	O
Michelena	B-GIVEN_NAME
participated	O
,	O
the	O
Universal	B-BRANDS
Exposition	B-MISC
in	O
Paris	B-LOCATION
was	O
organized	O
to	O
celebrate	O
the	O
centenary	O
of	O
the	O
French	B-AFFILIATION|B-AFFILIATION
Revolution	B-MISC
.	O
At	O
that	O
event	O
,	O
where	O
the	O
industrial	O
and	O
scientific	O
achievements	O
of	O
the	O
â	O
enlightened	O
world	O
â	O
like	O
the	O
Galerie	B-LOCATION
des	I-LOCATION
Machines	I-LOCATION
made	O
of	O
glass	O
and	O
iron	O
,	O
the	O
Palace	B-LOCATION
of	I-LOCATION
Fine	I-LOCATION
Arts	I-LOCATION
with	O
its	O
glass	O
and	O
ceramic	O
roof	O
,	O
and	O
the	O
newly	O
opened	O
Eiffel	B-LOCATION
Tower	I-LOCATION
were	O
presented	O
to	O
amazed	O
crowds	O
,	O
Michelena	B-GIVEN_NAME
would	O
exhibit	O
his	O
well	O
-	O
known	O
Charlotte	B-BRANDS
Corday	B-MISC
On	I-MISC
The	I-MISC
Way	I-MISC
to	I-MISC
The	I-MISC
Scaffold	I-MISC
,	O
along	O
with	O
The	B-BRANDS
Sick	B-MISC
Child	I-MISC
and	O
The	B-BRANDS
Electoral	B-MISC
Visit	I-MISC
.	O

At	O
the	O
Universal	B-BRANDS
Exposition	B-MISC
,	O
Caroline	B-GIVEN_NAME
Webster	B-FAMILY_NAME
Schermerhorn	I-FAMILY_NAME
Astor	I-FAMILY_NAME
bought	O
L	B-BRANDS
â	B-MISC
Enfant	I-MISC
Malade	I-MISC
.	O
She	O
was	O
a	O
New	B-LOCATION
York	I-LOCATION
socialite	O
of	O
the	O
Gilded	B-DATE
Age	I-DATE
,	O
wife	O
of	O
William	B-GIVEN_NAME
Backhouse	B-FAMILY_NAME
Astor	I-FAMILY_NAME
,	O
a	O
member	O
of	O
the	O
prominent	O
American	B-AFFILIATION
business	O
family	O
.	O
Thus	O
,	O
the	O
work	O
would	O
end	O
up	O
hanging	O
with	O
a	O
dozen	O
academic	O
paintings	O
in	O
the	O
enormous	O
room	O
of	O
the	O
outlandish	O
French	B-AFFILIATION|B-AFFILIATION
Renaissance	B-MISC
-	O
style	O
mansion	O
that	O
the	O
Astors	B-GIVEN_NAME
had	O
built	O
between	O
65th	B-LOCATION
Street	I-LOCATION
and	O
Fifth	B-LOCATION
Avenue	I-LOCATION
in	O
Manhattan	B-LOCATION
.	O

A	O
few	O
years	O
later	O
,	O
at	O
just	O
35	B-DURATION
years	I-DURATION
old	O
,	O
Michelena	B-GIVEN_NAME
died	O
of	O
tuberculosis	B-BRANDS
in	O
Caracas	B-LOCATION
.	O
And	O
this	O
is	O
what	O
was	O
known	O
in	O
Venezuela	B-LOCATION
,	O
thanks	O
to	O
art	O
critic	O
Juan	B-GIVEN_NAME
RÃ¶hl	B-FAMILY_NAME
âs	O
investigations	O
tracing	O
The	B-BRANDS
Sick	B-MISC
Child	I-MISC
from	O
the	O
Parisian	B-AFFILIATION
studio	O
where	O
it	O
was	O
made	O
to	O
its	O
arrival	O
in	O
New	B-LOCATION
York	I-LOCATION
through	O
the	O
defunct	O
Vincent	B-ORGANIZATION|B-GIVEN_NAME
Astor	I-ORGANIZATION|B-FAMILY_NAME
Foundation	I-ORGANIZATION
.	O

Caroline	B-GIVEN_NAME
passed	O
away	O
in	O
1908	B-DATE
and	O
her	O
son	O
,	O
John	B-GIVEN_NAME
Jacob	B-FAMILY_NAME
Astor	I-FAMILY_NAME
IV	O
,	O
died	O
shortly	O
after	O
on	O
the	O
Titanic	B-BRANDS
.	O
Vincent	B-GIVEN_NAME
Astor	B-FAMILY_NAME
â	O
eldest	O
son	O
of	O
John	B-GIVEN_NAME
Jacob	B-FAMILY_NAME
â	O
had	O
to	O
take	O
over	O
the	O
family	O
at	O
21	B-DURATION
years	I-DURATION
old	O
.	O
As	O
a	O
consequence	O
of	O
the	O
succession	O
,	O
The	B-BRANDS
Sick	B-MISC
Child	I-MISC
was	O
auctioned	O
through	O
the	O
American	B-ORGANIZATION|B-AFFILIATION
Art	I-ORGANIZATION
Association	I-ORGANIZATION
(	O
AAA	B-ORGANIZATION
)	O
:	O
the	O
most	O
important	O
auction	O
house	O
in	O
New	B-LOCATION
York	I-LOCATION
at	O
the	O
end	O
of	O
the	O
19th	O
century	O
and	O
the	O
beginning	O
of	O
the	O
20th	O
.	O

In	O
1938	B-DATE
,	O
gallerists	O
Otto	B-GIVEN_NAME
Bernet	B-FAMILY_NAME
and	O
Hiram	B-GIVEN_NAME
Parke	B-FAMILY_NAME
bought	O
almost	O
all	O
the	O
shares	O
of	O
the	O
AAA	B-ORGANIZATION
before	O
it	O
disappeared	O
.	O
And	O
then	O
,	O
in	O
1964	B-DATE
,	O
the	O
English	B-AFFILIATION
house	O
Sotheby	B-ORGANIZATION
âs	O
â	O
the	O
oldest	O
auctioneer	O
in	O
the	O
world	O
â	O
bought	O
Parke	B-ORGANIZATION
-	I-ORGANIZATION
Bernet	I-ORGANIZATION
with	O
the	O
intention	O
of	O
entering	O
the	O
United	B-LOCATION
States	I-LOCATION
market	O
.	O

Axel	B-GIVEN_NAME
Stein	B-FAMILY_NAME
followed	O
the	O
trail	O
of	O
the	O
Astors	B-GIVEN_NAME
more	O
than	O
a	O
century	O
later	O
,	O
to	O
reconstruct	O
the	O
entire	O
trajectory	O
of	O
Michelena	B-GIVEN_NAME
âs	O
painting	O
.	O
He	O
first	O
found	O
an	O
old	O
photo	O
of	O
the	O
Astors	B-GIVEN_NAME
â	O
hall	O
with	O
The	B-BRANDS
Sick	B-MISC
Child	I-MISC
hanging	O
among	O
dozens	O
of	O
academic	O
works	O
at	O
the	O
Museum	B-LOCATION
of	I-LOCATION
the	I-LOCATION
City	I-LOCATION
of	I-LOCATION
New	I-LOCATION
York	I-LOCATION
.	O
Stein	B-GIVEN_NAME
assumed	O
that	O
the	O
supporting	O
documents	O
for	O
the	O
Astor	B-GIVEN_NAME
sale	O
would	O
be	O
at	O
the	O
Sotheby	B-ORGANIZATION
âs	O
archives	O
.	O
â	O
Fortunately	O
,	O
nobody	O
throws	O
anything	O
away	O
in	O
the	O
United	B-LOCATION
States	I-LOCATION
,	O
â	O
says	O
Stein	B-GIVEN_NAME
.	O
â	O
Venezuelans	B-AFFILIATION
throw	O
everything	O
away	O
,	O
which	O
is	O
terrible	O
.	O
Because	O
what	O
now	O
seems	O
to	O
us	O
to	O
be	O
unimportant	O
,	O
tomorrow	O
can	O
be	O
very	O
valuable	O
for	O
a	O
researcher	O
.	O
â	O

To	O
access	O
documents	O
from	O
past	O
auctions	O
,	O
Stein	B-GIVEN_NAME
contacted	O
Elizabeth	B-GIVEN_NAME
Gorayeb	B-FAMILY_NAME
,	O
a	O
researcher	O
at	O
Sotheby	B-ORGANIZATION
âs	O
Impressionist	B-ORGANIZATION
and	I-ORGANIZATION
Modern	I-ORGANIZATION
Art	I-ORGANIZATION
Department	I-ORGANIZATION
.	O
A	O
month	O
or	O
two	O
later	O
,	O
he	O
received	O
a	O
box	O
containing	O
the	O
documents	O
from	O
the	O
auction	O
on	O
June	B-DATE
21st	I-DATE
,	I-DATE
1926	I-DATE
.	O
The	O
catalog	O
described	O
Arturo	B-GIVEN_NAME
Michelena	B-FAMILY_NAME
as	O
an	O
Italian	B-AFFILIATION
artist	O
and	O
titled	O
The	B-BRANDS
Sick	B-MISC
Child	I-MISC
as	O
The	B-BRANDS
Doctor	B-MISC
.	O
The	O
surname	O
Burns	B-GIVEN_NAME
was	O
written	O
over	O
the	O
catalog	O
next	O
to	O
a	O
sale	O
price	O
:	O
$	B-MONEY
400	I-MONEY
(	O
or	O
a	O
little	O
over	O
$	B-MONEY
6,200	I-MONEY
today	O
)	O
,	O
one	O
of	O
the	O
highest	O
at	O
the	O
auction	O
.	O
Now	O
Stein	B-GIVEN_NAME
knew	O
the	O
painting	O
had	O
been	O
sold	O
and	O
for	O
how	O
much	O
,	O
but	O
not	O
to	O
whom	O
.	O
When	O
he	O
searched	O
the	O
internet	O
for	O
Mr.	O
Burns	B-GIVEN_NAME
,	O
the	O
search	O
turned	O
up	O
â	O
like	O
500,000	O
Burns	B-GIVEN_NAME
,	O
â	O
he	O
explains	O
.	O
Tracking	O
down	O
the	O
surname	O
,	O
then	O
,	O
was	O
not	O
the	O
way	O
to	O
go	O
.	O

With	O
the	O
help	O
of	O
acquaintances	O
in	O
Sotheby	B-ORGANIZATION
âs	O
Old	B-ORGANIZATION
Master	I-ORGANIZATION
Painting	I-ORGANIZATION
Department	I-ORGANIZATION
,	O
Stein	B-GIVEN_NAME
came	O
up	O
with	O
the	O
name	O
of	O
Owen	B-GIVEN_NAME
Burns	B-FAMILY_NAME
,	O
a	O
late	O
19th	O
and	O
early	O
20th	O
-	O
century	O
builder	O
who	O
came	O
to	O
own	O
much	O
of	O
the	O
city	O
of	O
Sarasota	B-LOCATION
,	O
in	O
Florida	B-LOCATION
.	O
Owen	B-GIVEN_NAME
Burns	B-FAMILY_NAME
,	O
Stein	B-GIVEN_NAME
found	O
out	O
,	O
was	O
a	O
collector	O
of	O
antique	O
art	O
,	O
a	O
buying	O
agent	O
for	O
John	B-GIVEN_NAME
Ringling	B-FAMILY_NAME
,	O
the	O
owner	O
of	O
a	O
circus	O
monopoly	O
(	O
Ringling	B-ORGANIZATION
Bros	I-ORGANIZATION
.	O
and	O
Barnum	B-ORGANIZATION
&	I-ORGANIZATION
Bailey	I-ORGANIZATION
Circus	I-ORGANIZATION
)	O
and	O
also	O
a	O
collector	O
of	O
antique	O
art	O
.	O
In	O
fact	O
,	O
Ringling	B-GIVEN_NAME
built	O
the	O
John	B-LOCATION|B-GIVEN_NAME
and	I-LOCATION
Mable	I-LOCATION|B-GIVEN_NAME
Ringling	I-LOCATION
Museum	I-LOCATION
of	I-LOCATION
Art	I-LOCATION
in	O
Sarasota	B-LOCATION
.	O

Stein	B-GIVEN_NAME
called	O
Burns	B-GIVEN_NAME
âs	O
descendants	O
â	O
lawyer	O
,	O
who	O
â	O
had	O
absolutely	O
no	O
idea	O
of	O
ââ	O
a	O
painting	O
purchased	O
by	O
Mr.	O
Owen	B-GIVEN_NAME
Burns	B-FAMILY_NAME
.	O
â	O
The	O
Venezuelan	B-AFFILIATION
curator	O
then	O
thought	O
that	O
the	O
story	O
ended	O
there	O
:	O
â	O
If	O
no	O
one	O
has	O
any	O
idea	O
about	O
this	O
painting	O
,	O
where	O
am	O
I	O
going	O
to	O
look	O
for	O
it	O
?	O
â	O
he	O
said	O
to	O
himself	O
.	O
But	O
two	O
or	O
three	O
weeks	O
later	O
,	O
he	O
received	O
a	O
call	O
from	O
Aaron	B-GIVEN_NAME
de	B-FAMILY_NAME
Groft	I-FAMILY_NAME
,	O
director	O
of	O
the	O
museum	O
in	O
Sarasota	B-LOCATION
:	O
there	O
was	O
a	O
painting	O
,	O
without	O
a	O
file	O
or	O
record	O
,	O
in	O
their	O
deposits	O
.	O
Burns	B-GIVEN_NAME
âs	O
descendants	O
,	O
very	O
old	O
then	O
,	O
remembered	O
seeing	O
The	B-BRANDS
Sick	B-MISC
Child	I-MISC
in	O
the	O
Burns	B-GIVEN_NAME
home	O
until	O
1937	B-DATE
,	O
when	O
it	O
was	O
given	O
to	O
the	O
Sarasota	B-LOCATION
Library	I-LOCATION
for	O
permanent	O
display	O
.	O

The	O
library	O
then	O
loaned	O
the	O
painting	O
to	O
the	O
local	O
chapter	O
of	O
the	O
National	B-ORGANIZATION
Society	I-ORGANIZATION
of	I-ORGANIZATION
the	I-ORGANIZATION
United	I-ORGANIZATION|B-LOCATION|B-LOCATION
States	I-ORGANIZATION|I-LOCATION|I-LOCATION
Daughters	I-ORGANIZATION
of	I-ORGANIZATION
1812	I-ORGANIZATION|B-BRANDS
and	O
Stein	B-GIVEN_NAME
suspected	O
that	O
the	O
society	O
had	O
kept	O
the	O
painting	O
in	O
the	O
vaults	O
of	O
the	O
city	O
museum	O
,	O
to	O
comply	O
with	O
the	O
order	O
given	O
to	O
public	O
collections	O
to	O
safeguard	O
works	O
of	O
art	O
in	O
case	O
of	O
invasion	O
or	O
bombardment	O
when	O
the	O
United	B-LOCATION
States	I-LOCATION
entered	O
World	B-BRANDS
War	B-MISC
II	I-MISC
in	O
1941	B-DATE
.	O

Accompanied	O
by	O
Burns	B-GIVEN_NAME
âs	O
heirs	O
,	O
a	O
century	O
after	O
the	O
Universal	B-BRANDS
Exposition	B-MISC
,	O
Stein	B-GIVEN_NAME
went	O
to	O
the	O
deposits	O
of	O
the	O
Floridian	B-AFFILIATION
museum	O
to	O
â	O
recognize	O
the	O
Child	O
.	O
â	O
And	O
there	O
,	O
in	O
early	O
2004	B-DATE
,	O
he	O
finally	O
found	O
it	O
with	O
the	O
words	O
MÃ©daille	B-BRANDS
d	B-MISC
â	I-MISC
Or	I-MISC
still	O
written	O
in	O
chalk	O
on	O
the	O
back	O
,	O
and	O
in	O
all	O
its	O
fantastic	O
detail	O
:	O
the	O
torn	O
posters	O
on	O
the	O
wall	O
of	O
a	O
house	O
as	O
if	O
about	O
to	O
collapse	O
,	O
the	O
mark	O
of	O
a	O
hand	O
on	O
the	O
cold	O
window	O
.	O

One	O
of	O
the	O
things	O
that	O
surprised	O
him	O
the	O
most	O
was	O
that	O
the	O
original	O
work	O
is	O
significantly	O
larger	O
than	O
the	O
GAN	O
copy	O
,	O
which	O
measures	O
80	O
x	O
85	O
cms	O
.	O
The	O
one	O
Stein	B-GIVEN_NAME
found	O
in	O
Sarasota	B-LOCATION
is	O
8	O
by	O
10	O
feet	O
.	O
After	O
the	O
discovery	O
,	O
the	O
original	O
was	O
sent	O
to	O
the	O
Simon	B-GIVEN_NAME
Parkes	B-FAMILY_NAME
workshops	O
in	O
New	B-LOCATION
York	I-LOCATION
for	O
restoration	O
,	O
as	O
the	O
black	O
bitumen	O
in	O
the	O
painting	O
had	O
cracked	O
and	O
the	O
varnish	O
had	O
darkened	O
.	O

Stein	B-GIVEN_NAME
thought	O
that	O
the	O
Venezuelan	B-AFFILIATION
State	O
,	O
given	O
the	O
unprecedented	O
boom	O
in	O
oil	O
prices	O
,	O
would	O
be	O
interested	O
in	O
purchasing	O
the	O
original	O
painting	O
.	O
â	O
The	O
government	O
was	O
drunk	O
on	O
money	O
,	O
â	O
he	O
says	O
.	O
So	O
Stein	B-GIVEN_NAME
âs	O
partner	O
in	O
Caracas	B-LOCATION
,	O
Diana	B-GIVEN_NAME
Boccardo	B-FAMILY_NAME
,	O
contacted	O
Farruco	B-GIVEN_NAME
Sesto	B-FAMILY_NAME
,	O
the	O
newly	O
appointed	O
Minister	O
of	O
Culture	O
,	O
to	O
inform	O
him	O
of	O
the	O
finding	O
.	O
But	O
,	O
says	O
Stein	B-GIVEN_NAME
,	O
â	O
the	O
minister	O
âs	O
response	O
was	O
:	O
â	O
there	O
are	O
too	O
many	O
old	O
paintings	O
in	O
the	O
National	B-LOCATION
Art	I-LOCATION
Gallery	I-LOCATION
,	O
no	O
other	O
is	O
needed	O
.	O
â	O
â	O
Stein	B-GIVEN_NAME
was	O
astonished	O
.	O
Shortly	O
after	O
,	O
Sesto	B-GIVEN_NAME
would	O
eliminate	O
the	O
autonomy	O
of	O
the	O
museums	O
as	O
part	O
of	O
his	O
process	O
of	O
â	O
institutional	O
refunding	O
â	O
.	O

The	B-BRANDS
Sick	B-MISC
Child	I-MISC
was	O
then	O
auctioned	O
off	O
in	O
November	B-DATE
2004	I-DATE
and	O
purchased	O
by	O
a	O
well	O
-	O
known	O
Venezuelan	B-AFFILIATION
business	O
family	O
for	O
$	B-MONEY
1,450,000	I-MONEY
.	O
â	O
To	O
this	O
day	O
,	O
it	O
âs	O
the	O
Venezuelan	B-AFFILIATION
painting	O
that	O
has	O
achieved	O
the	O
highest	O
price	O
at	O
an	O
auction	O
,	O
â	O
says	O
Stein	B-GIVEN_NAME
.	O
â	O
More	O
than	O
Cruz	B-GIVEN_NAME
-	B-FAMILY_NAME
Diez	I-FAMILY_NAME
,	O
more	O
than	O
Soto	B-GIVEN_NAME
,	O
more	O
than	O
anyone	O
.	O
â	O

The	O
Missing	O
Sister	O
Painting	O

The	O
second	O
piece	O
with	O
which	O
Michelena	B-GIVEN_NAME
participated	O
in	O
the	O
1889	B-DATE
Universal	B-BRANDS
Exposition	B-MISC
was	O
yet	O
to	O
be	O
found	O
:	O
The	B-BRANDS
Electoral	B-MISC
Visit	I-MISC
,	O
the	O
canvas	O
that	O
accompanied	O
The	B-BRANDS
Sick	B-MISC
Child	I-MISC
.	O
But	O
its	O
current	O
appearance	O
was	O
not	O
known	O
,	O
only	O
an	O
engraved	O
copy	O
considered	O
lost	O
and	O
reproduced	O
in	O
a	O
1973	B-DATE
book	O
by	O
the	O
art	O
critic	O
Juan	B-GIVEN_NAME
Calzadilla	B-FAMILY_NAME
was	O
known	O
in	O
Venezuela	B-LOCATION
.	O

A	O
month	O
after	O
the	O
auction	O
of	O
The	B-BRANDS
Sick	B-MISC
Child	I-MISC
,	O
Stein	B-GIVEN_NAME
received	O
an	O
email	O
from	O
Didier	B-GIVEN_NAME
Brunschwig	B-FAMILY_NAME
,	O
the	O
president	O
of	O
a	O
Swiss	B-AFFILIATION
business	O
group	O
that	O
included	O
department	O
store	O
Le	B-ORGANIZATION
Lido	I-ORGANIZATION
,	O
formerly	O
known	O
as	O
Au	B-LOCATION
Bon	I-LOCATION
MarchÃ©	I-LOCATION
,	O
which	O
was	O
founded	O
in	O
1872	B-DATE
by	O
his	O
great	O
-	O
great	O
-	O
grandfather	O
,	O
in	O
Vevey	B-LOCATION
,	I-LOCATION
Switzerland	I-LOCATION
.	O

Brunschwig	B-GIVEN_NAME
,	O
who	O
had	O
found	O
out	O
about	O
the	O
auction	O
of	O
The	B-BRANDS
Sick	B-MISC
Child	I-MISC
,	O
explained	O
that	O
the	O
painting	O
was	O
hanging	O
on	O
the	O
central	O
staircase	O
of	O
the	O
store	O
in	O
â	O
immaculate	O
â	O
conditions	O
.	O
No	O
one	O
in	O
the	O
family	O
remembered	O
where	O
it	O
came	O
from	O
and	O
they	O
now	O
suspected	O
it	O
had	O
been	O
bought	O
in	O
Paris	B-LOCATION
from	O
a	O
previous	O
owner	O
.	O

This	O
is	O
how	O
on	O
May	B-DATE
24th	I-DATE
,	I-DATE
2005	I-DATE
,	O
The	B-BRANDS
Electoral	B-MISC
Visit	I-MISC
was	O
auctioned	O
in	O
New	B-LOCATION
York	I-LOCATION
and	O
bought	O
by	O
the	O
same	O
Venezuelan	B-AFFILIATION
family	O
that	O
purchased	O
The	B-BRANDS
Sick	B-MISC
Child	I-MISC
.	O
At	O
this	O
moment	O
,	O
the	O
two	O
paintings	O
are	O
together	O
again	O
,	O
after	O
being	O
purchased	O
by	O
different	O
people	O
at	O
the	O
Universal	B-BRANDS
Exposition	B-MISC
in	O
Paris	B-LOCATION
in	O
1889	B-DATE
.	O

A	O
couple	O
of	O
months	O
ago	O
,	O
The	B-BRANDS
Electoral	B-MISC
Visit	I-MISC
and	O
The	B-BRANDS
Sick	B-MISC
Child	I-MISC
were	O
exhibited	O
to	O
the	O
public	O
for	O
the	O
first	O
time	O
together	O
with	O
works	O
by	O
Armando	B-GIVEN_NAME
ReverÃ³n	B-FAMILY_NAME
and	O
HÃ©ctor	B-GIVEN_NAME
Poleo	B-FAMILY_NAME
in	O
the	O
exhibition	O
Michelena	B-GIVEN_NAME
.	O
ReverÃ³n	B-GIVEN_NAME
.	O
Poleo	O
.	O
Seven	B-BRANDS
Master	B-MISC
Paintings	I-MISC
,	O
curated	O
by	O
Stein	B-GIVEN_NAME
,	O
at	O
the	O
Ascaso	B-LOCATION
Gallery	I-LOCATION
in	O
Miami	B-LOCATION
.	O

The	O
original	O
Sick	B-BRANDS
Child	B-MISC
has	O
nât	O
been	O
to	O
Venezuela	B-LOCATION
yet	O
.	O
It	O
went	O
from	O
Paris	B-LOCATION
to	O
New	B-LOCATION
York	I-LOCATION
,	O
from	O
there	O
to	O
Sarasota	B-LOCATION
,	O
and	O
in	O
2004	B-DATE
it	O
went	O
back	O
to	O
New	B-LOCATION
York	I-LOCATION
,	O
where	O
it	O
is	O
now	O
.	O
â	O
Neither	O
of	O
the	O
two	O
Michelena	B-GIVEN_NAME
paintings	O
at	O
the	O
Universal	B-BRANDS
Exposition	B-MISC
have	O
been	O
on	O
Venezuelan	B-AFFILIATION
soil	O
,	O
â	O
says	O
Stein	B-GIVEN_NAME
.	O
â	O
The	O
interest	O
of	O
the	O
person	O
who	O
has	O
it	O
is	O
to	O
return	O
it	O
to	O
the	O
country	O
.	O
But	O
not	O
yet	O
.	O
â	O

