After	O
calculating	O
the	O
current	O
annual	O
worth	O
of	O
drug	O
,	O
gold	O
and	O
gasoline	O
trafficking	O
and	O
port	O
smuggling	O
in	O
Venezuela	B-LOCATION
,	O
a	O
study	O
by	O
the	O
local	O
chapter	O
of	O
the	O
anti	O
-	O
corruption	O
nonprofit	O
Transparency	B-ORGANIZATION
International	I-ORGANIZATION
â	O
with	O
estimates	O
from	O
EcoanalÃ­tica	B-ORGANIZATION
,	O
a	O
Venezuelan	B-AFFILIATION
economic	O
consulting	O
firm	O
â	O
concluded	O
that	O
these	O
illegal	O
economies	O
made	O
up	O
21.74	O
%	O
of	O
Venezuela	B-LOCATION
âs	O
GDP	B-BRANDS
last	O
year	O
.	O

â	O
This	O
means	O
they	O
are	O
more	O
powerful	O
than	O
any	O
other	O
economic	O
sector	O
right	O
now	O
,	O
including	O
oil	O
,	O
â	O
says	O
Mercedes	B-GIVEN_NAME
De	B-FAMILY_NAME
Freitas	I-FAMILY_NAME
,	O
Transparencia	B-ORGANIZATION
Venezuela	I-ORGANIZATION|B-LOCATION
âs	O
executive	O
director	O
.	O

â	O
And	O
we	O
are	O
talking	O
only	O
about	O
the	O
size	O
of	O
four	O
of	O
these	O
economies	O
,	O
the	O
most	O
important	O
ones	O
.	O

There	O
are	O
other	O
illicit	O
trades	O
:	O
certain	O
types	O
of	O
food	O
smuggling	O
,	O
diesel	O
smuggling	O
,	O
cooking	O
gas	O
trafficking	O
,	O
human	O
trafficking	O
or	O
timber	O
trafficking	O
,	O
which	O
could	O
be	O
important	O
in	O
some	O
regions	O
.	O
â	O

De	B-GIVEN_NAME
Freitas	B-FAMILY_NAME
thinks	O
that	O
institutions	O
have	O
been	O
put	O
at	O
the	O
service	O
of	O
small	O
groups	O
that	O
control	O
justice	O
by	O
generating	O
lax	O
spaces	O
where	O
all	O
sorts	O
of	O
illicit	O
trade	O
can	O
flourish	O
.	O

â	O
Illicit	O
trades	O
are	O
not	O
external	O
to	O
the	O
State	O
:	O
they	O
are	O
organized	O
and	O
promoted	O
from	O
within	O
the	O
State	O
.	O
â	O

This	O
â	O
black	O
economy	O
â	O
of	O
illicit	O
trades	O
,	O
as	O
the	O
study	O
defines	O
it	O
,	O
is	O
part	O
of	O
a	O
bigger	O
â	O
underground	O
economy	O
â	O
;	O
the	O
set	O
of	O
undeclared	O
economic	O
activities	O
that	O
escape	O
state	O
administration	O
and	O
official	O
statistics	O
,	O
encompassing	O
both	O
the	O
informal	O
economy	O
â	O
which	O
has	O
increased	O
since	O
2014	B-DATE
,	O
mostly	O
because	O
a	O
reduction	O
of	O
public	O
sector	O
jobs	O
â	O
and	O
the	O
illegal	O
economy	O
.	O

The	O
black	O
economy	O
â	O
has	O
worsened	O
in	O
the	O
last	O
years	O
in	O
Venezuela	B-LOCATION
,	O
â	O
says	O
economist	O
AsdrÃºbal	B-GIVEN_NAME
Oliveros	B-FAMILY_NAME
,	O
director	O
of	O
EconalÃ­tica	B-ORGANIZATION
.	O

When	O
the	O
firm	O
started	O
these	O
calculations	O
in	O
2016	B-DATE
,	O
illicit	O
economies	O
accounted	O
for	O
10	O
%	O
of	O
the	O
GDP	B-BRANDS
.	O

Now	O
they	O
are	O
twice	O
that	O
size	O
.	O

The	O
study	O
also	O
measured	O
scrap	O
exports	O
,	O
checkpoint	O
extortion	O
and	O
the	O
transfer	O
of	O
state	O
assets	O
to	O
private	O
hands	O
.	O

For	O
Oliveros	B-GIVEN_NAME
,	O
these	O
illegal	O
activities	O
are	O
â	O
a	O
perfect	O
substitute	O
for	O
the	O
clientelist	O
economy	O
â	O
of	O
the	O
chavista	O
boom	O
years	O
.	O

â	O
It	O
has	O
consequences	O
in	O
every	O
aspect	O
.	O
â	O

It	O
âs	O
money	O
that	O
feeds	O
legit	O
activities	O
and	O
consumption	O
,	O
but	O
also	O
business	O
investment	O
.	O

Its	O
vast	O
networks	O
involve	O
a	O
considerable	O
number	O
of	O
people	O
who	O
benefit	O
,	O
thus	O
decreasing	O
social	O
tensions	O
.	O

But	O
by	O
benefiting	O
the	O
elite	O
that	O
controls	O
these	O
activities	O
,	O
they	O
decrease	O
the	O
possibilities	O
of	O
political	O
change	O
.	O

â	O
The	O
illicit	O
economy	O
is	O
a	O
central	O
element	O
to	O
understand	O
the	O
economic	O
,	O
political	O
and	O
social	O
dynamic	O
happening	O
right	O
now	O
in	O
Venezuela	B-LOCATION
,	O
â	O
Oliveros	B-GIVEN_NAME
says	O
.	O

â	O
It	O
explains	O
part	O
of	O
the	O
current	O
growth	O
of	O
economic	O
activities	O
and	O
consumption	O
.	O
â	O

For	O
each	O
of	O
the	O
illicit	O
economies	O
studied	O
,	O
EconanalÃ­tica	B-ORGANIZATION
used	O
a	O
variety	O
of	O
statistical	O
methodologies	O
.	O

Obviously	O
,	O
estimating	O
illicit	O
economies	O
â	O
is	O
a	O
challenge	O
everywhere	O
in	O
the	O
world	O
because	O
the	O
concept	O
of	O
the	O
illicit	O
economy	O
is	O
precisely	O
tied	O
to	O
something	O
underground	O
,	O
hidden	O
,	O
â	O
says	O
Oliveros	B-GIVEN_NAME
.	O

â	O
It	O
âs	O
an	O
approximation	O
to	O
try	O
to	O
quantify	O
what	O
the	O
illicit	O
economy	O
represents	O
in	O
Venezuela	B-LOCATION
.	O

It	O
âs	O
not	O
crazy	O
to	O
think	O
that	O
some	O
of	O
these	O
activities	O
are	O
underestimated	O
.	O
â	O

In	O
2018	B-DATE
,	O
Venezuelans	B-AFFILIATION
were	O
paying	O
99.9	O
%	O
less	O
for	O
their	O
gasoline	O
than	O
what	O
they	O
paid	O
in	O
1986	B-DATE
.	O

Thus	O
,	O
subsidized	O
gasoline	O
â	O
the	O
cheapest	O
in	O
the	O
world	O
back	O
then	O
â	O
started	O
to	O
be	O
smuggled	O
to	O
Colombia	B-LOCATION
.	O

When	O
shortages	O
aggravated	O
in	O
early	O
2020	B-DATE
,	O
smuggling	O
networks	O
would	O
reverse	O
as	O
western	O
border	O
states	O
started	O
to	O
demand	O
illegally	O
imported	O
gasoline	O
from	O
Colombia	B-LOCATION
.	O

At	O
the	O
same	O
time	O
,	O
another	O
type	O
of	O
smuggling	O
would	O
also	O
flourish	O
:	O
with	O
42	O
%	O
of	O
gasoline	O
in	O
Venezuela	B-LOCATION
subsidized	O
,	O
a	O
parallel	O
market	O
of	O
deviated	O
subsidized	O
gasoline	O
sold	O
for	O
higher	O
prices	O
started	O
.	O

Nowadays	O
,	O
diverted	O
gasoline	O
can	O
reach	O
up	O
to	O
$	B-MONEY
3.5	I-MONEY
per	O
liter	O
.	O

Civilian	O
and	O
military	O
personnel	O
are	O
in	O
charge	O
of	O
distributing	O
gas	O
in	O
the	O
country	O
.	O

The	O
study	O
,	O
based	O
on	O
interviews	O
with	O
government	O
sources	O
,	O
estimates	O
that	O
around	O
60	O
%	O
of	O
the	O
country	O
âs	O
production	O
is	O
diverted	O
for	O
illegal	O
sales	O
.	O

EcoanalÃ­tica	B-ORGANIZATION
created	O
an	O
estimation	O
model	O
based	O
on	O
data	O
about	O
the	O
average	O
consumption	O
of	O
fuel	O
in	O
Venezuela	B-LOCATION
,	O
and	O
estimated	O
the	O
profit	O
generated	O
by	O
the	O
diverted	O
60	O
%	O
using	O
black	O
market	O
prices	O
,	O
which	O
are	O
usually	O
higher	O
than	O
international	O
ones	O
.	O

A	O
Stable	O
Flow	O
of	O
Drugs	O

For	O
years	O
,	O
Venezuela	B-LOCATION
has	O
been	O
considered	O
a	O
major	O
transit	O
country	O
for	O
drugs	O
â	O
mainly	O
cocaine	O
â	O
produced	O
in	O
Colombia	B-LOCATION
,	O
shipped	O
from	O
Venezuela	B-LOCATION
to	O
the	O
United	B-LOCATION
States	I-LOCATION
,	O
the	O
Caribbean	B-LOCATION|B-LOCATION
islands	I-LOCATION
,	O
Central	B-LOCATION
America	I-LOCATION
,	O
Africa	B-LOCATION
and	O
Europe	B-LOCATION
.	O

But	O
according	O
to	O
DEA	B-ORGANIZATION
reports	O
quoted	O
by	O
the	O
study	O
,	O
the	O
situation	O
has	O
worsened	O
as	O
Colombian	B-AFFILIATION
criminal	O
groups	O
and	O
guerrillas	O
have	O
settled	O
in	O
the	O
country	O
,	O
transporting	O
and	O
storing	O
big	O
quantities	O
in	O
rural	O
areas	O
before	O
exporting	O
them	O
.	O

Assuming	O
the	O
amount	O
of	O
drugs	O
trafficked	O
by	O
sea	O
remained	O
constant	O
since	O
2019	B-DATE
and	O
adding	O
up	O
proven	O
seizures	O
reported	O
by	O
other	O
countries	O
and	O
local	O
agencies	O
,	O
concluded	O
that	O
at	O
least	O
55,500	O
kilos	O
of	O
cocaine	O
and	O
7,000	O
kilos	O
of	O
marihuana	O
transited	O
through	O
Venezuela	B-LOCATION
in	O
2021	B-DATE
,	O
which	O
accounts	O
for	O
a	O
gross	O
margin	O
of	O
$	B-MONEY
4.9	I-MONEY
billion	I-MONEY
dollars	I-MONEY
per	O
year	O
,	O
the	O
most	O
profitable	O
of	O
the	O
illicit	O
trades	O
in	O
the	O
study	O
.	O

The	O
firm	O
also	O
used	O
a	O
model	O
elaborated	O
by	O
the	O
Bank	B-ORGANIZATION
of	I-ORGANIZATION
the	I-ORGANIZATION
Republic	I-ORGANIZATION
(	O
Colombia	B-LOCATION
âs	O
central	O
bank	O
)	O
and	O
adapted	O
it	O
to	O
Venezuela	B-LOCATION
âs	O
transit	O
country	O
status	O
.	O

Open	O
Ports	O

The	O
bodegÃ³n	B-BRANDS
fever	B-MISC
is	O
part	O
of	O
the	O
study	O
,	O
which	O
also	O
calculated	O
the	O
profit	O
of	O
illicit	O
port	O
activities	O
.	O

Through	O
over	O
-	O
regulations	O
and	O
centralized	O
and	O
militarized	O
port	O
authorities	O
,	O
says	O
the	O
report	O
,	O
military	O
personnel	O
and	O
state	O
officials	O
â	O
including	O
some	O
bigwigs	O
â	O
have	O
participated	O
in	O
the	O
systematic	O
extortion	O
of	O
both	O
public	O
and	O
private	O
companies	O
.	O

The	O
highly	O
popular	O
â	O
door	O
-	O
to	O
-	O
door	O
â	O
(	O
puerta	O
a	O
puerta	O
)	O
services	O
,	O
in	O
which	O
courier	O
companies	O
send	O
move	O
-	O
outs	O
or	O
goods	O
directly	O
from	O
the	O
United	B-LOCATION
States	I-LOCATION
or	O
other	O
countries	O
to	O
people	O
âs	O
homes	O
in	O
Venezuela	B-LOCATION
,	O
represent	O
between	O
20	O
%	O
and	O
30	O
%	O
of	O
the	O
containers	O
processed	O
annually	O
in	O
Venezuela	B-LOCATION
,	O
says	O
the	O
report	O
.	O

According	O
to	O
sources	O
interviewed	O
by	O
Transparency	B-ORGANIZATION
,	O
courier	O
companies	O
do	O
nât	O
declare	O
the	O
value	O
of	O
the	O
goods	O
inside	O
the	O
container	O
but	O
pay	O
corrupt	O
officials	O
.	O

The	O
real	O
tariffs	O
are	O
pocketed	O
by	O
those	O
who	O
work	O
in	O
ports	O
and	O
customs	O
,	O
instead	O
of	O
SENIAT	B-ORGANIZATION
.	O

To	O
calculate	O
the	O
profit	O
of	O
this	O
illicit	O
economy	O
,	O
EcoanalÃ­tica	B-ORGANIZATION
compared	O
â	O
the	O
import	O
volumes	O
reported	O
by	O
Venezuela	B-LOCATION
and	O
the	O
volumes	O
registered	O
by	O
the	O
rest	O
of	O
the	O
world	O
and	O
found	O
the	O
discrepancies	O
,	O
â	O
says	O
Oliveros	B-GIVEN_NAME
.	O

EcoanalÃ­tica	B-ORGANIZATION
studied	O
20	O
transportation	O
and	O
distribution	O
companies	O
in	O
the	O
first	O
quarter	O
of	O
2022	B-DATE
.	O

Then	O
,	O
measuring	O
variables	O
related	O
to	O
their	O
experience	O
,	O
they	O
collected	O
data	O
from	O
ten	O
of	O
these	O
companies	O
and	O
averaged	O
the	O
answers	O
of	O
the	O
companies	O
to	O
reach	O
a	O
25	O
%	O
probability	O
of	O
suffering	O
road	O
checkpoint	O
extortion	O
.	O

The	B-BRANDS
Mining	B-MISC
Arc	I-MISC
âs	O
Pax	B-BRANDS
Mafiosa	B-MISC

Since	O
the	O
Orinoco	B-LOCATION
Mining	I-LOCATION
Arc	I-LOCATION
was	O
created	O
in	O
2016	B-DATE
,	O
a	O
plethora	O
of	O
public	O
and	O
mixed	O
companies	O
operate	O
in	O
the	O
area	O
under	O
conditions	O
devoid	O
of	O
any	O
transparency	O
and	O
accountability	O
.	O
Even	O
if	O
gold	O
wo	O
nât	O
fill	O
the	O
state	O
coffers	O
to	O
the	O
point	O
of	O
compensating	O
for	O
the	O
lost	O
oil	O
income	O
,	O
says	O
De	B-GIVEN_NAME
Freitas	B-FAMILY_NAME
,	O
the	O
illicit	O
gold	O
trade	O
generated	O
$	B-MONEY
1.8	I-MONEY
billion	I-MONEY
in	O
2021	B-DATE
according	O
to	O
EcoanalÃ­tica	B-ORGANIZATION
âs	O
estimations	O
(	O
Venezuela	B-LOCATION
âs	O
oil	O
revenue	O
in	O
2012	B-DATE
was	O
$	B-MONEY
21	I-MONEY
billion	I-MONEY
according	O
to	O
the	O
U.	B-ORGANIZATION|B-LOCATION
S.	I-ORGANIZATION|I-LOCATION
Energy	I-ORGANIZATION
Information	I-ORGANIZATION
Administration	I-ORGANIZATION
)	O
.	O

According	O
to	O
the	O
study	O
,	O
only	O
around	O
25	O
%	O
(	O
7.5	O
to	O
9	O
tons	O
per	O
year	O
or	O
between	O
$	B-MONEY
500-580	I-MONEY
million	I-MONEY
)	O
of	O
the	O
gold	O
being	O
extracted	O
actually	O
reaches	O
the	O
Central	B-ORGANIZATION
Bank	I-ORGANIZATION
of	I-ORGANIZATION
Venezuela	I-ORGANIZATION
(	O
BCV	B-ORGANIZATION
)	O
.	O
30	O
%	O
(	O
7.5-9	O
tons	O
per	O
year	O
or	O
$	B-MONEY
500-580	I-MONEY
M	I-MONEY
)	O
is	O
taken	O
by	O
irregular	O
criminal	O
groups	O
and	O
the	O
rest	O
â	O
the	O
higher	O
percentage	O
â	O
ends	O
in	O
transactions	O
made	O
by	O
corrupt	O
officials	O
(	O
13.5-17	O
tons	O
or	O
$	B-MONEY
900	I-MONEY
M	I-MONEY
-	O
1000	B-MONEY
B	I-MONEY
per	O
year	O
)	O
.	O
Thus	O
,	O
75	O
%	O
of	O
Venezuela	B-LOCATION
âs	O
gold	O
production	O
goes	O
to	O
irregular	O
groups	O
.	O

These	O
numbers	O
are	O
similar	O
to	O
those	O
given	O
by	O
an	O
office	O
of	O
the	O
Ministry	B-ORGANIZATION
of	I-ORGANIZATION
Environmental	I-ORGANIZATION
Mining	I-ORGANIZATION
Development	I-ORGANIZATION
in	O
2018	B-DATE
,	O
when	O
the	O
entity	O
admitted	O
that	O
the	O
BCV	B-ORGANIZATION
was	O
getting	O
just	O
30	O
%	O
(	O
10.5	O
tons	O
)	O
of	O
the	O
gold	O
production	O
while	O
the	O
rest	O
was	O
smuggled	O
to	O
Guyana	B-LOCATION
,	O
Brazil	B-LOCATION
and	O
the	O
Caribbean	B-LOCATION|B-LOCATION
islands	I-LOCATION
.	O

In	O
the	O
discrepancies	O
between	O
the	O
national	O
production	O
data	O
from	O
the	O
Central	B-ORGANIZATION
Bank	I-ORGANIZATION
and	O
that	O
of	O
international	O
organisms	O
,	O
one	O
can	O
see	O
the	O
amount	O
of	O
gold	O
diverted	O
,	O
explains	O
Oliveros	B-GIVEN_NAME
.	O
The	O
report	O
also	O
consulted	O
internal	O
sources	O
on	O
this	O
matter	O
.	O

Not	O
only	O
the	O
mines	O
but	O
the	O
roads	O
can	O
be	O
profitable	O
.	O
A	O
Transparency	B-ORGANIZATION
delegation	O
counted	O
25	O
military	O
and	O
police	O
checkpoints	O
in	O
one	O
single	O
road	O
crossing	O
the	O
mining	O
towns	O
.	O
The	O
state	O
and	O
the	O
municipalities	O
in	O
the	O
Orinoco	B-LOCATION
Mining	I-LOCATION
Arc	I-LOCATION
,	O
most	O
of	O
which	O
are	O
governed	O
by	O
ruling	O
party	O
PSUV	B-ORGANIZATION
,	O
also	O
participate	O
in	O
the	O
trade	O
.	O

Despite	O
so	O
many	O
state	O
entities	O
involved	O
,	O
most	O
miners	O
are	O
not	O
licensed	O
or	O
belong	O
to	O
companies	O
â	O
payrolls	O
.	O
They	O
do	O
nât	O
comply	O
with	O
security	O
or	O
environmental	O
standards	O
and	O
exploit	O
unauthorized	O
or	O
protected	O
areas	O
,	O
but	O
they	O
extract	O
most	O
of	O
the	O
gold	O
,	O
giving	O
a	O
percentage	O
to	O
criminal	O
groups	O
and	O
selling	O
it	O
to	O
mills	O
that	O
mix	O
it	O
with	O
mercury	O
and	O
also	O
pay	O
a	O
fee	O
to	O
criminal	O
groups	O
.	O
Gold	O
is	O
a	O
currency	O
throughout	O
BolÃ­var	B-LOCATION
,	O
sometimes	O
more	O
valuable	O
than	O
dollars	O
,	O
and	O
while	O
the	O
law	O
states	O
that	O
the	O
mineral	O
should	O
be	O
sold	O
to	O
the	O
BCV	B-ORGANIZATION
,	O
most	O
is	O
taken	O
out	O
of	O
the	O
country	O
.	O

The	O
most	O
consolidated	O
sindicatos	O
(	O
gold	O
mafias	O
that	O
started	O
as	O
mining	O
unions	O
)	O
â	O
through	O
cohabitation	O
agreements	O
with	O
other	O
sindicates	O
and	O
security	O
forces	O
â	O
now	O
call	O
themselves	O
â	O
El	B-BRANDS
Sistema	B-MISC
â	O
.	O
This	O
extended	O
control	O
of	O
territories	O
and	O
peoples	O
is	O
defined	O
as	O
â	O
criminal	O
co	O
-	O
governments	O
â	O
by	O
Transparency	B-ORGANIZATION
:	O
they	O
manage	O
violence	O
and	O
migration	O
,	O
deal	O
in	O
real	O
estate	O
,	O
and	O
solve	O
family	O
quarrels	O
and	O
business	O
conflicts	O
.	O
The	B-BRANDS
System	B-MISC
includes	O
exemplary	O
punishments	O
to	O
dissuade	O
whole	O
populations	O
.	O
â	O
They	O
are	O
now	O
trying	O
to	O
be	O
recognized	O
as	O
groups	O
that	O
seek	O
order	O
in	O
the	O
communities	O
and	O
that	O
seek	O
to	O
help	O
the	O
needy	O
through	O
foundations	O
that	O
distribute	O
food	O
bags	O
,	O
provide	O
outpatient	O
clinics	O
,	O
and	O
repair	O
schools	O
,	O
â	O
says	O
the	O
report	O
.	O

The	O
study	O
identified	O
13	O
criminal	O
groups	O
in	O
Venezuela	B-LOCATION
,	O
including	O
drug	O
cartels	O
,	O
peasant	O
self	O
-	O
defense	O
groups	O
,	O
Colombian	B-AFFILIATION
paramilitaries	O
,	O
guerrillas	O
,	O
sindicatos	O
,	O
colectivos	O
,	O
and	O
gangs	O
.	O
The	O
funds	O
coming	O
from	O
illegal	O
economies	O
have	O
allowed	O
gangs	O
like	O
Tren	B-ORGANIZATION
de	I-ORGANIZATION
Aragua	I-ORGANIZATION
to	O
expand	O
internationally	O
.	O
Many	O
of	O
them	O
engage	O
in	O
turf	O
wars	O
or	O
alliances	O
with	O
the	O
security	O
forces	O
.	O

Bolivarian	B-AFFILIATION
Perestroika	B-BRANDS
?	O

Regarding	O
the	O
state	O
companies	O
(	O
especially	O
in	O
food	O
,	O
tourism	O
and	O
manufacturing	O
)	O
transferred	O
to	O
the	O
private	O
sector	O
as	O
the	O
government	O
seeks	O
new	O
income	O
,	O
the	O
report	O
mentions	O
most	O
corruption	O
-	O
favoring	O
opacity	O
,	O
protected	O
by	O
the	O
so	O
-	O
called	O
Ley	B-BRANDS
Antibloqueo	B-MISC
.	O
For	O
Oliveros	B-GIVEN_NAME
,	O
rather	O
than	O
â	O
a	O
standard	O
privatization	O
,	O
â	O
â	O
these	O
â	O
strategic	O
alliances	O
â	O
or	O
â	O
concession	O
of	O
assets	O
to	O
certain	O
actors	O
,	O
many	O
of	O
them	O
close	O
to	O
the	O
government	O
â	O
leads	O
to	O
â	O
monopolistic	O
structures	O
focused	O
on	O
profit	O
maximization	O
and	O
not	O
benefits	O
for	O
the	O
population	O
.	O
â	O

The	O
study	O
mentions	O
a	O
sugar	O
mill	O
that	O
could	O
produce	O
300,000	O
annual	O
tons	O
of	O
sugar	O
and	O
which	O
the	O
governorship	O
of	O
Sucre	B-LOCATION
transferred	O
to	O
a	O
private	O
company	O
named	O
CorporaciÃ³n	B-ORGANIZATION
Tecnoagro	I-ORGANIZATION
at	O
some	O
point	O
between	O
2020	B-DATE
and	O
2021	B-DATE
.	O
It	O
also	O
mentions	O
the	O
Alba	B-LOCATION
Caracas	I-LOCATION|B-LOCATION
Hotel	I-LOCATION
,	O
previously	O
the	O
Caracas	B-LOCATION
Hilton	I-LOCATION
expropriated	O
by	O
Hugo	B-GIVEN_NAME
ChÃ¡vez	B-FAMILY_NAME
in	O
2007	B-DATE
,	O
which	O
was	O
transferred	O
in	O
a	O
â	O
commercial	O
alliance	O
â	O
to	O
unidentified	O
Turkish	B-AFFILIATION
businessmen	O
last	O
year	O
.	O
Another	O
case	O
is	O
the	O
unilateral	O
cancellation	O
of	O
at	O
least	O
50	O
pre	O
-	O
existent	O
concessions	O
of	O
PDVSA	B-ORGANIZATION
gas	O
stations	O
that	O
were	O
later	O
handed	O
to	O
new	O
owners	O
.	O

Scrapping	O
the	O
Industries	O
Away	O

While	O
illicit	O
trades	O
and	O
criminal	O
groups	O
are	O
flourishing	O
in	O
the	O
shadow	O
of	O
the	O
collapse	O
of	O
the	O
oil	O
industry	O
,	O
the	O
old	O
industries	O
are	O
also	O
becoming	O
part	O
of	O
another	O
rising	O
irregular	O
(	O
though	O
not	O
illicit	O
)	O
economy	O
:	O
the	O
sale	O
and	O
commercialization	O
of	O
ferrous	O
scrap	O
belonging	O
to	O
state	O
assets	O
such	O
as	O
PDVSA	B-ORGANIZATION
iron	O
pipelines	O
that	O
were	O
used	O
to	O
bring	O
gasoline	O
from	O
La	B-LOCATION
Guaira	I-LOCATION
to	O
Caracas	B-LOCATION
,	O
wind	O
turbines	O
in	O
BolÃ­var	B-LOCATION
and	O
Zulia	B-LOCATION
,	O
more	O
than	O
150	O
major	O
unfinished	O
public	O
works	O
or	O
even	O
drilling	O
rigs	O
in	O
AnzoÃ¡tegui	B-LOCATION
.	O

â	O
The	O
public	O
sector	O
seems	O
to	O
sell	O
it	O
to	O
the	O
private	O
sector	O
,	O
which	O
then	O
exports	O
it	O
,	O
â	O
says	O
Oliveros	B-GIVEN_NAME
,	O
â	O
That	O
âs	O
how	O
we	O
got	O
the	O
information	O
.	O
â	O
According	O
to	O
De	B-GIVEN_NAME
Freitas	B-FAMILY_NAME
,	O
big	O
trucks	O
then	O
transport	O
the	O
scrap	O
from	O
recollection	O
centers	O
to	O
the	O
ports	O
â	O
mainly	O
from	O
the	O
east	O
towards	O
GÃ¼iria	B-LOCATION
â	O
to	O
be	O
exported	O
in	O
tons	O
to	O
other	O
countries	O
:	O
mainly	O
Turkey	B-LOCATION
(	O
92.32	O
%	O
)	O
,	O
followed	O
by	O
Thailand	B-LOCATION
(	O
4.78	O
%	O
)	O
and	O
Portugal	B-LOCATION
(	O
1.34	O
%	O
)	O
.	O

These	O
exports	O
skyrocketed	O
in	O
2021	B-DATE
:	O
in	O
2012	B-DATE
,	O
Venezuela	B-LOCATION
exported	O
less	O
than	O
100,000	O
tons	O
of	O
scrap	O
metals	O
and	O
it	O
was	O
still	O
under	O
200,000	O
tons	O
by	O
2020	B-DATE
.	O
Yet	O
,	O
in	O
2021	B-DATE
,	O
Venezuela	B-LOCATION
â	O
desperate	O
for	O
new	O
income	O
â	O
exported	O
1,013,990	O
tons	O
of	O
ferrous	O
scrap	O
,	O
according	O
to	O
TradeMap	B-ORGANIZATION
numbers	O
:	O
this	O
represents	O
an	O
annual	O
income	O
of	O
$	B-MONEY
454	I-MONEY
million	I-MONEY
,	O
rising	O
from	O
$	B-MONEY
150	I-MONEY
million	I-MONEY
in	O
2020	B-DATE
and	O
$	B-MONEY
75	I-MONEY
million	I-MONEY
in	O
2012	B-DATE
.	O
â	O
It	O
âs	O
an	O
asset	O
depredation	O
that	O
will	O
have	O
a	O
significant	O
impact	O
in	O
the	O
medium	O
and	O
long	O
term	O
when	O
Venezuela	B-LOCATION
seeks	O
to	O
reactivate	O
its	O
heavy	O
industries	O
,	O
â	O
explains	O
Oliveros	B-GIVEN_NAME
.	O

With	O
heavy	O
industries	O
scrapped	O
and	O
illegal	O
markets	O
making	O
up	O
a	O
higher	O
share	O
of	O
Venezuela	B-LOCATION
âs	O
GDP	B-BRANDS
than	O
oil	O
or	O
any	O
other	O
economic	O
activity	O
,	O
it	O
âs	O
clear	O
that	O
these	O
illicit	O
trades	O
are	O
not	O
only	O
shaping	O
Venezuela	B-LOCATION
âs	O
present	O
but	O
also	O
its	O
future	O
.	O
â	O
If	O
we	O
can	O
advance	O
towards	O
reconquering	O
the	O
legality	O
of	O
the	O
rule	O
of	O
law	O
it	O
will	O
be	O
through	O
very	O
complex	O
negotiation	O
processes	O
,	O
â	O
says	O
De	B-GIVEN_NAME
Freitas	B-FAMILY_NAME
.	O

For	O
Oliveros	B-GIVEN_NAME
,	O
no	O
country	O
is	O
doomed	O
.	O
â	O
The	O
moment	O
Venezuela	B-LOCATION
has	O
a	O
transition	O
towards	O
democracy	O
or	O
some	O
sort	O
of	O
change	O
,	O
it	O
is	O
important	O
to	O
consider	O
the	O
presence	O
of	O
the	O
black	O
economy	O
and	O
those	O
responsible	O
for	O
generating	O
a	O
dismantling	O
scheme	O
based	O
on	O
that	O
,	O
â	O
he	O
says	O
,	O
â	O
I	O
do	O
nât	O
believe	O
this	O
will	O
happen	O
overnight	O
but	O
it	O
âs	O
an	O
important	O
factor	O
to	O
evaluate	O
in	O
the	O
transition	O
.	O
Other	O
countries	O
did	O
it	O
.	O
â	O

